timestamp,open,high,low,close,volume,source_1m_count
2026-06-03 10:30:00,75.5,75.6,75.34,75.39,26838.594,15
2026-06-03 10:45:00,75.38,75.57,75.34,75.55,10819.113,15
2026-06-03 11:00:00,75.55,75.71,75.49,75.66,22132.3,15
2026-06-03 11:15:00,75.66,75.69,75.54,75.63,12063.918,15
2026-06-03 11:30:00,75.63,75.63,75.25,75.26,19383.823,15
2026-06-03 11:45:00,75.25,75.27,75.0,75.12,21659.563000000002,15
2026-06-03 12:00:00,75.12,75.18,74.92,74.99,25870.286,15
2026-06-03 12:15:00,74.98,75.09,74.68,75.07,32539.22,15
2026-06-03 12:30:00,75.07,75.16,74.85,75.01,14445.942,15
2026-06-03 12:45:00,75.02,75.27,74.94,75.18,10582.056,15
2026-06-03 13:00:00,75.19,75.34,75.0,75.14,23256.79,15
2026-06-03 13:15:00,75.13,75.37,74.72,74.8,30762.418,15
2026-06-03 13:30:00,74.8,75.14,74.51,74.53,40460.659,15
2026-06-03 13:45:00,74.53,74.82,74.39,74.57,33305.151,15
2026-06-03 14:00:00,74.56,74.61,74.22,74.51,41811.205,15
2026-06-03 14:15:00,74.5,74.56,73.84,74.07,40761.242,15
2026-06-03 14:30:00,74.06,74.45,73.85,74.15,49038.904,15
2026-06-03 14:45:00,74.15,74.46,74.14,74.46,19889.41,15
2026-06-03 15:00:00,74.46,74.48,73.93,74.06,25975.539,15
2026-06-03 15:15:00,74.06,74.3,73.72,74.22,51802.068,15
2026-06-03 15:30:00,74.22,74.33,73.36,73.59,35766.69,15
2026-06-03 15:45:00,73.59,73.66,73.24,73.31,22661.501,15
2026-06-03 16:00:00,73.31,73.48,72.93,73.07,43782.291,15
2026-06-03 16:15:00,73.07,73.26,72.02,72.4,110613.201,15
2026-06-03 16:30:00,72.41,72.82,72.38,72.71,67780.879,15
2026-06-03 16:45:00,72.71,73.01,72.6,73.01,31627.316,15
2026-06-03 17:00:00,73.01,73.14,72.4,72.72,26819.446,15
2026-06-03 17:15:00,72.72,73.48,72.68,73.46,42210.94,15
2026-06-03 17:30:00,73.46,74.1,73.42,73.71,37759.758,15
2026-06-03 17:45:00,73.71,73.72,72.99,73.17,29987.976,15
2026-06-03 18:00:00,73.17,73.49,73.04,73.23,30470.591,15
2026-06-03 18:15:00,73.23,73.23,72.64,72.77,25928.753,15
2026-06-03 18:30:00,72.77,73.08,72.46,72.91,25807.934,15
2026-06-03 18:45:00,72.91,73.22,72.85,73.09,30358.058,15
2026-06-03 19:00:00,73.1,73.17,72.76,72.85,21313.1,15
2026-06-03 19:15:00,72.85,72.88,72.0,72.08,58377.97,15
2026-06-03 19:30:00,72.09,72.53,71.82,72.46,74561.756,15
2026-06-03 19:45:00,72.46,72.62,71.71,71.99,89195.51,15
2026-06-03 20:00:00,71.99,72.36,71.61,72.32,61610.312,15
2026-06-03 20:15:00,72.31,72.43,71.75,72.36,47027.278,15
2026-06-03 20:30:00,72.35,72.42,71.67,71.71,48355.362,15
2026-06-03 20:45:00,71.71,71.82,70.93,71.23,255280.156,15
2026-06-03 21:00:00,71.22,72.01,71.03,71.66,44926.851,15
2026-06-03 21:15:00,71.65,71.89,71.63,71.78,21474.84,15
2026-06-03 21:30:00,71.77,72.35,71.72,72.07,72907.439,15
2026-06-03 21:45:00,72.08,72.86,72.08,72.82,30583.995,15
2026-06-03 22:00:00,72.81,73.18,72.48,72.54,26395.966,15
2026-06-03 22:15:00,72.53,72.58,72.13,72.34,21232.507,15
2026-06-03 22:30:00,72.34,72.44,71.94,72.3,31056.067,15
2026-06-03 22:45:00,72.29,72.35,71.95,72.22,21597.503,15
2026-06-03 23:00:00,72.22,72.28,71.58,71.84,30878.374,15
2026-06-03 23:15:00,71.83,71.93,71.57,71.78,21331.427,15
2026-06-03 23:30:00,71.79,71.96,71.58,71.68,22773.359,15
2026-06-03 23:45:00,71.68,71.88,71.59,71.61,30591.624,15
2026-06-04 00:00:00,71.61,72.05,71.59,71.94,36030.142,15
2026-06-04 00:15:00,71.93,72.09,70.5,70.51,61637.007,15
2026-06-04 00:30:00,70.52,71.29,70.33,71.22,114633.15,15
2026-06-04 00:45:00,71.22,71.24,70.41,70.75,50508.174999999996,15
2026-06-04 01:00:00,70.76,70.96,70.1,70.19,82005.073,15
2026-06-04 01:15:00,70.18,70.25,69.0,69.3,230999.069,15
2026-06-04 01:30:00,69.31,70.0,69.22,69.57,73594.336,15
2026-06-04 01:45:00,69.56,69.61,68.42,68.63,146226.072,15
2026-06-04 02:00:00,68.63,68.73,66.8,68.25,405962.291,15
2026-06-04 02:15:00,68.25,69.61,67.81,69.32,104588.366,15
2026-06-04 02:30:00,69.32,70.24,69.18,70.12,77016.792,15
2026-06-04 02:45:00,70.12,70.47,70.0,70.07,54507.259,15
2026-06-04 03:00:00,70.07,71.05,70.04,70.98,96298.581,15
2026-06-04 03:15:00,70.98,71.3,70.92,71.03,69238.664,15
2026-06-04 03:30:00,71.04,71.65,71.02,71.57,93425.489,15
2026-06-04 03:45:00,71.56,71.65,71.33,71.48,35869.517,15
2026-06-04 04:00:00,71.49,71.8,71.44,71.72,30334.756,15
2026-06-04 04:15:00,71.72,71.79,71.42,71.47,37107.01,15
2026-06-04 04:30:00,71.47,71.52,70.89,71.07,51217.341,15
2026-06-04 04:45:00,71.07,71.11,70.8,70.9,24065.388,15
2026-06-04 05:00:00,70.89,70.89,69.91,70.29,50574.184,15
2026-06-04 05:15:00,70.28,70.43,70.0,70.11,35439.329,15
2026-06-04 05:30:00,70.11,70.66,69.97,70.58,29724.007999999998,15
2026-06-04 05:45:00,70.57,70.6,70.17,70.35,15281.659,15
2026-06-04 06:00:00,70.34,70.77,70.26,70.73,18268.895,15
2026-06-04 06:15:00,70.73,71.21,70.71,70.82,28129.326,15
2026-06-04 06:30:00,70.82,71.09,70.54,70.94,32516.056,15
2026-06-04 06:45:00,70.93,70.93,70.34,70.35,25687.148,15
2026-06-04 07:00:00,70.36,70.4,69.8,70.01,45304.134,15
2026-06-04 07:15:00,70.01,70.09,69.45,69.67,47833.197,15
2026-06-04 07:30:00,69.67,70.0,69.57,69.83,25757.724000000002,15
2026-06-04 07:45:00,69.83,69.87,69.14,69.15,26437.471,15
2026-06-04 08:00:00,69.16,69.44,68.5,68.51,75868.666,15
2026-06-04 08:15:00,68.52,69.08,68.33,69.01,70161.234,15
2026-06-04 08:30:00,69.01,69.39,68.79,68.88,38097.826,15
2026-06-04 08:45:00,68.89,69.43,68.88,69.25,24301.301,15
2026-06-04 09:00:00,69.24,69.27,68.31,68.45,50242.309,15
2026-06-04 09:15:00,68.44,68.5,67.79,67.92,65511.651,15
2026-06-04 09:30:00,67.92,68.2,67.74,68.1,47788.332,15
2026-06-04 09:45:00,68.11,68.88,68.08,68.86,43284.365,15
2026-06-04 10:00:00,68.87,68.94,68.29,68.52,41574.946,15
2026-06-04 10:15:00,68.51,68.77,68.31,68.36,30501.966,15
2026-06-04 10:30:00,68.37,68.79,68.2,68.38,44510.593,15
2026-06-04 10:45:00,68.37,68.41,67.51,67.89,95218.32,15
2026-06-04 11:00:00,67.89,68.14,67.37,67.64,100103.632,15
2026-06-04 11:15:00,67.64,68.43,67.56,68.2,36831.272,15
2026-06-04 11:30:00,68.21,68.58,67.94,68.01,45740.147,15
2026-06-04 11:45:00,68.0,68.71,68.0,68.7,29777.209,15
2026-06-04 12:00:00,68.69,69.07,68.32,68.47,54943.053,15
2026-06-04 12:15:00,68.47,69.41,68.42,69.38,54665.373999999996,15
2026-06-04 12:30:00,69.37,70.18,69.29,69.9,82379.583,15
2026-06-04 12:45:00,69.89,70.38,69.81,70.12,74373.487,15
2026-06-04 13:00:00,70.12,70.18,69.78,69.79,29095.219,15
2026-06-04 13:15:00,69.78,69.9,69.02,69.37,48755.293000000005,15
2026-06-04 13:30:00,69.36,70.58,69.28,70.07,70688.202,15
2026-06-04 13:45:00,70.07,70.4,69.85,70.38,36864.549,15
2026-06-04 14:00:00,70.38,70.64,70.07,70.51,41563.348,15
2026-06-04 14:15:00,70.51,70.53,70.03,70.16,43750.777,15
2026-06-04 14:30:00,70.15,70.16,69.59,69.89,77316.41500000001,15
2026-06-04 14:45:00,69.88,69.96,69.56,69.77,60887.939,15
2026-06-04 15:00:00,69.76,70.5,69.61,70.29,117154.773,15
2026-06-04 15:15:00,70.28,70.34,69.38,69.85,84821.534,15
2026-06-04 15:30:00,69.84,69.94,69.58,69.72,39462.672,15
2026-06-04 15:45:00,69.71,69.87,69.41,69.64,47037.003000000004,15
2026-06-04 16:00:00,69.64,69.67,69.26,69.3,24391.639,15
2026-06-04 16:15:00,69.3,69.58,69.09,69.1,26147.407,15
2026-06-04 16:30:00,69.09,69.58,68.98,69.44,35833.2,15
2026-06-04 16:45:00,69.44,69.66,69.24,69.41,18077.989,15
2026-06-04 17:00:00,69.41,69.74,69.22,69.65,18752.296,15
2026-06-04 17:15:00,69.65,69.65,69.02,69.2,18635.699,15
2026-06-04 17:30:00,69.21,69.28,68.52,68.65,22548.234,15
2026-06-04 17:45:00,68.64,69.56,68.48,69.25,38697.322,15
2026-06-04 18:00:00,69.25,69.32,68.65,68.69,27058.495,15
2026-06-04 18:15:00,68.69,69.64,68.69,69.64,26232.568,15
2026-06-04 18:30:00,69.65,69.89,69.47,69.61,34104.954,15
2026-06-04 18:45:00,69.6,69.85,69.46,69.5,24921.176,15
2026-06-04 19:00:00,69.49,69.57,69.1,69.43,27160.028,15
2026-06-04 19:15:00,69.43,69.71,69.27,69.57,36675.924,15
2026-06-04 19:30:00,69.57,69.63,69.23,69.27,19769.09,15
2026-06-04 19:45:00,69.27,69.3,69.03,69.1,26253.138,15
2026-06-04 20:00:00,69.09,69.15,68.44,68.88,35172.925,15
2026-06-04 20:15:00,68.88,69.1,68.62,68.79,19409.609,15
2026-06-04 20:30:00,68.78,69.02,68.74,68.89,14681.875,15
2026-06-04 20:45:00,68.9,69.01,68.54,68.82,21519.323,15
2026-06-04 21:00:00,68.81,69.06,68.65,68.87,20076.344,15
2026-06-04 21:15:00,68.88,68.92,68.21,68.32,28020.014,15
2026-06-04 21:30:00,68.32,68.35,67.61,68.06,45091.506,15
2026-06-04 21:45:00,68.06,68.15,67.8,67.8,16606.142,15
2026-06-04 22:00:00,67.79,68.15,67.57,67.82,40794.909,15
2026-06-04 22:15:00,67.81,68.12,67.81,67.96,39066.71,15
2026-06-04 22:30:00,67.95,68.09,67.6,68.0,38817.409,15
2026-06-04 22:45:00,67.99,68.58,67.83,68.49,43510.294,15
2026-06-04 23:00:00,68.48,68.88,68.4,68.58,24406.997,15
2026-06-04 23:15:00,68.58,68.62,68.0,68.26,25931.624,15
2026-06-04 23:30:00,68.27,68.74,68.24,68.72,15084.166,15
2026-06-04 23:45:00,68.73,68.93,68.58,68.88,15309.885,15
2026-06-05 00:00:00,68.87,68.87,68.46,68.5,18317.449,15
2026-06-05 00:15:00,68.51,69.08,68.35,69.06,26821.869,15
2026-06-05 00:30:00,69.07,69.1,68.68,68.8,17733.596,15
2026-06-05 00:45:00,68.8,69.06,68.27,68.31,31609.869,15
2026-06-05 01:00:00,68.3,68.3,67.58,68.27,58574.217,15
2026-06-05 01:15:00,68.26,68.47,68.01,68.44,32165.133,15
2026-06-05 01:30:00,68.45,68.82,68.3,68.57,50924.659999999996,15
2026-06-05 01:45:00,68.57,68.73,68.32,68.52,29313.816,15
2026-06-05 02:00:00,68.52,68.62,68.19,68.21,35862.591,15
2026-06-05 02:15:00,68.21,68.37,67.74,67.74,50986.331,15
2026-06-05 02:30:00,67.74,68.09,67.42,67.74,60106.598,15
2026-06-05 02:45:00,67.74,68.0,67.21,67.33,58741.915,15
2026-06-05 03:00:00,67.33,67.42,67.02,67.1,60047.011,15
2026-06-05 03:15:00,67.1,67.87,67.1,67.33,45209.679,15
2026-06-05 03:30:00,67.33,67.66,66.94,67.03,59270.691,15
2026-06-05 03:45:00,67.02,67.25,66.97,67.09,40814.167,15
2026-06-05 04:00:00,67.1,67.75,66.52,67.42,110005.31300000001,15
2026-06-05 04:15:00,67.42,67.9,67.03,67.88,64827.25,15
2026-06-05 04:30:00,67.88,67.89,67.18,67.25,44469.832,15
2026-06-05 04:45:00,67.24,68.01,66.93,67.94,59930.763,15
2026-06-05 05:00:00,67.95,68.1,67.56,67.72,25087.303,15
2026-06-05 05:15:00,67.72,67.94,67.5,67.82,27183.27,15
2026-06-05 05:30:00,67.81,68.01,66.69,66.73,69696.726,15
2026-06-05 05:45:00,66.73,66.84,66.07,66.24,105084.836,15
2026-06-05 06:00:00,66.24,66.56,65.65,65.67,158065.50699999998,15
2026-06-05 06:15:00,65.67,65.92,63.87,64.65,311670.004,15
2026-06-05 06:30:00,64.64,65.53,64.45,65.43,133044.418,15
2026-06-05 06:45:00,65.42,65.52,64.75,65.05,108786.75200000001,15
2026-06-05 07:00:00,65.05,65.17,63.93,64.13,157182.794,15
2026-06-05 07:15:00,64.14,65.57,64.14,65.48,98649.17199999999,15
2026-06-05 07:30:00,65.48,66.2,65.31,66.19,82058.817,15
2026-06-05 07:45:00,66.2,66.31,65.88,66.18,66763.929,15
2026-06-05 08:00:00,66.18,66.2,65.52,65.67,49995.313,15
2026-06-05 08:15:00,65.68,66.03,65.43,65.93,50698.227,15
2026-06-05 08:30:00,65.94,66.11,65.37,65.37,39211.668,15
2026-06-05 08:45:00,65.38,65.57,65.1,65.31,35556.608,15
2026-06-05 09:00:00,65.32,66.32,65.31,66.32,81265.431,15
2026-06-05 09:15:00,66.33,66.54,66.03,66.41,51050.403000000006,15
2026-06-05 09:30:00,66.41,66.45,66.09,66.15,37809.436,15
2026-06-05 09:45:00,66.14,66.62,66.13,66.55,37958.364,15
2026-06-05 10:00:00,66.56,66.74,66.41,66.6,36918.275,15
2026-06-05 10:15:00,66.6,66.6,66.21,66.51,33330.644,15
2026-06-05 10:30:00,66.51,66.74,66.2,66.6,24014.705,15
2026-06-05 10:45:00,66.59,66.6,66.16,66.42,16204.532,15
2026-06-05 11:00:00,66.41,66.45,65.84,66.01,25328.764,15
2026-06-05 11:15:00,66.01,66.8,65.93,66.6,64850.005000000005,15
2026-06-05 11:30:00,66.6,66.65,66.05,66.06,33123.411,15
2026-06-05 11:45:00,66.06,66.36,65.98,66.08,28704.339,15
2026-06-05 12:00:00,66.08,66.26,65.45,65.89,51167.948,15
2026-06-05 12:15:00,65.9,66.37,65.79,65.91,34625.226,15
2026-06-05 12:30:00,65.91,66.25,65.2,65.7,76656.7,15
2026-06-05 12:45:00,65.7,65.86,65.38,65.83,30158.178,15
2026-06-05 13:00:00,65.82,66.43,65.81,66.29,89884.353,15
2026-06-05 13:15:00,66.29,66.72,66.12,66.49,56269.817,15
2026-06-05 13:30:00,66.49,66.83,65.75,65.88,77888.667,15
2026-06-05 13:45:00,65.89,65.99,64.3,64.32,148312.87399999998,15
2026-06-05 14:00:00,64.33,65.33,63.94,65.0,160434.664,15
2026-06-05 14:15:00,65.01,65.37,64.59,64.87,96063.876,15
2026-06-05 14:30:00,64.88,65.76,64.68,65.47,115160.071,15
2026-06-05 14:45:00,65.48,65.85,64.89,65.27,67488.14,15
2026-06-05 15:00:00,65.27,65.34,64.31,64.43,83351.452,15
2026-06-05 15:15:00,64.43,65.03,64.2,64.61,114912.41,15
2026-06-05 15:30:00,64.6,64.77,64.0,64.39,121160.46399999999,15
2026-06-05 15:45:00,64.38,64.53,63.78,64.24,148082.82,15
2026-06-05 16:00:00,64.25,64.77,63.18,64.57,215179.191,15
2026-06-05 16:15:00,64.56,65.51,64.36,64.95,184083.302,15
2026-06-05 16:30:00,64.96,65.22,64.45,64.61,99260.83600000001,15
2026-06-05 16:45:00,64.6,65.98,64.6,65.86,106533.704,15
2026-06-05 17:00:00,65.86,66.06,65.3,65.46,75525.546,15
2026-06-05 17:15:00,65.47,65.48,64.8,64.9,62042.211,15
2026-06-05 17:30:00,64.9,65.58,64.81,65.02,46649.028,15
2026-06-05 17:45:00,65.03,65.17,64.9,65.09,37200.093,15
2026-06-05 18:00:00,65.1,65.39,64.92,64.97,53242.44,15
2026-06-05 18:15:00,64.96,65.0,63.99,64.01,77425.67,15
2026-06-05 18:30:00,64.01,64.29,63.46,63.85,83918.692,15
2026-06-05 18:45:00,63.84,63.88,62.63,62.91,160328.78,15
2026-06-05 19:00:00,62.9,63.03,61.78,61.91,219313.977,15
2026-06-05 19:15:00,61.92,62.82,61.48,62.79,116722.569,15
2026-06-05 19:30:00,62.8,62.83,61.97,62.46,72932.965,15
2026-06-05 19:45:00,62.46,63.84,62.45,63.44,134506.402,15
2026-06-05 20:00:00,63.44,64.3,62.68,64.05,131179.15399999998,15
2026-06-05 20:15:00,64.05,64.38,63.87,64.2,70042.851,15
2026-06-05 20:30:00,64.21,64.52,64.03,64.45,46367.612,15
2026-06-05 20:45:00,64.44,64.82,64.26,64.64,53844.392,15
2026-06-05 21:00:00,64.63,65.05,64.53,64.91,59690.204,15
2026-06-05 21:15:00,64.9,65.11,64.8,64.94,52831.507,15
2026-06-05 21:30:00,64.94,65.42,64.75,65.35,64301.093,15
2026-06-05 21:45:00,65.35,65.37,64.87,64.89,13022.008,15
2026-06-05 22:00:00,64.88,64.91,63.78,64.28,84198.538,15
2026-06-05 22:15:00,64.28,64.7,64.11,64.14,56509.668,15
2026-06-05 22:30:00,64.14,64.67,63.98,64.57,33025.142,15
2026-06-05 22:45:00,64.57,64.62,64.27,64.41,34771.885,15
2026-06-05 23:00:00,64.41,64.79,64.06,64.08,37988.309,15
2026-06-05 23:15:00,64.08,64.1,63.41,63.57,45374.765,15
2026-06-05 23:30:00,63.57,63.58,62.64,63.26,63677.472,15
2026-06-05 23:45:00,63.27,63.66,63.02,63.64,33259.419,15
2026-06-06 00:00:00,63.64,64.57,63.63,64.51,51504.589,15
2026-06-06 00:15:00,64.51,64.68,64.2,64.46,28070.139,15
2026-06-06 00:30:00,64.46,64.69,64.4,64.59,21978.01,15
2026-06-06 00:45:00,64.59,64.83,64.55,64.68,19328.549,15
2026-06-06 01:00:00,64.68,64.86,64.31,64.37,24030.759000000002,15
2026-06-06 01:15:00,64.38,64.47,63.85,64.43,34421.611,15
2026-06-06 01:30:00,64.42,64.53,63.91,64.05,27000.224000000002,15
2026-06-06 01:45:00,64.04,64.21,63.78,63.85,23364.777000000002,15
2026-06-06 02:00:00,63.86,63.88,63.51,63.59,27440.835,15
2026-06-06 02:15:00,63.59,63.77,63.27,63.52,30308.087,15
2026-06-06 02:30:00,63.53,63.86,63.43,63.62,28858.327,15
2026-06-06 02:45:00,63.62,63.96,63.5,63.53,28034.66,15
2026-06-06 03:00:00,63.52,63.54,63.08,63.26,27733.372,15
2026-06-06 03:15:00,63.26,63.39,62.9,63.06,30803.066,15
2026-06-06 03:30:00,63.06,63.1,62.58,62.87,50074.434,15
2026-06-06 03:45:00,62.87,63.07,62.66,62.84,30942.221,15
2026-06-06 04:00:00,62.84,63.12,61.56,61.7,97550.643,15
2026-06-06 04:15:00,61.7,62.02,61.0,61.22,109085.587,15
2026-06-06 04:30:00,61.22,61.29,60.36,60.6,154030.338,15
2026-06-06 04:45:00,60.6,61.33,60.35,60.88,59150.686,15
2026-06-06 05:00:00,60.89,61.24,60.13,60.67,66294.773,15
2026-06-06 05:15:00,60.68,62.68,60.63,62.14,119425.771,15
2026-06-06 05:30:00,62.13,62.5,61.93,62.34,61969.05,15
2026-06-06 05:45:00,62.34,62.72,62.21,62.62,46120.872,15
2026-06-06 06:00:00,62.62,63.07,62.59,63.02,45737.11,15
2026-06-06 06:15:00,63.01,63.35,62.8,63.02,43655.06,15
2026-06-06 06:30:00,63.02,63.28,62.66,62.66,30041.94,15
2026-06-06 06:45:00,62.67,62.71,62.08,62.22,38096.945999999996,15
2026-06-06 07:00:00,62.22,63.0,62.06,62.94,49389.925,15
2026-06-06 07:15:00,62.95,63.16,62.57,62.66,32457.332,15
2026-06-06 07:30:00,62.66,63.02,62.61,62.99,25097.121,15
2026-06-06 07:45:00,63.0,63.13,62.74,62.78,16749.019,15
2026-06-06 08:00:00,62.79,63.02,62.54,62.96,19436.2,15
2026-06-06 08:15:00,62.96,63.45,62.78,63.35,33148.771,15
2026-06-06 08:30:00,63.35,63.6,63.23,63.31,35557.564,15
2026-06-06 08:45:00,63.3,63.43,63.11,63.18,28061.144,15
2026-06-06 09:00:00,63.17,63.36,63.05,63.2,17271.185999999998,15
2026-06-06 09:15:00,63.19,63.55,63.08,63.54,18280.273999999998,15
2026-06-06 09:30:00,63.54,63.56,63.15,63.23,12977.387,15
2026-06-06 09:45:00,63.23,63.25,62.49,62.71,36020.313,15
2026-06-06 10:00:00,62.7,62.71,61.93,61.96,55457.50399999999,15
2026-06-06 10:15:00,61.96,62.12,61.71,61.86,40167.65,15
2026-06-06 10:30:00,61.87,61.9,61.2,61.55,82832.43,15
2026-06-06 10:45:00,61.55,61.91,61.32,61.84,47559.934,15
2026-06-06 11:00:00,61.84,62.25,61.77,62.03,46397.797,15
2026-06-06 11:15:00,62.03,62.35,61.84,62.3,30145.522,15
2026-06-06 11:30:00,62.3,62.51,62.19,62.43,29975.687,15
2026-06-06 11:45:00,62.42,62.69,62.35,62.46,29421.239,15
2026-06-06 12:00:00,62.46,62.77,62.45,62.64,27644.17,15
2026-06-06 12:15:00,62.64,62.72,62.22,62.22,28514.523,15
2026-06-06 12:30:00,62.22,62.66,62.04,62.6,40627.245,15
2026-06-06 12:45:00,62.59,63.11,62.45,62.92,65689.533,15
2026-06-06 13:00:00,62.93,63.06,62.76,62.77,14690.557,15
2026-06-06 13:15:00,62.77,62.93,62.55,62.55,20796.655,15
2026-06-06 13:30:00,62.55,62.57,62.17,62.55,33523.646,15
2026-06-06 13:45:00,62.54,62.79,62.31,62.45,19363.878,15
2026-06-06 14:00:00,62.45,62.88,62.35,62.78,19487.153,15
2026-06-06 14:15:00,62.78,62.93,62.48,62.65,19327.171,15
2026-06-06 14:30:00,62.64,62.91,62.52,62.82,31309.073,15
2026-06-06 14:45:00,62.82,62.88,62.3,62.33,56410.932,15
2026-06-06 15:00:00,62.33,62.48,61.57,61.66,107645.94,15
2026-06-06 15:15:00,61.66,61.79,61.32,61.64,78470.905,15
2026-06-06 15:30:00,61.64,62.26,61.52,62.15,67463.364,15
2026-06-06 15:45:00,62.15,62.33,61.94,62.03,42757.005,15
2026-06-06 16:00:00,62.04,62.4,61.86,61.97,59878.024,15
2026-06-06 16:15:00,61.96,62.04,61.53,61.56,74503.543,15
2026-06-06 16:30:00,61.55,61.85,61.38,61.84,67643.963,15
2026-06-06 16:45:00,61.85,62.22,61.8,62.13,38016.18,15
2026-06-06 17:00:00,62.13,62.22,61.72,61.94,14804.438,15
2026-06-06 17:15:00,61.94,62.03,61.62,61.83,27213.706,15
2026-06-06 17:30:00,61.82,62.28,61.7,61.92,31862.795,15
2026-06-06 17:45:00,61.93,61.98,61.46,61.63,26166.338,15
2026-06-06 18:00:00,61.62,61.71,61.41,61.55,21247.813000000002,15
2026-06-06 18:15:00,61.54,62.14,61.46,62.04,23443.101,15
2026-06-06 18:30:00,62.03,62.04,61.65,61.81,16492.276,15
2026-06-06 18:45:00,61.8,61.83,61.53,61.73,16234.403,15
2026-06-06 19:00:00,61.74,62.2,61.62,62.07,28542.238,15
2026-06-06 19:15:00,62.06,62.09,61.76,61.78,27559.898,15
2026-06-06 19:30:00,61.79,61.88,61.67,61.78,9701.481,15
2026-06-06 19:45:00,61.77,61.85,61.64,61.64,12147.064,15
2026-06-06 20:00:00,61.64,61.74,61.38,61.62,49746.258,15
2026-06-06 20:15:00,61.62,61.76,61.48,61.51,26523.094,15
2026-06-06 20:30:00,61.5,61.8,61.4,61.76,41457.512,15
2026-06-06 20:45:00,61.76,61.94,61.63,61.84,38599.600000000006,15
2026-06-06 21:00:00,61.85,62.2,61.83,62.13,35545.175,15
2026-06-06 21:15:00,62.14,62.23,62.01,62.13,18370.643,15
2026-06-06 21:30:00,62.13,62.38,62.05,62.09,16683.929,15
2026-06-06 21:45:00,62.09,62.13,61.9,61.91,6844.149,15
2026-06-06 22:00:00,61.9,61.97,61.5,61.69,22200.011,15
2026-06-06 22:15:00,61.69,61.98,61.47,61.52,17934.099,15
2026-06-06 22:30:00,61.53,61.74,61.47,61.68,13498.314999999999,15
2026-06-06 22:45:00,61.69,61.92,61.69,61.73,20632.131,15
2026-06-06 23:00:00,61.72,62.13,61.68,62.05,12221.642,15
2026-06-06 23:15:00,62.05,62.08,61.81,61.97,9460.283,15
2026-06-06 23:30:00,61.97,62.3,61.92,62.15,15317.094,15
2026-06-06 23:45:00,62.16,62.26,62.1,62.2,15171.675,15
2026-06-07 00:00:00,62.21,62.33,61.96,62.04,29054.771,15
2026-06-07 00:15:00,62.05,62.28,62.05,62.28,14032.098,15
2026-06-07 00:30:00,62.28,62.64,62.27,62.28,28250.64,15
2026-06-07 00:45:00,62.27,62.32,62.1,62.11,15132.657,15
2026-06-07 01:00:00,62.11,63.21,62.04,63.12,64169.18,15
2026-06-07 01:15:00,63.12,63.79,63.04,63.76,70683.062,15
2026-06-07 01:30:00,63.76,63.86,63.45,63.6,39476.405,15
2026-06-07 01:45:00,63.6,63.84,63.44,63.67,28890.235,15
2026-06-07 02:00:00,63.67,63.79,63.57,63.64,28427.365,15
2026-06-07 02:15:00,63.64,63.68,63.13,63.23,34982.304,15
2026-06-07 02:30:00,63.22,63.35,63.07,63.3,21795.228,15
2026-06-07 02:45:00,63.3,63.65,63.28,63.55,35108.381,15
2026-06-07 03:00:00,63.55,63.7,63.41,63.68,22900.383,15
2026-06-07 03:15:00,63.68,64.15,63.55,64.04,67660.9,15
2026-06-07 03:30:00,64.04,64.04,63.57,63.77,21443.358,15
2026-06-07 03:45:00,63.76,63.84,63.62,63.84,20634.273,15
2026-06-07 04:00:00,63.84,63.85,63.47,63.59,27070.18,15
2026-06-07 04:15:00,63.6,63.63,63.31,63.4,14159.159,15
2026-06-07 04:30:00,63.39,64.13,63.38,63.98,38654.922,15
2026-06-07 04:45:00,63.97,64.13,63.86,64.1,22698.405,15
2026-06-07 05:00:00,64.09,64.42,63.9,64.18,39675.494,15
2026-06-07 05:15:00,64.18,64.5,64.04,64.23,44991.523,15
2026-06-07 05:30:00,64.23,64.46,64.03,64.45,28223.501,15
2026-06-07 05:45:00,64.45,64.47,64.15,64.26,23639.554,15
2026-06-07 06:00:00,64.27,64.3,64.03,64.17,15633.317,15
2026-06-07 06:15:00,64.17,64.86,64.11,64.76,51488.986,15
2026-06-07 06:30:00,64.77,64.99,64.68,64.92,47457.927,15
2026-06-07 06:45:00,64.91,65.0,64.75,64.85,22561.937,15
2026-06-07 07:00:00,64.85,64.99,64.61,64.8,33562.909999999996,15
2026-06-07 07:15:00,64.8,65.0,64.66,64.96,34458.945999999996,15
2026-06-07 07:30:00,64.95,65.02,64.8,64.85,30393.744,15
2026-06-07 07:45:00,64.85,64.94,64.76,64.93,40167.445,15
2026-06-07 08:00:00,64.92,64.97,64.52,64.67,38352.1,15
2026-06-07 08:15:00,64.67,64.9,64.5,64.89,21188.512000000002,15
2026-06-07 08:30:00,64.88,65.28,64.74,65.28,33432.753,15
2026-06-07 08:45:00,65.27,65.97,65.26,65.97,99752.954,15
2026-06-07 09:00:00,65.96,66.0,65.72,66.0,33703.998999999996,15
2026-06-07 09:15:00,66.0,66.11,65.55,65.79,33538.3,15
2026-06-07 09:30:00,65.79,65.81,65.08,65.19,26686.39,15
2026-06-07 09:45:00,65.19,65.19,64.85,65.02,31224.278,15
2026-06-07 10:00:00,65.03,65.09,64.63,64.77,34566.072,15
2026-06-07 10:15:00,64.77,65.09,64.76,64.98,24335.746,15
2026-06-07 10:30:00,64.98,65.05,64.59,64.69,26917.707,15
2026-06-07 10:45:00,64.7,64.82,64.46,64.67,20160.614,15
2026-06-07 11:00:00,64.67,64.84,64.55,64.67,14110.882,15
2026-06-07 11:15:00,64.66,64.87,64.6,64.85,11682.184,15
2026-06-07 11:30:00,64.84,65.09,64.74,65.09,17128.6,15
2026-06-07 11:45:00,65.08,65.25,64.97,65.04,15803.541,15
2026-06-07 12:00:00,65.05,65.11,63.96,63.99,63199.849,15
2026-06-07 12:15:00,63.99,64.29,63.88,64.05,40159.248,15
2026-06-07 12:30:00,64.04,64.16,63.67,63.92,55832.486,15
2026-06-07 12:45:00,63.91,64.41,63.91,64.33,26368.871,15
2026-06-07 13:00:00,64.33,64.34,64.09,64.33,27515.412,15
2026-06-07 13:15:00,64.34,64.4,64.14,64.38,20636.11,15
2026-06-07 13:30:00,64.38,64.44,64.15,64.34,10635.559,15
2026-06-07 13:45:00,64.34,64.42,64.25,64.34,19209.172,15
2026-06-07 14:00:00,64.34,64.58,64.33,64.47,19401.349000000002,15
2026-06-07 14:15:00,64.47,65.07,64.42,64.98,31121.27,15
2026-06-07 14:30:00,64.98,65.35,64.78,64.81,38822.144,15
2026-06-07 14:45:00,64.81,64.95,64.62,64.92,25350.422,15
2026-06-07 15:00:00,64.92,64.92,64.64,64.91,22094.962,15
2026-06-07 15:15:00,64.9,64.98,64.63,64.97,17879.527000000002,15
2026-06-07 15:30:00,64.96,65.24,64.91,65.14,19063.842,15
2026-06-07 15:45:00,65.14,65.14,64.78,64.99,24111.624,15
2026-06-07 16:00:00,64.99,65.09,64.75,65.04,23854.789,15
2026-06-07 16:15:00,65.04,65.18,64.98,65.02,16302.47,15
2026-06-07 16:30:00,65.03,65.33,64.97,65.18,9515.423,15
2026-06-07 16:45:00,65.18,65.33,64.95,65.15,17130.261,15
2026-06-07 17:00:00,65.15,65.62,65.09,65.48,16129.677,15
2026-06-07 17:15:00,65.49,65.55,65.37,65.46,12356.615,15
2026-06-07 17:30:00,65.46,65.6,65.42,65.44,16182.284,15
2026-06-07 17:45:00,65.45,65.45,65.16,65.32,15933.119,15
2026-06-07 18:00:00,65.33,65.58,65.31,65.54,8657.021,15
2026-06-07 18:15:00,65.55,65.55,65.22,65.43,8797.729,15
2026-06-07 18:30:00,65.43,65.56,65.27,65.29,8177.212,15
2026-06-07 18:45:00,65.28,65.36,64.91,64.95,16403.772,15
2026-06-07 19:00:00,64.96,64.98,64.17,64.34,38419.599,15
2026-06-07 19:15:00,64.34,64.34,63.77,64.05,55569.95,15
2026-06-07 19:30:00,64.05,64.07,63.69,63.79,23273.436999999998,15
2026-06-07 19:45:00,63.8,64.14,63.64,63.95,33770.844,15
2026-06-07 20:00:00,63.94,64.41,63.75,64.29,34763.465000000004,15
2026-06-07 20:15:00,64.28,64.7,64.1,64.5,22143.751,15
2026-06-07 20:30:00,64.51,64.65,64.42,64.55,15681.492,15
2026-06-07 20:45:00,64.55,64.8,64.46,64.7,13082.515,15
2026-06-07 21:00:00,64.69,64.93,64.47,64.87,16586.025,15
2026-06-07 21:15:00,64.87,64.9,64.57,64.58,9282.214,15
2026-06-07 21:30:00,64.59,64.63,64.31,64.35,17107.718,15
2026-06-07 21:45:00,64.36,64.63,64.33,64.63,8123.085,15
2026-06-07 22:00:00,64.64,67.49,64.53,67.31,137178.69400000002,15
2026-06-07 22:15:00,67.33,67.92,66.05,66.26,92838.47899999999,15
2026-06-07 22:30:00,66.27,66.78,65.87,66.32,41947.622,15
2026-06-07 22:45:00,66.33,66.48,65.74,65.83,46870.531,15
2026-06-07 23:00:00,65.82,66.15,65.77,66.13,37093.108,15
2026-06-07 23:15:00,66.14,66.37,65.79,66.36,41702.087999999996,15
2026-06-07 23:30:00,66.35,66.38,66.04,66.25,30359.953999999998,15
2026-06-07 23:45:00,66.24,66.67,66.17,66.5,54870.761,15
2026-06-08 00:00:00,66.5,66.6,66.02,66.21,39159.786,15
2026-06-08 00:15:00,66.21,66.6,66.05,66.56,31024.422,15
2026-06-08 00:30:00,66.56,67.11,66.4,66.8,59210.528,15
2026-06-08 00:45:00,66.79,66.99,66.56,66.71,33709.777,15
2026-06-08 01:00:00,66.72,66.81,65.98,65.99,32655.96,15
2026-06-08 01:15:00,65.99,66.03,65.47,65.54,54134.127,15
2026-06-08 01:30:00,65.55,66.02,65.4,65.97,43726.547,15
2026-06-08 01:45:00,65.98,66.28,65.88,66.19,29589.251,15
2026-06-08 02:00:00,66.19,66.47,66.06,66.45,21025.308,15
2026-06-08 02:15:00,66.45,66.65,66.2,66.51,27622.796000000002,15
2026-06-08 02:30:00,66.5,66.58,66.12,66.4,32875.06,15
2026-06-08 02:45:00,66.41,66.48,66.21,66.46,12669.326,15
2026-06-08 03:00:00,66.46,66.75,66.24,66.56,23534.047,15
2026-06-08 03:15:00,66.57,66.61,66.27,66.27,22193.014,15
2026-06-08 03:30:00,66.27,66.44,66.2,66.28,20594.2,15
2026-06-08 03:45:00,66.28,66.43,66.18,66.37,8499.956,15
2026-06-08 04:00:00,66.37,66.42,65.81,65.95,30584.319,15
2026-06-08 04:15:00,65.96,65.97,65.58,65.76,16582.467,15
2026-06-08 04:30:00,65.76,65.87,65.37,65.44,23801.419,15
2026-06-08 04:45:00,65.45,65.74,65.43,65.44,13751.241,15
2026-06-08 05:00:00,65.44,65.65,65.16,65.18,18019.271,15
2026-06-08 05:15:00,65.18,65.52,65.09,65.43,25567.06,15
2026-06-08 05:30:00,65.43,65.44,64.98,65.11,17488.375,15
2026-06-08 05:45:00,65.12,65.34,65.06,65.34,17971.621,15
2026-06-08 06:00:00,65.33,65.69,65.27,65.56,31798.035,15
2026-06-08 06:15:00,65.56,65.89,65.48,65.77,29715.045,15
2026-06-08 06:30:00,65.77,65.85,65.59,65.75,22844.679,15
2026-06-08 06:45:00,65.76,65.78,65.61,65.68,8089.356,15
2026-06-08 07:00:00,65.68,65.89,65.38,65.7,18530.514,15
2026-06-08 07:15:00,65.69,66.05,65.55,65.97,26957.735,15
2026-06-08 07:30:00,65.98,66.11,65.9,65.97,19267.707,15
2026-06-08 07:45:00,65.97,66.23,65.94,66.11,17726.885,15
2026-06-08 08:00:00,66.1,66.11,65.78,65.95,18992.029,15
2026-06-08 08:15:00,65.94,65.99,65.52,65.74,17222.474000000002,15
2026-06-08 08:30:00,65.75,65.88,65.57,65.69,30824.832000000002,15
2026-06-08 08:45:00,65.69,65.71,65.45,65.63,16063.999,15
2026-06-08 09:00:00,65.63,65.89,65.6,65.87,16586.954,15
2026-06-08 09:15:00,65.86,66.17,65.8,66.03,21216.943,15
2026-06-08 09:30:00,66.02,66.21,65.78,66.16,40294.813,15
2026-06-08 09:45:00,66.16,66.39,66.1,66.38,23655.472,15
2026-06-08 10:00:00,66.37,66.44,66.17,66.25,22880.138,15
2026-06-08 10:15:00,66.24,66.25,65.81,65.93,21421.094,15
2026-06-08 10:30:00,65.93,66.47,65.88,66.16,41819.48,15
2026-06-08 10:45:00,66.16,66.22,66.04,66.21,18417.412,15
2026-06-08 11:00:00,66.21,66.54,66.04,66.47,43889.162,15
2026-06-08 11:15:00,66.48,66.93,66.47,66.82,65161.392,15
2026-06-08 11:30:00,66.81,67.06,66.69,66.85,59423.258,15
2026-06-08 11:45:00,66.85,66.88,66.59,66.68,49406.224,15
2026-06-08 12:00:00,66.69,66.92,65.99,66.02,87514.507,15
2026-06-08 12:15:00,66.02,66.46,66.01,66.46,31994.282,15
2026-06-08 12:30:00,66.46,67.25,66.46,67.09,59878.597,15
2026-06-08 12:45:00,67.09,67.32,66.88,67.26,45466.709,15
2026-06-08 13:00:00,67.26,67.29,66.85,66.89,35723.755,15
2026-06-08 13:15:00,66.9,67.14,66.8,66.84,33394.508,15
2026-06-08 13:30:00,66.83,67.0,66.53,66.59,49352.116,15
2026-06-08 13:45:00,66.6,66.98,66.42,66.78,33349.465,15
2026-06-08 14:00:00,66.78,66.91,66.45,66.85,50154.159,15
2026-06-08 14:15:00,66.85,66.96,66.58,66.8,108284.121,15
2026-06-08 14:30:00,66.8,67.07,66.72,66.88,84685.326,15
2026-06-08 14:45:00,66.89,67.31,66.84,67.28,72551.297,15
2026-06-08 15:00:00,67.28,67.8,67.22,67.77,73797.996,15
2026-06-08 15:15:00,67.78,67.82,67.39,67.43,67734.267,15
2026-06-08 15:30:00,67.43,67.46,67.17,67.39,33536.967,15
2026-06-08 15:45:00,67.4,67.56,67.06,67.18,29311.078,15
2026-06-08 16:00:00,67.19,67.46,67.01,67.39,28584.224000000002,15
2026-06-08 16:15:00,67.39,67.75,67.39,67.52,35245.207,15
2026-06-08 16:30:00,67.51,67.54,67.07,67.21,36356.647,15
2026-06-08 16:45:00,67.22,67.23,66.9,66.96,39070.395000000004,15
2026-06-08 17:00:00,66.95,67.03,66.56,66.69,76991.533,15
2026-06-08 17:15:00,66.69,67.15,66.68,67.14,22036.739999999998,15
2026-06-08 17:30:00,67.13,67.14,66.71,66.95,27014.204999999998,15
2026-06-08 17:45:00,66.95,67.39,66.95,67.38,21266.957,15
2026-06-08 18:00:00,67.38,67.6,67.38,67.46,24188.661,15
2026-06-08 18:15:00,67.46,67.54,67.38,67.53,19123.575,15
2026-06-08 18:30:00,67.52,67.62,67.23,67.33,13150.269,15
2026-06-08 18:45:00,67.33,67.54,67.16,67.43,26488.767,15
2026-06-08 19:00:00,67.43,67.71,67.38,67.53,18889.299,15
2026-06-08 19:15:00,67.54,67.82,67.43,67.64,27632.959,15
2026-06-08 19:30:00,67.64,67.73,67.44,67.57,33076.926999999996,15
2026-06-08 19:45:00,67.56,67.6,67.28,67.46,42038.008,15
2026-06-08 20:00:00,67.46,67.53,67.03,67.09,36062.878,15
2026-06-08 20:15:00,67.1,67.2,66.94,67.02,23348.942,15
2026-06-08 20:30:00,67.03,67.4,66.97,67.32,12035.447,15
2026-06-08 20:45:00,67.31,67.48,67.24,67.48,12209.573,15
2026-06-08 21:00:00,67.48,68.17,67.42,67.94,59362.115,15
2026-06-08 21:15:00,67.93,68.05,67.71,67.8,21487.897,15
2026-06-08 21:30:00,67.81,67.92,67.73,67.89,16605.6,15
2026-06-08 21:45:00,67.9,67.94,67.48,67.48,12882.428,15
2026-06-08 22:00:00,67.48,67.48,67.02,67.06,26553.893,15
2026-06-08 22:15:00,67.06,67.24,66.84,67.09,19933.199,15
2026-06-08 22:30:00,67.08,67.19,66.94,67.06,13397.015,15
2026-06-08 22:45:00,67.06,67.21,66.91,67.2,9073.723,15
2026-06-08 23:00:00,67.2,67.42,67.15,67.38,13829.881,15
2026-06-08 23:15:00,67.39,67.41,66.67,66.82,26584.216,15
2026-06-08 23:30:00,66.82,66.94,66.65,66.87,13979.538,15
2026-06-08 23:45:00,66.86,66.86,66.66,66.82,15569.989,15
2026-06-09 00:00:00,66.82,66.86,66.55,66.57,17317.183,15
2026-06-09 00:15:00,66.57,66.89,65.85,65.93,99768.348,15
2026-06-09 00:30:00,65.94,66.0,65.47,65.79,58361.285,15
2026-06-09 00:45:00,65.78,65.78,65.29,65.42,73618.749,15
2026-06-09 01:00:00,65.41,65.67,65.39,65.59,44224.505000000005,15
2026-06-09 01:15:00,65.58,66.0,65.52,65.88,24213.441,15
2026-06-09 01:30:00,65.89,66.07,65.77,65.85,16970.831000000002,15
2026-06-09 01:45:00,65.86,66.08,65.76,65.99,14479.297999999999,15
2026-06-09 02:00:00,65.99,66.08,65.86,65.87,8004.908,15
2026-06-09 02:15:00,65.87,65.9,65.6,65.9,15389.13,15
2026-06-09 02:30:00,65.9,65.97,65.53,65.73,18077.572,15
2026-06-09 02:45:00,65.74,65.92,65.65,65.91,11377.940999999999,15
2026-06-09 03:00:00,65.92,66.02,65.79,65.98,16841.045000000002,15
2026-06-09 03:15:00,65.99,66.1,65.85,65.9,13946.578,15
2026-06-09 03:30:00,65.9,65.96,65.68,65.88,11346.473,15
2026-06-09 03:45:00,65.88,66.06,65.79,66.01,13070.679,15
2026-06-09 04:00:00,66.01,66.22,65.83,66.13,14588.282,15
2026-06-09 04:15:00,66.12,66.22,65.96,65.97,16717.005,15
2026-06-09 04:30:00,65.97,67.32,65.89,67.07,112237.307,15
2026-06-09 04:45:00,67.07,67.41,66.99,67.02,37490.915,15
2026-06-09 05:00:00,67.02,67.18,66.7,67.05,102906.10800000001,15
2026-06-09 05:15:00,67.05,67.18,66.94,67.06,114885.967,15
2026-06-09 05:30:00,67.06,67.39,67.04,67.19,38673.869,15
2026-06-09 05:45:00,67.18,67.35,67.11,67.18,19850.867,15
2026-06-09 06:00:00,67.19,67.31,67.11,67.23,27245.972999999998,15
2026-06-09 06:15:00,67.23,67.47,67.23,67.29,19743.119,15
2026-06-09 06:30:00,67.3,67.36,67.18,67.24,15366.875,15
2026-06-09 06:45:00,67.25,67.34,66.98,67.05,16719.013,15
2026-06-09 07:00:00,67.06,67.34,67.01,67.02,23267.293999999998,15
2026-06-09 07:15:00,67.01,67.21,66.62,66.69,48314.070999999996,15
2026-06-09 07:30:00,66.69,66.94,66.68,66.91,12515.241,15
2026-06-09 07:45:00,66.91,66.97,66.8,66.89,15484.556,15
2026-06-09 08:00:00,66.9,66.94,66.39,66.59,42238.401,15
2026-06-09 08:15:00,66.59,66.72,66.46,66.62,18321.545,15
2026-06-09 08:30:00,66.61,66.79,66.52,66.72,20282.856,15
2026-06-09 08:45:00,66.71,66.78,66.57,66.6,17100.606,15
2026-06-09 09:00:00,66.6,66.72,66.5,66.71,12584.512,15
2026-06-09 09:15:00,66.72,66.83,66.41,66.42,21456.764,15
2026-06-09 09:30:00,66.41,66.44,66.08,66.15,25443.181,15
2026-06-09 09:45:00,66.15,66.24,66.11,66.18,9262.571,15
2026-06-09 10:00:00,66.18,66.28,66.0,66.21,29335.694,15
2026-06-09 10:15:00,66.22,66.24,66.09,66.21,6548.288,15
2026-06-09 10:30:00,66.21,66.22,66.05,66.17,10185.324,15
2026-06-09 10:45:00,66.16,66.49,66.1,66.42,22978.54,15
2026-06-09 11:00:00,66.41,66.47,66.03,66.05,31226.754999999997,15
2026-06-09 11:15:00,66.05,66.13,65.9,66.01,26867.962000000003,15
2026-06-09 11:30:00,66.01,66.16,65.92,66.07,18466.175,15
2026-06-09 11:45:00,66.08,66.23,65.97,66.11,24283.609,15
2026-06-09 12:00:00,66.11,66.52,66.09,66.41,55398.614,15
2026-06-09 12:15:00,66.42,66.43,66.22,66.26,13396.978000000001,15
2026-06-09 12:30:00,66.27,66.33,66.07,66.08,15067.216,15
2026-06-09 12:45:00,66.07,66.27,65.95,66.21,21317.339,15
2026-06-09 13:00:00,66.22,66.38,66.16,66.2,31079.034,15
2026-06-09 13:15:00,66.21,66.23,65.67,65.74,60436.94,15
2026-06-09 13:30:00,65.75,66.05,65.6,66.03,51322.806,15
2026-06-09 13:45:00,66.04,66.22,65.84,65.86,25587.788,15
2026-06-09 14:00:00,65.86,65.99,65.37,65.38,55794.07,15
2026-06-09 14:15:00,65.37,65.48,64.73,64.77,95494.148,15
2026-06-09 14:30:00,64.77,65.0,64.5,64.54,84170.06999999999,15
2026-06-09 14:45:00,64.53,65.08,64.39,65.08,63025.424,15
2026-06-09 15:00:00,65.08,65.31,64.82,65.2,46864.521,15
2026-06-09 15:15:00,65.19,65.29,64.67,64.67,38310.306,15
2026-06-09 15:30:00,64.67,64.83,64.45,64.68,45847.634,15
2026-06-09 15:45:00,64.68,64.75,64.26,64.33,44331.597,15
2026-06-09 16:00:00,64.33,64.5,63.97,64.01,57576.303,15
2026-06-09 16:15:00,64.02,64.21,63.83,64.1,43320.559,15
2026-06-09 16:30:00,64.1,64.38,63.54,64.13,74420.497,15
2026-06-09 16:45:00,64.12,64.33,63.85,64.14,56249.219,15
2026-06-09 17:00:00,64.15,64.66,64.09,64.55,55123.686,15
2026-06-09 17:15:00,64.55,65.15,64.55,64.96,74781.019,15
2026-06-09 17:30:00,64.96,65.17,64.87,64.91,47954.26,15
2026-06-09 17:45:00,64.92,65.02,64.75,64.79,22880.25,15
2026-06-09 18:00:00,64.8,65.05,64.66,64.97,24444.14,15
2026-06-09 18:15:00,64.97,65.55,64.92,65.08,35529.024,15
2026-06-09 18:30:00,65.07,65.39,65.05,65.05,25815.417,15
2026-06-09 18:45:00,65.05,65.34,65.05,65.3,17480.569,15
2026-06-09 19:00:00,65.29,65.47,65.17,65.21,14043.193,15
2026-06-09 19:15:00,65.2,65.37,65.12,65.35,24942.219,15
2026-06-09 19:30:00,65.35,65.65,65.16,65.31,37772.83,15
2026-06-09 19:45:00,65.31,65.64,65.05,65.41,42170.842,15
2026-06-09 20:00:00,65.42,65.61,65.29,65.59,26346.593,15
2026-06-09 20:15:00,65.58,65.7,65.31,65.49,18319.987,15
2026-06-09 20:30:00,65.48,65.68,65.33,65.61,12498.577000000001,15
2026-06-09 20:45:00,65.61,65.63,65.47,65.62,5696.055,15
2026-06-09 21:00:00,65.63,65.65,65.41,65.55,12669.239,15
2026-06-09 21:15:00,65.54,65.56,65.11,65.13,15885.731,15
2026-06-09 21:30:00,65.14,65.19,64.98,65.01,21949.77,15
2026-06-09 21:45:00,65.02,65.07,64.88,65.02,6349.426,15
2026-06-09 22:00:00,65.02,65.11,64.86,65.1,5647.75,15
2026-06-09 22:15:00,65.1,65.35,65.05,65.14,16831.131,15
2026-06-09 22:30:00,65.15,65.29,65.05,65.14,15442.946,15
2026-06-09 22:45:00,65.15,65.18,64.82,64.89,26762.362,15
2026-06-09 23:00:00,64.89,65.03,64.76,64.96,20325.261,15
2026-06-09 23:15:00,64.95,65.18,64.9,64.92,15704.364,15
2026-06-09 23:30:00,64.92,65.0,64.69,64.94,17930.423,15
2026-06-09 23:45:00,64.95,65.11,64.83,64.96,12244.973,15
2026-06-10 00:00:00,64.97,65.22,64.96,65.11,17836.161,15
2026-06-10 00:15:00,65.11,65.12,64.85,65.09,13057.481,15
2026-06-10 00:30:00,65.09,65.11,64.49,64.58,28958.645,15
2026-06-10 00:45:00,64.58,65.2,64.54,65.19,24380.821,15
2026-06-10 01:00:00,65.18,65.28,64.89,65.11,26743.726000000002,15
2026-06-10 01:15:00,65.11,65.32,65.05,65.19,21003.849,15
2026-06-10 01:30:00,65.19,65.23,64.81,64.91,9345.814,15
2026-06-10 01:45:00,64.9,65.27,64.86,65.09,19903.733,15
2026-06-10 02:00:00,65.1,65.25,64.87,64.88,17546.458,15
2026-06-10 02:15:00,64.89,64.92,64.53,64.73,28162.244,15
2026-06-10 02:30:00,64.73,64.79,64.33,64.42,26771.059,15
2026-06-10 02:45:00,64.42,64.42,64.25,64.31,14446.687,15
2026-06-10 03:00:00,64.31,64.68,64.27,64.51,11303.603000000001,15
2026-06-10 03:15:00,64.51,64.86,64.47,64.8,10307.403,15
2026-06-10 03:30:00,64.81,64.82,64.51,64.61,8399.141,15
2026-06-10 03:45:00,64.61,64.74,64.47,64.51,14113.291,15
2026-06-10 04:00:00,64.52,64.58,64.39,64.52,18103.417999999998,15
2026-06-10 04:15:00,64.51,64.66,64.43,64.49,9360.241,15
2026-06-10 04:30:00,64.49,64.5,64.15,64.19,14186.393,15
2026-06-10 04:45:00,64.19,64.35,64.12,64.29,13980.817,15
2026-06-10 05:00:00,64.29,64.38,64.08,64.12,15265.280999999999,15
2026-06-10 05:15:00,64.11,64.19,63.92,64.19,19538.302,15
2026-06-10 05:30:00,64.2,64.23,64.0,64.1,10675.331,15
2026-06-10 05:45:00,64.1,64.19,63.97,64.13,14586.789,15
2026-06-10 06:00:00,64.13,64.17,63.92,64.02,16918.289,15
2026-06-10 06:15:00,64.02,64.23,64.0,64.11,14367.984,15
2026-06-10 06:30:00,64.1,64.35,63.83,64.22,17471.542,15
2026-06-10 06:45:00,64.23,64.37,64.18,64.2,10849.143,15
2026-06-10 07:00:00,64.21,64.47,64.14,64.4,18730.464,15
2026-06-10 07:15:00,64.4,64.6,64.36,64.53,17595.728,15
2026-06-10 07:30:00,64.53,64.8,64.45,64.62,13820.099,15
2026-06-10 07:45:00,64.63,64.64,64.48,64.5,16923.542,15
2026-06-10 08:00:00,64.5,64.52,64.04,64.12,20964.577,15
2026-06-10 08:15:00,64.11,64.29,63.8,63.86,34032.057,15
2026-06-10 08:30:00,63.86,63.94,63.52,63.54,38812.703,15
2026-06-10 08:45:00,63.54,63.73,63.43,63.61,36180.644,15
2026-06-10 09:00:00,63.62,63.76,63.44,63.45,24357.745,15
2026-06-10 09:15:00,63.46,63.52,63.07,63.48,40173.617,15
2026-06-10 09:30:00,63.47,63.73,63.45,63.57,17295.452,15
2026-06-10 09:45:00,63.57,63.71,63.39,63.64,16833.045,15
2026-06-10 10:00:00,63.64,63.67,63.37,63.47,14657.349,15
2026-06-10 10:15:00,63.46,63.61,63.27,63.56,25550.76,15
2026-06-10 10:30:00,63.55,63.79,63.41,63.52,35154.390999999996,15
2026-06-10 10:45:00,63.53,63.74,63.49,63.68,31342.181,15
2026-06-10 11:00:00,63.68,63.77,62.95,63.42,90696.291,15
2026-06-10 11:15:00,63.42,63.57,63.06,63.23,50787.458,15
2026-06-10 11:30:00,63.24,63.45,63.18,63.38,31493.656,15
2026-06-10 11:45:00,63.37,63.62,63.33,63.49,28000.646,15
2026-06-10 12:00:00,63.5,63.65,63.31,63.52,33810.994999999995,15
2026-06-10 12:15:00,63.52,63.62,63.3,63.52,36889.028,15
2026-06-10 12:30:00,63.51,64.68,63.42,64.3,168513.94700000001,15
2026-06-10 12:45:00,64.29,64.48,64.12,64.13,61162.747,15
2026-06-10 13:00:00,64.12,64.25,64.01,64.16,24999.533,15
2026-06-10 13:15:00,64.17,64.44,64.1,64.39,21186.117,15
2026-06-10 13:30:00,64.39,65.47,64.28,65.41,138886.08,15
2026-06-10 13:45:00,65.41,65.54,65.02,65.08,65760.451,15
2026-06-10 14:00:00,65.08,65.28,64.85,64.92,38201.814,15
2026-06-10 14:15:00,64.93,65.18,64.65,65.02,41898.637,15
2026-06-10 14:30:00,65.01,65.17,64.59,64.88,35687.438,15
2026-06-10 14:45:00,64.88,65.06,64.6,65.06,39944.256,15
2026-06-10 15:00:00,65.07,65.33,64.57,64.76,32043.920000000002,15
2026-06-10 15:15:00,64.75,65.34,64.56,65.23,39650.372,15
2026-06-10 15:30:00,65.22,65.43,65.07,65.39,53612.027,15
2026-06-10 15:45:00,65.4,65.77,64.78,65.44,101247.77100000001,15
2026-06-10 16:00:00,65.44,65.49,65.08,65.11,41591.761,15
2026-06-10 16:15:00,65.11,65.29,64.68,64.96,44399.591,15
2026-06-10 16:30:00,64.96,65.13,64.76,64.77,22870.029000000002,15
2026-06-10 16:45:00,64.76,64.77,64.24,64.62,41052.86,15
2026-06-10 17:00:00,64.62,64.97,64.44,64.52,23355.056,15
2026-06-10 17:15:00,64.52,64.71,64.06,64.1,26423.394,15
2026-06-10 17:30:00,64.1,64.11,63.63,63.75,61833.128000000004,15
2026-06-10 17:45:00,63.75,64.24,63.67,64.04,43286.128,15
2026-06-10 18:00:00,64.05,64.22,63.84,63.96,21698.600000000002,15
2026-06-10 18:15:00,63.96,64.07,63.75,64.07,30065.665,15
2026-06-10 18:30:00,64.06,64.06,63.44,63.51,35835.896,15
2026-06-10 18:45:00,63.51,63.87,63.36,63.84,26222.101000000002,15
2026-06-10 19:00:00,63.84,63.95,63.59,63.64,16269.6,15
2026-06-10 19:15:00,63.64,63.72,63.43,63.64,21885.254,15
2026-06-10 19:30:00,63.64,63.91,63.62,63.76,27003.772,15
2026-06-10 19:45:00,63.75,63.78,63.39,63.56,41612.253,15
2026-06-10 20:00:00,63.56,63.63,63.21,63.47,25862.59,15
2026-06-10 20:15:00,63.47,63.66,63.26,63.6,19910.281,15
2026-06-10 20:30:00,63.6,63.64,63.4,63.42,19199.254,15
2026-06-10 20:45:00,63.42,63.47,63.18,63.33,22329.82,15
2026-06-10 21:00:00,63.32,63.32,62.67,62.76,38672.784999999996,15
2026-06-10 21:15:00,62.76,63.06,62.76,62.99,13236.600999999999,15
2026-06-10 21:30:00,62.99,63.15,62.93,63.07,15400.725,15
2026-06-10 21:45:00,63.07,63.11,62.34,62.59,27761.987,15
2026-06-10 22:00:00,62.6,62.69,62.37,62.58,23068.454,15
2026-06-10 22:15:00,62.58,62.73,62.37,62.61,35317.842,15
2026-06-10 22:30:00,62.6,63.07,62.57,62.93,45336.508,15
2026-06-10 22:45:00,62.94,62.94,62.76,62.77,18965.825,15
2026-06-10 23:00:00,62.78,62.78,62.54,62.57,19195.85,15
2026-06-10 23:15:00,62.58,63.1,62.46,63.08,39460.042,15
2026-06-10 23:30:00,63.08,63.26,62.96,63.19,22986.98,15
2026-06-10 23:45:00,63.19,63.31,63.12,63.19,21325.745,15
2026-06-11 00:00:00,63.19,63.45,63.19,63.42,18814.015,15
2026-06-11 00:15:00,63.42,63.74,63.42,63.68,44722.612,15
2026-06-11 00:30:00,63.69,63.71,63.47,63.58,20197.979,15
2026-06-11 00:45:00,63.58,63.77,63.58,63.67,11777.877,15
2026-06-11 01:00:00,63.67,64.27,63.67,64.16,38597.985,15
2026-06-11 01:15:00,64.15,64.36,64.13,64.28,18812.781,15
2026-06-11 01:30:00,64.28,65.14,64.14,64.9,71241.205,15
2026-06-11 01:45:00,64.9,65.16,64.78,64.9,74640.92,15
2026-06-11 02:00:00,64.91,65.0,64.69,64.8,32436.246,15
2026-06-11 02:15:00,64.79,64.87,64.5,64.55,33357.345,15
2026-06-11 02:30:00,64.55,64.62,64.37,64.48,54326.893,15
2026-06-11 02:45:00,64.48,64.67,64.37,64.52,26186.66,15
2026-06-11 03:00:00,64.53,64.6,64.35,64.44,12554.075,15
2026-06-11 03:15:00,64.43,64.52,64.33,64.51,11712.088,15
2026-06-11 03:30:00,64.51,65.03,64.5,64.86,51616.457,15
2026-06-11 03:45:00,64.87,65.48,64.86,65.27,72118.841,15
2026-06-11 04:00:00,65.27,65.3,65.03,65.1,18546.735,15
2026-06-11 04:15:00,65.1,65.21,65.05,65.11,15201.974,15
2026-06-11 04:30:00,65.1,65.21,64.95,65.19,13999.25,15
2026-06-11 04:45:00,65.18,65.35,65.15,65.21,16620.142,15
2026-06-11 05:00:00,65.21,65.21,65.01,65.08,7692.568,15
2026-06-11 05:15:00,65.08,65.26,65.06,65.13,19722.129,15
2026-06-11 05:30:00,65.13,65.19,65.06,65.17,6615.179,15
2026-06-11 05:45:00,65.18,65.21,64.95,64.97,20659.045,15
2026-06-11 06:00:00,64.97,65.2,64.81,65.18,33177.041,15
2026-06-11 06:15:00,65.18,65.41,65.15,65.33,35024.065,15
2026-06-11 06:30:00,65.34,65.43,65.27,65.31,25047.229,15
2026-06-11 06:45:00,65.3,65.35,65.1,65.12,14130.223,15
2026-06-11 07:00:00,65.12,65.12,64.9,64.96,24797.803,15
2026-06-11 07:15:00,64.97,65.15,64.95,65.12,19608.461,15
2026-06-11 07:30:00,65.12,65.18,64.77,64.88,44357.051,15
2026-06-11 07:45:00,64.89,65.05,64.89,65.04,13497.989,15
2026-06-11 08:00:00,65.04,65.27,65.03,65.19,22285.097,15
2026-06-11 08:15:00,65.2,65.53,65.16,65.48,23031.226,15
2026-06-11 08:30:00,65.49,65.53,65.31,65.32,22872.420000000002,15
2026-06-11 08:45:00,65.31,65.43,65.27,65.31,16901.934,15
2026-06-11 09:00:00,65.31,65.32,65.09,65.12,30293.173,15
2026-06-11 09:15:00,65.13,65.18,65.01,65.17,39318.617,15
2026-06-11 09:30:00,65.16,65.48,65.16,65.39,30795.073,15
2026-06-11 09:45:00,65.39,65.56,65.37,65.38,37759.95,15
2026-06-11 10:00:00,65.39,65.5,65.36,65.39,20957.918,15
2026-06-11 10:15:00,65.39,65.47,65.28,65.44,18718.372,15
2026-06-11 10:30:00,65.44,65.57,65.42,65.44,13225.489,15
2026-06-11 10:45:00,65.44,65.66,65.43,65.5,27187.595999999998,15
2026-06-11 11:00:00,65.5,65.62,65.33,65.59,19732.22,15
2026-06-11 11:15:00,65.6,65.61,65.41,65.5,14263.539,15
2026-06-11 11:30:00,65.5,65.62,65.38,65.52,13346.583999999999,15
2026-06-11 11:45:00,65.51,66.15,65.5,65.88,87525.651,15
2026-06-11 12:00:00,65.89,65.93,65.6,65.66,35572.445,15
2026-06-11 12:15:00,65.66,65.73,64.97,65.11,77048.304,15
2026-06-11 12:30:00,65.11,65.35,64.89,65.31,61628.835,15
2026-06-11 12:45:00,65.3,65.39,65.14,65.26,31180.393,15
2026-06-11 13:00:00,65.26,65.26,65.1,65.21,11974.041,15
2026-06-11 13:15:00,65.2,65.49,65.2,65.26,20949.975,15
2026-06-11 13:30:00,65.25,65.53,65.06,65.41,34608.638999999996,15
2026-06-11 13:45:00,65.41,65.74,65.38,65.53,64250.577,15
2026-06-11 14:00:00,65.52,65.61,65.09,65.15,23370.476000000002,15
2026-06-11 14:15:00,65.14,65.41,64.99,65.4,26857.735,15
2026-06-11 14:30:00,65.39,65.72,65.3,65.57,19715.058,15
2026-06-11 14:45:00,65.57,65.78,65.32,65.35,44350.107,15
2026-06-11 15:00:00,65.35,65.69,65.0,65.56,49895.695,15
2026-06-11 15:15:00,65.55,65.81,65.47,65.73,29465.49,15
2026-06-11 15:30:00,65.72,65.87,65.52,65.53,25108.356,15
2026-06-11 15:45:00,65.52,65.57,65.36,65.55,20489.875,15
2026-06-11 16:00:00,65.56,65.8,65.51,65.79,19310.622,15
2026-06-11 16:15:00,65.79,65.8,65.38,65.46,26696.03,15
2026-06-11 16:30:00,65.45,65.77,65.31,65.58,30009.884000000002,15
2026-06-11 16:45:00,65.58,65.6,65.37,65.38,9820.019,15
2026-06-11 17:00:00,65.39,65.52,65.19,65.25,33840.408,15
2026-06-11 17:15:00,65.24,65.9,65.05,65.9,44418.91,15
2026-06-11 17:30:00,65.9,66.75,65.87,66.66,136034.314,15
2026-06-11 17:45:00,66.66,67.19,66.61,67.15,95179.712,15
2026-06-11 18:00:00,67.15,67.31,66.84,67.08,47449.608,15
2026-06-11 18:15:00,67.09,67.29,66.68,66.76,52574.861,15
2026-06-11 18:30:00,66.77,67.0,66.64,66.99,22706.626,15
2026-06-11 18:45:00,66.98,67.01,66.79,66.8,21599.757,15
2026-06-11 19:00:00,66.8,66.95,66.6,66.76,36505.748,15
2026-06-11 19:15:00,66.76,67.13,66.74,66.96,45160.402,15
2026-06-11 19:30:00,66.96,67.42,66.93,66.99,67006.712,15
2026-06-11 19:45:00,66.99,67.05,66.89,66.93,27540.111,15
2026-06-11 20:00:00,66.93,67.04,66.82,66.87,20784.650999999998,15
2026-06-11 20:15:00,66.86,66.92,66.51,66.55,29551.794,15
2026-06-11 20:30:00,66.56,66.61,66.36,66.42,19026.835,15
2026-06-11 20:45:00,66.42,66.6,66.39,66.6,8409.656,15
2026-06-11 21:00:00,66.6,67.1,66.58,67.04,12705.687,15
2026-06-11 21:15:00,67.03,67.04,66.9,66.97,9524.57,15
2026-06-11 21:30:00,66.97,67.04,66.93,67.0,12249.495,15
2026-06-11 21:45:00,67.0,67.1,66.83,66.91,10644.514,15
2026-06-11 22:00:00,66.91,67.11,66.89,67.06,16056.155,15
2026-06-11 22:15:00,67.06,67.14,66.89,66.98,10062.604,15
2026-06-11 22:30:00,66.99,67.13,66.89,66.94,14864.413,15
2026-06-11 22:45:00,66.93,67.04,66.87,66.9,9254.978,15
2026-06-11 23:00:00,66.89,66.89,66.69,66.79,12576.754,15
2026-06-11 23:15:00,66.78,66.87,66.71,66.73,6870.926,15
2026-06-11 23:30:00,66.73,67.13,66.73,67.04,22936.202999999998,15
2026-06-11 23:45:00,67.04,67.06,66.77,66.93,13696.349,15
2026-06-12 00:00:00,66.93,67.09,66.75,66.98,16296.12,15
2026-06-12 00:15:00,66.98,66.98,66.76,66.9,13649.601999999999,15
2026-06-12 00:30:00,66.89,67.11,66.84,66.98,12054.08,15
2026-06-12 00:45:00,66.97,67.06,66.87,66.87,21689.75,15
2026-06-12 01:00:00,66.87,66.87,66.62,66.71,21103.858,15
2026-06-12 01:15:00,66.72,66.82,66.42,66.53,27522.613,15
2026-06-12 01:30:00,66.53,66.64,66.46,66.56,12636.462,15
2026-06-12 01:45:00,66.57,66.7,66.56,66.7,14579.019999999999,15
2026-06-12 02:00:00,66.69,67.18,66.68,67.06,30810.565,15
2026-06-12 02:15:00,67.07,67.13,66.91,67.01,16319.741,15
2026-06-12 02:30:00,67.02,67.29,66.98,67.29,22496.829999999998,15
2026-06-12 02:45:00,67.29,67.3,67.08,67.14,13561.206,15
2026-06-12 03:00:00,67.15,67.18,66.93,66.99,12255.583,15
2026-06-12 03:15:00,66.98,67.01,66.68,66.83,17954.765,15
2026-06-12 03:30:00,66.83,67.0,66.81,66.9,13474.43,15
2026-06-12 03:45:00,66.91,67.05,66.83,67.04,26820.885,15
2026-06-12 04:00:00,67.04,67.06,66.85,66.91,13275.886,15
2026-06-12 04:15:00,66.9,67.17,66.9,67.12,24002.234,15
2026-06-12 04:30:00,67.12,67.24,67.03,67.12,21318.999,15
2026-06-12 04:45:00,67.12,67.18,67.04,67.07,10883.707999999999,15
2026-06-12 05:00:00,67.07,67.08,66.74,66.76,10399.065999999999,15
2026-06-12 05:15:00,66.77,66.91,66.77,66.78,12849.525,15
2026-06-12 05:30:00,66.78,66.87,66.63,66.75,24810.425,15
2026-06-12 05:45:00,66.75,66.81,66.65,66.74,12376.982,15
2026-06-12 06:00:00,66.75,66.82,66.61,66.69,20969.153,15
2026-06-12 06:15:00,66.69,66.69,66.41,66.47,18314.752,15
2026-06-12 06:30:00,66.46,66.46,65.95,66.01,63701.038,15
2026-06-12 06:45:00,66.02,66.22,66.02,66.11,26319.994,15
2026-06-12 07:00:00,66.12,66.35,66.12,66.18,15536.529,15
2026-06-12 07:15:00,66.18,66.36,66.13,66.28,15376.173999999999,15
2026-06-12 07:30:00,66.28,66.37,66.24,66.29,17765.849000000002,15
2026-06-12 07:45:00,66.29,66.49,66.17,66.32,31182.113,15
2026-06-12 08:00:00,66.32,66.69,66.31,66.62,16626.757999999998,15
2026-06-12 08:15:00,66.62,67.05,66.59,66.95,30508.237999999998,15
2026-06-12 08:30:00,66.95,67.02,66.8,66.81,13711.440999999999,15
2026-06-12 08:45:00,66.81,66.97,66.77,66.92,24207.569,15
2026-06-12 09:00:00,66.92,67.01,66.85,67.0,25189.106,15
2026-06-12 09:15:00,67.0,67.27,66.97,67.23,49434.029,15
2026-06-12 09:30:00,67.22,67.49,67.21,67.29,87906.117,15
2026-06-12 09:45:00,67.28,67.38,67.17,67.17,29619.429,15
2026-06-12 10:00:00,67.18,67.35,67.11,67.18,24820.77,15
2026-06-12 10:15:00,67.18,67.24,66.59,66.7,31903.507999999998,15
2026-06-12 10:30:00,66.7,66.88,66.69,66.77,15937.083,15
2026-06-12 10:45:00,66.77,66.92,66.73,66.79,12400.520999999999,15
2026-06-12 11:00:00,66.79,67.0,66.78,66.93,18708.341,15
2026-06-12 11:15:00,66.94,67.06,66.82,66.98,10064.476,15
2026-06-12 11:30:00,66.97,67.01,66.8,67.01,12925.46,15
2026-06-12 11:45:00,67.01,67.1,66.91,66.93,21958.163,15
2026-06-12 12:00:00,66.92,66.98,66.77,66.9,26870.713,15
2026-06-12 12:15:00,66.91,67.0,66.75,66.76,16383.052,15
2026-06-12 12:30:00,66.76,66.92,66.63,66.8,39907.336,15
2026-06-12 12:45:00,66.8,66.97,66.66,66.77,21539.981,15
2026-06-12 13:00:00,66.77,66.89,66.7,66.85,15224.102,15
2026-06-12 13:15:00,66.85,66.99,66.71,66.84,11177.702,15
2026-06-12 13:30:00,66.85,67.01,66.37,66.59,108329.614,15
2026-06-12 13:45:00,66.59,66.87,66.51,66.72,45232.497,15
2026-06-12 14:00:00,66.73,67.08,66.65,66.95,62803.048,15
2026-06-12 14:15:00,66.94,67.24,66.7,67.19,40136.869,15
2026-06-12 14:30:00,67.18,67.55,67.07,67.22,69495.075,15
2026-06-12 14:45:00,67.23,67.99,67.11,67.94,58669.055,15
2026-06-12 15:00:00,67.93,68.78,67.67,68.78,308329.705,15
2026-06-12 15:15:00,68.78,68.82,68.2,68.2,90357.655,15
2026-06-12 15:30:00,68.2,68.27,67.65,67.75,107501.192,15
2026-06-12 15:45:00,67.74,67.85,67.18,67.25,61689.046,15
2026-06-12 16:00:00,67.26,67.8,67.09,67.68,63433.524,15
2026-06-12 16:15:00,67.67,67.85,67.41,67.64,37791.867,15
2026-06-12 16:30:00,67.64,67.98,67.54,67.74,33069.38,15
2026-06-12 16:45:00,67.74,68.01,67.71,68.01,23873.260000000002,15
2026-06-12 17:00:00,68.02,68.22,67.75,67.86,40297.494999999995,15
2026-06-12 17:15:00,67.85,67.85,67.35,67.56,33702.654,15
2026-06-12 17:30:00,67.56,67.7,67.38,67.45,24638.688,15
2026-06-12 17:45:00,67.44,67.5,67.27,67.4,17639.001,15
2026-06-12 18:00:00,67.4,67.48,67.01,67.23,36826.15,15
2026-06-12 18:15:00,67.22,67.29,67.03,67.25,16951.652000000002,15
2026-06-12 18:30:00,67.25,67.48,67.16,67.39,22121.697,15
2026-06-12 18:45:00,67.38,67.42,67.06,67.07,12840.309,15
2026-06-12 19:00:00,67.07,67.27,67.04,67.19,15967.104,15
2026-06-12 19:15:00,67.2,67.3,67.07,67.21,11585.036,15
2026-06-12 19:30:00,67.21,67.42,66.98,67.01,29030.0,15
2026-06-12 19:45:00,67.01,67.07,66.68,66.78,47982.471,15
2026-06-12 20:00:00,66.79,66.81,66.42,66.73,84429.314,15
2026-06-12 20:15:00,66.72,66.75,66.59,66.73,8467.135,15
2026-06-12 20:30:00,66.74,66.83,66.68,66.81,18079.098,15
2026-06-12 20:45:00,66.82,66.82,66.55,66.68,16395.268,15
2026-06-12 21:00:00,66.69,66.85,66.62,66.82,5594.264,15
2026-06-12 21:15:00,66.81,66.95,66.78,66.79,12079.947,15
2026-06-12 21:30:00,66.79,66.82,66.72,66.72,14818.273,15
2026-06-12 21:45:00,66.72,66.72,66.47,66.57,9064.797,15
2026-06-12 22:00:00,66.57,66.65,66.43,66.65,16131.725,15
2026-06-12 22:15:00,66.66,66.76,66.59,66.7,4733.21,15
2026-06-12 22:30:00,66.7,66.72,66.49,66.57,6608.467,15
2026-06-12 22:45:00,66.57,66.65,66.52,66.63,9797.081,15
2026-06-12 23:00:00,66.64,66.66,66.48,66.59,4688.268,15
2026-06-12 23:15:00,66.59,66.67,66.5,66.63,4607.606,15
2026-06-12 23:30:00,66.64,66.74,66.55,66.62,7546.201,15
2026-06-12 23:45:00,66.62,66.83,66.61,66.82,6920.153,15
2026-06-13 00:00:00,66.83,66.94,66.78,66.91,6159.958,15
2026-06-13 00:15:00,66.92,67.03,66.87,66.9,7762.276,15
2026-06-13 00:30:00,66.9,67.05,66.87,66.93,10810.009999999998,15
2026-06-13 00:45:00,66.93,67.08,66.88,66.99,12731.194,15
2026-06-13 01:00:00,67.0,67.19,66.98,67.14,8178.645,15
2026-06-13 01:15:00,67.15,67.21,67.05,67.2,11324.8,15
2026-06-13 01:30:00,67.21,67.48,67.15,67.36,15987.887,15
2026-06-13 01:45:00,67.36,67.51,67.36,67.45,10522.038,15
2026-06-13 02:00:00,67.44,67.51,67.27,67.27,13755.654,15
2026-06-13 02:15:00,67.28,67.3,67.11,67.14,19992.791,15
2026-06-13 02:30:00,67.14,67.17,67.0,67.03,8224.065,15
2026-06-13 02:45:00,67.03,67.05,66.87,66.97,9103.251,15
2026-06-13 03:00:00,66.97,67.05,66.95,66.96,13809.734999999999,15
2026-06-13 03:15:00,66.96,67.0,66.7,66.8,17122.826,15
2026-06-13 03:30:00,66.8,66.9,66.77,66.89,9291.088,15
2026-06-13 03:45:00,66.89,66.96,66.87,66.88,3939.9829999999997,15
2026-06-13 04:00:00,66.87,66.92,66.72,66.74,10000.99,15
2026-06-13 04:15:00,66.74,66.86,66.7,66.76,20475.476,15
2026-06-13 04:30:00,66.76,66.95,66.75,66.91,4760.295,15
2026-06-13 04:45:00,66.91,66.96,66.64,66.67,11224.423999999999,15
2026-06-13 05:00:00,66.67,66.87,66.63,66.8,21972.75,15
2026-06-13 05:15:00,66.8,66.88,66.69,66.7,7647.404,15
2026-06-13 05:30:00,66.7,66.84,66.68,66.77,12402.239,15
2026-06-13 05:45:00,66.77,66.8,66.59,66.79,8843.907000000001,15
2026-06-13 06:00:00,66.79,66.82,66.71,66.72,4131.277,15
2026-06-13 06:15:00,66.73,66.86,66.67,66.86,7124.926,15
2026-06-13 06:30:00,66.87,66.98,66.81,66.93,6268.345,15
2026-06-13 06:45:00,66.92,67.22,66.92,67.16,31685.436,15
2026-06-13 07:00:00,67.16,67.17,67.0,67.11,23838.876,15
2026-06-13 07:15:00,67.11,67.34,66.96,67.27,23776.887,15
2026-06-13 07:30:00,67.26,67.29,67.15,67.27,11835.321,15
2026-06-13 07:45:00,67.26,67.47,67.24,67.37,23151.976,15
2026-06-13 08:00:00,67.38,67.45,67.27,67.31,42572.031,15
2026-06-13 08:15:00,67.31,67.46,67.26,67.36,18280.082,15
2026-06-13 08:30:00,67.36,67.57,67.32,67.46,17514.328,15
2026-06-13 08:45:00,67.47,67.48,67.33,67.33,8238.162,15
2026-06-13 09:00:00,67.32,67.5,67.32,67.43,28665.560999999998,15
2026-06-13 09:15:00,67.44,67.54,67.38,67.41,12205.912999999999,15
2026-06-13 09:30:00,67.41,67.45,67.32,67.36,8211.997,15
2026-06-13 09:45:00,67.36,67.4,67.29,67.37,15083.885,15
2026-06-13 10:00:00,67.37,67.48,67.36,67.42,7578.385,15
2026-06-13 10:15:00,67.43,67.46,67.35,67.41,5220.907999999999,15
2026-06-13 10:30:00,67.42,67.53,67.41,67.51,10249.807,15
2026-06-13 10:45:00,67.51,67.61,67.34,67.44,13973.25,15
2026-06-13 11:00:00,67.44,67.71,67.38,67.71,11562.588,15
2026-06-13 11:15:00,67.7,67.96,67.69,67.94,18716.428,15
2026-06-13 11:30:00,67.93,67.93,67.79,67.8,7901.144,15
2026-06-13 11:45:00,67.8,67.91,67.78,67.9,3749.29,15
2026-06-13 12:00:00,67.91,67.93,67.79,67.83,24536.78,15
2026-06-13 12:15:00,67.82,67.9,67.8,67.81,7561.731,15
2026-06-13 12:30:00,67.81,67.9,67.77,67.79,14599.186,15
2026-06-13 12:45:00,67.78,68.06,67.78,67.99,44767.025,15
2026-06-13 13:00:00,67.98,67.99,67.84,67.86,8015.8150000000005,15
2026-06-13 13:15:00,67.85,68.06,67.83,68.0,21326.337,15
2026-06-13 13:30:00,68.0,68.45,67.89,68.16,59959.391,15
2026-06-13 13:45:00,68.16,68.23,67.87,68.02,29261.380999999998,15
2026-06-13 14:00:00,68.02,68.3,67.99,68.27,20555.421000000002,15
2026-06-13 14:15:00,68.26,68.43,68.14,68.18,22801.107,15
2026-06-13 14:30:00,68.18,68.33,68.11,68.14,12579.072,15
2026-06-13 14:45:00,68.14,68.29,68.13,68.29,10490.061,15
2026-06-13 15:00:00,68.29,68.53,68.18,68.49,18354.156,15
2026-06-13 15:15:00,68.49,68.63,68.42,68.55,21169.209,15
2026-06-13 15:30:00,68.55,68.71,68.41,68.43,19366.185,15
2026-06-13 15:45:00,68.42,68.64,68.37,68.6,24993.203,15
2026-06-13 16:00:00,68.6,68.63,68.13,68.17,28345.457,15
2026-06-13 16:15:00,68.17,68.18,67.88,68.03,40241.791,15
2026-06-13 16:30:00,68.03,68.09,67.86,68.08,13215.497,15
2026-06-13 16:45:00,68.08,68.29,67.83,68.1,22466.341,15
2026-06-13 17:00:00,68.09,68.13,67.89,68.0,16376.641,15
2026-06-13 17:15:00,68.01,68.21,67.93,68.21,9481.61,15
2026-06-13 17:30:00,68.21,68.26,68.11,68.25,6756.593,15
2026-06-13 17:45:00,68.26,68.28,67.84,68.0,17510.277,15
2026-06-13 18:00:00,68.0,68.23,67.97,68.21,5422.414,15
2026-06-13 18:15:00,68.21,68.32,68.1,68.26,10614.992,15
2026-06-13 18:30:00,68.26,68.38,68.21,68.33,7233.126,15
2026-06-13 18:45:00,68.34,68.36,68.02,68.13,7538.513,15
2026-06-13 19:00:00,68.13,68.19,68.06,68.16,5547.916,15
2026-06-13 19:15:00,68.17,68.17,68.03,68.08,4577.039,15
2026-06-13 19:30:00,68.09,68.35,68.03,68.34,9948.946,15
2026-06-13 19:45:00,68.34,68.4,68.22,68.23,6867.167,15
2026-06-13 20:00:00,68.24,68.24,68.05,68.2,8596.698,15
2026-06-13 20:15:00,68.19,68.29,68.14,68.17,5841.054,15
2026-06-13 20:30:00,68.17,68.24,68.11,68.18,4076.399,15
2026-06-13 20:45:00,68.19,68.29,68.12,68.28,2929.488,15
2026-06-13 21:00:00,68.28,68.37,68.26,68.28,7808.084,15
2026-06-13 21:15:00,68.28,68.43,68.23,68.38,12594.954,15
2026-06-13 21:30:00,68.37,69.38,68.37,69.28,89847.139,15
2026-06-13 21:45:00,69.27,69.59,69.23,69.27,51884.116,15
2026-06-13 22:00:00,69.27,69.28,68.88,69.03,22703.654,15
2026-06-13 22:15:00,69.04,69.14,68.92,69.13,15244.01,15
2026-06-13 22:30:00,69.13,69.23,68.93,68.94,33460.863,15
2026-06-13 22:45:00,68.95,69.02,68.88,68.91,10718.781,15
2026-06-13 23:00:00,68.9,69.01,68.86,68.95,9194.894,15
2026-06-13 23:15:00,68.95,69.18,68.94,68.95,16990.899999999998,15
2026-06-13 23:30:00,68.95,69.07,68.9,68.93,7613.715999999999,15
2026-06-13 23:45:00,68.92,68.96,68.79,68.94,15448.881,15
2026-06-14 00:00:00,68.94,68.94,68.72,68.79,13513.246000000001,15
2026-06-14 00:15:00,68.8,68.85,68.69,68.71,10661.976999999999,15
2026-06-14 00:30:00,68.71,68.89,68.69,68.81,12720.959,15
2026-06-14 00:45:00,68.81,68.85,68.65,68.75,17797.156,15
2026-06-14 01:00:00,68.75,68.91,68.64,68.81,16618.319,15
2026-06-14 01:15:00,68.81,69.1,68.81,69.0,16581.42,15
2026-06-14 01:30:00,68.99,69.0,68.81,68.91,8992.057999999999,15
2026-06-14 01:45:00,68.9,69.01,68.79,68.82,9855.963,15
2026-06-14 02:00:00,68.82,69.04,68.72,69.01,28763.875,15
2026-06-14 02:15:00,69.0,69.11,68.92,68.95,7096.41,15
2026-06-14 02:30:00,68.96,69.02,68.84,68.89,9768.717,15
2026-06-14 02:45:00,68.88,68.9,68.79,68.83,7648.9220000000005,15
2026-06-14 03:00:00,68.83,68.89,68.77,68.81,7544.977,15
2026-06-14 03:15:00,68.81,69.01,68.8,68.96,8299.075,15
2026-06-14 03:30:00,68.96,69.0,68.77,68.78,8406.03,15
2026-06-14 03:45:00,68.79,69.04,68.76,68.94,10768.383,15
2026-06-14 04:00:00,68.95,69.01,68.78,68.9,8740.777,15
2026-06-14 04:15:00,68.9,68.98,68.84,68.86,6527.942,15
2026-06-14 04:30:00,68.86,68.87,68.63,68.64,20673.824,15
2026-06-14 04:45:00,68.64,68.65,68.44,68.52,34694.841,15
2026-06-14 05:00:00,68.53,68.6,68.45,68.49,24183.673,15
2026-06-14 05:15:00,68.49,68.49,68.09,68.22,51912.234000000004,15
2026-06-14 05:30:00,68.22,68.37,68.0,68.29,51557.878000000004,15
2026-06-14 05:45:00,68.29,68.37,67.88,68.24,65803.243,15
2026-06-14 06:00:00,68.25,68.5,68.25,68.45,14001.181,15
2026-06-14 06:15:00,68.44,68.45,68.27,68.39,8787.42,15
2026-06-14 06:30:00,68.39,68.4,68.13,68.16,11651.917000000001,15
2026-06-14 06:45:00,68.16,68.21,68.1,68.19,19101.606,15
2026-06-14 07:00:00,68.2,68.21,68.05,68.1,9603.215,15
2026-06-14 07:15:00,68.1,68.25,68.09,68.2,8644.689,15
2026-06-14 07:30:00,68.21,68.21,68.04,68.06,4215.596,15
2026-06-14 07:45:00,68.05,68.24,68.05,68.23,21345.563000000002,15
2026-06-14 08:00:00,68.23,68.27,68.11,68.22,5955.954,15
2026-06-14 08:15:00,68.22,68.37,68.22,68.32,9344.914,15
2026-06-14 08:30:00,68.32,68.34,68.2,68.26,9234.929,15
2026-06-14 08:45:00,68.26,68.32,68.18,68.25,10171.467,15
2026-06-14 09:00:00,68.25,68.27,68.11,68.12,20928.003,15
2026-06-14 09:15:00,68.12,68.15,67.92,68.15,13942.113,15
2026-06-14 09:30:00,68.15,68.47,68.12,68.42,9373.61,15
2026-06-14 09:45:00,68.42,68.5,68.37,68.47,9704.877,15
2026-06-14 10:00:00,68.48,68.49,68.3,68.37,7046.979,15
2026-06-14 10:15:00,68.37,68.52,68.33,68.41,6184.07,15
2026-06-14 10:30:00,68.4,68.51,68.38,68.38,14893.25,15
2026-06-14 10:45:00,68.39,68.4,68.15,68.16,9988.684,15
2026-06-14 11:00:00,68.16,68.21,68.02,68.16,8217.262999999999,15
2026-06-14 11:15:00,68.17,68.24,68.06,68.21,5372.9890000000005,15
2026-06-14 11:30:00,68.21,68.35,68.19,68.26,9518.411,15
2026-06-14 11:45:00,68.27,68.29,68.1,68.11,7633.917,15
2026-06-14 12:00:00,68.11,68.17,68.02,68.05,8479.447,15
2026-06-14 12:15:00,68.04,68.14,68.0,68.01,9609.228,15
2026-06-14 12:30:00,68.01,68.04,67.7,67.88,20636.929,15
2026-06-14 12:45:00,67.88,67.9,67.71,67.78,9559.056,15
2026-06-14 13:00:00,67.78,67.87,67.69,67.79,14375.579,15
2026-06-14 13:15:00,67.8,67.86,67.6,67.64,20930.907,15
2026-06-14 13:30:00,67.63,67.81,67.51,67.77,20913.039,15
2026-06-14 13:45:00,67.77,67.83,67.62,67.77,16262.242,15
2026-06-14 14:00:00,67.77,67.77,67.6,67.71,7949.9800000000005,15
2026-06-14 14:15:00,67.71,67.83,67.6,67.61,17074.536,15
2026-06-14 14:30:00,67.61,67.61,66.94,67.03,70421.89600000001,15
2026-06-14 14:45:00,67.04,67.28,67.03,67.27,17777.304,15
2026-06-14 15:00:00,67.27,67.47,67.26,67.4,17860.728,15
2026-06-14 15:15:00,67.4,67.5,67.32,67.43,13308.66,15
2026-06-14 15:30:00,67.42,67.54,67.35,67.47,8999.349,15
2026-06-14 15:45:00,67.46,67.55,67.39,67.43,7702.79,15
2026-06-14 16:00:00,67.43,67.67,67.41,67.62,12647.780999999999,15
2026-06-14 16:15:00,67.61,67.76,67.58,67.69,5475.329,15
2026-06-14 16:30:00,67.68,67.73,67.6,67.7,4857.28,15
2026-06-14 16:45:00,67.7,67.73,67.46,67.49,11373.83,15
2026-06-14 17:00:00,67.48,67.67,67.45,67.65,6199.845,15
2026-06-14 17:15:00,67.64,67.74,67.58,67.59,5455.08,15
2026-06-14 17:30:00,67.59,67.67,67.47,67.59,9507.806,15
2026-06-14 17:45:00,67.59,67.62,67.3,67.34,8950.044,15
2026-06-14 18:00:00,67.34,67.48,67.34,67.48,4718.698,15
2026-06-14 18:15:00,67.47,67.5,67.19,67.28,6844.369,15
2026-06-14 18:30:00,67.29,67.42,67.26,67.41,4519.249,15
2026-06-14 18:45:00,67.41,67.45,67.39,67.43,3671.588,15
2026-06-14 19:00:00,67.43,67.59,67.35,67.53,7526.349999999999,15
2026-06-14 19:15:00,67.53,67.7,67.53,67.66,3169.607,15
2026-06-14 19:30:00,67.65,67.75,67.53,67.59,6451.003,15
2026-06-14 19:45:00,67.59,67.62,67.55,67.57,7702.389999999999,15
2026-06-14 20:00:00,67.57,67.67,67.44,67.53,9566.325,15
2026-06-14 20:15:00,67.52,67.77,67.5,67.74,8544.384,15
2026-06-14 20:30:00,67.74,68.07,67.73,67.92,11154.934,15
2026-06-14 20:45:00,67.92,67.97,67.79,67.81,3195.026,15
2026-06-14 21:00:00,67.8,68.04,67.8,68.02,3689.842,15
2026-06-14 21:15:00,68.03,69.49,68.03,69.27,122509.818,15
2026-06-14 21:30:00,69.27,70.38,69.27,70.23,128319.352,15
2026-06-14 21:45:00,70.23,70.55,69.98,70.16,62043.592000000004,15
2026-06-14 22:00:00,70.16,70.52,69.68,70.17,84761.34,15
2026-06-14 22:15:00,70.16,70.44,69.92,70.18,39134.995,15
2026-06-14 22:30:00,70.17,70.73,70.13,70.6,49335.217000000004,15
2026-06-14 22:45:00,70.61,70.66,70.32,70.45,28505.245,15
2026-06-14 23:00:00,70.45,70.68,70.15,70.58,33965.428,15
2026-06-14 23:15:00,70.59,70.89,70.42,70.79,31047.612,15
2026-06-14 23:30:00,70.79,70.89,70.56,70.71,36717.871,15
2026-06-14 23:45:00,70.71,71.29,70.7,71.28,94404.515,15
2026-06-15 00:00:00,71.29,71.73,71.14,71.68,68404.643,15
2026-06-15 00:15:00,71.69,71.72,71.3,71.6,50192.015999999996,15
2026-06-15 00:30:00,71.6,71.6,70.94,71.04,48845.916,15
2026-06-15 00:45:00,71.04,71.18,70.95,71.12,32938.975,15
2026-06-15 01:00:00,71.13,71.14,70.66,70.99,26443.198,15
2026-06-15 01:15:00,70.99,71.01,70.7,70.8,19704.355,15
2026-06-15 01:30:00,70.8,71.33,70.74,71.33,21041.758,15
2026-06-15 01:45:00,71.33,71.35,70.91,71.01,23601.193,15
2026-06-15 02:00:00,71.0,71.33,70.92,71.29,13334.57,15
2026-06-15 02:15:00,71.3,71.59,71.26,71.28,35643.909,15
2026-06-15 02:30:00,71.27,71.32,71.15,71.15,8606.736,15
2026-06-15 02:45:00,71.14,71.17,70.9,70.99,17005.53,15
2026-06-15 03:00:00,70.98,71.25,70.91,71.23,20737.716,15
2026-06-15 03:15:00,71.23,71.25,71.12,71.2,13313.820000000002,15
2026-06-15 03:30:00,71.21,71.36,71.07,71.35,15133.075,15
2026-06-15 03:45:00,71.34,71.37,71.21,71.24,17223.177,15
2026-06-15 04:00:00,71.24,71.24,71.07,71.19,12054.85,15
2026-06-15 04:15:00,71.2,71.27,71.07,71.09,10070.92,15
2026-06-15 04:30:00,71.09,71.14,70.9,70.94,10453.644,15
2026-06-15 04:45:00,70.95,71.04,70.88,70.93,12495.26,15
2026-06-15 05:00:00,70.92,71.03,70.81,70.97,9353.56,15
2026-06-15 05:15:00,70.97,71.23,70.96,71.21,12095.187,15
2026-06-15 05:30:00,71.22,71.24,70.9,71.0,14234.294,15
2026-06-15 05:45:00,71.0,71.31,70.98,71.22,12119.746,15
2026-06-15 06:00:00,71.22,71.28,71.11,71.21,15658.554,15
2026-06-15 06:15:00,71.21,71.45,71.16,71.41,18194.048000000003,15
2026-06-15 06:30:00,71.4,71.47,71.2,71.37,11014.644,15
2026-06-15 06:45:00,71.36,71.5,71.34,71.36,8725.094,15
2026-06-15 07:00:00,71.36,71.4,71.12,71.28,15136.67,15
2026-06-15 07:15:00,71.29,71.5,71.28,71.41,36109.011,15
2026-06-15 07:30:00,71.42,71.42,71.14,71.33,15910.83,15
2026-06-15 07:45:00,71.33,71.41,71.19,71.28,21753.433,15
2026-06-15 08:00:00,71.28,71.5,71.17,71.49,23665.125,15
2026-06-15 08:15:00,71.49,71.62,71.21,71.38,30559.238,15
2026-06-15 08:30:00,71.38,71.55,71.31,71.44,18837.43,15
2026-06-15 08:45:00,71.43,71.51,71.26,71.3,13527.597,15
2026-06-15 09:00:00,71.3,71.39,71.25,71.29,19357.777000000002,15
2026-06-15 09:15:00,71.29,71.48,71.2,71.21,21599.341,15
2026-06-15 09:30:00,71.2,71.2,70.8,71.01,29380.904,15
2026-06-15 09:45:00,71.0,71.23,70.91,71.23,19173.842,15
2026-06-15 10:00:00,71.23,71.47,71.19,71.39,23527.661,15
2026-06-15 10:15:00,71.39,71.5,71.34,71.42,20982.162,15
2026-06-15 10:30:00,71.42,71.53,71.4,71.5,10316.437,15
2026-06-15 10:45:00,71.5,72.12,71.42,71.88,93057.436,15
2026-06-15 11:00:00,71.88,72.18,71.65,72.05,51948.789000000004,15
2026-06-15 11:15:00,72.05,72.82,72.03,72.68,84032.412,15
2026-06-15 11:30:00,72.68,72.78,72.39,72.49,46486.742,15
2026-06-15 11:45:00,72.49,72.74,72.42,72.61,25027.311999999998,15
2026-06-15 12:00:00,72.61,72.7,72.44,72.64,28082.010000000002,15
2026-06-15 12:15:00,72.64,72.65,72.31,72.57,22897.067,15
2026-06-15 12:30:00,72.56,73.0,72.42,72.95,52105.172,15
2026-06-15 12:45:00,72.95,72.97,72.76,72.86,28709.806,15
2026-06-15 13:00:00,72.85,73.42,72.72,73.35,94787.062,15
2026-06-15 13:15:00,73.35,74.23,73.34,73.93,109421.969,15
2026-06-15 13:30:00,73.93,74.18,73.44,73.7,60075.852,15
2026-06-15 13:45:00,73.69,73.86,73.46,73.64,49428.608,15
2026-06-15 14:00:00,73.63,73.66,73.2,73.49,44012.705,15
2026-06-15 14:15:00,73.49,73.85,73.39,73.84,45987.265,15
2026-06-15 14:30:00,73.85,73.94,73.61,73.78,38154.271,15
2026-06-15 14:45:00,73.79,73.98,73.72,73.82,31600.902000000002,15
2026-06-15 15:00:00,73.81,74.0,73.79,73.91,28916.601,15
2026-06-15 15:15:00,73.91,74.22,73.82,74.07,40809.532999999996,15
2026-06-15 15:30:00,74.06,74.78,73.84,74.69,63293.212,15
2026-06-15 15:45:00,74.7,75.26,74.66,75.25,99826.402,15
2026-06-15 16:00:00,75.25,75.96,74.97,75.79,99084.274,15
2026-06-15 16:15:00,75.8,75.87,75.27,75.77,50417.161,15
2026-06-15 16:30:00,75.77,76.09,75.51,75.94,54767.064,15
2026-06-15 16:45:00,75.94,76.03,75.46,75.48,47499.615,15
2026-06-15 17:00:00,75.47,75.48,74.81,75.16,105401.46800000001,15
2026-06-15 17:15:00,75.15,75.3,74.9,74.96,51591.328,15
2026-06-15 17:30:00,74.97,75.36,74.65,75.19,55777.225999999995,15
2026-06-15 17:45:00,75.18,75.36,75.15,75.28,26298.206000000002,15
2026-06-15 18:00:00,75.28,75.42,75.1,75.37,20986.638,15
2026-06-15 18:15:00,75.37,75.53,75.36,75.41,29229.061,15
2026-06-15 18:30:00,75.41,75.69,75.31,75.46,23749.97,15
2026-06-15 18:45:00,75.47,75.61,75.24,75.3,19130.009,15
2026-06-15 19:00:00,75.3,75.76,75.17,75.66,17970.874,15
2026-06-15 19:15:00,75.67,75.81,74.58,74.93,49142.971,15
2026-06-15 19:30:00,74.93,75.54,74.9,75.5,18805.305,15
2026-06-15 19:45:00,75.5,75.55,75.02,75.28,22483.087,15
2026-06-15 20:00:00,75.27,75.46,75.05,75.25,13484.021,15
2026-06-15 20:15:00,75.25,75.28,74.94,75.05,13948.059,15
2026-06-15 20:30:00,75.05,75.21,74.96,74.97,17050.359,15
2026-06-15 20:45:00,74.97,74.98,74.77,74.95,22801.116,15
2026-06-15 21:00:00,74.95,75.03,74.68,74.99,24855.589,15
2026-06-15 21:15:00,74.99,75.0,74.45,74.46,21228.418,15
2026-06-15 21:30:00,74.46,74.65,74.4,74.63,21538.524,15
2026-06-15 21:45:00,74.62,74.65,74.4,74.45,10863.455,15
2026-06-15 22:00:00,74.46,74.61,74.32,74.35,12356.193,15
2026-06-15 22:15:00,74.35,74.46,73.72,73.81,77113.481,15
2026-06-15 22:30:00,73.8,74.14,73.62,73.91,37789.544,15
2026-06-15 22:45:00,73.91,73.98,73.7,73.78,24885.906,15
2026-06-15 23:00:00,73.77,73.9,73.67,73.88,23236.452999999998,15
2026-06-15 23:15:00,73.88,73.99,73.66,73.89,18370.664,15
2026-06-15 23:30:00,73.88,73.96,73.62,73.95,16166.546,15
2026-06-15 23:45:00,73.95,74.07,73.9,73.98,17615.909,15
2026-06-16 00:00:00,73.99,74.16,73.86,74.11,14885.74,15
2026-06-16 00:15:00,74.12,74.19,73.86,73.9,18348.19,15
2026-06-16 00:30:00,73.91,74.42,73.85,74.29,21878.996,15
2026-06-16 00:45:00,74.28,74.37,74.0,74.04,14111.994,15
2026-06-16 01:00:00,74.05,74.35,74.01,74.16,16336.401,15
2026-06-16 01:15:00,74.15,74.27,74.07,74.21,14507.597,15
2026-06-16 01:30:00,74.22,74.27,74.07,74.14,12761.684000000001,15
2026-06-16 01:45:00,74.14,74.27,73.85,73.88,22100.782,15
2026-06-16 02:00:00,73.89,73.89,73.4,73.42,39968.157,15
2026-06-16 02:15:00,73.43,73.53,72.82,72.82,43153.461,15
2026-06-16 02:30:00,72.82,73.09,72.77,73.05,28945.469,15
2026-06-16 02:45:00,73.06,73.18,72.88,73.01,19802.78,15
2026-06-16 03:00:00,73.02,73.12,72.87,73.12,21600.836000000003,15
2026-06-16 03:15:00,73.12,73.51,72.89,73.49,18920.731,15
2026-06-16 03:30:00,73.49,73.68,73.43,73.63,12444.451000000001,15
2026-06-16 03:45:00,73.63,73.81,73.59,73.74,27603.957000000002,15
2026-06-16 04:00:00,73.75,73.94,73.64,73.73,14643.927,15
2026-06-16 04:15:00,73.72,73.77,73.47,73.48,10871.986,15
2026-06-16 04:30:00,73.47,73.47,73.19,73.28,17435.818,15
2026-06-16 04:45:00,73.28,73.43,73.22,73.36,11951.042,15
2026-06-16 05:00:00,73.37,73.76,73.36,73.64,18702.701999999997,15
2026-06-16 05:15:00,73.64,73.8,73.55,73.72,12183.225,15
2026-06-16 05:30:00,73.72,73.8,73.6,73.73,12182.412,15
2026-06-16 05:45:00,73.72,73.84,73.66,73.67,9882.535,15
2026-06-16 06:00:00,73.67,73.93,73.67,73.87,12085.695,15
2026-06-16 06:15:00,73.87,74.02,73.79,73.98,16810.917,15
2026-06-16 06:30:00,73.99,74.15,73.95,74.08,30513.060999999998,15
2026-06-16 06:45:00,74.07,74.32,74.05,74.19,18208.568,15
2026-06-16 07:00:00,74.19,74.49,74.13,74.23,30013.336,15
2026-06-16 07:15:00,74.22,74.33,74.14,74.32,26049.550000000003,15
2026-06-16 07:30:00,74.32,74.54,74.27,74.33,17046.088,15
2026-06-16 07:45:00,74.33,74.53,74.29,74.46,11748.236,15
2026-06-16 08:00:00,74.45,74.8,74.35,74.77,24529.258,15
2026-06-16 08:15:00,74.78,75.06,74.56,74.77,33922.124,15
2026-06-16 08:30:00,74.78,75.04,74.75,75.04,21529.273,15
2026-06-16 08:45:00,75.03,75.65,74.99,75.4,48607.413,15
2026-06-16 09:00:00,75.39,75.46,75.18,75.33,27202.487999999998,15
2026-06-16 09:15:00,75.33,75.33,74.81,74.94,22875.398,15
2026-06-16 09:30:00,74.95,75.14,74.84,75.14,15847.669,15
2026-06-16 09:45:00,75.14,75.2,74.83,74.85,13983.645,15
2026-06-16 10:00:00,74.85,74.96,74.77,74.82,14332.77,15
2026-06-16 10:15:00,74.81,75.11,74.81,75.05,16891.4,15
2026-06-16 10:30:00,75.04,75.12,74.9,75.03,10913.561,15
2026-06-16 10:45:00,75.04,75.05,74.69,74.7,16476.45,15
2026-06-16 11:00:00,74.7,74.9,74.58,74.64,23743.6,15
2026-06-16 11:15:00,74.65,74.89,74.46,74.55,20230.97,15
2026-06-16 11:30:00,74.56,74.58,74.38,74.54,12778.541,15
2026-06-16 11:45:00,74.54,74.67,74.42,74.66,23019.413,15
2026-06-16 12:00:00,74.67,74.84,74.49,74.74,24452.307,15
2026-06-16 12:15:00,74.73,75.12,74.73,75.02,43745.797,15
2026-06-16 12:30:00,75.03,75.53,74.83,74.99,41430.602,15
2026-06-16 12:45:00,74.98,75.05,74.72,74.94,25730.275999999998,15
2026-06-16 13:00:00,74.94,74.97,73.95,74.33,51032.003000000004,15
2026-06-16 13:15:00,74.33,74.45,74.03,74.06,36064.195999999996,15
2026-06-16 13:30:00,74.05,74.36,73.87,74.3,66255.077,15
2026-06-16 13:45:00,74.3,74.38,73.93,73.99,29343.334,15
2026-06-16 14:00:00,73.99,74.3,73.71,73.78,42713.538,15
2026-06-16 14:15:00,73.77,73.87,72.77,72.77,71648.938,15
2026-06-16 14:30:00,72.78,73.04,72.29,72.88,100400.29800000001,15
2026-06-16 14:45:00,72.88,73.09,72.86,72.98,36196.613,15
2026-06-16 15:00:00,72.97,73.47,72.87,73.45,37220.247,15
2026-06-16 15:15:00,73.45,73.47,73.0,73.21,23942.814,15
2026-06-16 15:30:00,73.21,73.65,73.1,73.21,27384.66,15
2026-06-16 15:45:00,73.21,73.55,73.02,73.29,25849.192,15
2026-06-16 16:00:00,73.29,73.48,73.22,73.24,14960.103,15
2026-06-16 16:15:00,73.23,73.4,73.2,73.39,19988.089,15
2026-06-16 16:30:00,73.39,73.39,73.02,73.25,21626.638,15
2026-06-16 16:45:00,73.26,73.3,73.01,73.1,21062.735,15
2026-06-16 17:00:00,73.11,73.33,73.11,73.26,14733.132,15
2026-06-16 17:15:00,73.26,73.44,73.06,73.27,17415.852,15
2026-06-16 17:30:00,73.27,73.49,73.14,73.29,19707.117000000002,15
2026-06-16 17:45:00,73.3,73.84,73.25,73.67,33810.071,15
2026-06-16 18:00:00,73.68,74.34,73.64,74.1,41176.878000000004,15
2026-06-16 18:15:00,74.09,74.11,73.58,73.72,20572.503,15
2026-06-16 18:30:00,73.73,73.95,73.71,73.92,33594.941,15
2026-06-16 18:45:00,73.93,74.2,73.9,74.0,16652.158,15
2026-06-16 19:00:00,74.0,74.0,73.65,73.76,22470.87,15
2026-06-16 19:15:00,73.75,74.04,73.48,74.0,23259.226000000002,15
2026-06-16 19:30:00,74.0,74.23,73.92,74.05,15191.533,15
2026-06-16 19:45:00,74.06,74.2,73.73,73.84,23617.935,15
2026-06-16 20:00:00,73.85,74.09,73.67,74.03,14470.280999999999,15
2026-06-16 20:15:00,74.03,74.2,73.83,73.88,11933.064,15
2026-06-16 20:30:00,73.88,74.22,73.87,74.19,17603.209,15
2026-06-16 20:45:00,74.19,74.26,74.07,74.14,15628.765,15
2026-06-16 21:00:00,74.14,74.22,74.01,74.07,12937.627,15
2026-06-16 21:15:00,74.07,74.08,73.79,73.8,13030.317,15
2026-06-16 21:30:00,73.8,73.93,73.73,73.91,16350.983,15
2026-06-16 21:45:00,73.91,73.98,73.85,73.94,8982.971,15
2026-06-16 22:00:00,73.94,74.1,73.77,73.97,13113.204,15
2026-06-16 22:15:00,73.97,74.01,73.69,73.87,9067.091,15
2026-06-16 22:30:00,73.86,73.92,73.69,73.7,10409.072,15
2026-06-16 22:45:00,73.7,73.87,73.62,73.84,5190.083,15
2026-06-16 23:00:00,73.85,73.97,73.72,73.8,5302.914,15
2026-06-16 23:15:00,73.81,73.83,73.57,73.75,5659.411,15
2026-06-16 23:30:00,73.76,73.81,73.62,73.63,7782.802000000001,15
2026-06-16 23:45:00,73.62,73.62,73.42,73.52,10609.831,15
2026-06-17 00:00:00,73.53,73.78,73.53,73.62,7664.801,15
2026-06-17 00:15:00,73.62,73.68,73.45,73.51,15472.798,15
2026-06-17 00:30:00,73.52,73.64,73.33,73.59,11938.399,15
2026-06-17 00:45:00,73.6,73.66,73.32,73.37,11921.721,15
2026-06-17 01:00:00,73.37,73.66,73.32,73.65,6553.246,15
2026-06-17 01:15:00,73.66,73.66,73.17,73.42,21368.495,15
2026-06-17 01:30:00,73.43,73.71,73.29,73.56,10268.437,15
2026-06-17 01:45:00,73.57,74.0,73.56,73.93,22464.95,15
2026-06-17 02:00:00,73.94,73.97,73.8,73.95,12121.691,15
2026-06-17 02:15:00,73.96,74.47,73.86,74.39,39568.039,15
2026-06-17 02:30:00,74.4,74.4,73.69,73.88,29121.354,15
2026-06-17 02:45:00,73.88,74.05,73.81,74.05,16002.936,15
2026-06-17 03:00:00,74.05,74.06,73.8,73.85,12908.826,15
2026-06-17 03:15:00,73.85,73.85,73.58,73.69,19125.722,15
2026-06-17 03:30:00,73.69,73.93,73.6,73.63,10554.257,15
2026-06-17 03:45:00,73.62,73.74,73.52,73.68,13672.270999999999,15
2026-06-17 04:00:00,73.68,73.88,73.6,73.74,12287.133,15
2026-06-17 04:15:00,73.73,73.83,73.6,73.75,13381.339,15
2026-06-17 04:30:00,73.74,73.88,73.69,73.8,7577.78,15
2026-06-17 04:45:00,73.8,74.11,73.79,73.83,13198.457,15
2026-06-17 05:00:00,73.84,74.01,73.57,73.61,16020.269,15
2026-06-17 05:15:00,73.6,73.74,73.44,73.72,13951.862000000001,15
2026-06-17 05:30:00,73.73,73.89,73.64,73.85,10932.071,15
2026-06-17 05:45:00,73.85,73.92,73.54,73.65,10816.557999999999,15
2026-06-17 06:00:00,73.65,73.8,73.58,73.76,7348.821,15
2026-06-17 06:15:00,73.76,73.83,73.34,73.36,9219.693,15
2026-06-17 06:30:00,73.35,73.54,73.19,73.36,25793.905,15
2026-06-17 06:45:00,73.37,73.57,73.31,73.41,17296.85,15
2026-06-17 07:00:00,73.41,73.56,73.19,73.53,19490.193,15
2026-06-17 07:15:00,73.53,73.61,73.17,73.2,19548.306,15
2026-06-17 07:30:00,73.19,73.4,73.1,73.31,14963.532,15
2026-06-17 07:45:00,73.3,73.39,72.99,73.26,33255.318,15
2026-06-17 08:00:00,73.27,73.3,72.86,72.88,24495.807,15
2026-06-17 08:15:00,72.88,72.98,72.72,72.81,23812.299,15
2026-06-17 08:30:00,72.8,72.8,72.38,72.42,51445.162,15
2026-06-17 08:45:00,72.42,72.5,72.16,72.34,35473.253,15
2026-06-17 09:00:00,72.34,72.5,72.32,72.4,21908.871,15
2026-06-17 09:15:00,72.4,72.59,72.31,72.52,14496.375,15
2026-06-17 09:30:00,72.52,72.58,72.42,72.53,11223.949,15
2026-06-17 09:45:00,72.52,72.67,72.35,72.54,15877.027,15
2026-06-17 10:00:00,72.54,72.69,72.38,72.53,11946.572,15
2026-06-17 10:15:00,72.54,72.61,72.41,72.45,14375.148,15
2026-06-17 10:30:00,72.45,72.52,72.29,72.39,10347.639,15
2026-06-17 10:45:00,72.39,72.45,72.12,72.15,12272.485,15
2026-06-17 11:00:00,72.15,72.24,71.71,72.02,43924.305,15
2026-06-17 11:15:00,72.03,72.08,71.83,72.01,19275.573,15
2026-06-17 11:30:00,72.02,72.19,71.94,72.14,10356.641,15
2026-06-17 11:45:00,72.15,72.23,72.03,72.04,11330.396,15
2026-06-17 12:00:00,72.04,72.3,71.97,72.28,17776.147,15
2026-06-17 12:15:00,72.28,72.29,71.68,71.75,33034.165,15
2026-06-17 12:30:00,71.75,72.18,71.59,72.17,17692.417,15
2026-06-17 12:45:00,72.16,72.36,72.15,72.33,15109.77,15
2026-06-17 13:00:00,72.33,72.52,72.24,72.45,17629.758,15
2026-06-17 13:15:00,72.45,72.45,72.17,72.35,22594.943,15
2026-06-17 13:30:00,72.34,72.67,72.16,72.64,35891.514,15
2026-06-17 13:45:00,72.63,72.77,72.41,72.43,22691.154,15
2026-06-17 14:00:00,72.42,72.53,72.1,72.5,16294.496,15
2026-06-17 14:15:00,72.5,72.67,72.3,72.46,21095.351,15
2026-06-17 14:30:00,72.47,72.55,72.23,72.41,19730.897,15
2026-06-17 14:45:00,72.4,72.61,71.82,72.39,60737.14200000001,15
2026-06-17 15:00:00,72.39,72.81,72.36,72.79,32256.740999999998,15
2026-06-17 15:15:00,72.78,73.12,72.73,73.03,32262.937,15
2026-06-17 15:30:00,73.04,73.43,72.92,73.43,36939.096,15
2026-06-17 15:45:00,73.44,73.87,73.34,73.81,32280.108,15
2026-06-17 16:00:00,73.8,73.95,73.71,73.91,29230.516,15
2026-06-17 16:15:00,73.91,74.69,73.85,74.45,64023.159999999996,15
2026-06-17 16:30:00,74.46,74.5,73.86,74.02,37984.964,15
2026-06-17 16:45:00,74.02,74.08,73.71,73.76,22410.397,15
2026-06-17 17:00:00,73.77,73.86,73.47,73.54,23656.222999999998,15
2026-06-17 17:15:00,73.53,73.91,73.53,73.83,12885.096,15
2026-06-17 17:30:00,73.83,73.94,73.54,73.61,12868.392,15
2026-06-17 17:45:00,73.6,74.35,73.47,74.22,32372.275999999998,15
2026-06-17 18:00:00,74.21,74.21,72.19,73.16,139327.074,15
2026-06-17 18:15:00,73.15,73.54,73.05,73.19,32849.055,15
2026-06-17 18:30:00,73.19,74.38,72.99,74.3,93532.569,15
2026-06-17 18:45:00,74.29,74.33,73.36,73.5,90041.625,15
2026-06-17 19:00:00,73.49,73.71,72.95,73.5,45635.068999999996,15
2026-06-17 19:15:00,73.51,73.53,71.86,72.03,88821.33,15
2026-06-17 19:30:00,72.03,72.56,71.51,71.62,88844.70199999999,15
2026-06-17 19:45:00,71.63,71.95,71.43,71.66,68800.72,15
2026-06-17 20:00:00,71.66,72.04,71.55,71.74,35322.9,15
2026-06-17 20:15:00,71.74,72.02,71.65,71.91,13617.757,15
2026-06-17 20:30:00,71.92,72.25,71.76,71.76,24478.474000000002,15
2026-06-17 20:45:00,71.76,72.2,71.7,72.2,29221.768,15
2026-06-17 21:00:00,72.19,72.23,71.92,72.0,13377.896,15
2026-06-17 21:15:00,72.0,72.07,71.9,71.91,10417.253,15
2026-06-17 21:30:00,71.9,72.04,71.59,71.65,20392.024,15
2026-06-17 21:45:00,71.64,71.65,71.38,71.62,18395.351,15
2026-06-17 22:00:00,71.61,71.63,70.83,71.37,45966.556,15
2026-06-17 22:15:00,71.37,71.85,71.32,71.85,14829.26,15
2026-06-17 22:30:00,71.84,71.92,71.74,71.76,10295.149,15
2026-06-17 22:45:00,71.77,71.95,71.7,71.7,7869.978999999999,15
2026-06-17 23:00:00,71.71,71.97,71.69,71.86,8389.495,15
2026-06-17 23:15:00,71.87,72.13,71.85,72.03,10061.136,15
2026-06-17 23:30:00,72.03,72.08,71.95,71.97,6419.977,15
2026-06-17 23:45:00,71.96,72.09,71.89,72.05,18513.08,15
2026-06-18 00:00:00,72.05,72.35,72.03,72.29,14128.598,15
2026-06-18 00:15:00,72.29,72.37,72.17,72.32,9409.471,15
2026-06-18 00:30:00,72.32,72.5,72.26,72.41,11432.286,15
2026-06-18 00:45:00,72.41,72.49,72.17,72.22,13577.151999999998,15
2026-06-18 01:00:00,72.22,72.64,72.19,72.52,12913.757,15
2026-06-18 01:15:00,72.51,72.52,72.36,72.42,7459.608,15
2026-06-18 01:30:00,72.42,72.56,72.28,72.32,8601.898000000001,15
2026-06-18 01:45:00,72.32,72.32,72.09,72.21,8981.328,15
2026-06-18 02:00:00,72.22,72.47,72.22,72.27,9691.043,15
2026-06-18 02:15:00,72.26,72.68,72.13,72.6,21447.175,15
2026-06-18 02:30:00,72.6,72.67,72.48,72.62,16780.091,15
2026-06-18 02:45:00,72.63,72.64,72.48,72.54,10339.190999999999,15
2026-06-18 03:00:00,72.53,72.55,72.28,72.28,10145.297,15
2026-06-18 03:15:00,72.27,72.3,71.8,71.8,12028.89,15
2026-06-18 03:30:00,71.8,71.92,71.54,71.66,24972.636,15
2026-06-18 03:45:00,71.66,71.86,71.63,71.65,12979.431,15
2026-06-18 04:00:00,71.66,71.73,71.02,71.19,32149.063,15
2026-06-18 04:15:00,71.2,71.4,71.01,71.21,16475.203999999998,15
2026-06-18 04:30:00,71.22,71.26,71.0,71.02,14936.348,15
2026-06-18 04:45:00,71.01,71.2,70.91,71.06,18311.114,15
2026-06-18 05:00:00,71.05,71.08,70.64,70.87,35076.191,15
2026-06-18 05:15:00,70.86,71.03,70.83,70.91,19940.291,15
2026-06-18 05:30:00,70.92,71.1,70.79,70.99,10331.315999999999,15
2026-06-18 05:45:00,70.99,71.14,70.95,71.14,10343.036,15
2026-06-18 06:00:00,71.13,71.31,70.99,71.17,11313.417,15
2026-06-18 06:15:00,71.17,71.25,71.01,71.2,6744.25,15
2026-06-18 06:30:00,71.19,71.34,71.14,71.31,12111.186,15
2026-06-18 06:45:00,71.31,71.41,71.23,71.34,12283.681,15
2026-06-18 07:00:00,71.35,71.36,71.16,71.31,9954.874,15
2026-06-18 07:15:00,71.3,71.79,71.27,71.72,13175.321,15
2026-06-18 07:30:00,71.72,71.79,71.56,71.69,19173.834,15
2026-06-18 07:45:00,71.68,71.85,71.67,71.78,11516.96,15
2026-06-18 08:00:00,71.77,71.97,71.64,71.85,21413.625,15
2026-06-18 08:15:00,71.85,71.95,71.8,71.94,8615.5,15
2026-06-18 08:30:00,71.94,72.08,71.92,71.94,14460.803,15
2026-06-18 08:45:00,71.95,72.04,71.84,71.85,14594.2,15
2026-06-18 09:00:00,71.86,71.97,71.78,71.96,10279.559,15
2026-06-18 09:15:00,71.95,72.16,71.83,71.84,10468.601999999999,15
2026-06-18 09:30:00,71.83,71.97,71.75,71.97,8287.538,15
2026-06-18 09:45:00,71.97,72.06,71.8,71.85,8619.119,15
2026-06-18 10:00:00,71.85,71.85,71.32,71.33,28500.118000000002,15
2026-06-18 10:15:00,71.32,71.43,71.08,71.22,21286.663,15
2026-06-18 10:30:00,71.22,71.3,71.12,71.14,20037.457000000002,15
2026-06-18 10:45:00,71.15,71.51,71.08,71.39,34185.871,15
2026-06-18 11:00:00,71.39,71.56,71.05,71.15,20689.366,15
2026-06-18 11:15:00,71.14,71.19,70.83,71.16,18707.463,15
2026-06-18 11:30:00,71.17,71.25,70.78,70.94,17669.606,15
2026-06-18 11:45:00,70.93,71.02,70.72,70.94,22769.577,15
2026-06-18 12:00:00,70.94,71.1,70.87,71.0,9968.367,15
2026-06-18 12:15:00,71.01,71.37,70.98,71.35,14316.708999999999,15
2026-06-18 12:30:00,71.36,71.46,71.23,71.42,17190.374,15
2026-06-18 12:45:00,71.42,71.62,71.4,71.57,14505.796,15
2026-06-18 13:00:00,71.57,71.72,71.46,71.6,14770.734,15
2026-06-18 13:15:00,71.6,71.8,71.53,71.69,18184.964,15
2026-06-18 13:30:00,71.68,71.7,70.75,70.75,34799.364,15
2026-06-18 13:45:00,70.75,71.38,70.73,71.05,25826.407,15
2026-06-18 14:00:00,71.06,71.25,70.85,70.92,30092.066,15
2026-06-18 14:15:00,70.92,71.72,70.73,71.05,37949.255,15
2026-06-18 14:30:00,71.04,71.44,70.96,70.97,25205.682,15
2026-06-18 14:45:00,70.98,71.27,70.7,71.08,31137.938,15
2026-06-18 15:00:00,71.08,71.1,70.6,70.63,39711.377,15
2026-06-18 15:15:00,70.62,70.7,69.8,69.92,128935.909,15
2026-06-18 15:30:00,69.92,70.06,68.87,69.03,137834.312,15
2026-06-18 15:45:00,69.03,69.17,68.35,68.44,192303.01,15
2026-06-18 16:00:00,68.43,68.98,68.38,68.9,97810.807,15
2026-06-18 16:15:00,68.9,68.92,68.48,68.71,36503.103,15
2026-06-18 16:30:00,68.7,68.92,68.5,68.82,22569.08,15
2026-06-18 16:45:00,68.83,69.13,68.77,69.06,24418.539,15
2026-06-18 17:00:00,69.07,69.11,68.77,68.9,19912.0,15
2026-06-18 17:15:00,68.89,69.06,68.61,68.97,37474.497,15
2026-06-18 17:30:00,68.98,69.15,68.66,68.74,28205.904000000002,15
2026-06-18 17:45:00,68.73,68.85,68.5,68.64,17377.161,15
2026-06-18 18:00:00,68.64,68.69,68.43,68.44,38548.418,15
2026-06-18 18:15:00,68.44,68.99,68.23,68.81,68834.234,15
2026-06-18 18:30:00,68.82,68.82,68.51,68.73,19299.088,15
2026-06-18 18:45:00,68.73,68.85,68.54,68.66,21159.186,15
2026-06-18 19:00:00,68.66,68.73,68.57,68.67,11834.826000000001,15
2026-06-18 19:15:00,68.67,68.95,68.57,68.85,18746.439,15
2026-06-18 19:30:00,68.84,69.45,68.8,69.41,35330.506,15
2026-06-18 19:45:00,69.4,69.53,69.25,69.37,23727.786,15
2026-06-18 20:00:00,69.38,69.85,69.38,69.73,32482.741,15
2026-06-18 20:15:00,69.73,69.96,69.69,69.82,19623.041,15
2026-06-18 20:30:00,69.81,69.94,69.73,69.88,15501.087,15
2026-06-18 20:45:00,69.88,69.92,69.71,69.82,7958.863,15
2026-06-18 21:00:00,69.81,69.9,69.56,69.57,20164.141,15
2026-06-18 21:15:00,69.56,69.73,69.41,69.66,14934.379,15
2026-06-18 21:30:00,69.67,69.72,69.41,69.52,18000.313000000002,15
2026-06-18 21:45:00,69.52,69.62,69.47,69.57,7264.767,15
2026-06-18 22:00:00,69.56,69.69,69.44,69.64,19748.503,15
2026-06-18 22:15:00,69.63,69.65,69.41,69.46,17469.217,15
2026-06-18 22:30:00,69.46,69.48,69.26,69.46,8521.343,15
2026-06-18 22:45:00,69.46,69.64,69.37,69.52,8188.72,15
2026-06-18 23:00:00,69.51,69.58,69.27,69.28,6347.39,15
2026-06-18 23:15:00,69.27,69.56,69.27,69.56,5191.713,15
2026-06-18 23:30:00,69.57,69.71,69.57,69.67,12460.984,15
2026-06-18 23:45:00,69.66,69.79,69.54,69.71,16062.284,15
2026-06-19 00:00:00,69.72,69.73,69.53,69.66,15321.008,15
2026-06-19 00:15:00,69.66,69.8,69.6,69.79,15718.107,15
2026-06-19 00:30:00,69.8,69.9,69.74,69.85,15016.735999999999,15
2026-06-19 00:45:00,69.85,69.86,69.71,69.81,10007.09,15
2026-06-19 01:00:00,69.8,70.03,69.65,69.74,16443.203,15
2026-06-19 01:15:00,69.75,69.97,69.68,69.68,12804.608,15
2026-06-19 01:30:00,69.69,69.76,69.54,69.74,8047.265,15
2026-06-19 01:45:00,69.74,69.98,69.74,69.94,11385.068,15
2026-06-19 02:00:00,69.94,70.09,69.82,69.83,15954.474,15
2026-06-19 02:15:00,69.83,69.88,69.51,69.52,11897.852,15
2026-06-19 02:30:00,69.52,69.62,69.44,69.55,11455.952,15
2026-06-19 02:45:00,69.54,69.72,69.41,69.66,7154.613,15
2026-06-19 03:00:00,69.65,69.74,69.3,69.32,16704.09,15
2026-06-19 03:15:00,69.33,69.44,68.64,69.36,81348.923,15
2026-06-19 03:30:00,69.35,69.35,68.86,68.98,33069.681,15
2026-06-19 03:45:00,68.98,69.13,68.9,69.05,32959.0,15
2026-06-19 04:00:00,69.06,69.19,68.7,69.15,39005.962999999996,15
2026-06-19 04:15:00,69.15,69.27,68.74,68.78,19865.554,15
2026-06-19 04:30:00,68.79,68.81,68.36,68.54,42284.741,15
2026-06-19 04:45:00,68.54,68.65,68.1,68.33,32777.61,15
2026-06-19 05:00:00,68.33,68.74,68.32,68.69,17589.533,15
2026-06-19 05:15:00,68.69,68.69,68.4,68.54,17924.319,15
2026-06-19 05:30:00,68.54,68.65,68.33,68.55,23065.967,15
2026-06-19 05:45:00,68.54,68.75,68.45,68.7,37525.459,15
2026-06-19 06:00:00,68.69,68.83,68.57,68.82,25048.77,15
2026-06-19 06:15:00,68.81,68.84,68.58,68.73,49642.465000000004,15
2026-06-19 06:30:00,68.72,68.83,68.46,68.65,27219.735,15
2026-06-19 06:45:00,68.66,68.8,68.49,68.75,10935.915,15
2026-06-19 07:00:00,68.75,68.77,68.52,68.52,12502.955,15
2026-06-19 07:15:00,68.51,68.62,68.38,68.47,12265.414,15
2026-06-19 07:30:00,68.47,68.62,67.98,68.26,52935.224,15
2026-06-19 07:45:00,68.26,68.41,68.08,68.38,16819.252,15
2026-06-19 08:00:00,68.37,68.52,68.23,68.5,22687.332,15
2026-06-19 08:15:00,68.49,68.67,68.44,68.57,12309.119,15
2026-06-19 08:30:00,68.58,68.75,68.51,68.63,22463.310999999998,15
2026-06-19 08:45:00,68.64,68.73,68.57,68.68,18909.157,15
2026-06-19 09:00:00,68.69,68.76,68.22,68.31,16507.372,15
2026-06-19 09:15:00,68.31,68.45,68.25,68.33,22791.673000000003,15
2026-06-19 09:30:00,68.32,68.53,68.32,68.44,12190.449,15
2026-06-19 09:45:00,68.44,68.46,68.31,68.33,15788.985,15
2026-06-19 10:00:00,68.32,68.46,68.25,68.36,12881.884,15
2026-06-19 10:15:00,68.35,68.36,68.06,68.35,42614.582,15
2026-06-19 10:30:00,68.34,68.35,68.05,68.12,14706.633,15
2026-06-19 10:45:00,68.11,68.43,68.07,68.3,12038.303,15
2026-06-19 11:00:00,68.31,68.34,68.09,68.23,18371.607,15
2026-06-19 11:15:00,68.24,68.47,68.18,68.34,9928.026,15
2026-06-19 11:30:00,68.35,68.43,68.3,68.38,13204.287,15
2026-06-19 11:45:00,68.37,68.44,68.21,68.25,20358.293999999998,15
2026-06-19 12:00:00,68.25,68.41,68.21,68.29,11146.088,15
2026-06-19 12:15:00,68.29,68.34,68.14,68.26,9104.603,15
2026-06-19 12:30:00,68.25,68.39,68.08,68.26,26296.442000000003,15
2026-06-19 12:45:00,68.26,68.71,67.92,68.62,53429.097,15
2026-06-19 13:00:00,68.62,68.79,68.47,68.58,25269.828999999998,15
2026-06-19 13:15:00,68.59,68.63,68.4,68.56,18633.035,15
2026-06-19 13:30:00,68.55,69.06,68.49,69.02,29954.196,15
2026-06-19 13:45:00,69.01,69.58,69.01,69.28,76075.342,15
2026-06-19 14:00:00,69.28,69.42,68.9,68.99,39617.134,15
2026-06-19 14:15:00,68.99,69.38,68.83,69.29,25036.645,15
2026-06-19 14:30:00,69.29,69.48,69.1,69.32,19752.928,15
2026-06-19 14:45:00,69.33,69.48,69.15,69.15,12421.685,15
2026-06-19 15:00:00,69.14,69.21,68.97,69.19,11921.145,15
2026-06-19 15:15:00,69.2,69.24,68.93,69.02,20026.36,15
2026-06-19 15:30:00,69.03,69.54,69.03,69.44,24289.792999999998,15
2026-06-19 15:45:00,69.45,69.49,69.25,69.33,9997.453,15
2026-06-19 16:00:00,69.34,69.57,69.24,69.57,16684.822,15
2026-06-19 16:15:00,69.57,69.57,69.39,69.41,25776.544,15
2026-06-19 16:30:00,69.41,69.45,69.19,69.26,15877.664999999999,15
2026-06-19 16:45:00,69.26,69.26,68.69,68.71,24161.064,15
2026-06-19 17:00:00,68.72,68.92,68.63,68.91,15813.438,15
2026-06-19 17:15:00,68.91,69.26,68.88,68.97,17361.668,15
2026-06-19 17:30:00,68.97,69.42,68.97,69.37,12630.66,15
2026-06-19 17:45:00,69.37,69.52,69.26,69.31,19749.833000000002,15
2026-06-19 18:00:00,69.32,69.37,69.16,69.27,8417.256,15
2026-06-19 18:15:00,69.26,69.26,69.06,69.07,6047.232,15
2026-06-19 18:30:00,69.06,69.15,68.8,68.9,12732.399000000001,15
2026-06-19 18:45:00,68.9,69.09,68.9,69.06,10855.771,15
2026-06-19 19:00:00,69.05,69.16,68.82,68.98,10803.045,15
2026-06-19 19:15:00,68.98,69.01,68.8,68.91,11552.532,15
2026-06-19 19:30:00,68.91,68.93,68.78,68.87,4598.444,15
2026-06-19 19:45:00,68.88,69.13,68.83,68.97,17964.21,15
2026-06-19 20:00:00,68.97,69.09,68.94,69.01,7609.291,15
2026-06-19 20:15:00,69.01,69.01,68.72,68.95,5467.79,15
2026-06-19 20:30:00,68.94,69.02,68.83,68.93,8594.951000000001,15
2026-06-19 20:45:00,68.92,69.31,68.92,69.25,9782.179,15
2026-06-19 21:00:00,69.25,69.31,69.09,69.3,8758.365,15
2026-06-19 21:15:00,69.29,69.31,69.03,69.14,5941.596,15
2026-06-19 21:30:00,69.14,69.2,68.93,68.95,11468.087,15
2026-06-19 21:45:00,68.95,69.02,68.91,69.02,8414.641,15
2026-06-19 22:00:00,69.01,69.09,69.0,69.09,8474.859,15
2026-06-19 22:15:00,69.08,69.4,69.08,69.32,9688.24,15
2026-06-19 22:30:00,69.32,69.44,69.27,69.37,27681.221,15
2026-06-19 22:45:00,69.36,69.44,69.26,69.42,15528.942,15
2026-06-19 23:00:00,69.43,69.45,69.24,69.31,9410.448,15
2026-06-19 23:15:00,69.31,69.46,69.27,69.45,5710.4400000000005,15
2026-06-19 23:30:00,69.45,69.54,69.41,69.47,11330.448,15
2026-06-19 23:45:00,69.46,69.87,69.4,69.74,46263.452,15
2026-06-20 00:00:00,69.73,69.87,69.61,69.7,23500.76,15
2026-06-20 00:15:00,69.69,69.95,69.69,69.9,22775.48,15
2026-06-20 00:30:00,69.89,70.12,69.73,69.82,28978.914,15
2026-06-20 00:45:00,69.81,69.81,69.61,69.63,14437.303,15
2026-06-20 01:00:00,69.62,69.69,69.55,69.58,7358.481,15
2026-06-20 01:15:00,69.58,69.73,69.54,69.63,5614.277999999999,15
2026-06-20 01:30:00,69.62,69.95,69.62,69.79,11749.31,15
2026-06-20 01:45:00,69.79,69.85,69.75,69.8,7587.633,15
2026-06-20 02:00:00,69.8,69.86,69.64,69.68,5386.646,15
2026-06-20 02:15:00,69.67,69.67,69.48,69.52,17130.056,15
2026-06-20 02:30:00,69.52,69.73,69.52,69.59,6390.562,15
2026-06-20 02:45:00,69.59,69.73,69.59,69.65,7625.799,15
2026-06-20 03:00:00,69.66,69.85,69.62,69.82,6511.866,15
2026-06-20 03:15:00,69.83,70.03,69.83,69.97,21913.947,15
2026-06-20 03:30:00,69.97,70.09,69.89,70.07,17483.85,15
2026-06-20 03:45:00,70.07,70.11,69.96,70.0,7514.147,15
2026-06-20 04:00:00,70.0,70.06,69.89,70.02,11478.439999999999,15
2026-06-20 04:15:00,70.03,70.43,70.0,70.43,25928.287,15
2026-06-20 04:30:00,70.42,70.92,70.35,70.89,37354.996,15
2026-06-20 04:45:00,70.89,71.09,70.74,70.86,28781.235,15
2026-06-20 05:00:00,70.87,72.46,70.72,72.21,96059.651,15
2026-06-20 05:15:00,72.2,72.36,71.44,71.46,36554.607,15
2026-06-20 05:30:00,71.47,71.87,71.47,71.63,24646.365,15
2026-06-20 05:45:00,71.64,71.85,71.56,71.8,16423.272,15
2026-06-20 06:00:00,71.8,71.94,71.71,71.91,14065.632,15
2026-06-20 06:15:00,71.92,72.39,71.82,72.07,38398.329,15
2026-06-20 06:30:00,72.07,72.3,71.99,72.2,25569.713,15
2026-06-20 06:45:00,72.2,72.3,72.03,72.12,25947.143,15
2026-06-20 07:00:00,72.12,72.15,71.57,71.71,29621.488,15
2026-06-20 07:15:00,71.71,71.98,71.66,71.92,12189.527,15
2026-06-20 07:30:00,71.93,71.97,71.72,71.73,11127.228000000001,15
2026-06-20 07:45:00,71.73,71.77,71.45,71.6,22993.975,15
2026-06-20 08:00:00,71.6,71.63,71.35,71.52,21399.825,15
2026-06-20 08:15:00,71.52,71.65,71.52,71.53,12753.734,15
2026-06-20 08:30:00,71.54,71.54,71.31,71.44,13033.319,15
2026-06-20 08:45:00,71.44,71.44,71.27,71.34,17499.633,15
2026-06-20 09:00:00,71.34,71.49,71.34,71.38,7915.751,15
2026-06-20 09:15:00,71.38,71.41,71.21,71.38,15526.931,15
2026-06-20 09:30:00,71.38,71.6,71.36,71.57,12071.451,15
2026-06-20 09:45:00,71.58,71.63,71.48,71.57,19683.742,15
2026-06-20 10:00:00,71.57,71.65,71.42,71.51,9329.654,15
2026-06-20 10:15:00,71.51,71.65,71.51,71.61,7890.702,15
2026-06-20 10:30:00,71.61,71.64,71.41,71.47,12755.881,15
2026-06-20 10:45:00,71.48,71.72,71.48,71.69,8116.284,15
2026-06-20 11:00:00,71.69,71.76,71.45,71.53,7265.912,15
2026-06-20 11:15:00,71.53,71.62,71.47,71.61,13226.25,15
2026-06-20 11:30:00,71.61,71.9,71.58,71.85,9729.109,15
2026-06-20 11:45:00,71.85,72.1,71.76,71.78,26269.177,15
2026-06-20 12:00:00,71.78,71.93,71.72,71.9,13515.588,15
2026-06-20 12:15:00,71.9,71.94,71.77,71.8,15996.047,15
2026-06-20 12:30:00,71.79,71.8,71.47,71.59,24484.461,15
2026-06-20 12:45:00,71.58,71.59,71.38,71.56,12490.291,15
2026-06-20 13:00:00,71.55,71.57,71.47,71.5,6794.204,15
2026-06-20 13:15:00,71.5,71.58,70.75,70.89,44280.098000000005,15
2026-06-20 13:30:00,70.88,71.16,70.87,71.15,20609.105,15
2026-06-20 13:45:00,71.16,71.31,71.13,71.19,13778.754,15
2026-06-20 14:00:00,71.19,71.2,70.47,70.53,27948.536,15
2026-06-20 14:15:00,70.53,70.82,70.53,70.79,13180.837,15
2026-06-20 14:30:00,70.78,71.17,70.72,71.16,18141.807,15
2026-06-20 14:45:00,71.15,72.18,71.06,71.93,106755.379,15
2026-06-20 15:00:00,71.94,72.0,71.49,71.99,124341.62400000001,15
2026-06-20 15:15:00,71.98,72.62,71.85,72.17,160532.345,15
2026-06-20 15:30:00,72.17,72.27,71.75,71.8,42616.358,15
2026-06-20 15:45:00,71.8,72.08,71.8,72.02,17591.972,15
2026-06-20 16:00:00,72.03,72.05,71.59,71.71,73729.428,15
2026-06-20 16:15:00,71.71,71.84,71.46,71.47,21228.244,15
2026-06-20 16:30:00,71.48,71.59,71.32,71.55,18386.668999999998,15
2026-06-20 16:45:00,71.55,71.67,71.48,71.67,14687.434,15
2026-06-20 17:00:00,71.67,71.68,71.39,71.5,9554.21,15
2026-06-20 17:15:00,71.5,71.58,71.31,71.55,10439.271,15
2026-06-20 17:30:00,71.55,71.63,71.09,71.44,23058.786999999997,15
2026-06-20 17:45:00,71.44,71.67,71.4,71.55,9882.476999999999,15
2026-06-20 18:00:00,71.56,71.78,71.53,71.67,14424.214,15
2026-06-20 18:15:00,71.67,71.89,71.67,71.88,22326.299,15
2026-06-20 18:30:00,71.88,71.99,71.72,71.79,20691.741,15
2026-06-20 18:45:00,71.79,71.84,71.7,71.75,12182.34,15
2026-06-20 19:00:00,71.75,71.85,71.61,71.79,19923.359,15
2026-06-20 19:15:00,71.8,71.82,71.6,71.66,17958.738,15
2026-06-20 19:30:00,71.67,71.92,71.64,71.89,10354.479,15
2026-06-20 19:45:00,71.89,71.91,71.78,71.86,5689.414,15
2026-06-20 20:00:00,71.86,71.99,71.86,71.91,13779.496,15
2026-06-20 20:15:00,71.91,71.94,71.82,71.84,5931.866,15
2026-06-20 20:30:00,71.85,71.91,71.7,71.86,13068.92,15
2026-06-20 20:45:00,71.86,72.07,71.85,72.01,13379.586,15
2026-06-20 21:00:00,72.02,72.4,71.96,72.28,14628.975,15
2026-06-20 21:15:00,72.29,72.31,72.14,72.15,9833.949999999999,15
2026-06-20 21:30:00,72.16,72.38,72.12,72.34,13305.691,15
2026-06-20 21:45:00,72.34,72.45,72.27,72.41,11242.07,15
2026-06-20 22:00:00,72.41,73.38,72.36,73.37,60449.819,15
2026-06-20 22:15:00,73.36,73.98,72.98,73.96,70579.724,15
2026-06-20 22:30:00,73.96,74.3,73.6,73.89,97566.537,15
2026-06-20 22:45:00,73.9,73.91,73.53,73.56,26775.4,15
2026-06-20 23:00:00,73.56,73.65,73.42,73.46,21323.715,15
2026-06-20 23:15:00,73.46,73.63,73.29,73.34,21175.928,15
2026-06-20 23:30:00,73.33,73.47,73.24,73.39,12128.403,15
2026-06-20 23:45:00,73.39,73.39,73.21,73.22,11303.762,15
2026-06-21 00:00:00,73.22,73.28,73.07,73.2,14593.066,15
2026-06-21 00:15:00,73.2,73.28,73.02,73.04,14704.836,15
2026-06-21 00:30:00,73.04,73.23,73.02,73.08,10775.15,15
2026-06-21 00:45:00,73.08,73.21,73.04,73.2,10710.761,15
2026-06-21 01:00:00,73.2,73.32,73.12,73.17,18555.472999999998,15
2026-06-21 01:15:00,73.17,73.18,72.9,72.97,17203.074,15
2026-06-21 01:30:00,72.96,73.16,72.88,73.12,13205.591999999999,15
2026-06-21 01:45:00,73.12,73.26,73.09,73.19,6740.999,15
2026-06-21 02:00:00,73.19,73.26,73.08,73.26,7735.989,15
2026-06-21 02:15:00,73.25,73.25,73.12,73.18,6902.289,15
2026-06-21 02:30:00,73.18,73.31,73.12,73.24,10820.576,15
2026-06-21 02:45:00,73.23,73.39,73.22,73.34,6494.896,15
2026-06-21 03:00:00,73.34,73.69,73.13,73.69,69495.90299999999,15
2026-06-21 03:15:00,73.69,73.86,73.46,73.53,27212.811999999998,15
2026-06-21 03:30:00,73.54,73.77,73.43,73.75,9073.088,15
2026-06-21 03:45:00,73.75,73.78,73.58,73.63,8021.566,15
2026-06-21 04:00:00,73.63,73.66,73.46,73.51,11964.422,15
2026-06-21 04:15:00,73.52,73.84,73.51,73.78,9897.261,15
2026-06-21 04:30:00,73.78,73.82,73.63,73.75,8240.432,15
2026-06-21 04:45:00,73.74,73.75,73.39,73.44,14953.761,15
2026-06-21 05:00:00,73.44,73.52,73.21,73.21,8349.125,15
2026-06-21 05:15:00,73.21,73.25,73.03,73.21,18454.454,15
2026-06-21 05:30:00,73.21,73.27,73.11,73.15,7966.822,15
2026-06-21 05:45:00,73.14,73.15,73.01,73.09,11147.896999999999,15
2026-06-21 06:00:00,73.09,73.2,73.04,73.07,11267.036,15
2026-06-21 06:15:00,73.06,73.29,73.05,73.23,14719.829,15
2026-06-21 06:30:00,73.24,73.36,73.13,73.3,10159.811,15
2026-06-21 06:45:00,73.31,73.33,73.2,73.24,5328.622,15
2026-06-21 07:00:00,73.25,73.37,73.2,73.35,7676.087,15
2026-06-21 07:15:00,73.34,73.45,73.2,73.29,8710.457,15
2026-06-21 07:30:00,73.28,73.44,73.07,73.34,140813.747,15
2026-06-21 07:45:00,73.35,73.37,73.11,73.21,9776.485,15
2026-06-21 08:00:00,73.21,73.25,73.06,73.14,11922.197,15
2026-06-21 08:15:00,73.13,73.14,72.96,73.01,20999.876,15
2026-06-21 08:30:00,73.01,73.06,72.75,73.0,37671.661,15
2026-06-21 08:45:00,72.99,73.16,72.9,73.15,26768.733,15
2026-06-21 09:00:00,73.16,73.26,73.08,73.23,13110.954,15
2026-06-21 09:15:00,73.23,73.7,73.21,73.58,35830.136,15
2026-06-21 09:30:00,73.59,74.02,73.59,73.8,39861.784,15
2026-06-21 09:45:00,73.8,74.1,73.74,74.05,34672.832,15
2026-06-21 10:00:00,74.04,74.15,73.87,74.04,29335.662,15
2026-06-21 10:15:00,74.04,74.4,73.97,74.17,34332.012,15
2026-06-21 10:30:00,74.17,74.28,74.03,74.06,19414.692000000003,15
2026-06-21 10:45:00,74.06,74.18,73.87,73.9,22942.676,15
2026-06-21 11:00:00,73.91,74.04,73.73,73.92,11997.395999999999,15
2026-06-21 11:15:00,73.92,73.92,73.36,73.57,26908.04,15
2026-06-21 11:30:00,73.57,73.59,73.28,73.44,15667.242,15
2026-06-21 11:45:00,73.44,73.51,73.07,73.21,20836.331,15
2026-06-21 12:00:00,73.21,73.29,73.1,73.14,40855.96,15
2026-06-21 12:15:00,73.14,73.19,72.93,73.07,50544.444,15
2026-06-21 12:30:00,73.06,73.26,73.01,73.25,20019.462,15
2026-06-21 12:45:00,73.25,73.69,73.19,73.65,24028.325,15
2026-06-21 13:00:00,73.65,73.82,73.56,73.77,41881.627,15
2026-06-21 13:15:00,73.78,73.93,73.7,73.76,29212.579,15
2026-06-21 13:30:00,73.76,73.8,73.47,73.51,24036.185999999998,15
2026-06-21 13:45:00,73.51,73.92,73.49,73.91,21482.286,15
2026-06-21 14:00:00,73.92,73.99,73.78,73.78,20043.273,15
2026-06-21 14:15:00,73.78,73.97,73.63,73.81,23164.946,15
2026-06-21 14:30:00,73.81,74.15,73.77,74.0,54551.318,15
2026-06-21 14:45:00,74.01,74.11,73.81,74.11,16717.22,15
2026-06-21 15:00:00,74.11,74.26,73.99,74.01,22851.291999999998,15
2026-06-21 15:15:00,74.01,74.19,73.91,74.16,14848.456,15
2026-06-21 15:30:00,74.16,74.29,74.05,74.2,16639.772,15
2026-06-21 15:45:00,74.2,74.21,74.01,74.14,11966.627,15
2026-06-21 16:00:00,74.14,74.14,73.85,73.89,17930.416,15
2026-06-21 16:15:00,73.9,74.09,73.86,74.02,14888.079,15
2026-06-21 16:30:00,74.02,74.07,73.8,74.05,10052.989,15
2026-06-21 16:45:00,74.05,74.68,74.05,74.34,48251.555,15
2026-06-21 17:00:00,74.34,74.57,74.19,74.52,22445.235,15
2026-06-21 17:15:00,74.52,74.64,74.27,74.49,22292.868,15
2026-06-21 17:30:00,74.49,74.52,74.04,74.2,29749.679,15
2026-06-21 17:45:00,74.2,74.45,74.2,74.24,20578.06,15
2026-06-21 18:00:00,74.25,74.26,73.86,73.96,30564.246,15
2026-06-21 18:15:00,73.96,74.16,73.96,74.13,11484.722,15
2026-06-21 18:30:00,74.13,74.44,74.04,74.3,32485.543,15
2026-06-21 18:45:00,74.3,74.35,74.12,74.22,24042.877999999997,15
2026-06-21 19:00:00,74.21,74.47,74.11,74.4,16918.758,15
2026-06-21 19:15:00,74.39,74.41,74.23,74.27,9046.749,15
2026-06-21 19:30:00,74.27,74.39,74.21,74.38,6133.311,15
2026-06-21 19:45:00,74.39,74.46,74.33,74.42,5135.524,15
2026-06-21 20:00:00,74.42,74.55,74.18,74.24,12903.911,15
2026-06-21 20:15:00,74.23,74.27,73.98,74.11,8527.015,15
2026-06-21 20:30:00,74.11,74.14,73.85,73.87,14213.272,15
2026-06-21 20:45:00,73.86,73.87,73.34,73.42,44844.832,15
2026-06-21 21:00:00,73.43,73.47,72.42,72.74,69834.306,15
2026-06-21 21:15:00,72.74,73.1,72.46,72.77,39968.76,15
2026-06-21 21:30:00,72.78,73.34,72.76,73.25,29336.894,15
2026-06-21 21:45:00,73.25,73.37,73.04,73.15,11859.151,15
2026-06-21 22:00:00,73.14,73.23,72.9,73.05,32051.535,15
2026-06-21 22:15:00,73.06,73.26,72.96,72.99,15482.842999999999,15
2026-06-21 22:30:00,72.99,72.99,72.63,72.91,17312.124,15
2026-06-21 22:45:00,72.9,73.24,72.86,73.06,8977.354000000001,15
2026-06-21 23:00:00,73.05,73.05,72.71,72.82,18852.813,15
2026-06-21 23:15:00,72.81,73.1,72.74,72.89,16828.635000000002,15
2026-06-21 23:30:00,72.89,72.97,72.31,72.51,52064.210999999996,15
2026-06-21 23:45:00,72.52,72.63,72.41,72.46,20839.035,15
2026-06-22 00:00:00,72.47,72.9,72.46,72.73,25094.035,15
2026-06-22 00:15:00,72.72,73.16,72.68,73.0,18679.052,15
2026-06-22 00:30:00,73.0,73.59,72.94,73.28,34291.857,15
2026-06-22 00:45:00,73.29,73.49,73.03,73.36,25645.697,15
2026-06-22 01:00:00,73.37,73.66,73.27,73.32,18436.248,15
2026-06-22 01:15:00,73.33,74.99,73.33,74.61,99136.52100000001,15
2026-06-22 01:30:00,74.61,74.76,74.11,74.4,47487.712999999996,15
2026-06-22 01:45:00,74.4,74.52,74.3,74.37,26848.531,15
2026-06-22 02:00:00,74.37,74.46,74.0,74.07,21282.026,15
2026-06-22 02:15:00,74.07,74.33,73.99,74.25,26215.049,15
2026-06-22 02:30:00,74.24,74.29,74.05,74.08,14295.986,15
2026-06-22 02:45:00,74.07,74.09,73.77,73.83,20306.105,15
2026-06-22 03:00:00,73.84,73.84,73.29,73.55,25658.532,15
2026-06-22 03:15:00,73.55,74.04,73.55,73.81,18744.061,15
2026-06-22 03:30:00,73.81,74.06,73.7,73.71,25646.512000000002,15
2026-06-22 03:45:00,73.72,73.76,73.38,73.52,25225.715,15
2026-06-22 04:00:00,73.53,73.68,73.36,73.59,22574.629,15
2026-06-22 04:15:00,73.59,73.72,73.53,73.65,9180.137999999999,15
2026-06-22 04:30:00,73.66,73.71,73.45,73.47,43014.578,15
2026-06-22 04:45:00,73.47,73.91,73.46,73.86,13752.833,15
2026-06-22 05:00:00,73.87,74.15,73.8,74.14,19248.256,15
2026-06-22 05:15:00,74.13,74.15,74.01,74.04,11056.572,15
2026-06-22 05:30:00,74.05,74.14,73.97,74.03,14443.723,15
2026-06-22 05:45:00,74.03,74.03,73.87,73.95,14535.017000000002,15
2026-06-22 06:00:00,73.96,74.21,73.83,74.02,14575.528,15
2026-06-22 06:15:00,74.02,74.1,73.81,73.86,14111.284,15
2026-06-22 06:30:00,73.86,73.86,73.61,73.69,19126.485,15
2026-06-22 06:45:00,73.68,73.78,73.56,73.71,13398.996,15
2026-06-22 07:00:00,73.72,74.3,73.67,74.2,19928.005,15
2026-06-22 07:15:00,74.19,74.39,74.14,74.32,20831.024999999998,15
2026-06-22 07:30:00,74.31,74.48,74.18,74.19,20284.623,15
2026-06-22 07:45:00,74.2,74.24,74.03,74.1,23902.793999999998,15
2026-06-22 08:00:00,74.1,74.33,74.0,74.33,23114.061,15
2026-06-22 08:15:00,74.32,74.32,73.99,74.01,15873.353,15
2026-06-22 08:30:00,74.01,74.04,73.71,74.03,22434.376,15
2026-06-22 08:45:00,74.04,74.1,73.82,73.9,18350.759,15
2026-06-22 09:00:00,73.89,74.03,73.82,73.91,19662.46,15
2026-06-22 09:15:00,73.92,73.95,73.67,73.7,16750.763,15
2026-06-22 09:30:00,73.69,73.83,73.57,73.77,16601.284,15
2026-06-22 09:45:00,73.77,73.88,73.7,73.8,8822.078,15
2026-06-22 10:00:00,73.79,74.01,73.71,73.89,14845.764,15
2026-06-22 10:15:00,73.9,73.96,73.66,73.68,11985.768,15
2026-06-22 10:30:00,73.67,73.79,73.6,73.63,13274.894,15
2026-06-22 10:45:00,73.63,73.89,73.63,73.78,10543.704,15
2026-06-22 11:00:00,73.77,74.21,73.66,73.97,54456.891,15
2026-06-22 11:15:00,73.98,74.08,73.64,73.88,75798.621,15
2026-06-22 11:30:00,73.89,74.44,73.88,74.22,48719.186,15
2026-06-22 11:45:00,74.21,74.41,74.04,74.17,71358.507,15
2026-06-22 12:00:00,74.18,74.33,74.0,74.16,64973.066,15
2026-06-22 12:15:00,74.15,74.4,74.0,74.37,42457.820999999996,15
2026-06-22 12:30:00,74.37,74.56,74.16,74.41,35412.988,15
2026-06-22 12:45:00,74.42,74.56,74.25,74.41,30837.848,15
2026-06-22 13:00:00,74.42,74.56,74.27,74.44,36010.777,15
2026-06-22 13:15:00,74.44,74.54,74.24,74.32,28747.401,15
2026-06-22 13:30:00,74.33,74.87,74.26,74.69,81177.731,15
2026-06-22 13:45:00,74.69,74.98,74.66,74.98,45800.934,15
2026-06-22 14:00:00,74.97,75.0,74.24,74.33,39525.009,15
2026-06-22 14:15:00,74.34,74.36,73.74,73.77,58971.573000000004,15
2026-06-22 14:30:00,73.77,73.83,73.37,73.42,59181.519,15
2026-06-22 14:45:00,73.42,73.68,73.19,73.44,63531.028999999995,15
2026-06-22 15:00:00,73.45,73.72,73.24,73.65,32524.449,15
2026-06-22 15:15:00,73.64,73.75,73.43,73.69,25416.877,15
2026-06-22 15:30:00,73.7,73.8,73.48,73.51,26779.958,15
2026-06-22 15:45:00,73.51,73.56,72.98,73.14,47348.532999999996,15
2026-06-22 16:00:00,73.15,73.21,72.69,72.76,52350.337,15
2026-06-22 16:15:00,72.77,72.96,72.61,72.8,25869.657,15
2026-06-22 16:30:00,72.79,72.79,72.55,72.72,29172.805,15
2026-06-22 16:45:00,72.73,73.06,72.63,72.95,19442.965,15
2026-06-22 17:00:00,72.95,73.03,72.83,72.98,8374.899,15
2026-06-22 17:15:00,72.98,73.03,72.77,72.78,14340.713,15
2026-06-22 17:30:00,72.78,72.93,72.63,72.92,18478.338,15
2026-06-22 17:45:00,72.92,73.34,72.91,73.28,18571.834,15
2026-06-22 18:00:00,73.28,73.53,73.27,73.48,12564.946,15
2026-06-22 18:15:00,73.49,73.57,73.3,73.36,19234.485,15
2026-06-22 18:30:00,73.37,73.42,73.27,73.28,13319.97,15
2026-06-22 18:45:00,73.29,73.32,72.58,72.64,59051.632999999994,15
2026-06-22 19:00:00,72.64,72.74,72.52,72.67,25135.418999999998,15
2026-06-22 19:15:00,72.68,72.81,72.45,72.63,29836.331000000002,15
2026-06-22 19:30:00,72.64,72.81,72.6,72.74,11254.545,15
2026-06-22 19:45:00,72.74,72.8,72.56,72.71,20130.6,15
2026-06-22 20:00:00,72.71,72.97,72.69,72.79,15070.053,15
2026-06-22 20:15:00,72.79,72.82,72.49,72.62,12220.37,15
2026-06-22 20:30:00,72.63,72.83,72.62,72.82,5782.63,15
2026-06-22 20:45:00,72.82,72.86,72.62,72.83,6983.098,15
2026-06-22 21:00:00,72.82,72.89,72.73,72.81,8262.315,15
2026-06-22 21:15:00,72.81,72.83,72.59,72.69,7901.902,15
2026-06-22 21:30:00,72.69,72.69,72.28,72.37,21921.436999999998,15
2026-06-22 21:45:00,72.37,72.73,72.37,72.73,9160.176,15
2026-06-22 22:00:00,72.74,72.96,72.64,72.75,9442.776,15
2026-06-22 22:15:00,72.74,72.79,71.37,71.87,71940.475,15
2026-06-22 22:30:00,71.88,72.04,71.59,71.73,36602.573000000004,15
2026-06-22 22:45:00,71.74,72.15,71.7,72.11,16418.287,15
2026-06-22 23:00:00,72.11,72.16,71.96,72.03,14033.993,15
2026-06-22 23:15:00,72.03,72.17,71.92,72.1,11734.893,15
2026-06-22 23:30:00,72.09,72.11,71.93,71.97,6445.019,15
2026-06-22 23:45:00,71.96,72.03,71.82,71.95,7926.485000000001,15
2026-06-23 00:00:00,71.95,72.01,71.79,71.85,15825.837000000001,15
2026-06-23 00:15:00,71.85,71.9,71.46,71.49,18420.968,15
2026-06-23 00:30:00,71.49,71.87,71.46,71.86,21821.952,15
2026-06-23 00:45:00,71.87,71.92,71.65,71.88,13204.686,15
2026-06-23 01:00:00,71.89,72.04,71.81,71.86,14593.633,15
2026-06-23 01:15:00,71.86,72.02,71.84,71.89,8770.578,15
2026-06-23 01:30:00,71.89,72.01,71.6,71.68,18326.695,15
2026-06-23 01:45:00,71.68,71.79,71.31,71.72,24429.503,15
2026-06-23 02:00:00,71.71,71.8,71.54,71.76,15158.147,15
2026-06-23 02:15:00,71.75,72.01,71.75,71.9,15641.517,15
2026-06-23 02:30:00,71.9,72.02,71.86,71.97,10194.368999999999,15
2026-06-23 02:45:00,71.96,72.06,71.89,72.0,17276.98,15
2026-06-23 03:00:00,71.99,72.01,71.73,71.8,15361.351,15
2026-06-23 03:15:00,71.79,71.96,71.75,71.93,10183.190999999999,15
2026-06-23 03:30:00,71.92,71.93,71.75,71.86,9663.878,15
2026-06-23 03:45:00,71.85,72.0,71.85,72.0,8763.708,15
2026-06-23 04:00:00,71.99,72.03,71.79,71.93,8775.922,15
2026-06-23 04:15:00,71.93,71.95,71.68,71.95,9678.116,15
2026-06-23 04:30:00,71.94,71.98,71.76,71.8,10435.401,15
2026-06-23 04:45:00,71.8,71.82,71.37,71.45,21510.837,15
2026-06-23 05:00:00,71.46,71.6,71.35,71.46,13922.866,15
2026-06-23 05:15:00,71.46,71.54,71.03,71.19,26371.428,15
2026-06-23 05:30:00,71.19,71.2,70.9,71.17,24261.506999999998,15
2026-06-23 05:45:00,71.17,71.19,70.93,71.02,17271.203,15
2026-06-23 06:00:00,71.03,71.07,70.57,70.79,37764.857,15
2026-06-23 06:15:00,70.79,70.86,69.68,70.0,131761.611,15
2026-06-23 06:30:00,70.0,70.29,69.83,70.17,41232.441,15
2026-06-23 06:45:00,70.18,70.4,70.14,70.33,16120.18,15
2026-06-23 07:00:00,70.33,70.55,70.29,70.51,34872.362,15
2026-06-23 07:15:00,70.51,70.56,70.27,70.45,52044.121,15
2026-06-23 07:30:00,70.45,70.47,70.14,70.14,37064.626,15
2026-06-23 07:45:00,70.15,70.27,69.97,70.01,23940.545,15
2026-06-23 08:00:00,70.01,70.11,68.94,69.12,105556.72899999999,15
2026-06-23 08:15:00,69.12,69.12,68.16,68.37,160716.366,15
2026-06-23 08:30:00,68.37,68.94,68.36,68.79,59763.062,15
2026-06-23 08:45:00,68.79,68.79,68.56,68.7,28204.602,15
2026-06-23 09:00:00,68.71,68.99,68.68,68.84,39385.519,15
2026-06-23 09:15:00,68.85,69.03,68.84,68.98,24491.66,15
2026-06-23 09:30:00,68.99,69.03,68.75,68.88,29740.708,15
2026-06-23 09:45:00,68.87,69.06,68.83,68.93,21445.288,15
2026-06-23 10:00:00,68.93,69.22,68.92,68.99,17879.967,15
2026-06-23 10:15:00,68.99,69.04,68.89,68.92,9689.528,15
2026-06-23 10:30:00,68.92,68.98,68.69,68.71,17323.016,15
2026-06-23 10:45:00,68.71,68.84,68.61,68.82,21397.347,15
2026-06-23 11:00:00,68.82,69.0,68.82,68.97,11573.125,15
2026-06-23 11:15:00,68.98,69.31,68.94,69.18,38905.423,15
2026-06-23 11:30:00,69.18,69.32,69.14,69.23,22546.09,15
2026-06-23 11:45:00,69.23,69.38,69.09,69.33,15588.565,15
2026-06-23 12:00:00,69.33,69.38,69.12,69.2,14744.256,15
2026-06-23 12:15:00,69.2,69.25,69.05,69.19,13622.565,15
2026-06-23 12:30:00,69.2,69.34,69.06,69.14,25404.442,15
2026-06-23 12:45:00,69.14,69.15,68.87,68.98,22621.518,15
2026-06-23 13:00:00,68.98,69.01,68.77,68.97,19819.068,15
2026-06-23 13:15:00,68.97,68.97,68.68,68.82,22676.137,15
2026-06-23 13:30:00,68.81,69.37,68.64,69.0,71420.804,15
2026-06-23 13:45:00,68.99,69.31,68.83,69.2,33174.507,15
2026-06-23 14:00:00,69.2,69.53,69.08,69.52,37688.826,15
2026-06-23 14:15:00,69.52,69.68,69.12,69.32,34091.438,15
2026-06-23 14:30:00,69.32,69.61,69.15,69.27,21992.09,15
2026-06-23 14:45:00,69.28,69.4,69.06,69.2,26612.626,15
2026-06-23 15:00:00,69.2,69.2,68.71,68.86,22643.462,15
2026-06-23 15:15:00,68.85,68.86,68.54,68.62,21994.21,15
2026-06-23 15:30:00,68.63,69.03,68.63,68.71,21258.016,15
2026-06-23 15:45:00,68.71,68.93,68.4,68.92,21778.216,15
2026-06-23 16:00:00,68.93,69.41,68.81,69.26,49638.953,15
2026-06-23 16:15:00,69.27,69.31,69.0,69.08,18670.519,15
2026-06-23 16:30:00,69.08,69.16,68.98,69.02,13688.494,15
2026-06-23 16:45:00,69.03,69.11,68.83,68.9,15345.693,15
2026-06-23 17:00:00,68.89,68.89,68.64,68.72,10248.979,15
2026-06-23 17:15:00,68.72,69.12,68.72,69.08,8599.512,15
2026-06-23 17:30:00,69.08,69.19,68.86,68.9,7909.5740000000005,15
2026-06-23 17:45:00,68.9,68.97,68.66,68.78,10812.781,15
2026-06-23 18:00:00,68.78,68.95,68.69,68.89,6513.664,15
2026-06-23 18:15:00,68.89,69.05,68.8,68.94,12608.436000000002,15
2026-06-23 18:30:00,68.95,68.95,68.7,68.74,13070.386,15
2026-06-23 18:45:00,68.75,68.95,68.7,68.91,11724.642,15
2026-06-23 19:00:00,68.9,69.11,68.86,68.94,7564.813,15
2026-06-23 19:15:00,68.94,68.98,68.76,68.96,11753.903,15
2026-06-23 19:30:00,68.96,69.03,68.75,68.75,13333.271,15
2026-06-23 19:45:00,68.76,69.05,68.73,68.84,15616.365,15
2026-06-23 20:00:00,68.84,69.06,68.83,68.95,7624.734,15
2026-06-23 20:15:00,68.95,69.06,68.92,69.0,7975.376,15
2026-06-23 20:30:00,69.0,69.06,68.93,68.96,7981.28,15
2026-06-23 20:45:00,68.95,69.02,68.85,69.01,9769.172999999999,15
2026-06-23 21:00:00,69.02,69.2,68.97,69.15,14250.249,15
2026-06-23 21:15:00,69.16,69.25,69.06,69.24,9123.223,15
2026-06-23 21:30:00,69.25,69.31,69.21,69.28,13748.428,15
2026-06-23 21:45:00,69.27,69.29,69.23,69.27,7150.629,15
2026-06-23 22:00:00,69.27,69.74,69.26,69.68,22928.154000000002,15
2026-06-23 22:15:00,69.69,69.84,69.35,69.46,14917.689,15
2026-06-23 22:30:00,69.46,69.6,69.37,69.46,10220.606,15
2026-06-23 22:45:00,69.47,69.6,69.43,69.56,10509.129,15
2026-06-23 23:00:00,69.56,69.56,69.31,69.37,11126.132,15
2026-06-23 23:15:00,69.37,69.62,69.37,69.52,7140.358,15
2026-06-23 23:30:00,69.52,69.61,69.4,69.43,7603.568,15
2026-06-23 23:45:00,69.43,69.82,69.43,69.71,12936.38,15
2026-06-24 00:00:00,69.7,69.96,69.59,69.94,15548.846,15
2026-06-24 00:15:00,69.94,70.0,69.8,69.86,14744.44,15
2026-06-24 00:30:00,69.87,70.14,69.81,70.03,15608.249,15
2026-06-24 00:45:00,70.03,70.13,69.84,69.99,16420.814,15
2026-06-24 01:00:00,70.0,70.07,69.69,69.98,17668.991,15
2026-06-24 01:15:00,69.99,69.99,69.67,69.97,12386.741,15
2026-06-24 01:30:00,69.97,70.41,69.97,70.17,34169.573,15
2026-06-24 01:45:00,70.16,70.33,70.08,70.09,16417.165,15
2026-06-24 02:00:00,70.09,70.15,69.83,69.92,30651.249,15
2026-06-24 02:15:00,69.92,69.92,69.56,69.73,15165.015,15
2026-06-24 02:30:00,69.73,69.81,69.5,69.66,13155.977,15
2026-06-24 02:45:00,69.66,69.68,69.43,69.46,12614.281,15
2026-06-24 03:00:00,69.46,69.52,69.31,69.36,13122.007,15
2026-06-24 03:15:00,69.37,69.37,69.1,69.36,11337.126,15
2026-06-24 03:30:00,69.35,69.77,69.35,69.72,13330.015,15
2026-06-24 03:45:00,69.73,69.75,69.55,69.56,11398.766,15
2026-06-24 04:00:00,69.57,69.62,69.42,69.5,13070.473,15
2026-06-24 04:15:00,69.5,69.59,69.0,69.15,14989.21,15
2026-06-24 04:30:00,69.15,69.41,69.12,69.33,9601.788999999999,15
2026-06-24 04:45:00,69.33,69.7,69.33,69.58,14947.534,15
2026-06-24 05:00:00,69.59,69.82,69.52,69.72,14087.843,15
2026-06-24 05:15:00,69.72,70.0,69.7,69.99,16953.121,15
2026-06-24 05:30:00,69.99,70.22,69.92,70.04,27379.801,15
2026-06-24 05:45:00,70.04,70.08,69.88,69.95,11472.309,15
2026-06-24 06:00:00,69.95,69.99,69.75,69.93,20942.071,15
2026-06-24 06:15:00,69.94,70.04,69.85,69.92,18985.448,15
2026-06-24 06:30:00,69.93,70.02,69.76,69.76,11248.196,15
2026-06-24 06:45:00,69.76,69.84,69.7,69.75,12330.833,15
2026-06-24 07:00:00,69.75,69.79,69.54,69.7,20020.2,15
2026-06-24 07:15:00,69.7,69.71,69.54,69.56,13599.393,15
2026-06-24 07:30:00,69.56,69.66,69.43,69.53,14799.555,15
2026-06-24 07:45:00,69.53,69.55,69.28,69.38,17458.609,15
2026-06-24 08:00:00,69.38,69.49,69.25,69.36,21495.089,15
2026-06-24 08:15:00,69.37,69.45,69.26,69.43,13633.949,15
2026-06-24 08:30:00,69.44,69.63,69.41,69.51,15603.43,15
2026-06-24 08:45:00,69.51,69.52,69.38,69.48,11808.894,15
2026-06-24 09:00:00,69.48,69.55,69.29,69.39,35723.503,15
2026-06-24 09:15:00,69.39,69.53,69.32,69.32,23735.514,15
2026-06-24 09:30:00,69.33,69.37,69.24,69.29,26219.759000000002,15
2026-06-24 09:45:00,69.28,69.37,69.2,69.31,11917.621000000001,15
2026-06-24 10:00:00,69.31,69.35,69.11,69.25,15348.888,15
2026-06-24 10:15:00,69.26,69.26,68.96,69.13,16613.547,15
2026-06-24 10:30:00,69.14,69.27,69.08,69.22,14412.162,15
2026-06-24 10:45:00,69.21,69.22,68.99,69.05,17272.370000000003,15
2026-06-24 11:00:00,69.05,69.18,68.86,68.88,24888.382,15
2026-06-24 11:15:00,68.89,68.96,68.77,68.88,14362.971,15
2026-06-24 11:30:00,68.88,69.56,68.88,69.53,25780.307999999997,15
2026-06-24 11:45:00,69.52,70.44,69.47,69.82,51120.626,15
2026-06-24 12:00:00,69.82,69.91,69.67,69.84,22849.37,15
2026-06-24 12:15:00,69.84,69.93,69.62,69.76,19010.985,15
2026-06-24 12:30:00,69.76,69.83,69.61,69.76,8554.469000000001,15
2026-06-24 12:45:00,69.76,69.78,69.41,69.46,14109.443,15
2026-06-24 13:00:00,69.46,69.5,68.6,68.74,43829.301,15
2026-06-24 13:15:00,68.75,69.01,68.37,69.0,60793.222,15
2026-06-24 13:30:00,68.99,69.47,68.63,68.78,75247.597,15
2026-06-24 13:45:00,68.77,69.33,68.66,68.88,70507.145,15
2026-06-24 14:00:00,68.87,69.18,68.7,69.0,57789.912000000004,15
2026-06-24 14:15:00,69.0,69.1,68.59,69.03,54056.945,15
2026-06-24 14:30:00,69.03,69.43,68.78,69.07,39676.847,15
2026-06-24 14:45:00,69.07,69.18,68.74,68.85,23393.773,15
2026-06-24 15:00:00,68.86,68.9,68.3,68.38,26033.947,15
2026-06-24 15:15:00,68.38,68.69,68.3,68.45,17871.722,15
2026-06-24 15:30:00,68.46,68.47,67.67,67.76,67671.939,15
2026-06-24 15:45:00,67.76,67.78,67.24,67.33,66871.729,15
2026-06-24 16:00:00,67.32,67.73,67.29,67.69,69703.355,15
2026-06-24 16:15:00,67.68,68.03,67.2,67.81,206512.013,15
2026-06-24 16:30:00,67.81,67.9,67.23,67.36,80344.39,15
2026-06-24 16:45:00,67.36,67.36,66.28,66.52,211894.278,15
2026-06-24 17:00:00,66.52,66.92,66.22,66.38,55760.157,15
2026-06-24 17:15:00,66.38,66.44,65.2,65.59,142450.356,15
2026-06-24 17:30:00,65.59,65.72,65.22,65.29,69617.044,15
2026-06-24 17:45:00,65.28,65.36,64.71,64.98,141804.498,15
2026-06-24 18:00:00,64.98,65.51,64.83,65.5,57645.408,15
2026-06-24 18:15:00,65.51,66.5,65.51,66.2,102929.687,15
2026-06-24 18:30:00,66.2,66.3,65.94,66.05,45732.483,15
2026-06-24 18:45:00,66.04,66.17,65.8,66.03,25690.055,15
2026-06-24 19:00:00,66.04,66.39,65.63,65.77,36250.301999999996,15
2026-06-24 19:15:00,65.77,65.99,65.54,65.92,24084.572,15
2026-06-24 19:30:00,65.91,66.03,65.76,65.83,17983.427,15
2026-06-24 19:45:00,65.83,66.25,65.73,66.13,49711.155,15
2026-06-24 20:00:00,66.13,67.45,65.98,67.26,105548.093,15
2026-06-24 20:15:00,67.25,67.66,67.14,67.49,62038.644,15
2026-06-24 20:30:00,67.5,67.66,67.3,67.51,44321.756,15
2026-06-24 20:45:00,67.52,68.01,67.52,67.68,58599.048,15
2026-06-24 21:00:00,67.69,67.73,67.24,67.32,59595.545,15
2026-06-24 21:15:00,67.31,67.58,67.22,67.57,17372.842,15
2026-06-24 21:30:00,67.56,67.94,67.44,67.84,28828.243,15
2026-06-24 21:45:00,67.83,68.12,67.78,68.09,17711.564,15
2026-06-24 22:00:00,68.08,68.55,68.02,68.07,31011.174,15
2026-06-24 22:15:00,68.06,68.08,67.81,67.87,14090.633,15
2026-06-24 22:30:00,67.87,68.02,67.74,67.92,16742.779,15
2026-06-24 22:45:00,67.93,67.94,67.69,67.83,7872.932,15
2026-06-24 23:00:00,67.84,67.93,67.76,67.88,6474.013,15
2026-06-24 23:15:00,67.89,68.2,67.84,68.0,13789.278,15
2026-06-24 23:30:00,67.99,68.12,67.94,68.05,12728.418999999998,15
2026-06-24 23:45:00,68.05,68.17,67.86,68.11,9998.387,15
2026-06-25 00:00:00,68.12,68.32,68.01,68.2,16154.321,15
2026-06-25 00:15:00,68.2,68.2,67.89,67.94,12538.786,15
2026-06-25 00:30:00,67.94,67.99,67.77,67.79,14815.22,15
2026-06-25 00:45:00,67.79,67.92,67.57,67.72,18296.91,15
2026-06-25 01:00:00,67.72,67.79,67.48,67.51,22860.397,15
2026-06-25 01:15:00,67.52,67.76,67.4,67.64,11952.307999999999,15
2026-06-25 01:30:00,67.64,67.84,67.61,67.76,27938.219,15
2026-06-25 01:45:00,67.77,68.01,67.75,67.89,12853.328000000001,15
2026-06-25 02:00:00,67.89,67.94,67.66,67.69,12606.99,15
2026-06-25 02:15:00,67.68,67.9,67.61,67.88,7828.4039999999995,15
2026-06-25 02:30:00,67.88,67.9,67.64,67.67,5752.7029999999995,15
2026-06-25 02:45:00,67.67,67.76,67.62,67.74,9298.875,15
2026-06-25 03:00:00,67.75,67.87,67.59,67.61,10050.462,15
2026-06-25 03:15:00,67.61,67.7,67.47,67.66,10985.034,15
2026-06-25 03:30:00,67.65,67.76,67.48,67.52,20357.093,15
2026-06-25 03:45:00,67.52,67.73,67.51,67.7,18888.341,15
2026-06-25 04:00:00,67.7,67.73,67.58,67.61,11681.564,15
2026-06-25 04:15:00,67.6,67.7,67.57,67.63,5692.282,15
2026-06-25 04:30:00,67.63,67.83,67.5,67.83,8077.042,15
2026-06-25 04:45:00,67.84,68.51,67.83,68.46,57908.508,15
2026-06-25 05:00:00,68.47,69.14,68.35,69.02,88310.456,15
2026-06-25 05:15:00,69.02,69.27,68.83,69.07,40837.937,15
2026-06-25 05:30:00,69.07,69.31,68.94,68.95,36100.467000000004,15
2026-06-25 05:45:00,68.95,69.18,68.95,69.04,28303.142,15
2026-06-25 06:00:00,69.03,69.3,69.01,69.19,39100.545,15
2026-06-25 06:15:00,69.2,69.66,69.19,69.26,56596.311,15
2026-06-25 06:30:00,69.25,69.48,69.23,69.42,18084.584,15
2026-06-25 06:45:00,69.42,69.63,69.4,69.47,18743.163,15
2026-06-25 07:00:00,69.48,69.58,69.24,69.34,33408.592000000004,15
2026-06-25 07:15:00,69.34,69.53,69.3,69.36,14315.097,15
2026-06-25 07:30:00,69.36,69.53,69.34,69.45,23903.268,15
2026-06-25 07:45:00,69.45,69.5,69.27,69.45,18425.7,15
2026-06-25 08:00:00,69.44,69.45,69.23,69.23,15519.661,15
2026-06-25 08:15:00,69.23,69.26,69.02,69.13,25250.371,15
2026-06-25 08:30:00,69.13,69.21,68.99,69.18,28103.588,15
2026-06-25 08:45:00,69.18,69.24,68.99,69.05,13767.953000000001,15
2026-06-25 09:00:00,69.06,69.19,69.04,69.14,11125.201000000001,15
2026-06-25 09:15:00,69.13,69.18,68.85,68.96,15122.817000000001,15
2026-06-25 09:30:00,68.96,69.06,68.85,68.95,9384.414999999999,15
2026-06-25 09:45:00,68.95,69.01,68.8,68.83,11930.188,15
2026-06-25 10:00:00,68.83,68.87,68.75,68.83,10325.616,15
2026-06-25 10:15:00,68.83,68.88,68.53,68.55,25233.89,15
2026-06-25 10:30:00,68.56,68.61,68.3,68.31,38078.954,15
2026-06-25 10:45:00,68.31,68.4,68.13,68.29,23485.095,15
2026-06-25 11:00:00,68.3,68.39,68.0,68.37,35283.327,15
2026-06-25 11:15:00,68.37,68.44,68.1,68.11,29745.625,15
2026-06-25 11:30:00,68.12,68.36,68.12,68.2,23698.744,15
2026-06-25 11:45:00,68.2,68.22,68.01,68.18,13936.151,15
2026-06-25 12:00:00,68.18,68.29,68.07,68.14,31362.701,15
2026-06-25 12:15:00,68.13,68.18,67.79,67.87,16616.935,15
2026-06-25 12:30:00,67.87,68.92,67.87,68.37,99728.701,15
2026-06-25 12:45:00,68.37,68.52,68.19,68.29,19942.094,15
2026-06-25 13:00:00,68.29,68.45,68.11,68.36,32108.146,15
2026-06-25 13:15:00,68.35,68.42,68.16,68.2,31197.03,15
2026-06-25 13:30:00,68.19,68.42,66.51,66.52,157819.422,15
2026-06-25 13:45:00,66.52,66.77,64.04,64.23,349748.1,15
2026-06-25 14:00:00,64.23,66.4,64.23,65.89,280387.10599999997,15
2026-06-25 14:15:00,65.88,66.25,65.26,65.75,118334.245,15
2026-06-25 14:30:00,65.74,67.24,65.56,66.13,150712.049,15
2026-06-25 14:45:00,66.13,66.76,65.96,66.36,56774.023,15
2026-06-25 15:00:00,66.37,66.39,65.69,65.76,57518.094,15
2026-06-25 15:15:00,65.76,66.04,65.24,65.91,99402.892,15
2026-06-25 15:30:00,65.91,66.25,65.65,65.79,32629.563,15
2026-06-25 15:45:00,65.79,66.39,65.75,66.32,35388.155,15
2026-06-25 16:00:00,66.32,67.05,66.28,66.65,50687.57,15
2026-06-25 16:15:00,66.66,66.74,66.51,66.71,20912.322,15
2026-06-25 16:30:00,66.7,66.7,65.99,66.03,30389.277,15
2026-06-25 16:45:00,66.04,66.05,65.65,65.98,81528.825,15
2026-06-25 17:00:00,65.98,66.51,65.82,66.44,20306.043,15
2026-06-25 17:15:00,66.45,67.35,66.45,67.32,55051.111000000004,15
2026-06-25 17:30:00,67.31,67.35,66.91,66.92,48726.365,15
2026-06-25 17:45:00,66.91,67.13,66.7,67.13,52405.937,15
2026-06-25 18:00:00,67.12,67.16,66.06,66.07,72830.6,15
2026-06-25 18:15:00,66.08,66.7,66.06,66.56,68731.889,15
2026-06-25 18:30:00,66.56,66.56,65.98,66.09,43871.051,15
2026-06-25 18:45:00,66.09,66.31,65.91,66.18,28078.637,15
2026-06-25 19:00:00,66.19,66.21,65.76,65.83,23990.976,15
2026-06-25 19:15:00,65.82,66.01,65.65,65.99,33696.109,15
2026-06-25 19:30:00,65.99,66.22,65.98,66.09,14669.392,15
2026-06-25 19:45:00,66.09,66.21,65.88,66.2,30869.843,15
2026-06-25 20:00:00,66.19,66.64,66.15,66.48,38396.113,15
2026-06-25 20:15:00,66.48,66.8,66.48,66.72,29006.150999999998,15
2026-06-25 20:30:00,66.72,66.74,66.32,66.46,19522.331,15
2026-06-25 20:45:00,66.45,66.45,66.08,66.27,12838.925,15
2026-06-25 21:00:00,66.28,66.53,66.27,66.49,15201.628999999999,15
2026-06-25 21:15:00,66.5,66.86,66.38,66.83,12047.502,15
2026-06-25 21:30:00,66.82,67.22,66.74,66.95,26799.731,15
2026-06-25 21:45:00,66.95,67.31,66.92,67.28,15725.702,15
2026-06-25 22:00:00,67.28,67.35,66.94,66.95,28256.934999999998,15
2026-06-25 22:15:00,66.96,67.16,66.96,67.07,10954.175,15
2026-06-25 22:30:00,67.07,67.27,67.05,67.2,18753.823,15
2026-06-25 22:45:00,67.2,67.29,67.08,67.15,13150.276,15
2026-06-25 23:00:00,67.16,67.27,67.0,67.19,10202.723,15
2026-06-25 23:15:00,67.19,68.5,67.18,68.34,64396.693,15
2026-06-25 23:30:00,68.34,68.81,67.81,67.95,64243.532999999996,15
2026-06-25 23:45:00,67.94,67.95,67.58,67.72,28332.191,15
2026-06-26 00:00:00,67.72,67.9,67.62,67.9,30534.145,15
2026-06-26 00:15:00,67.89,68.1,67.7,67.93,23576.694,15
2026-06-26 00:30:00,67.93,68.09,67.76,67.93,14096.05,15
2026-06-26 00:45:00,67.93,67.98,67.66,67.74,17485.316,15
2026-06-26 01:00:00,67.74,67.91,67.47,67.6,25510.647,15
2026-06-26 01:15:00,67.6,67.81,67.21,67.21,52222.427,15
2026-06-26 01:30:00,67.21,67.38,67.14,67.34,19991.71,15
2026-06-26 01:45:00,67.34,67.48,67.2,67.32,15813.716,15
2026-06-26 02:00:00,67.32,67.36,66.03,66.14,65240.411,15
2026-06-26 02:15:00,66.15,66.71,65.93,66.66,67876.401,15
2026-06-26 02:30:00,66.66,66.81,66.35,66.62,48187.248999999996,15
2026-06-26 02:45:00,66.63,66.63,66.03,66.2,30939.549,15
2026-06-26 03:00:00,66.21,67.13,65.91,66.96,76011.284,15
2026-06-26 03:15:00,66.95,67.05,66.53,66.85,41206.702,15
2026-06-26 03:30:00,66.84,67.6,66.64,67.57,56106.373999999996,15
2026-06-26 03:45:00,67.56,68.5,67.5,68.21,99890.585,15
2026-06-26 04:00:00,68.22,68.28,67.98,68.01,36971.8,15
2026-06-26 04:15:00,68.01,68.38,67.97,68.1,28321.399,15
2026-06-26 04:30:00,68.11,68.15,67.99,68.15,21675.231,15
2026-06-26 04:45:00,68.15,68.16,67.96,68.06,27316.078,15
2026-06-26 05:00:00,68.07,68.21,67.97,68.2,20032.576,15
2026-06-26 05:15:00,68.21,68.4,68.02,68.3,21677.594,15
2026-06-26 05:30:00,68.3,68.47,68.24,68.25,36171.026,15
2026-06-26 05:45:00,68.25,68.44,68.11,68.38,21496.443,15
2026-06-26 06:00:00,68.37,68.37,68.01,68.11,42584.999,15
2026-06-26 06:15:00,68.11,69.4,68.11,69.2,157756.489,15
2026-06-26 06:30:00,69.21,69.81,69.03,69.77,77757.113,15
2026-06-26 06:45:00,69.77,70.01,69.52,69.99,69077.79800000001,15
2026-06-26 07:00:00,70.0,70.8,69.93,70.61,178629.213,15
2026-06-26 07:15:00,70.6,70.77,70.36,70.52,59308.351,15
2026-06-26 07:30:00,70.51,70.99,70.46,70.65,50997.786,15
2026-06-26 07:45:00,70.64,70.83,70.58,70.77,37972.151,15
2026-06-26 08:00:00,70.78,70.88,69.96,70.01,77652.857,15
2026-06-26 08:15:00,70.02,70.15,69.83,69.91,54062.059,15
2026-06-26 08:30:00,69.92,69.98,69.72,69.88,25541.665,15
2026-06-26 08:45:00,69.88,70.13,69.72,69.94,47249.083,15
2026-06-26 09:00:00,69.95,69.95,69.54,69.8,30701.068,15
2026-06-26 09:15:00,69.8,69.9,69.68,69.8,27851.836,15
2026-06-26 09:30:00,69.8,69.9,69.55,69.58,45911.071,15
2026-06-26 09:45:00,69.59,69.63,68.85,69.01,57878.885,15
2026-06-26 10:00:00,69.01,69.2,68.91,69.07,19584.248,15
2026-06-26 10:15:00,69.07,69.23,69.0,69.16,12929.391,15
2026-06-26 10:30:00,69.16,69.25,68.7,68.95,19210.51,15
2026-06-26 10:45:00,68.96,69.04,68.64,68.78,16399.985,15
2026-06-26 11:00:00,68.78,69.1,68.68,68.79,17929.042,15
2026-06-26 11:15:00,68.79,68.79,68.54,68.59,15873.768,15
2026-06-26 11:30:00,68.59,68.76,68.57,68.64,13645.951000000001,15
2026-06-26 11:45:00,68.63,68.67,68.39,68.61,20794.351,15
2026-06-26 12:00:00,68.61,68.95,68.6,68.86,18819.689000000002,15
2026-06-26 12:15:00,68.86,69.3,68.81,69.27,33064.211,15
2026-06-26 12:30:00,69.27,69.74,68.37,68.6,47015.307,15
2026-06-26 12:45:00,68.6,69.19,68.51,68.87,31825.056,15
2026-06-26 13:00:00,68.87,69.32,68.64,68.94,35442.435,15
2026-06-26 13:15:00,68.93,69.04,68.19,68.79,56385.064,15
2026-06-26 13:30:00,68.79,69.68,68.66,69.65,76962.191,15
2026-06-26 13:45:00,69.65,70.94,69.44,70.71,100839.965,15
2026-06-26 14:00:00,70.71,71.26,70.24,71.0,103744.473,15
2026-06-26 14:15:00,70.99,71.99,70.83,71.71,105751.16900000001,15
2026-06-26 14:30:00,71.71,71.89,70.71,70.75,106106.272,15
2026-06-26 14:45:00,70.76,71.17,70.39,70.46,64077.34,15
2026-06-26 15:00:00,70.47,71.43,70.31,70.82,44590.422,15
2026-06-26 15:15:00,70.82,71.87,70.75,71.44,63767.418999999994,15
2026-06-26 15:30:00,71.44,72.24,71.43,72.13,81763.653,15
2026-06-26 15:45:00,72.14,72.16,71.56,72.07,70426.614,15
2026-06-26 16:00:00,72.06,73.53,72.06,72.44,145004.074,15
2026-06-26 16:15:00,72.45,72.71,72.01,72.23,61032.876000000004,15
2026-06-26 16:30:00,72.24,73.23,72.24,72.59,70638.652,15
2026-06-26 16:45:00,72.6,72.9,72.45,72.48,55572.444,15
2026-06-26 17:00:00,72.49,72.88,72.39,72.76,38384.283,15
2026-06-26 17:15:00,72.76,72.78,72.18,72.62,45968.314,15
2026-06-26 17:30:00,72.61,72.8,72.25,72.6,35722.539000000004,15
2026-06-26 17:45:00,72.61,72.82,72.5,72.56,21945.925,15
2026-06-26 18:00:00,72.57,73.1,72.57,72.94,27923.355,15
2026-06-26 18:15:00,72.95,73.0,72.39,72.43,40140.903,15
2026-06-26 18:30:00,72.42,72.74,72.37,72.7,29562.014000000003,15
2026-06-26 18:45:00,72.71,72.71,72.4,72.6,21046.145,15
2026-06-26 19:00:00,72.6,73.38,72.48,73.22,56466.186,15
2026-06-26 19:15:00,73.21,73.4,73.09,73.32,30188.577,15
2026-06-26 19:30:00,73.33,73.93,73.33,73.7,58211.533,15
2026-06-26 19:45:00,73.71,73.86,72.98,73.01,74228.16,15
2026-06-26 20:00:00,73.01,73.68,72.7,72.77,91359.82800000001,15
2026-06-26 20:15:00,72.77,73.07,72.74,73.07,38125.452,15
2026-06-26 20:30:00,73.07,73.08,72.11,72.23,78333.651,15
2026-06-26 20:45:00,72.23,72.45,72.05,72.17,37760.245,15
2026-06-26 21:00:00,72.18,72.24,71.8,71.99,41363.538,15
2026-06-26 21:15:00,71.99,72.32,71.81,72.27,31410.194,15
2026-06-26 21:30:00,72.27,72.4,72.0,72.25,18964.287,15
2026-06-26 21:45:00,72.24,72.31,71.93,71.99,16984.051,15
2026-06-26 22:00:00,71.98,72.09,71.41,71.74,41481.311,15
2026-06-26 22:15:00,71.74,71.89,71.62,71.65,18267.01,15
2026-06-26 22:30:00,71.66,71.89,71.48,71.85,22444.658,15
2026-06-26 22:45:00,71.86,71.93,71.74,71.83,12822.583,15
2026-06-26 23:00:00,71.82,72.0,71.8,71.92,15052.619,15
2026-06-26 23:15:00,71.92,71.93,71.69,71.69,11965.826000000001,15
2026-06-26 23:30:00,71.69,72.02,71.68,71.94,11557.440999999999,15
2026-06-26 23:45:00,71.95,72.01,71.89,71.9,6707.6849999999995,15
2026-06-27 00:00:00,71.9,72.5,71.89,72.38,67930.087,15
2026-06-27 00:15:00,72.39,72.42,72.05,72.07,12527.33,15
2026-06-27 00:30:00,72.07,72.08,71.58,71.7,33521.143,15
2026-06-27 00:45:00,71.71,71.91,71.63,71.82,10396.112,15
2026-06-27 01:00:00,71.83,71.83,71.6,71.67,14014.298,15
2026-06-27 01:15:00,71.66,71.77,71.62,71.74,7855.721,15
2026-06-27 01:30:00,71.73,71.73,71.49,71.59,19129.336,15
2026-06-27 01:45:00,71.6,71.66,71.36,71.44,17284.095,15
2026-06-27 02:00:00,71.44,71.85,71.39,71.85,20468.024999999998,15
2026-06-27 02:15:00,71.85,72.24,71.75,72.15,27380.283,15
2026-06-27 02:30:00,72.15,72.19,71.91,72.09,13281.092,15
2026-06-27 02:45:00,72.08,72.26,72.01,72.12,16028.186,15
2026-06-27 03:00:00,72.11,72.22,71.84,71.86,20912.457,15
2026-06-27 03:15:00,71.85,72.39,71.85,72.19,21263.081,15
2026-06-27 03:30:00,72.18,72.35,72.04,72.32,35541.986,15
2026-06-27 03:45:00,72.31,72.43,72.2,72.27,30467.13,15
2026-06-27 04:00:00,72.26,72.5,72.25,72.38,33830.437,15
2026-06-27 04:15:00,72.38,72.59,72.27,72.35,22675.361,15
2026-06-27 04:30:00,72.35,72.43,72.18,72.25,11695.369,15
2026-06-27 04:45:00,72.24,72.25,71.9,71.94,10979.003,15
2026-06-27 05:00:00,71.93,72.03,71.81,72.01,10338.994,15
2026-06-27 05:15:00,72.01,72.03,71.51,71.58,59030.753000000004,15
2026-06-27 05:30:00,71.58,71.79,71.58,71.73,38424.548,15
2026-06-27 05:45:00,71.74,71.88,71.68,71.81,10858.987000000001,15
2026-06-27 06:00:00,71.81,71.84,71.62,71.71,10386.319,15
2026-06-27 06:15:00,71.71,71.96,71.66,71.9,12589.345000000001,15
2026-06-27 06:30:00,71.9,72.31,71.9,72.22,22069.501,15
2026-06-27 06:45:00,72.22,72.33,72.04,72.13,18524.198,15
2026-06-27 07:00:00,72.13,72.15,72.01,72.05,12829.483,15
2026-06-27 07:15:00,72.05,72.26,72.04,72.14,11776.545,15
2026-06-27 07:30:00,72.14,72.14,72.01,72.08,12052.554,15
2026-06-27 07:45:00,72.08,72.35,72.08,72.31,19034.406,15
2026-06-27 08:00:00,72.31,72.32,72.18,72.28,14354.616,15
2026-06-27 08:15:00,72.29,72.33,72.06,72.2,22506.220999999998,15
2026-06-27 08:30:00,72.2,72.2,71.88,71.92,7814.4890000000005,15
2026-06-27 08:45:00,71.91,72.15,71.9,72.03,9909.926,15
2026-06-27 09:00:00,72.03,72.11,71.79,71.79,17154.742,15
2026-06-27 09:15:00,71.79,71.83,71.72,71.8,7926.8060000000005,15
2026-06-27 09:30:00,71.79,71.91,71.73,71.76,12091.012999999999,15
2026-06-27 09:45:00,71.75,71.88,71.74,71.86,5245.804,15
2026-06-27 10:00:00,71.85,71.95,71.83,71.89,5282.562,15
2026-06-27 10:15:00,71.89,72.05,71.87,71.97,6904.608,15
2026-06-27 10:30:00,71.96,72.05,71.87,71.94,15599.262,15
2026-06-27 10:45:00,71.94,72.04,71.93,72.04,4495.048,15
2026-06-27 11:00:00,72.04,72.09,71.87,71.89,6635.594999999999,15
2026-06-27 11:15:00,71.89,71.9,71.55,71.63,22825.833,15
2026-06-27 11:30:00,71.62,71.72,71.53,71.69,15892.668,15
2026-06-27 11:45:00,71.69,71.91,71.69,71.81,10287.677,15
2026-06-27 12:00:00,71.81,71.89,71.64,71.75,23731.686999999998,15
2026-06-27 12:15:00,71.74,71.91,71.71,71.83,28351.112,15
2026-06-27 12:30:00,71.83,71.93,71.76,71.84,34236.916,15
2026-06-27 12:45:00,71.85,72.18,71.79,72.17,14830.09,15
2026-06-27 13:00:00,72.17,72.33,72.13,72.25,15137.251,15
2026-06-27 13:15:00,72.25,72.47,72.17,72.4,24221.862999999998,15
2026-06-27 13:30:00,72.4,72.61,72.31,72.48,28268.857,15
2026-06-27 13:45:00,72.47,72.53,72.31,72.36,17572.495,15
2026-06-27 14:00:00,72.36,72.71,72.21,72.62,22505.243000000002,15
2026-06-27 14:15:00,72.62,72.82,72.52,72.72,20366.185,15
2026-06-27 14:30:00,72.72,72.88,72.59,72.84,18490.561,15
2026-06-27 14:45:00,72.83,72.9,72.65,72.7,14570.273000000001,15
2026-06-27 15:00:00,72.71,73.19,72.62,73.03,48279.931,15
2026-06-27 15:15:00,73.04,73.05,72.83,72.91,14900.764000000001,15
2026-06-27 15:30:00,72.91,73.07,72.79,73.01,21020.382,15
2026-06-27 15:45:00,73.02,73.02,72.74,72.84,11807.971000000001,15
2026-06-27 16:00:00,72.83,73.01,72.69,72.75,21417.444,15
2026-06-27 16:15:00,72.75,72.86,72.63,72.83,17999.716,15
2026-06-27 16:30:00,72.82,72.83,72.66,72.76,11800.047,15
2026-06-27 16:45:00,72.76,72.84,72.64,72.64,10078.665,15
2026-06-27 17:00:00,72.64,72.65,71.9,72.22,58939.634,15
2026-06-27 17:15:00,72.23,72.32,72.04,72.27,23322.648,15
2026-06-27 17:30:00,72.27,72.35,72.13,72.27,29391.431,15
2026-06-27 17:45:00,72.27,72.29,72.06,72.06,23533.106,15
2026-06-27 18:00:00,72.05,72.18,71.94,72.05,15153.764,15
2026-06-27 18:15:00,72.05,72.16,71.76,71.89,20400.981,15
2026-06-27 18:30:00,71.89,72.05,71.87,71.96,14036.959,15
2026-06-27 18:45:00,71.96,71.98,71.86,71.92,8781.659,15
2026-06-27 19:00:00,71.92,72.01,71.87,71.91,10931.608,15
2026-06-27 19:15:00,71.92,71.92,71.04,71.33,80258.759,15
2026-06-27 19:30:00,71.32,71.32,70.94,71.16,34986.695,15
2026-06-27 19:45:00,71.15,71.25,71.05,71.11,15646.051,15
2026-06-27 20:00:00,71.11,71.28,71.09,71.23,9431.548,15
2026-06-27 20:15:00,71.23,71.33,71.17,71.25,8615.285,15
2026-06-27 20:30:00,71.25,71.29,71.16,71.18,9596.687,15
2026-06-27 20:45:00,71.17,71.35,71.17,71.3,7509.916,15
2026-06-27 21:00:00,71.31,71.51,71.31,71.51,12307.532,15
2026-06-27 21:15:00,71.51,71.58,71.41,71.57,13835.117,15
2026-06-27 21:30:00,71.57,71.63,71.0,71.04,42064.693,15
2026-06-27 21:45:00,71.05,71.17,70.81,70.98,33512.126000000004,15
2026-06-27 22:00:00,70.98,70.98,70.6,70.8,26696.877,15
2026-06-27 22:15:00,70.79,70.79,70.25,70.71,41293.277,15
2026-06-27 22:30:00,70.71,71.05,70.69,70.9,19758.934999999998,15
2026-06-27 22:45:00,70.91,71.1,70.83,71.09,8453.527,15
2026-06-27 23:00:00,71.09,71.16,70.6,70.6,16926.006999999998,15
2026-06-27 23:15:00,70.6,70.7,70.42,70.48,27136.907,15
2026-06-27 23:30:00,70.47,70.69,70.44,70.61,9605.956,15
2026-06-27 23:45:00,70.61,70.62,70.47,70.5,10094.386999999999,15
2026-06-28 00:00:00,70.49,70.65,70.45,70.64,14083.671,15
2026-06-28 00:15:00,70.63,70.78,70.6,70.77,12026.501,15
2026-06-28 00:30:00,70.78,70.78,70.58,70.77,15651.14,15
2026-06-28 00:45:00,70.76,70.82,70.61,70.72,12518.189,15
2026-06-28 01:00:00,70.72,70.73,70.44,70.6,13483.797,15
2026-06-28 01:15:00,70.6,70.82,70.55,70.78,10633.077000000001,15
2026-06-28 01:30:00,70.77,70.89,70.74,70.88,6701.7699999999995,15
2026-06-28 01:45:00,70.89,70.93,70.81,70.83,7172.954,15
2026-06-28 02:00:00,70.84,71.01,70.83,70.97,6112.472,15
2026-06-28 02:15:00,70.97,71.01,70.49,70.7,17127.335,15
2026-06-28 02:30:00,70.7,70.81,70.69,70.74,4550.727,15
2026-06-28 02:45:00,70.73,70.81,70.67,70.73,8689.607,15
2026-06-28 03:00:00,70.72,70.98,70.72,70.94,7361.162,15
2026-06-28 03:15:00,70.94,70.94,70.81,70.84,5862.9310000000005,15
2026-06-28 03:30:00,70.84,70.93,70.8,70.86,10715.236,15
2026-06-28 03:45:00,70.87,70.93,70.78,70.87,17044.314,15
2026-06-28 04:00:00,70.86,70.89,70.76,70.79,7352.595,15
2026-06-28 04:15:00,70.8,70.86,70.72,70.75,7629.380999999999,15
2026-06-28 04:30:00,70.75,70.89,70.55,70.87,14003.162,15
2026-06-28 04:45:00,70.88,70.99,70.75,70.77,7439.816000000001,15
2026-06-28 05:00:00,70.77,70.77,70.45,70.56,25916.522,15
2026-06-28 05:15:00,70.55,70.65,70.15,70.24,38267.525,15
2026-06-28 05:30:00,70.24,70.47,70.14,70.44,20280.954,15
2026-06-28 05:45:00,70.43,70.56,70.38,70.52,15007.694,15
2026-06-28 06:00:00,70.52,70.56,70.19,70.2,16257.647,15
2026-06-28 06:15:00,70.21,70.46,70.17,70.42,15491.655,15
2026-06-28 06:30:00,70.42,70.53,70.41,70.45,8212.134,15
2026-06-28 06:45:00,70.45,70.53,70.39,70.45,13872.556,15
2026-06-28 07:00:00,70.45,70.88,70.44,70.79,23915.656,15
2026-06-28 07:15:00,70.79,70.8,70.67,70.69,8253.3,15
2026-06-28 07:30:00,70.69,70.97,70.67,70.86,9183.257,15
2026-06-28 07:45:00,70.86,71.09,70.84,71.08,14250.063,15
2026-06-28 08:00:00,71.08,71.32,71.06,71.14,20701.574,15
2026-06-28 08:15:00,71.14,71.3,71.11,71.24,13725.093,15
2026-06-28 08:30:00,71.24,72.2,71.23,72.07,81927.212,15
2026-06-28 08:45:00,72.08,72.19,71.87,71.91,22777.561999999998,15
2026-06-28 09:00:00,71.91,71.96,71.65,71.74,17358.539,15
2026-06-28 09:15:00,71.75,71.82,71.7,71.77,15947.597,15
2026-06-28 09:30:00,71.77,72.01,71.71,71.97,10185.836,15
2026-06-28 09:45:00,71.97,72.05,71.45,71.54,27832.899,15
2026-06-28 10:00:00,71.53,71.6,71.29,71.52,14878.048999999999,15
2026-06-28 10:15:00,71.51,71.6,71.11,71.2,21022.34,15
2026-06-28 10:30:00,71.19,71.44,71.19,71.4,10655.91,15
2026-06-28 10:45:00,71.4,71.49,71.38,71.48,6098.237,15
2026-06-28 11:00:00,71.48,71.79,71.47,71.53,17069.525999999998,15
2026-06-28 11:15:00,71.53,71.94,71.41,71.87,16907.965,15
2026-06-28 11:30:00,71.87,71.93,71.62,71.92,18014.873,15
2026-06-28 11:45:00,71.92,72.03,71.8,71.92,22710.984,15
2026-06-28 12:00:00,71.92,72.0,71.77,71.87,17231.644,15
2026-06-28 12:15:00,71.87,72.13,71.65,72.11,19266.635000000002,15
2026-06-28 12:30:00,72.11,72.41,71.75,71.81,30577.373,15
2026-06-28 12:45:00,71.8,71.95,71.8,71.88,8516.412,15
2026-06-28 13:00:00,71.87,71.87,71.33,71.6,20443.715,15
2026-06-28 13:15:00,71.61,71.73,71.5,71.68,7861.851,15
2026-06-28 13:30:00,71.68,72.1,71.62,72.06,16429.051,15
2026-06-28 13:45:00,72.07,72.1,71.67,71.74,14632.003999999999,15
2026-06-28 14:00:00,71.74,71.99,71.71,71.95,7956.157,15
2026-06-28 14:15:00,71.95,72.2,71.77,71.88,12587.351,15
2026-06-28 14:30:00,71.87,71.98,71.77,71.88,14218.003999999999,15
2026-06-28 14:45:00,71.88,72.05,71.65,71.65,9507.014000000001,15
2026-06-28 15:00:00,71.66,71.91,71.45,71.82,16317.519,15
2026-06-28 15:15:00,71.81,72.0,71.67,71.82,12085.478000000001,15
2026-06-28 15:30:00,71.81,72.12,71.72,71.89,16277.319,15
2026-06-28 15:45:00,71.88,72.09,71.72,72.09,22396.991,15
2026-06-28 16:00:00,72.09,72.13,71.78,71.89,28488.185,15
2026-06-28 16:15:00,71.89,72.02,71.41,71.59,34184.289000000004,15
2026-06-28 16:30:00,71.58,71.62,71.16,71.26,30255.381999999998,15
2026-06-28 16:45:00,71.26,71.59,71.18,71.56,13770.55,15
2026-06-28 17:00:00,71.56,71.98,71.45,71.64,17619.57,15
2026-06-28 17:15:00,71.64,71.7,71.34,71.35,9944.429,15
2026-06-28 17:30:00,71.35,71.47,70.97,71.32,27725.197,15
2026-06-28 17:45:00,71.33,71.64,71.31,71.55,12389.119,15
2026-06-28 18:00:00,71.55,71.73,71.37,71.39,9044.289,15
2026-06-28 18:15:00,71.38,71.41,71.14,71.21,12173.367,15
2026-06-28 18:30:00,71.22,71.26,71.01,71.13,12398.300000000001,15
2026-06-28 18:45:00,71.13,71.29,71.0,71.18,13956.706,15
2026-06-28 19:00:00,71.18,71.18,70.83,71.06,13511.286,15
2026-06-28 19:15:00,71.07,71.09,70.89,71.06,6480.263,15
2026-06-28 19:30:00,71.06,71.32,70.8,70.81,13996.857,15
2026-06-28 19:45:00,70.8,70.81,70.25,70.74,38196.130000000005,15
2026-06-28 20:00:00,70.73,71.16,70.66,71.09,12392.444,15
2026-06-28 20:15:00,71.08,71.29,70.99,71.02,12135.831,15
2026-06-28 20:30:00,71.02,71.04,70.71,70.74,26841.627999999997,15
2026-06-28 20:45:00,70.73,70.96,70.67,70.92,12549.239,15
2026-06-28 21:00:00,70.92,70.94,70.62,70.81,10409.193,15
2026-06-28 21:15:00,70.8,70.88,70.67,70.84,12704.280999999999,15
2026-06-28 21:30:00,70.84,71.07,70.74,70.77,13036.411,15
2026-06-28 21:45:00,70.78,70.83,70.26,70.46,27641.269,15
2026-06-28 22:00:00,70.47,71.53,70.47,71.05,46742.891,15
2026-06-28 22:15:00,71.05,71.1,70.43,70.88,29753.319,15
2026-06-28 22:30:00,70.88,71.0,70.47,70.51,28586.066,15
2026-06-28 22:45:00,70.5,70.65,69.74,70.24,67626.936,15
2026-06-28 23:00:00,70.23,70.83,70.14,70.59,28302.455,15
2026-06-28 23:15:00,70.58,71.15,70.54,71.03,20672.534,15
2026-06-28 23:30:00,71.02,71.82,70.98,71.52,46801.941,15
2026-06-28 23:45:00,71.51,71.72,71.33,71.38,19757.047,15
2026-06-29 00:00:00,71.39,71.59,70.93,71.42,31558.977000000003,15
2026-06-29 00:15:00,71.42,71.48,70.73,70.74,33717.936,15
2026-06-29 00:30:00,70.74,71.19,70.35,71.14,41017.456,15
2026-06-29 00:45:00,71.14,71.7,70.73,71.66,33412.627,15
2026-06-29 01:00:00,71.66,71.7,71.28,71.36,22739.475,15
2026-06-29 01:15:00,71.37,71.43,70.98,71.09,23223.087,15
2026-06-29 01:30:00,71.08,71.69,70.95,71.6,25543.384,15
2026-06-29 01:45:00,71.61,71.69,71.44,71.49,19064.217,15
2026-06-29 02:00:00,71.49,71.65,70.51,70.69,31745.717,15
2026-06-29 02:15:00,70.69,71.85,70.69,71.78,41273.2,15
2026-06-29 02:30:00,71.79,72.17,71.62,72.09,35258.925,15
2026-06-29 02:45:00,72.1,72.21,71.95,72.18,29321.042999999998,15
2026-06-29 03:00:00,72.19,73.33,72.18,72.92,101130.736,15
2026-06-29 03:15:00,72.93,73.29,72.79,73.19,36266.506,15
2026-06-29 03:30:00,73.19,73.28,72.68,72.74,28663.393,15
2026-06-29 03:45:00,72.73,72.92,72.58,72.68,19247.965,15
2026-06-29 04:00:00,72.68,72.69,72.38,72.44,14531.007,15
2026-06-29 04:15:00,72.44,72.48,72.16,72.39,19961.607,15
2026-06-29 04:30:00,72.39,72.42,71.78,71.91,20104.37,15
2026-06-29 04:45:00,71.91,71.92,71.64,71.68,23954.223,15
2026-06-29 05:00:00,71.69,71.75,71.03,71.27,39729.198000000004,15
2026-06-29 05:15:00,71.28,71.53,71.27,71.45,28639.703,15
2026-06-29 05:30:00,71.44,71.83,71.3,71.82,21840.218,15
2026-06-29 05:45:00,71.81,72.35,71.72,72.32,18716.531,15
2026-06-29 06:00:00,72.33,72.58,72.21,72.48,31051.285,15
2026-06-29 06:15:00,72.49,73.12,72.43,72.68,38488.839,15
2026-06-29 06:30:00,72.69,72.76,72.3,72.4,25926.623,15
2026-06-29 06:45:00,72.39,72.47,72.3,72.39,18718.354,15
2026-06-29 07:00:00,72.39,72.4,72.08,72.38,11992.885,15
2026-06-29 07:15:00,72.39,72.62,72.27,72.43,17527.5,15
2026-06-29 07:30:00,72.43,72.61,72.34,72.38,14543.626,15
2026-06-29 07:45:00,72.37,72.93,72.3,72.72,22018.424,15
2026-06-29 08:00:00,72.72,72.96,72.52,72.76,33884.442,15
2026-06-29 08:15:00,72.77,72.96,72.41,72.48,25753.555,15
2026-06-29 08:30:00,72.47,72.8,72.39,72.74,18730.22,15
2026-06-29 08:45:00,72.75,73.02,72.67,72.73,31234.977,15
2026-06-29 09:00:00,72.72,72.9,72.61,72.88,17413.874,15
2026-06-29 09:15:00,72.87,73.17,72.62,72.91,24831.595999999998,15
2026-06-29 09:30:00,72.92,73.0,72.74,72.79,18153.857,15
2026-06-29 09:45:00,72.79,72.96,72.66,72.94,17872.275999999998,15
2026-06-29 10:00:00,72.94,73.53,72.94,73.46,40232.952000000005,15
2026-06-29 10:15:00,73.46,73.68,73.34,73.44,34978.176,15
2026-06-29 10:30:00,73.44,73.45,73.14,73.24,22397.813000000002,15
2026-06-29 10:45:00,73.24,73.37,73.2,73.25,24748.056,15
2026-06-29 11:00:00,73.25,73.28,72.61,72.64,43739.695,15
2026-06-29 11:15:00,72.63,72.77,72.47,72.74,22159.567,15
2026-06-29 11:30:00,72.73,73.2,72.38,72.44,50868.924,15
2026-06-29 11:45:00,72.44,72.58,72.25,72.52,16879.025,15
2026-06-29 12:00:00,72.53,74.1,72.12,73.96,143103.47,15
2026-06-29 12:15:00,73.97,74.14,73.67,74.0,56031.047,15
2026-06-29 12:30:00,74.0,74.55,73.21,73.39,208451.795,15
2026-06-29 12:45:00,73.4,73.63,73.08,73.52,51117.72,15
2026-06-29 13:00:00,73.52,74.34,73.51,74.15,62913.392,15
2026-06-29 13:15:00,74.15,74.35,73.59,73.59,46988.7,15
2026-06-29 13:30:00,73.58,74.14,72.92,72.95,93165.491,15
2026-06-29 13:45:00,72.95,73.76,72.72,73.74,189489.912,15
2026-06-29 14:00:00,73.74,74.01,72.51,72.53,146628.135,15
2026-06-29 14:15:00,72.52,73.34,72.32,73.19,68544.69,15
2026-06-29 14:30:00,73.19,73.63,72.92,73.03,32823.003,15
2026-06-29 14:45:00,73.02,73.88,72.91,73.73,41457.364,15
2026-06-29 15:00:00,73.74,73.75,72.79,73.24,60039.584,15
2026-06-29 15:15:00,73.24,73.97,73.17,73.93,39617.973,15
2026-06-29 15:30:00,73.94,74.43,73.78,74.02,79995.085,15
2026-06-29 15:45:00,74.01,74.2,73.8,73.92,45768.96,15
2026-06-29 16:00:00,73.92,74.07,73.51,73.57,26284.968,15
2026-06-29 16:15:00,73.57,73.74,72.89,72.95,34264.075,15
2026-06-29 16:30:00,72.95,73.79,72.95,73.75,40010.917,15
2026-06-29 16:45:00,73.75,74.16,73.66,74.03,55325.584,15
2026-06-29 17:00:00,74.02,75.5,74.0,75.27,156993.448,15
2026-06-29 17:15:00,75.27,76.49,75.2,75.91,207638.964,15
2026-06-29 17:30:00,75.9,76.17,75.52,75.76,51068.606,15
2026-06-29 17:45:00,75.75,75.88,75.26,75.31,30721.285,15
2026-06-29 18:00:00,75.31,75.84,75.14,75.63,30727.534,15
2026-06-29 18:15:00,75.63,75.71,75.18,75.23,24182.98,15
2026-06-29 18:30:00,75.23,75.76,75.17,75.74,20298.773,15
2026-06-29 18:45:00,75.73,75.74,75.4,75.59,15673.341,15
2026-06-29 19:00:00,75.6,75.8,75.41,75.5,24269.231,15
2026-06-29 19:15:00,75.5,76.2,75.45,76.05,40411.334,15
2026-06-29 19:30:00,76.05,76.07,75.68,76.0,22225.941,15
2026-06-29 19:45:00,76.0,76.22,75.88,75.98,43039.564,15
2026-06-29 20:00:00,75.98,76.0,75.59,75.77,21913.872,15
2026-06-29 20:15:00,75.76,75.77,75.5,75.52,15532.204,15
2026-06-29 20:30:00,75.53,75.72,75.38,75.43,22053.126,15
2026-06-29 20:45:00,75.43,75.53,75.27,75.37,11570.331,15
2026-06-29 21:00:00,75.38,75.7,75.23,75.54,18447.509,15
2026-06-29 21:15:00,75.54,75.61,75.44,75.44,26884.274,15
2026-06-29 21:30:00,75.44,75.8,75.44,75.63,33594.336,15
2026-06-29 21:45:00,75.64,75.75,75.46,75.53,9542.687,15
2026-06-29 22:00:00,75.52,75.65,75.45,75.58,12034.264,15
2026-06-29 22:15:00,75.59,75.66,75.28,75.38,18823.657,15
2026-06-29 22:30:00,75.38,75.42,75.17,75.33,11428.994,15
2026-06-29 22:45:00,75.34,75.48,75.05,75.27,21777.442000000003,15
2026-06-29 23:00:00,75.28,75.44,75.25,75.37,15084.389000000001,15
2026-06-29 23:15:00,75.37,75.39,75.05,75.19,16827.882999999998,15
2026-06-29 23:30:00,75.19,75.19,74.89,75.03,26803.943,15
2026-06-29 23:45:00,75.03,75.26,75.03,75.16,25322.281,15
2026-06-30 00:00:00,75.17,75.24,74.91,75.01,34235.721,15
2026-06-30 00:15:00,75.01,75.08,74.6,74.63,17017.427,15
2026-06-30 00:30:00,74.63,74.65,74.19,74.38,46527.198,15
2026-06-30 00:45:00,74.38,74.64,74.31,74.42,24474.715,15
2026-06-30 01:00:00,74.43,74.48,74.05,74.24,30884.33,15
2026-06-30 01:15:00,74.24,74.67,74.2,74.65,38245.189,15
2026-06-30 01:30:00,74.65,74.66,74.2,74.3,15335.019,15
2026-06-30 01:45:00,74.3,74.46,74.27,74.41,10426.72,15
2026-06-30 02:00:00,74.41,74.42,74.04,74.1,13039.003999999999,15
2026-06-30 02:15:00,74.1,74.34,74.07,74.34,12975.17,15
2026-06-30 02:30:00,74.34,74.57,74.2,74.57,14447.143,15
2026-06-30 02:45:00,74.57,74.84,74.57,74.59,12613.38,15
2026-06-30 03:00:00,74.6,74.77,74.58,74.67,13966.099,15
2026-06-30 03:15:00,74.67,74.89,74.52,74.62,13533.707999999999,15
2026-06-30 03:30:00,74.62,74.65,74.33,74.46,14977.46,15
2026-06-30 03:45:00,74.45,74.47,74.14,74.19,13994.46,15
2026-06-30 04:00:00,74.19,74.25,73.78,74.14,40245.25,15
2026-06-30 04:15:00,74.14,74.19,73.69,73.96,39456.008,15
2026-06-30 04:30:00,73.96,74.17,73.96,74.08,12299.582,15
2026-06-30 04:45:00,74.08,74.1,73.98,74.02,14409.077000000001,15
2026-06-30 05:00:00,74.03,74.17,73.95,74.05,13633.856,15
2026-06-30 05:15:00,74.05,74.1,73.86,73.97,11130.617,15
2026-06-30 05:30:00,73.97,74.2,73.85,74.11,15041.9,15
2026-06-30 05:45:00,74.11,74.23,74.11,74.23,10455.544,15
2026-06-30 06:00:00,74.23,74.26,74.0,74.05,9682.185,15
2026-06-30 06:15:00,74.05,74.26,73.91,74.25,12607.363,15
2026-06-30 06:30:00,74.24,74.26,74.04,74.09,14949.639000000001,15
2026-06-30 06:45:00,74.09,74.22,74.06,74.17,14609.584,15
2026-06-30 07:00:00,74.17,74.25,73.86,73.97,14102.129,15
2026-06-30 07:15:00,73.97,74.05,73.9,73.93,7469.368,15
2026-06-30 07:30:00,73.93,74.12,73.92,74.04,8165.759,15
2026-06-30 07:45:00,74.04,74.23,74.01,74.16,27260.1,15
2026-06-30 08:00:00,74.16,74.23,73.89,73.92,21411.767,15
2026-06-30 08:15:00,73.91,74.04,73.84,74.01,11593.194,15
2026-06-30 08:30:00,74.01,74.05,73.39,73.57,80750.343,15
2026-06-30 08:45:00,73.57,75.8,73.3,73.64,108365.515,15
2026-06-30 09:00:00,73.63,73.81,73.6,73.8,37242.841,15
2026-06-30 09:15:00,73.81,73.84,73.6,73.63,27025.008,15
2026-06-30 09:30:00,73.64,73.79,73.55,73.74,15298.869999999999,15
2026-06-30 09:45:00,73.73,73.88,73.73,73.8,18234.029,15
2026-06-30 10:00:00,73.8,73.9,73.63,73.77,20339.402,15
2026-06-30 10:15:00,73.77,73.85,73.63,73.66,8924.123,15
2026-06-30 10:30:00,73.66,73.67,73.48,73.62,18669.972999999998,15
2026-06-30 10:45:00,73.63,73.81,73.57,73.69,9881.714,15
2026-06-30 11:00:00,73.69,73.78,73.63,73.7,12244.956999999999,15
2026-06-30 11:15:00,73.71,73.75,73.4,73.45,30822.18,15
2026-06-30 11:30:00,73.45,73.59,73.36,73.56,12361.876,15
2026-06-30 11:45:00,73.56,73.74,73.34,73.4,19523.02,15
2026-06-30 12:00:00,73.41,73.42,72.94,72.98,33887.697,15
2026-06-30 12:15:00,72.99,73.06,72.59,72.67,33379.727,15
2026-06-30 12:30:00,72.68,72.75,72.39,72.52,28240.476000000002,15
2026-06-30 12:45:00,72.51,72.55,72.06,72.08,42360.585999999996,15
2026-06-30 13:00:00,72.08,72.5,71.9,72.4,68253.419,15
2026-06-30 13:15:00,72.39,72.59,72.39,72.52,24816.542,15
2026-06-30 13:30:00,72.52,72.85,71.96,72.48,312609.11100000003,15
2026-06-30 13:45:00,72.47,72.94,72.3,72.88,53939.106,15
2026-06-30 14:00:00,72.87,73.61,72.76,73.38,70813.218,15
2026-06-30 14:15:00,73.37,73.8,73.24,73.79,29827.666,15
2026-06-30 14:30:00,73.78,73.91,73.13,73.63,36769.672,15
2026-06-30 14:45:00,73.63,73.63,72.74,72.95,28908.603,15
2026-06-30 15:00:00,72.96,73.18,72.6,73.0,25677.792999999998,15
2026-06-30 15:15:00,73.0,73.45,72.66,73.24,65538.335,15
2026-06-30 15:30:00,73.24,73.52,73.06,73.32,30371.481,15
2026-06-30 15:45:00,73.32,74.1,73.08,73.13,74790.04100000001,15
2026-06-30 16:00:00,73.14,73.6,72.89,72.93,50526.820999999996,15
2026-06-30 16:15:00,72.92,73.06,72.73,72.8,26225.523,15
2026-06-30 16:30:00,72.8,73.31,72.76,73.1,26386.626,15
2026-06-30 16:45:00,73.09,73.72,73.08,73.52,38724.693,15
2026-06-30 17:00:00,73.52,73.93,73.45,73.49,30574.148,15
2026-06-30 17:15:00,73.49,73.62,73.25,73.43,29907.753,15
2026-06-30 17:30:00,73.44,73.57,73.33,73.35,15703.278,15
2026-06-30 17:45:00,73.34,73.54,73.16,73.18,16375.669,15
2026-06-30 18:00:00,73.17,73.37,73.09,73.32,23195.939,15
2026-06-30 18:15:00,73.32,73.8,73.21,73.41,19627.688,15
2026-06-30 18:30:00,73.42,73.46,72.95,73.26,27127.346999999998,15
2026-06-30 18:45:00,73.26,73.7,73.26,73.6,22980.67,15
2026-06-30 19:00:00,73.6,73.75,73.46,73.57,12875.174,15
2026-06-30 19:15:00,73.58,73.58,73.35,73.57,9618.66,15
2026-06-30 19:30:00,73.57,73.97,73.51,73.83,27691.556,15
2026-06-30 19:45:00,73.82,73.83,73.53,73.75,28496.05,15
2026-06-30 20:00:00,73.74,73.94,73.64,73.87,24437.343,15
2026-06-30 20:15:00,73.88,73.88,73.57,73.71,27156.339,15
2026-06-30 20:30:00,73.71,73.8,73.53,73.62,18068.314,15
2026-06-30 20:45:00,73.61,73.93,73.57,73.69,38359.978,15
2026-06-30 21:00:00,73.69,73.8,73.19,73.32,27521.984,15
2026-06-30 21:15:00,73.32,73.43,73.24,73.3,12802.845,15
2026-06-30 21:30:00,73.31,73.49,73.3,73.36,15689.621,15
2026-06-30 21:45:00,73.37,73.49,73.29,73.49,8458.098,15
2026-06-30 22:00:00,73.5,73.71,73.47,73.63,13997.144,15
2026-06-30 22:15:00,73.63,73.75,73.52,73.52,10917.771999999999,15
2026-06-30 22:30:00,73.52,73.52,73.27,73.46,14643.205,15
2026-06-30 22:45:00,73.45,73.48,73.35,73.43,10076.131,15
2026-06-30 23:00:00,73.44,73.48,73.32,73.37,7846.774,15
2026-06-30 23:15:00,73.37,73.67,73.36,73.58,11594.177,15
2026-06-30 23:30:00,73.57,73.71,73.5,73.6,6378.0650000000005,15
2026-06-30 23:45:00,73.59,73.7,73.56,73.67,9715.729,15
2026-07-01 00:00:00,73.67,73.74,73.55,73.73,21293.056,15
2026-07-01 00:15:00,73.73,73.82,73.36,73.52,27555.126,15
2026-07-01 00:30:00,73.52,73.88,73.51,73.62,18066.28,15
2026-07-01 00:45:00,73.62,73.83,73.57,73.65,17720.932,15
2026-07-01 01:00:00,73.65,73.67,72.25,72.87,61027.941,15
2026-07-01 01:15:00,72.88,73.48,72.73,73.26,41399.835,15
2026-07-01 01:30:00,73.26,74.36,73.22,74.21,53314.183000000005,15
2026-07-01 01:45:00,74.2,74.3,73.8,73.95,23071.124,15
2026-07-01 02:00:00,73.95,74.28,73.79,74.15,18677.922,15
2026-07-01 02:15:00,74.15,74.61,74.09,74.5,27360.231,15
2026-07-01 02:30:00,74.5,75.03,74.44,75.01,47049.39,15
2026-07-01 02:45:00,75.0,75.03,74.7,74.78,38910.351,15
2026-07-01 03:00:00,74.78,74.92,74.57,74.66,32248.954,15
2026-07-01 03:15:00,74.66,74.66,74.35,74.54,21145.996,15
2026-07-01 03:30:00,74.55,75.23,74.42,74.82,38153.179000000004,15
2026-07-01 03:45:00,74.82,75.69,74.81,75.48,119729.088,15
2026-07-01 04:00:00,75.48,75.65,75.33,75.37,35124.826,15
2026-07-01 04:15:00,75.37,75.47,75.25,75.42,16720.028,15
2026-07-01 04:30:00,75.42,75.81,75.35,75.6,51634.551999999996,15
2026-07-01 04:45:00,75.6,75.87,75.53,75.57,26182.638,15
2026-07-01 05:00:00,75.56,75.79,75.41,75.49,19470.473,15
2026-07-01 05:15:00,75.49,75.64,75.15,75.18,21104.947,15
2026-07-01 05:30:00,75.18,75.36,75.14,75.36,23595.368,15
2026-07-01 05:45:00,75.36,75.4,75.16,75.25,13655.326000000001,15
2026-07-01 06:00:00,75.24,75.28,74.93,75.01,18658.635000000002,15
2026-07-01 06:15:00,75.02,75.07,74.57,74.75,33510.231,15
2026-07-01 06:30:00,74.74,74.8,73.96,74.27,66147.968,15
2026-07-01 06:45:00,74.27,74.35,74.01,74.31,19596.019,15
2026-07-01 07:00:00,74.32,74.44,74.1,74.43,20724.983,15
2026-07-01 07:15:00,74.43,74.78,74.24,74.59,28522.899,15
2026-07-01 07:30:00,74.59,74.89,74.41,74.7,53188.541000000005,15
2026-07-01 07:45:00,74.7,74.96,74.63,74.87,14711.703,15
2026-07-01 08:00:00,74.87,75.09,74.65,74.84,35402.401,15
2026-07-01 08:15:00,74.85,74.92,74.52,74.67,18120.891,15
2026-07-01 08:30:00,74.66,74.88,74.46,74.86,27331.442,15
2026-07-01 08:45:00,74.87,75.52,74.68,75.44,30537.185,15
2026-07-01 09:00:00,75.44,75.44,75.05,75.16,35215.363,15
2026-07-01 09:15:00,75.16,75.41,75.07,75.17,54582.127,15
2026-07-01 09:30:00,75.18,75.35,75.09,75.19,15678.009,15
2026-07-01 09:45:00,75.2,75.58,75.08,75.45,61483.549,15
2026-07-01 10:00:00,75.46,75.57,75.26,75.31,28052.758,15
2026-07-01 10:15:00,75.32,75.52,75.15,75.35,20394.319,15
2026-07-01 10:30:00,75.34,75.39,75.02,75.06,18942.470999999998,15
2026-07-01 10:45:00,75.05,75.23,74.97,74.99,10661.466,15
2026-07-01 11:00:00,74.99,75.16,74.67,75.14,42200.081,15
2026-07-01 11:15:00,75.15,75.32,75.02,75.02,18686.542,15
2026-07-01 11:30:00,75.02,75.11,74.84,74.97,28227.714,15
2026-07-01 11:45:00,74.97,75.04,74.64,74.84,47935.927,15
2026-07-01 12:00:00,74.84,74.96,74.37,74.47,67126.91100000001,15
2026-07-01 12:15:00,74.48,74.68,74.48,74.61,17405.257,15
2026-07-01 12:30:00,74.6,74.72,74.36,74.5,33482.563,15
2026-07-01 12:45:00,74.51,74.62,74.27,74.62,30265.605,15
2026-07-01 13:00:00,74.61,75.07,74.61,74.95,54810.846,15
2026-07-01 13:15:00,74.95,75.42,74.86,75.37,34813.06,15
2026-07-01 13:30:00,75.36,75.7,74.66,75.49,109206.012,15
2026-07-01 13:45:00,75.48,76.34,75.34,76.04,115390.172,15
2026-07-01 14:00:00,76.04,76.32,75.64,76.3,109344.867,15
2026-07-01 14:15:00,76.31,77.27,76.24,76.67,148095.932,15
2026-07-01 14:30:00,76.67,77.0,76.34,76.87,64669.522,15
2026-07-01 14:45:00,76.87,77.15,76.42,76.97,59853.864,15
2026-07-01 15:00:00,76.97,77.47,76.85,77.02,48628.063,15
2026-07-01 15:15:00,77.02,77.8,76.82,77.54,81545.717,15
2026-07-01 15:30:00,77.55,77.64,77.22,77.45,45178.135,15
2026-07-01 15:45:00,77.44,77.5,77.1,77.43,32577.163,15
2026-07-01 16:00:00,77.43,77.5,77.18,77.29,33976.354999999996,15
2026-07-01 16:15:00,77.28,78.25,77.27,77.77,122746.929,15
2026-07-01 16:30:00,77.77,77.83,77.49,77.67,36682.96,15
2026-07-01 16:45:00,77.68,77.68,76.91,77.17,34019.024,15
2026-07-01 17:00:00,77.17,77.29,76.85,77.24,40970.932,15
2026-07-01 17:15:00,77.25,77.98,77.19,77.74,37904.147,15
2026-07-01 17:30:00,77.73,77.93,77.58,77.67,19619.582,15
2026-07-01 17:45:00,77.67,77.89,77.65,77.77,10995.933,15
2026-07-01 18:00:00,77.77,77.91,77.51,77.76,26284.724,15
2026-07-01 18:15:00,77.75,77.86,77.53,77.62,18117.146,15
2026-07-01 18:30:00,77.61,77.78,77.35,77.75,23157.218,15
2026-07-01 18:45:00,77.75,77.76,77.29,77.42,20547.39,15
2026-07-01 19:00:00,77.42,77.69,77.4,77.52,12394.944,15
2026-07-01 19:15:00,77.53,77.61,77.16,77.24,15711.173,15
2026-07-01 19:30:00,77.24,77.42,77.2,77.35,17410.431,15
2026-07-01 19:45:00,77.34,77.34,76.8,77.0,32691.511,15
2026-07-01 20:00:00,77.01,77.05,76.7,76.85,21424.74,15
2026-07-01 20:15:00,76.84,76.92,76.59,76.88,20174.408,15
2026-07-01 20:30:00,76.88,77.36,76.83,77.23,30219.086,15
2026-07-01 20:45:00,77.24,77.51,77.24,77.42,19288.811999999998,15
2026-07-01 21:00:00,77.43,78.14,77.43,77.87,41874.111,15
2026-07-01 21:15:00,77.87,77.94,77.68,77.84,23470.873,15
2026-07-01 21:30:00,77.83,78.63,77.82,78.22,50313.456,15
2026-07-01 21:45:00,78.22,78.7,78.15,78.42,28184.541,15
2026-07-01 22:00:00,78.41,78.41,78.2,78.29,15369.901,15
2026-07-01 22:15:00,78.29,78.96,78.22,78.23,81859.153,15
2026-07-01 22:30:00,78.23,78.42,78.02,78.05,25403.175,15
2026-07-01 22:45:00,78.04,78.06,77.77,77.87,30253.363,15
2026-07-01 23:00:00,77.86,77.9,77.49,77.54,22865.836,15
2026-07-01 23:15:00,77.54,77.74,77.38,77.68,23427.005,15
2026-07-01 23:30:00,77.68,77.79,77.46,77.53,34308.992,15
2026-07-01 23:45:00,77.53,77.62,77.26,77.46,26538.786,15
2026-07-02 00:00:00,77.46,77.46,77.12,77.33,41471.095,15
2026-07-02 00:15:00,77.33,77.38,77.09,77.18,17546.783,15
2026-07-02 00:30:00,77.19,77.21,76.9,76.98,16929.098,15
2026-07-02 00:45:00,76.98,77.36,76.98,77.26,24035.137,15
2026-07-02 01:00:00,77.27,77.65,77.23,77.63,15431.245,15
2026-07-02 01:15:00,77.63,77.95,77.56,77.95,15250.532000000001,15
2026-07-02 01:30:00,77.96,78.71,77.95,78.32,34158.646,15
2026-07-02 01:45:00,78.33,78.43,78.01,78.2,23433.366,15
2026-07-02 02:00:00,78.2,78.2,77.8,78.05,16149.706,15
2026-07-02 02:15:00,78.05,78.26,78.04,78.19,12545.322,15
2026-07-02 02:30:00,78.19,78.53,78.11,78.5,14569.306,15
2026-07-02 02:45:00,78.5,78.6,78.33,78.44,19800.977,15
2026-07-02 03:00:00,78.44,78.56,78.36,78.45,12024.695,15
2026-07-02 03:15:00,78.45,78.72,77.76,78.47,91611.762,15
2026-07-02 03:30:00,78.46,78.61,78.07,78.54,41830.109,15
2026-07-02 03:45:00,78.53,78.96,78.38,78.72,44481.197,15
2026-07-02 04:00:00,78.71,78.72,78.36,78.51,26555.412,15
2026-07-02 04:15:00,78.5,78.5,78.24,78.3,20851.98,15
2026-07-02 04:30:00,78.3,78.3,78.06,78.21,12985.655,15
2026-07-02 04:45:00,78.21,78.41,78.15,78.29,14224.86,15
2026-07-02 05:00:00,78.28,78.36,78.09,78.29,11083.296,15
2026-07-02 05:15:00,78.29,78.33,78.05,78.05,13756.756,15
2026-07-02 05:30:00,78.05,78.15,77.79,77.84,15262.316,15
2026-07-02 05:45:00,77.85,78.14,77.8,78.11,11088.917,15
2026-07-02 06:00:00,78.11,78.2,77.93,78.07,25692.645,15
2026-07-02 06:15:00,78.07,78.4,78.03,78.24,16830.555,15
2026-07-02 06:30:00,78.24,78.64,78.08,78.13,26584.527000000002,15
2026-07-02 06:45:00,78.14,78.17,77.74,77.9,20133.722999999998,15
2026-07-02 07:00:00,77.91,78.0,77.67,77.8,24388.509,15
2026-07-02 07:15:00,77.81,77.95,77.59,77.74,14205.456,15
2026-07-02 07:30:00,77.74,77.98,77.65,77.97,22390.551,15
2026-07-02 07:45:00,77.98,78.2,77.91,77.99,17516.661,15
2026-07-02 08:00:00,78.0,78.23,77.94,78.14,19950.508,15
2026-07-02 08:15:00,78.14,78.31,78.14,78.21,19584.647,15
2026-07-02 08:30:00,78.2,78.48,78.1,78.41,26225.02,15
2026-07-02 08:45:00,78.41,78.52,78.34,78.48,15602.64,15
2026-07-02 09:00:00,78.48,78.62,78.29,78.43,49229.984,15
2026-07-02 09:15:00,78.44,78.88,78.35,78.82,50336.232,15
2026-07-02 09:30:00,78.82,79.8,78.76,79.48,130318.948,15
2026-07-02 09:45:00,79.47,79.72,79.25,79.5,51007.366,15
2026-07-02 10:00:00,79.49,79.87,79.43,79.69,29858.353,15
2026-07-02 10:15:00,79.7,80.59,79.46,80.25,111073.516,15
2026-07-02 10:30:00,80.25,81.34,80.2,81.05,190440.175,15
2026-07-02 10:45:00,81.06,82.18,80.89,82.09,215287.901,15
2026-07-02 11:00:00,82.09,82.66,81.51,82.29,155508.369,15
2026-07-02 11:15:00,82.29,82.78,81.95,82.54,119780.003,15
2026-07-02 11:30:00,82.54,82.73,82.18,82.43,78403.661,15
2026-07-02 11:45:00,82.43,82.57,81.99,82.38,97798.023,15
2026-07-02 12:00:00,82.37,82.45,82.15,82.28,59622.174,15
2026-07-02 12:15:00,82.29,82.4,81.66,82.07,91790.955,15
2026-07-02 12:30:00,82.07,82.41,81.12,81.22,139789.773,15
2026-07-02 12:45:00,81.21,81.5,81.21,81.41,51722.118,15
2026-07-02 13:00:00,81.4,81.69,81.23,81.47,45266.358,15
2026-07-02 13:15:00,81.47,81.67,80.72,80.95,78659.087,15
2026-07-02 13:30:00,80.96,81.82,80.78,81.77,97433.878,15
2026-07-02 13:45:00,81.77,81.99,81.35,81.51,50046.314,15
2026-07-02 14:00:00,81.5,81.53,81.06,81.3,43704.366,15
2026-07-02 14:15:00,81.29,81.46,80.41,80.58,67255.76,15
2026-07-02 14:30:00,80.59,80.91,80.41,80.53,38548.501,15
2026-07-02 14:45:00,80.53,80.87,80.12,80.54,75623.241,15
2026-07-02 15:00:00,80.54,80.68,80.09,80.37,30804.21,15
2026-07-02 15:15:00,80.36,80.8,80.25,80.69,29933.163,15
2026-07-02 15:30:00,80.68,80.86,80.54,80.76,23101.867,15
2026-07-02 15:45:00,80.75,80.92,80.57,80.86,22896.511,15
2026-07-02 16:00:00,80.87,81.11,80.67,81.01,26665.661,15
2026-07-02 16:15:00,81.02,81.03,80.37,80.52,31455.858,15
2026-07-02 16:30:00,80.53,80.72,80.15,80.25,34458.962,15
2026-07-02 16:45:00,80.25,80.76,80.24,80.56,37853.426,15
2026-07-02 17:00:00,80.55,81.01,80.51,80.93,126719.947,15
2026-07-02 17:15:00,80.94,81.24,80.9,81.13,28118.801,15
2026-07-02 17:30:00,81.12,81.12,80.68,80.88,16716.665,15
2026-07-02 17:45:00,80.87,80.94,80.58,80.63,10226.785,15
2026-07-02 18:00:00,80.64,81.15,80.64,81.1,11713.654,15
2026-07-02 18:15:00,81.09,81.1,80.86,80.96,17982.335,15
2026-07-02 18:30:00,80.96,81.1,80.87,81.06,17465.355,15
2026-07-02 18:45:00,81.07,81.26,80.93,81.04,28672.985999999997,15
2026-07-02 19:00:00,81.04,81.12,80.91,81.09,21690.666,15
2026-07-02 19:15:00,81.1,81.1,80.8,80.88,12500.971,15
2026-07-02 19:30:00,80.89,81.09,80.85,81.08,18295.882999999998,15
2026-07-02 19:45:00,81.09,81.32,80.83,80.83,20418.256,15
2026-07-02 20:00:00,80.84,80.88,80.6,80.81,26230.712,15
2026-07-02 20:15:00,80.81,80.88,80.58,80.63,15848.923,15
2026-07-02 20:30:00,80.63,80.82,80.59,80.79,10197.193,15
2026-07-02 20:45:00,80.79,81.11,80.78,81.03,18978.59,15
2026-07-02 21:00:00,81.03,81.17,80.93,81.08,12332.809000000001,15
2026-07-02 21:15:00,81.08,81.12,80.93,80.93,6365.273,15
2026-07-02 21:30:00,80.92,81.01,80.7,80.75,8935.361,15
2026-07-02 21:45:00,80.75,80.8,80.5,80.8,12285.456,15
2026-07-02 22:00:00,80.79,80.87,80.45,80.48,26686.373999999996,15
2026-07-02 22:15:00,80.48,80.68,80.41,80.66,17622.564000000002,15
2026-07-02 22:30:00,80.65,80.77,80.5,80.54,19734.704,15
2026-07-02 22:45:00,80.55,80.89,80.49,80.66,25628.694999999996,15
2026-07-02 23:00:00,80.66,80.69,80.5,80.53,8974.976,15
2026-07-02 23:15:00,80.54,80.75,80.5,80.68,6229.044,15
2026-07-02 23:30:00,80.68,80.76,80.52,80.64,9096.99,15
2026-07-02 23:45:00,80.64,80.78,80.63,80.73,12975.518,15
2026-07-03 00:00:00,80.72,80.85,80.58,80.73,17315.693,15
2026-07-03 00:15:00,80.72,80.85,80.62,80.63,8327.815,15
2026-07-03 00:30:00,80.64,80.88,80.52,80.83,11897.085000000001,15
2026-07-03 00:45:00,80.83,80.92,80.7,80.75,24774.231,15
2026-07-03 01:00:00,80.74,81.31,80.71,81.25,26340.477,15
2026-07-03 01:15:00,81.25,81.26,81.01,81.17,13536.902,15
2026-07-03 01:30:00,81.17,81.62,81.09,81.46,25086.165,15
2026-07-03 01:45:00,81.47,81.69,81.4,81.48,15918.837,15
2026-07-03 02:00:00,81.49,81.68,81.3,81.3,18623.228,15
2026-07-03 02:15:00,81.29,81.52,81.14,81.16,10418.693,15
2026-07-03 02:30:00,81.15,81.16,80.77,80.83,18064.517,15
2026-07-03 02:45:00,80.83,80.88,80.66,80.82,10267.725,15
2026-07-03 03:00:00,80.81,80.81,80.34,80.43,16657.21,15
2026-07-03 03:15:00,80.43,80.98,80.42,80.91,14837.964,15
2026-07-03 03:30:00,80.92,80.98,80.6,80.67,11170.784,15
2026-07-03 03:45:00,80.66,80.81,80.63,80.73,19803.713,15
2026-07-03 04:00:00,80.72,80.77,80.47,80.66,12542.17,15
2026-07-03 04:15:00,80.66,80.66,80.48,80.63,11162.372,15
2026-07-03 04:30:00,80.64,80.81,80.57,80.78,9681.72,15
2026-07-03 04:45:00,80.78,80.8,80.44,80.51,21047.762,15
2026-07-03 05:00:00,80.5,80.75,80.47,80.72,13031.177,15
2026-07-03 05:15:00,80.71,80.91,80.61,80.85,10734.469000000001,15
2026-07-03 05:30:00,80.85,81.22,80.81,81.09,15757.789,15
2026-07-03 05:45:00,81.08,81.26,81.01,81.15,6785.985,15
2026-07-03 06:00:00,81.16,81.39,81.07,81.15,27830.422,15
2026-07-03 06:15:00,81.15,81.24,80.94,81.01,22822.567,15
2026-07-03 06:30:00,81.0,81.12,80.73,80.84,17783.012000000002,15
2026-07-03 06:45:00,80.85,81.09,80.83,80.96,20278.079999999998,15
2026-07-03 07:00:00,80.97,81.04,80.83,80.92,7527.5599999999995,15
2026-07-03 07:15:00,80.93,81.11,80.92,81.1,7712.448,15
2026-07-03 07:30:00,81.1,81.32,81.03,81.29,15213.337,15
2026-07-03 07:45:00,81.28,81.51,81.19,81.22,24667.929,15
2026-07-03 08:00:00,81.23,81.33,81.12,81.17,15415.154,15
2026-07-03 08:15:00,81.18,81.28,81.0,81.05,15010.598,15
2026-07-03 08:30:00,81.05,81.53,80.94,81.39,25172.552,15
2026-07-03 08:45:00,81.38,81.38,80.84,80.92,24856.842,15
2026-07-03 09:00:00,80.91,81.09,80.8,81.08,20171.512,15
2026-07-03 09:15:00,81.08,81.11,80.87,80.95,11638.060000000001,15
2026-07-03 09:30:00,80.94,80.95,80.67,80.86,17476.126,15
2026-07-03 09:45:00,80.85,81.3,80.85,81.02,21552.903,15
2026-07-03 10:00:00,81.02,81.27,81.01,81.07,16807.467,15
