timestamp,open,high,low,close,volume,source_1m_count
2026-06-03 10:30:00,67318.0,67414.0,67202.54,67234.15,140.51809,15
2026-06-03 10:45:00,67234.15,67320.44,67182.72,67294.52,96.04383,15
2026-06-03 11:00:00,67294.51,67366.82,67203.18,67341.5,126.1962,15
2026-06-03 11:15:00,67341.5,67363.38,67292.94,67329.99,126.15983,15
2026-06-03 11:30:00,67330.0,67330.0,67111.0,67150.0,120.00968,15
2026-06-03 11:45:00,67150.01,67150.01,67056.58,67067.37,117.33261999999999,15
2026-06-03 12:00:00,67067.37,67129.11,66886.87,66972.76,197.4324,15
2026-06-03 12:15:00,66972.75,67082.0,66782.65,67032.01,338.47753,15
2026-06-03 12:30:00,67032.02,67163.82,66840.0,66968.46,225.91624,15
2026-06-03 12:45:00,66968.46,67138.12,66925.37,67078.72,94.92349,15
2026-06-03 13:00:00,67078.72,67219.98,66984.0,67122.01,146.61695,15
2026-06-03 13:15:00,67122.01,67244.62,66834.05,66838.01,200.29218,15
2026-06-03 13:30:00,66838.01,67192.0,66717.82,66744.27,408.06509,15
2026-06-03 13:45:00,66744.26,67041.72,66635.0,66906.01,468.19825000000003,15
2026-06-03 14:00:00,66906.0,66948.0,66739.56,66903.72,236.65348,15
2026-06-03 14:15:00,66903.72,66934.0,66643.96,66791.99,307.03926,15
2026-06-03 14:30:00,66792.0,66990.66,66707.21,66752.0,183.76913,15
2026-06-03 14:45:00,66751.99,66935.88,66744.0,66864.95,208.98192,15
2026-06-03 15:00:00,66864.95,66898.0,66500.0,66525.55,328.39785,15
2026-06-03 15:15:00,66525.55,66663.54,66256.52,66597.74,554.69138,15
2026-06-03 15:30:00,66597.74,66678.0,66226.82,66304.01,321.94341,15
2026-06-03 15:45:00,66304.01,66378.42,66076.0,66076.01,316.31657,15
2026-06-03 16:00:00,66076.01,66373.18,65872.5,66172.97,557.42629,15
2026-06-03 16:15:00,66172.97,66228.97,65555.0,65606.94,605.09551,15
2026-06-03 16:30:00,65606.94,65984.87,65586.44,65924.0,305.46982,15
2026-06-03 16:45:00,65924.0,66071.04,65822.4,66061.83,165.15115,15
2026-06-03 17:00:00,66061.83,66126.0,65704.8,65715.23,230.95126,15
2026-06-03 17:15:00,65715.23,65984.88,65715.23,65945.93,214.66283,15
2026-06-03 17:30:00,65945.93,66189.8,65851.81,66109.39,204.35102,15
2026-06-03 17:45:00,66109.38,66114.0,65806.0,65964.08,160.32854,15
2026-06-03 18:00:00,65964.08,66092.0,65860.73,65972.81,122.22772,15
2026-06-03 18:15:00,65972.8,65972.8,65744.01,65899.99,170.43061,15
2026-06-03 18:30:00,65900.0,66098.0,65784.07,66044.17,120.26948,15
2026-06-03 18:45:00,66044.16,66161.24,66018.0,66036.57,187.6644,15
2026-06-03 19:00:00,66036.56,66048.0,65902.0,65970.02,189.83627,15
2026-06-03 19:15:00,65970.02,66054.0,65600.0,65658.18,304.89018,15
2026-06-03 19:30:00,65658.01,65825.1,65624.89,65764.01,136.98568,15
2026-06-03 19:45:00,65764.0,65847.99,65251.0,65462.0,566.99755,15
2026-06-03 20:00:00,65461.99,65614.74,65252.0,65580.01,265.14635,15
2026-06-03 20:15:00,65580.0,65594.0,65283.69,65548.01,175.35685,15
2026-06-03 20:30:00,65548.01,65566.0,65179.99,65190.63,246.34485,15
2026-06-03 20:45:00,65190.63,65233.83,64766.0,65007.27,1205.2029599999998,15
2026-06-03 21:00:00,65007.27,65579.58,64960.87,65413.39,289.64968999999996,15
2026-06-03 21:15:00,65413.38,65592.11,65401.38,65522.01,152.2223,15
2026-06-03 21:30:00,65522.0,65720.01,65300.0,65518.0,412.91053,15
2026-06-03 21:45:00,65517.99,65860.0,65480.0,65768.88,399.3213,15
2026-06-03 22:00:00,65768.89,65841.23,65300.0,65328.0,288.34177999999997,15
2026-06-03 22:15:00,65328.0,65328.0,65000.0,65168.01,225.8709,15
2026-06-03 22:30:00,65168.0,65257.33,64938.35,65065.99,207.1338,15
2026-06-03 22:45:00,65065.99,65094.0,64778.15,64912.98,253.17408,15
2026-06-03 23:00:00,64912.97,64979.99,64409.0,64604.63,802.38333,15
2026-06-03 23:15:00,64604.62,64650.46,64362.79,64505.4,256.39813,15
2026-06-03 23:30:00,64505.4,64633.5,64252.51,64260.0,423.55838,15
2026-06-03 23:45:00,64260.0,64346.54,64092.49,64142.75,337.89099,15
2026-06-04 00:00:00,64142.75,64428.0,64127.5,64316.53,365.24403,15
2026-06-04 00:15:00,64316.53,64387.44,63358.01,63358.01,1344.5459,15
2026-06-04 00:30:00,63358.01,63815.74,63070.0,63595.33,1179.7085,15
2026-06-04 00:45:00,63595.34,63601.41,63000.0,63344.97,623.2983399999999,15
2026-06-04 01:00:00,63344.98,63500.0,63100.01,63124.0,667.28208,15
2026-06-04 01:15:00,63124.0,63134.0,62569.0,62699.99,1821.2982900000002,15
2026-06-04 01:30:00,62700.0,63161.43,62697.37,62825.0,584.80889,15
2026-06-04 01:45:00,62825.0,62873.78,62100.01,62178.1,1685.65204,15
2026-06-04 02:00:00,62178.1,62491.24,61383.56,62402.13,2993.15998,15
2026-06-04 02:15:00,62402.14,63100.0,62150.0,62997.98,1255.17532,15
2026-06-04 02:30:00,62997.97,63499.41,62901.0,63410.0,1040.74183,15
2026-06-04 02:45:00,63410.0,63622.7,63155.7,63231.99,994.22113,15
2026-06-04 03:00:00,63232.0,64029.36,63218.48,63960.77,790.23925,15
2026-06-04 03:15:00,63960.77,64142.85,63884.35,63919.99,523.0412699999999,15
2026-06-04 03:30:00,63920.0,64540.3,63903.98,64389.18,755.39221,15
2026-06-04 03:45:00,64389.17,64458.0,64254.98,64363.49,333.42501,15
2026-06-04 04:00:00,64363.49,64685.91,64338.0,64630.0,483.86756,15
2026-06-04 04:15:00,64630.0,64764.32,64504.0,64574.0,384.38254,15
2026-06-04 04:30:00,64574.01,64613.85,64265.73,64415.99,335.09792,15
2026-06-04 04:45:00,64415.99,64464.66,64309.06,64399.99,218.277,15
2026-06-04 05:00:00,64399.99,64400.0,63716.78,63958.0,401.05796,15
2026-06-04 05:15:00,63958.0,64017.51,63648.01,63842.13,375.09953,15
2026-06-04 05:30:00,63842.12,64337.85,63768.87,64282.0,299.91844,15
2026-06-04 05:45:00,64281.99,64282.0,63915.0,63955.47,196.77342,15
2026-06-04 06:00:00,63955.48,64260.0,63892.0,64260.0,160.09929,15
2026-06-04 06:15:00,64259.99,64481.22,64180.03,64255.99,233.83785,15
2026-06-04 06:30:00,64256.0,64438.0,64075.18,64336.0,210.92163,15
2026-06-04 06:45:00,64335.99,64335.99,63976.0,64027.99,197.47560000000001,15
2026-06-04 07:00:00,64027.99,64062.81,63721.24,63811.2,227.38863,15
2026-06-04 07:15:00,63811.21,63829.98,63492.89,63696.01,451.05481,15
2026-06-04 07:30:00,63696.01,64048.0,63692.01,63930.55,467.32577,15
2026-06-04 07:45:00,63930.54,63952.0,63602.0,63603.15,358.10972,15
2026-06-04 08:00:00,63603.15,63904.63,63333.0,63360.0,345.21408,15
2026-06-04 08:15:00,63360.01,63593.0,63245.9,63484.0,573.73055,15
2026-06-04 08:30:00,63484.0,63682.0,63372.63,63417.62,431.26301,15
2026-06-04 08:45:00,63417.61,63755.95,63407.57,63629.99,220.02552,15
2026-06-04 09:00:00,63629.99,63644.0,63200.0,63337.74,290.95818,15
2026-06-04 09:15:00,63337.75,63337.75,62806.89,62863.99,672.40877,15
2026-06-04 09:30:00,62864.0,63000.0,62703.33,62899.44,940.47354,15
2026-06-04 09:45:00,62899.44,63272.01,62895.15,63266.0,425.48771,15
2026-06-04 10:00:00,63266.01,63276.0,62820.01,62872.58,489.02224,15
2026-06-04 10:15:00,62872.58,63006.0,62500.0,62501.51,461.65193999999997,15
2026-06-04 10:30:00,62501.51,62792.0,62415.94,62723.46,590.53061,15
2026-06-04 10:45:00,62723.47,62800.53,62301.21,62420.0,1505.15198,15
2026-06-04 11:00:00,62420.01,62670.0,62223.0,62272.6,384.47151,15
2026-06-04 11:15:00,62272.61,62650.89,62238.0,62617.38,536.73889,15
2026-06-04 11:30:00,62617.37,62833.82,62205.0,62237.98,429.57244000000003,15
2026-06-04 11:45:00,62237.99,62555.27,62237.98,62545.99,298.79021,15
2026-06-04 12:00:00,62546.0,62706.0,62392.0,62530.0,292.31121,15
2026-06-04 12:15:00,62530.0,63400.0,62525.74,63267.99,521.52263,15
2026-06-04 12:30:00,63267.99,63720.85,63148.8,63564.0,554.69033,15
2026-06-04 12:45:00,63564.0,63966.48,63506.0,63766.82,371.78982,15
2026-06-04 13:00:00,63766.82,63841.1,63546.0,63586.85,244.33909,15
2026-06-04 13:15:00,63586.85,63624.0,63068.41,63229.99,391.95529,15
2026-06-04 13:30:00,63230.0,64244.0,63194.22,63798.61,1012.74268,15
2026-06-04 13:45:00,63798.61,64230.0,63668.01,64230.0,438.66185,15
2026-06-04 14:00:00,64230.0,64494.92,63980.0,64365.73,559.55193,15
2026-06-04 14:15:00,64365.74,64411.2,64052.0,64144.0,283.32892,15
2026-06-04 14:30:00,64144.0,64148.0,63844.68,64000.91,243.89453,15
2026-06-04 14:45:00,64000.9,64078.0,63785.33,63958.97,227.99632,15
2026-06-04 15:00:00,63958.97,64370.0,63850.98,64365.52,356.01546,15
2026-06-04 15:15:00,64365.51,64404.0,63800.0,63982.45,252.87306999999998,15
2026-06-04 15:30:00,63982.44,64085.56,63802.56,63842.53,247.23253,15
2026-06-04 15:45:00,63842.53,64000.0,63691.7,63896.17,187.08371,15
2026-06-04 16:00:00,63896.16,63920.0,63648.0,63660.0,178.28543000000002,15
2026-06-04 16:15:00,63660.01,63878.0,63632.05,63646.01,155.76745,15
2026-06-04 16:30:00,63646.01,63862.0,63456.0,63780.08,233.59514,15
2026-06-04 16:45:00,63780.07,63920.0,63510.7,63563.51,210.93288,15
2026-06-04 17:00:00,63563.51,63722.0,63446.0,63591.99,200.19499,15
2026-06-04 17:15:00,63592.0,63592.0,63116.0,63224.0,220.18475999999998,15
2026-06-04 17:30:00,63224.0,63306.0,62969.69,63041.23,258.52893,15
2026-06-04 17:45:00,63041.24,63650.0,62944.91,63540.97,369.17401,15
2026-06-04 18:00:00,63540.96,63578.99,63149.76,63158.01,208.44538,15
2026-06-04 18:15:00,63158.02,63932.52,63150.0,63896.27,331.89236,15
2026-06-04 18:30:00,63896.26,64110.28,63732.02,63924.93,461.17563,15
2026-06-04 18:45:00,63924.93,64100.0,63819.62,63819.62,196.5047,15
2026-06-04 19:00:00,63819.62,63889.74,63620.64,63886.33,177.3347,15
2026-06-04 19:15:00,63886.33,64163.93,63867.05,64128.0,197.53996999999998,15
2026-06-04 19:30:00,64128.0,64144.0,63764.01,63786.01,150.32072,15
2026-06-04 19:45:00,63786.01,63786.01,63544.0,63629.38,173.84864,15
2026-06-04 20:00:00,63629.38,63636.0,63249.26,63505.31,184.38162,15
2026-06-04 20:15:00,63505.31,63538.0,63182.84,63341.0,277.55647,15
2026-06-04 20:30:00,63341.01,63653.2,63338.0,63560.93,165.49564,15
2026-06-04 20:45:00,63560.93,63648.0,63424.53,63638.4,126.21258,15
2026-06-04 21:00:00,63638.4,63876.0,63606.0,63804.82,301.72733,15
2026-06-04 21:15:00,63804.82,63817.72,63438.0,63495.63,296.7223,15
2026-06-04 21:30:00,63495.64,63516.93,63106.04,63496.0,263.5989,15
2026-06-04 21:45:00,63496.0,63530.71,63264.93,63286.21,120.32144,15
2026-06-04 22:00:00,63286.21,63496.0,63194.0,63292.0,296.25322,15
2026-06-04 22:15:00,63292.01,63445.28,63291.06,63352.14,125.9905,15
2026-06-04 22:30:00,63352.14,63592.28,63230.0,63504.15,231.6784,15
2026-06-04 22:45:00,63504.14,63772.0,63442.0,63735.43,162.62551,15
2026-06-04 23:00:00,63735.42,63852.0,63604.0,63604.01,118.44614,15
2026-06-04 23:15:00,63604.01,63620.0,63376.0,63461.99,186.26845,15
2026-06-04 23:30:00,63461.99,63796.0,63461.99,63762.33,123.53513,15
2026-06-04 23:45:00,63762.32,63918.0,63698.0,63885.99,133.2341,15
2026-06-05 00:00:00,63885.99,63885.99,63647.99,63662.77,180.44837,15
2026-06-05 00:15:00,63662.77,63909.97,63592.27,63909.52,180.65437,15
2026-06-05 00:30:00,63909.53,63978.0,63679.99,63697.94,240.22722,15
2026-06-05 00:45:00,63697.94,63797.71,63396.57,63426.72,198.22016,15
2026-06-05 01:00:00,63426.73,63426.73,63052.0,63361.92,322.65885000000003,15
2026-06-05 01:15:00,63361.91,63424.62,63144.58,63343.99,212.91646,15
2026-06-05 01:30:00,63344.0,63566.0,63270.0,63440.0,164.52814,15
2026-06-05 01:45:00,63440.0,63446.0,63244.0,63374.67,274.0054,15
2026-06-05 02:00:00,63374.67,63436.0,63180.0,63180.0,144.85954,15
2026-06-05 02:15:00,63180.0,63270.0,62700.0,62705.48,523.53895,15
2026-06-05 02:30:00,62705.49,62954.0,62588.77,62742.01,278.81911,15
2026-06-05 02:45:00,62742.0,62861.95,62600.0,62617.72,220.48372,15
2026-06-05 03:00:00,62617.72,62656.79,62339.0,62379.62,629.82618,15
2026-06-05 03:15:00,62379.61,62820.0,62379.61,62599.18,235.21777,15
2026-06-05 03:30:00,62599.18,62888.0,62584.22,62665.41,185.77557000000002,15
2026-06-05 03:45:00,62665.41,62861.64,62654.0,62730.0,170.81828,15
2026-06-05 04:00:00,62730.0,62980.0,62487.24,62861.3,236.01854,15
2026-06-05 04:15:00,62861.3,63240.48,62659.71,63240.32,326.46036,15
2026-06-05 04:30:00,63240.32,63240.32,62990.81,63025.12,180.98911999999999,15
2026-06-05 04:45:00,63025.11,63646.0,62846.28,63615.23,390.02281,15
2026-06-05 05:00:00,63615.22,63688.0,63344.0,63384.33,308.88378,15
2026-06-05 05:15:00,63384.34,63561.2,63278.0,63510.02,241.61045,15
2026-06-05 05:30:00,63510.01,63562.45,62887.0,62893.14,357.01267,15
2026-06-05 05:45:00,62893.14,62970.0,62278.0,62329.35,595.80489,15
2026-06-05 06:00:00,62329.36,62634.53,62027.78,62082.93,1008.71482,15
2026-06-05 06:15:00,62082.94,62256.0,61126.01,61681.21,2401.37205,15
2026-06-05 06:30:00,61681.2,62192.0,61644.0,62146.11,1360.1042499999999,15
2026-06-05 06:45:00,62146.11,62203.29,61784.0,61946.57,507.28637,15
2026-06-05 07:00:00,61946.57,61985.36,61378.38,61497.53,655.38273,15
2026-06-05 07:15:00,61497.52,62356.13,61491.74,62252.95,519.37806,15
2026-06-05 07:30:00,62252.94,62902.0,62190.0,62881.98,880.73123,15
2026-06-05 07:45:00,62881.98,63116.0,62753.53,63115.99,763.6514099999999,15
2026-06-05 08:00:00,63115.99,63120.98,62704.0,62805.61,461.55033,15
2026-06-05 08:15:00,62805.61,62873.99,62584.58,62816.13,365.23266,15
2026-06-05 08:30:00,62816.28,62932.63,62516.09,62540.0,352.33438,15
2026-06-05 08:45:00,62540.01,62612.0,62288.88,62454.64,202.2183,15
2026-06-05 09:00:00,62454.64,63099.65,62442.0,63099.64,369.37978,15
2026-06-05 09:15:00,63099.65,63259.9,62901.1,63114.43,331.6759,15
2026-06-05 09:30:00,63114.43,63124.0,62775.0,62819.49,148.99875,15
2026-06-05 09:45:00,62819.49,62994.0,62804.0,62860.09,120.19867,15
2026-06-05 10:00:00,62860.09,62931.81,62652.0,62748.76,227.94236,15
2026-06-05 10:15:00,62748.77,62748.77,62501.76,62586.01,179.61229,15
2026-06-05 10:30:00,62586.01,62711.99,62375.0,62675.51,175.33941,15
2026-06-05 10:45:00,62675.51,62675.52,62453.0,62536.87,170.95127,15
2026-06-05 11:00:00,62536.87,62538.83,62255.28,62326.53,211.14631,15
2026-06-05 11:15:00,62326.53,62644.48,62246.0,62471.91,377.60629,15
2026-06-05 11:30:00,62473.18,62521.92,62114.4,62114.4,285.92705,15
2026-06-05 11:45:00,62114.41,62260.0,61964.98,61964.99,317.05030999999997,15
2026-06-05 12:00:00,61964.99,62281.13,61647.06,62148.67,509.84306,15
2026-06-05 12:15:00,62148.68,62457.86,62148.67,62219.04,489.96243,15
2026-06-05 12:30:00,62220.48,62400.0,61620.47,61974.89,688.21763,15
2026-06-05 12:45:00,61974.89,62089.87,61863.82,61959.73,243.24,15
2026-06-05 13:00:00,61959.72,62172.0,61922.0,61985.0,631.09061,15
2026-06-05 13:15:00,61984.99,62315.99,61892.0,62116.0,372.51653999999996,15
2026-06-05 13:30:00,62116.0,62326.0,61675.49,61846.0,864.67601,15
2026-06-05 13:45:00,61846.0,61877.99,60732.35,60732.36,1776.4457499999999,15
2026-06-05 14:00:00,60732.36,61227.98,60461.88,60865.45,1984.5911,15
2026-06-05 14:15:00,60865.45,61061.28,60340.0,60394.6,985.08075,15
2026-06-05 14:30:00,60394.59,61195.99,60334.97,60845.87,1124.69233,15
2026-06-05 14:45:00,60845.87,61135.19,60624.0,60868.97,658.8952,15
2026-06-05 15:00:00,60868.98,61033.99,60532.86,60609.59,613.767,15
2026-06-05 15:15:00,60609.6,61126.0,60506.0,60790.36,672.4184,15
2026-06-05 15:30:00,60789.63,60852.9,60000.0,60370.0,2439.63321,15
2026-06-05 15:45:00,60370.0,60635.0,60192.01,60438.01,745.9434,15
2026-06-05 16:00:00,60438.0,61085.7,59786.0,60897.63,3100.08686,15
2026-06-05 16:15:00,60897.63,61547.24,60720.59,60926.89,1354.81026,15
2026-06-05 16:30:00,60926.89,61062.0,60710.01,60832.49,605.76813,15
2026-06-05 16:45:00,60832.49,61475.12,60806.74,61394.39,535.03763,15
2026-06-05 17:00:00,61394.38,61508.85,60930.8,61061.06,574.37985,15
2026-06-05 17:15:00,61061.07,61077.09,60660.0,60697.27,529.17825,15
2026-06-05 17:30:00,60697.27,61151.67,60688.0,60755.83,341.75999,15
2026-06-05 17:45:00,60755.82,60849.23,60664.01,60813.99,290.42472,15
2026-06-05 18:00:00,60814.0,60950.0,60612.0,60624.35,346.49111,15
2026-06-05 18:15:00,60624.36,60664.0,60108.03,60158.0,637.80097,15
2026-06-05 18:30:00,60158.01,60340.09,59668.0,59952.0,1044.2426500000001,15
2026-06-05 18:45:00,59952.0,59972.0,59141.0,59395.99,1824.8427000000001,15
2026-06-05 19:00:00,59396.0,59612.67,59145.0,59392.25,768.26267,15
2026-06-05 19:15:00,59392.0,59869.98,59130.91,59858.27,628.51981,15
2026-06-05 19:30:00,59858.28,59897.32,59485.45,59752.15,491.37367,15
2026-06-05 19:45:00,59752.14,60459.41,59744.0,60300.24,674.61304,15
2026-06-05 20:00:00,60300.24,60981.13,59940.01,60855.6,813.49999,15
2026-06-05 20:15:00,60855.6,61076.58,60713.57,60945.4,619.83455,15
2026-06-05 20:30:00,60945.4,61305.64,60894.01,61268.39,446.25732,15
2026-06-05 20:45:00,61268.39,61787.01,61210.57,61620.01,639.73435,15
2026-06-05 21:00:00,61620.01,61995.0,61568.0,61860.0,975.4799,15
2026-06-05 21:15:00,61859.99,62000.0,61567.56,61578.1,381.30928,15
2026-06-05 21:30:00,61578.01,61944.88,61444.2,61873.99,267.25153,15
2026-06-05 21:45:00,61873.99,61909.86,61629.95,61670.38,130.56054,15
2026-06-05 22:00:00,61670.38,61670.38,61207.82,61397.54,338.48859,15
2026-06-05 22:15:00,61397.53,61649.09,61296.35,61488.45,427.12901,15
2026-06-05 22:30:00,61488.45,61877.0,61406.28,61758.01,452.34891,15
2026-06-05 22:45:00,61758.0,61966.0,61551.18,61584.49,581.64377,15
2026-06-05 23:00:00,61584.49,61776.0,61308.0,61308.0,363.35007,15
2026-06-05 23:15:00,61308.01,61308.01,60825.75,60946.01,403.94201,15
2026-06-05 23:30:00,60946.01,60946.01,60518.0,60814.26,272.30611,15
2026-06-05 23:45:00,60814.26,61070.0,60700.0,61056.47,171.96071999999998,15
2026-06-06 00:00:00,61056.47,61462.0,61045.01,61425.56,264.67721,15
2026-06-06 00:15:00,61425.56,61530.05,61151.4,61310.39,200.82904,15
2026-06-06 00:30:00,61310.39,61420.0,61180.23,61198.01,149.56529,15
2026-06-06 00:45:00,61198.0,61386.0,61184.0,61273.29,154.20905,15
2026-06-06 01:00:00,61273.29,61380.0,61112.0,61145.76,177.24116,15
2026-06-06 01:15:00,61145.76,61295.99,60976.0,61294.52,203.40788999999998,15
2026-06-06 01:30:00,61294.52,61304.57,61018.0,61053.44,132.64531,15
2026-06-06 01:45:00,61053.43,61170.0,60954.36,61058.95,187.7831,15
2026-06-06 02:00:00,61058.95,61095.05,60868.0,60879.73,226.4554,15
2026-06-06 02:15:00,60879.73,60990.51,60678.0,60796.81,236.41872,15
2026-06-06 02:30:00,60796.81,61056.34,60775.08,60938.01,158.79064,15
2026-06-06 02:45:00,60938.0,61176.0,60866.0,60951.64,156.66528,15
2026-06-06 03:00:00,60951.63,60966.86,60794.12,60874.09,142.78279,15
2026-06-06 03:15:00,60874.09,60940.0,60715.51,60799.99,169.48741,15
2026-06-06 03:30:00,60799.99,60799.99,60520.0,60708.33,259.64543,15
2026-06-06 03:45:00,60708.33,60796.0,60618.0,60687.04,124.47542,15
2026-06-06 04:00:00,60687.05,60866.0,60087.2,60131.47,424.67566,15
2026-06-06 04:15:00,60131.48,60344.0,59845.52,59964.29,683.42304,15
2026-06-06 04:30:00,59964.29,60050.0,59500.0,59796.66,624.38316,15
2026-06-06 04:45:00,59796.01,60302.21,59708.15,60101.27,429.44849,15
2026-06-06 05:00:00,60101.28,60251.99,59621.22,59890.01,431.03513000000004,15
2026-06-06 05:15:00,59890.01,61062.0,59870.0,60751.3,1084.22645,15
2026-06-06 05:30:00,60751.29,60967.2,60608.02,60824.38,355.59832,15
2026-06-06 05:45:00,60824.38,61051.9,60750.47,60942.38,270.37098,15
2026-06-06 06:00:00,60942.37,61276.95,60942.37,61152.06,714.7858,15
2026-06-06 06:15:00,61152.06,61245.05,60994.0,61024.6,730.45272,15
2026-06-06 06:30:00,61024.59,61181.72,60804.0,60804.0,454.50818,15
2026-06-06 06:45:00,60804.0,60964.0,60681.0,60786.96,195.35467,15
2026-06-06 07:00:00,60786.96,61137.75,60733.14,61093.0,259.27699,15
2026-06-06 07:15:00,61092.99,61229.17,60840.86,60889.97,181.2476,15
2026-06-06 07:30:00,60889.97,61096.0,60870.27,61049.19,110.32065,15
2026-06-06 07:45:00,61049.19,61105.0,60969.05,61004.95,113.46602,15
2026-06-06 08:00:00,61004.95,61166.0,60884.0,61144.52,162.15999,15
2026-06-06 08:15:00,61144.52,61451.76,61030.25,61402.0,234.80275999999998,15
2026-06-06 08:30:00,61402.0,61500.0,61290.84,61364.26,201.42038,15
2026-06-06 08:45:00,61364.25,61475.12,61240.05,61264.0,126.31675,15
2026-06-06 09:00:00,61264.0,61315.42,61131.16,61228.01,111.17391,15
2026-06-06 09:15:00,61228.0,61322.0,61105.18,61313.37,150.90488,15
2026-06-06 09:30:00,61313.36,61313.36,61058.33,61102.98,170.66171,15
2026-06-06 09:45:00,61102.44,61116.0,60875.55,60981.24,147.31232,15
2026-06-06 10:00:00,60981.24,60981.24,60589.0,60620.83,383.12261,15
2026-06-06 10:15:00,60620.83,60751.91,60488.0,60527.28,333.41843,15
2026-06-06 10:30:00,60527.5,60540.71,60198.0,60420.79,512.64426,15
2026-06-06 10:45:00,60420.79,60613.07,60350.01,60593.0,175.57676,15
2026-06-06 11:00:00,60593.0,60800.41,60552.95,60646.0,251.52924,15
2026-06-06 11:15:00,60645.99,60859.98,60607.36,60809.59,179.12575999999999,15
2026-06-06 11:30:00,60809.59,60870.32,60734.81,60830.53,128.23747,15
2026-06-06 11:45:00,60830.52,60968.0,60746.0,60802.91,205.15043,15
2026-06-06 12:00:00,60802.9,61100.0,60802.9,61049.18,218.64534,15
2026-06-06 12:15:00,61049.18,61100.0,60732.0,60737.04,167.01963,15
2026-06-06 12:30:00,60737.05,60866.0,60641.2,60830.33,125.9239,15
2026-06-06 12:45:00,60830.33,61185.26,60788.0,61030.63,158.27519,15
2026-06-06 13:00:00,61030.63,61100.0,60968.0,61009.47,91.23964,15
2026-06-06 13:15:00,61009.47,61049.94,60868.41,60878.23,95.99514,15
2026-06-06 13:30:00,60878.24,60899.59,60701.41,60899.59,250.65861,15
2026-06-06 13:45:00,60899.59,61046.0,60764.39,60801.2,127.52369,15
2026-06-06 14:00:00,60801.2,61000.0,60770.08,60902.72,116.86412,15
2026-06-06 14:15:00,60902.73,61016.0,60794.0,60888.0,97.19773,15
2026-06-06 14:30:00,60887.99,61001.98,60827.53,60956.01,65.94897,15
2026-06-06 14:45:00,60956.01,61004.0,60768.0,60791.05,129.84503,15
2026-06-06 15:00:00,60791.06,60876.0,60557.24,60616.34,212.06466,15
2026-06-06 15:15:00,60616.34,60687.43,60396.0,60673.84,213.41640999999998,15
2026-06-06 15:30:00,60673.84,60915.41,60578.0,60861.54,136.59126,15
2026-06-06 15:45:00,60861.53,60929.2,60724.0,60784.0,84.28587,15
2026-06-06 16:00:00,60784.01,60971.24,60698.86,60784.72,132.96858,15
2026-06-06 16:15:00,60784.72,60818.0,60600.0,60624.08,133.73446,15
2026-06-06 16:30:00,60624.08,60770.0,60466.56,60767.99,139.16665,15
2026-06-06 16:45:00,60767.99,60864.0,60696.67,60774.0,118.13472,15
2026-06-06 17:00:00,60774.0,60844.0,60605.87,60722.59,165.09177,15
2026-06-06 17:15:00,60722.59,60770.0,60589.36,60680.0,135.15626,15
2026-06-06 17:30:00,60680.0,60804.0,60596.0,60710.0,142.61686,15
2026-06-06 17:45:00,60709.99,60740.25,60501.0,60576.2,156.98885,15
2026-06-06 18:00:00,60576.19,60622.0,60454.66,60486.18,408.59180000000003,15
2026-06-06 18:15:00,60486.19,60754.74,60393.96,60702.98,432.92165,15
2026-06-06 18:30:00,60702.98,60702.98,60538.0,60606.0,60.42471,15
2026-06-06 18:45:00,60606.0,60680.0,60502.0,60637.21,73.06371,15
2026-06-06 19:00:00,60637.2,60786.0,60560.31,60728.01,132.78691,15
2026-06-06 19:15:00,60728.0,60733.92,60600.0,60611.06,86.27513,15
2026-06-06 19:30:00,60611.06,60642.68,60536.0,60622.0,81.5382,15
2026-06-06 19:45:00,60622.0,60682.0,60600.0,60600.01,47.5348,15
2026-06-06 20:00:00,60600.0,60634.0,60522.0,60576.01,74.26698,15
2026-06-06 20:15:00,60576.0,60647.64,60531.12,60594.0,63.35197,15
2026-06-06 20:30:00,60594.0,60754.87,60580.01,60734.36,106.04945,15
2026-06-06 20:45:00,60734.36,60756.0,60650.0,60711.69,84.34425,15
2026-06-06 21:00:00,60711.69,60899.65,60707.93,60860.0,71.89855,15
2026-06-06 21:15:00,60859.99,60944.0,60834.0,60890.94,90.97549,15
2026-06-06 21:30:00,60890.94,61000.0,60802.78,60821.15,91.02252,15
2026-06-06 21:45:00,60821.14,60868.26,60746.08,60751.21,57.43549,15
2026-06-06 22:00:00,60751.22,60818.0,60592.0,60631.15,136.19083,15
2026-06-06 22:15:00,60631.15,60767.82,60440.0,60460.62,106.36466999999999,15
2026-06-06 22:30:00,60460.63,60601.99,60429.09,60585.93,63.325039999999994,15
2026-06-06 22:45:00,60586.0,60715.73,60540.34,60543.53,68.2723,15
2026-06-06 23:00:00,60543.52,60763.27,60543.52,60710.0,138.59286,15
2026-06-06 23:15:00,60709.99,60748.75,60592.0,60713.58,160.4163,15
2026-06-06 23:30:00,60713.57,60922.38,60680.0,60856.01,75.79867,15
2026-06-06 23:45:00,60856.01,60942.75,60812.0,60884.62,187.58249,15
2026-06-07 00:00:00,60884.62,60933.29,60800.0,60811.46,88.9074,15
2026-06-07 00:15:00,60811.47,60886.0,60780.0,60843.03,202.71111000000002,15
2026-06-07 00:30:00,60843.03,60987.99,60795.88,60798.24,239.30864,15
2026-06-07 00:45:00,60798.24,60812.52,60746.0,60782.01,149.52745,15
2026-06-07 01:00:00,60782.0,61400.0,60758.0,61316.0,381.76195,15
2026-06-07 01:15:00,61316.0,61664.13,61255.54,61638.78,445.58795,15
2026-06-07 01:30:00,61638.78,61648.6,61403.24,61455.01,218.72378999999998,15
2026-06-07 01:45:00,61455.01,61595.0,61372.31,61479.75,239.49551,15
2026-06-07 02:00:00,61479.75,61552.0,61411.1,61411.11,116.07042999999999,15
2026-06-07 02:15:00,61411.1,61427.49,61184.0,61254.83,143.67738,15
2026-06-07 02:30:00,61254.83,61320.3,61194.0,61320.3,105.51661,15
2026-06-07 02:45:00,61320.29,61568.0,61319.39,61506.74,158.10336,15
2026-06-07 03:00:00,61506.73,61530.48,61416.1,61530.48,133.33652,15
2026-06-07 03:15:00,61530.48,61778.33,61490.76,61664.2,170.45508,15
2026-06-07 03:30:00,61664.21,61684.5,61550.0,61663.85,95.76498,15
2026-06-07 03:45:00,61663.85,61732.0,61581.14,61701.07,70.24095,15
2026-06-07 04:00:00,61701.06,61709.89,61512.35,61552.0,89.35593,15
2026-06-07 04:15:00,61552.0,61631.73,61482.46,61554.96,100.62393,15
2026-06-07 04:30:00,61554.95,61838.07,61547.48,61741.19,106.80005,15
2026-06-07 04:45:00,61741.18,61907.07,61700.0,61890.92,189.49172000000002,15
2026-06-07 05:00:00,61890.92,61973.27,61793.53,61884.01,162.74742,15
2026-06-07 05:15:00,61884.01,62159.0,61734.44,61740.49,363.06195,15
2026-06-07 05:30:00,61740.49,61872.0,61647.0,61872.0,255.7355,15
2026-06-07 05:45:00,61871.99,61872.0,61700.0,61748.1,358.11555,15
2026-06-07 06:00:00,61748.11,61762.45,61619.4,61678.01,131.88673,15
2026-06-07 06:15:00,61678.01,62016.56,61658.43,61970.18,464.45184,15
2026-06-07 06:30:00,61970.18,62272.0,61962.62,62192.69,686.67893,15
2026-06-07 06:45:00,62192.69,62233.83,62030.15,62101.0,466.1046,15
2026-06-07 07:00:00,62101.01,62268.88,61983.46,62131.32,352.85402,15
2026-06-07 07:15:00,62131.32,62244.95,62059.6,62231.99,404.32527,15
2026-06-07 07:30:00,62231.99,62267.94,62191.38,62234.19,364.46753,15
2026-06-07 07:45:00,62234.19,62416.26,62183.68,62404.73,406.50298,15
2026-06-07 08:00:00,62404.72,62444.15,62259.37,62383.58,314.51201000000003,15
2026-06-07 08:15:00,62383.59,62582.13,62312.66,62536.59,213.25252999999998,15
2026-06-07 08:30:00,62536.6,62666.0,62400.0,62550.0,658.25508,15
2026-06-07 08:45:00,62549.99,62960.0,62549.99,62855.01,819.82574,15
2026-06-07 09:00:00,62855.0,62900.0,62720.0,62827.59,340.03862,15
2026-06-07 09:15:00,62827.59,62882.09,62606.0,62685.47,315.33767,15
2026-06-07 09:30:00,62685.48,62690.0,62500.01,62539.99,212.84801,15
2026-06-07 09:45:00,62540.0,62636.02,62374.63,62530.0,380.5287,15
2026-06-07 10:00:00,62530.0,62565.97,62382.0,62408.72,171.77163000000002,15
2026-06-07 10:15:00,62408.72,62570.31,62389.68,62510.96,199.17437,15
2026-06-07 10:30:00,62510.95,62559.99,62312.66,62362.0,165.24174,15
2026-06-07 10:45:00,62361.99,62462.0,62298.39,62370.52,137.97752,15
2026-06-07 11:00:00,62370.53,62520.0,62359.44,62460.01,145.77057,15
2026-06-07 11:15:00,62460.01,62555.54,62422.71,62531.71,86.48046,15
2026-06-07 11:30:00,62531.7,62680.0,62448.0,62680.0,100.20881,15
2026-06-07 11:45:00,62679.99,62754.45,62567.56,62621.96,461.83889,15
2026-06-07 12:00:00,62621.97,62643.97,62061.25,62085.16,397.61582999999996,15
2026-06-07 12:15:00,62085.16,62232.82,61875.0,61935.92,753.49001,15
2026-06-07 12:30:00,61935.92,61952.06,61577.12,61648.65,613.5828300000001,15
2026-06-07 12:45:00,61648.65,61998.59,61642.01,61900.67,192.37873,15
2026-06-07 13:00:00,61900.66,61907.64,61649.12,61775.43,478.95117000000005,15
2026-06-07 13:15:00,61775.44,61853.75,61652.98,61848.45,219.44878,15
2026-06-07 13:30:00,61848.44,61906.34,61676.0,61739.53,212.90885,15
2026-06-07 13:45:00,61739.53,61818.0,61694.0,61700.13,234.88043,15
2026-06-07 14:00:00,61700.14,61824.89,61696.98,61793.43,132.24001,15
2026-06-07 14:15:00,61793.44,62159.65,61752.0,62081.99,361.57769,15
2026-06-07 14:30:00,62081.99,62312.67,61934.81,61996.49,279.5826,15
2026-06-07 14:45:00,61996.5,62001.34,61746.0,61905.49,150.14362,15
2026-06-07 15:00:00,61905.49,61905.49,61674.51,61838.47,156.81461,15
2026-06-07 15:15:00,61838.47,61972.0,61718.15,61963.2,116.22641,15
2026-06-07 15:30:00,61963.2,62157.29,61958.0,62110.8,140.00586,15
2026-06-07 15:45:00,62110.79,62219.92,61978.0,62093.99,114.29147,15
2026-06-07 16:00:00,62093.99,62188.86,61966.0,62158.0,106.18337,15
2026-06-07 16:15:00,62158.0,62332.0,62106.0,62179.15,135.9515,15
2026-06-07 16:30:00,62179.14,62287.51,62154.66,62159.99,77.2149,15
2026-06-07 16:45:00,62159.99,62239.99,61987.52,62083.64,163.61052999999998,15
2026-06-07 17:00:00,62083.64,62324.88,62046.62,62287.44,162.43357,15
2026-06-07 17:15:00,62287.45,62330.0,62241.05,62251.35,166.14403,15
2026-06-07 17:30:00,62251.36,62320.52,62234.29,62273.65,123.87653,15
2026-06-07 17:45:00,62273.65,62273.65,62096.94,62160.01,121.52286,15
2026-06-07 18:00:00,62160.01,62296.0,62143.27,62282.2,124.79633,15
2026-06-07 18:15:00,62282.2,62282.2,62144.0,62227.82,43.94134,15
2026-06-07 18:30:00,62227.82,62292.0,62165.05,62205.84,112.32199000000001,15
2026-06-07 18:45:00,62205.84,62237.76,62022.0,62030.14,92.55395,15
2026-06-07 19:00:00,62030.15,62036.78,61584.02,61657.61,272.97247,15
2026-06-07 19:15:00,61657.62,61657.62,61275.0,61482.97,383.93947,15
2026-06-07 19:30:00,61482.97,61496.0,61200.0,61218.01,180.56697,15
2026-06-07 19:45:00,61218.01,61466.0,61184.0,61328.0,209.17741999999998,15
2026-06-07 20:00:00,61327.99,61712.0,61217.17,61580.18,269.49492,15
2026-06-07 20:15:00,61580.18,61882.0,61462.12,61745.41,129.22326,15
2026-06-07 20:30:00,61745.42,61828.0,61699.95,61783.18,80.44537,15
2026-06-07 20:45:00,61783.17,61962.47,61756.0,61878.01,89.94548,15
2026-06-07 21:00:00,61878.0,62017.71,61706.0,61954.49,104.12913,15
2026-06-07 21:15:00,61954.48,62004.0,61720.04,61781.85,78.38503,15
2026-06-07 21:30:00,61781.86,61846.0,61680.22,61710.0,111.42216,15
2026-06-07 21:45:00,61710.01,61788.0,61652.01,61778.41,80.25737,15
2026-06-07 22:00:00,61778.42,63737.99,61728.11,63586.98,1062.34071,15
2026-06-07 22:15:00,63586.98,64234.68,62882.29,62995.37,2546.84749,15
2026-06-07 22:30:00,62995.38,63399.97,62782.16,63161.57,982.0684100000001,15
2026-06-07 22:45:00,63161.56,63308.0,62848.76,62865.87,301.49831,15
2026-06-07 23:00:00,62865.87,63060.96,62803.42,63012.72,260.90635,15
2026-06-07 23:15:00,63012.71,63272.5,62812.0,63260.14,238.77868,15
2026-06-07 23:30:00,63260.14,63327.66,63124.0,63297.33,165.75191,15
2026-06-07 23:45:00,63297.33,63444.11,63104.0,63332.01,493.80831,15
2026-06-08 00:00:00,63332.01,63344.0,63147.1,63242.84,188.88216,15
2026-06-08 00:15:00,63242.84,63521.02,63138.37,63504.0,230.62888,15
2026-06-08 00:30:00,63504.0,63863.06,63408.66,63719.01,647.39364,15
2026-06-08 00:45:00,63719.0,63788.0,63556.0,63631.42,188.71513,15
2026-06-08 01:00:00,63631.43,63643.99,63066.0,63066.01,303.49231,15
2026-06-08 01:15:00,63066.01,63172.0,62756.36,62827.73,446.08836,15
2026-06-08 01:30:00,62827.74,63122.0,62720.86,63114.0,230.38813,15
2026-06-08 01:45:00,63113.99,63244.56,62997.76,63211.41,149.13562,15
2026-06-08 02:00:00,63211.41,63260.0,63004.0,63128.01,92.28377,15
2026-06-08 02:15:00,63128.01,63220.0,62965.07,63107.17,120.80743,15
2026-06-08 02:30:00,63107.18,63190.0,62918.0,63069.17,157.04497,15
2026-06-08 02:45:00,63069.17,63139.03,62948.0,63129.93,132.74667,15
2026-06-08 03:00:00,63129.94,63458.0,62978.36,63284.01,133.6505,15
2026-06-08 03:15:00,63284.01,63357.99,63149.25,63151.99,111.72542,15
2026-06-08 03:30:00,63152.0,63234.01,63072.07,63147.99,118.22270999999999,15
2026-06-08 03:45:00,63148.0,63180.0,63080.0,63130.12,64.2561,15
2026-06-08 04:00:00,63130.12,63171.1,62804.17,63004.0,173.12276,15
2026-06-08 04:15:00,63004.0,63047.23,62842.0,62939.81,101.90639,15
2026-06-08 04:30:00,62939.82,62986.0,62657.07,62704.0,151.20522,15
2026-06-08 04:45:00,62704.01,62900.64,62684.6,62684.61,127.40461,15
2026-06-08 05:00:00,62684.61,62825.27,62550.0,62575.46,153.58704,15
2026-06-08 05:15:00,62575.47,62748.84,62500.0,62722.0,191.37476,15
2026-06-08 05:30:00,62721.99,62735.07,62408.0,62478.63,141.74333000000001,15
2026-06-08 05:45:00,62478.01,62782.55,62458.0,62764.0,187.4021,15
2026-06-08 06:00:00,62763.99,62972.94,62734.0,62947.38,178.7157,15
2026-06-08 06:15:00,62947.37,63144.0,62888.0,63076.01,226.27549,15
2026-06-08 06:30:00,63076.0,63099.57,62922.37,63036.0,159.35114000000002,15
2026-06-08 06:45:00,63035.99,63046.08,62935.05,62988.03,65.18818,15
2026-06-08 07:00:00,62988.58,63204.27,62812.0,63084.57,245.67012,15
2026-06-08 07:15:00,63084.57,63273.01,62970.94,63189.25,347.61658,15
2026-06-08 07:30:00,63189.26,63276.0,63082.0,63114.27,161.92283,15
2026-06-08 07:45:00,63114.26,63350.0,63107.2,63283.99,221.69827,15
2026-06-08 08:00:00,63284.0,63284.0,63062.0,63190.74,182.69387,15
2026-06-08 08:15:00,63190.74,63220.0,62992.01,63103.99,128.92215,15
2026-06-08 08:30:00,63103.99,63196.0,63046.0,63166.0,88.57041,15
2026-06-08 08:45:00,63166.0,63184.0,63029.05,63132.83,90.56414,15
2026-06-08 09:00:00,63132.84,63339.51,63128.47,63337.2,152.57299,15
2026-06-08 09:15:00,63337.19,63577.86,63294.01,63388.55,222.60256,15
2026-06-08 09:30:00,63388.55,63412.74,63170.0,63363.13,161.85441,15
2026-06-08 09:45:00,63363.14,63504.81,63333.34,63502.0,169.9023,15
2026-06-08 10:00:00,63501.99,63568.19,63366.87,63387.99,292.21189,15
2026-06-08 10:15:00,63387.98,63387.99,63109.33,63152.0,145.01209,15
2026-06-08 10:30:00,63152.0,63426.0,63138.0,63218.01,174.39013,15
2026-06-08 10:45:00,63218.01,63234.0,63096.88,63172.3,371.05879,15
2026-06-08 11:00:00,63172.3,63454.54,63058.0,63445.99,249.7342,15
2026-06-08 11:15:00,63446.0,63670.0,63370.7,63616.37,228.67974,15
2026-06-08 11:30:00,63616.37,63873.08,63541.94,63632.9,602.07879,15
2026-06-08 11:45:00,63632.89,63663.99,63421.04,63479.61,491.626,15
2026-06-08 12:00:00,63479.62,63656.0,62718.3,62720.81,1067.19657,15
2026-06-08 12:15:00,62720.81,63104.0,62720.8,63103.99,336.38363,15
2026-06-08 12:30:00,63103.99,63666.66,63103.99,63638.73,416.25145000000003,15
2026-06-08 12:45:00,63638.73,63933.18,63526.0,63872.0,769.2613,15
2026-06-08 13:00:00,63872.0,63943.56,63717.94,63780.65,233.8191,15
2026-06-08 13:15:00,63780.64,63920.0,63576.0,63593.01,390.47406,15
2026-06-08 13:30:00,63593.01,63762.67,63362.1,63486.0,403.57816,15
2026-06-08 13:45:00,63486.0,63874.0,63420.01,63758.0,276.70592,15
2026-06-08 14:00:00,63758.0,63910.04,63560.68,63874.0,251.15416,15
2026-06-08 14:15:00,63874.0,63887.45,63605.63,63756.37,506.67888,15
2026-06-08 14:30:00,63756.37,63940.4,63756.37,63905.73,394.02689,15
2026-06-08 14:45:00,63905.73,64077.57,63828.0,63964.08,785.98625,15
2026-06-08 15:00:00,63964.07,64198.0,63884.01,64184.0,694.88492,15
2026-06-08 15:15:00,64183.99,64200.0,63937.53,64000.01,675.81084,15
2026-06-08 15:30:00,64000.01,64006.0,63800.75,63866.0,637.70286,15
2026-06-08 15:45:00,63865.99,64028.0,63711.0,63774.48,286.89234,15
2026-06-08 16:00:00,63774.48,63938.0,63668.51,63800.01,196.04296,15
2026-06-08 16:15:00,63800.01,64046.86,63800.0,63874.01,258.2702,15
2026-06-08 16:30:00,63874.01,63878.0,63583.28,63677.99,196.84542,15
2026-06-08 16:45:00,63678.0,63692.0,63472.0,63532.01,222.77764000000002,15
2026-06-08 17:00:00,63532.01,63581.77,63301.77,63356.05,294.63965,15
2026-06-08 17:15:00,63356.05,63646.0,63356.05,63626.0,141.93923,15
2026-06-08 17:30:00,63625.99,63626.0,63268.01,63380.55,514.01381,15
2026-06-08 17:45:00,63380.56,63550.0,63380.17,63550.0,94.16795,15
2026-06-08 18:00:00,63549.99,63636.12,63517.59,63588.65,126.14054,15
2026-06-08 18:15:00,63588.65,63657.02,63532.47,63640.03,89.18504,15
2026-06-08 18:30:00,63640.03,63690.0,63433.5,63500.01,99.74548,15
2026-06-08 18:45:00,63500.01,63516.0,63339.98,63466.83,99.70049,15
2026-06-08 19:00:00,63466.83,63556.0,63382.0,63428.0,79.21932,15
2026-06-08 19:15:00,63428.01,63568.0,63368.0,63526.0,85.86088,15
2026-06-08 19:30:00,63526.0,63596.0,63436.0,63488.0,93.6709,15
2026-06-08 19:45:00,63488.01,63556.45,63356.0,63372.01,120.92177,15
2026-06-08 20:00:00,63372.01,63432.84,63210.0,63250.0,114.40373,15
2026-06-08 20:15:00,63250.0,63312.0,63160.31,63170.9,355.50235,15
2026-06-08 20:30:00,63170.89,63411.98,63166.98,63388.0,246.59226,15
2026-06-08 20:45:00,63388.0,63485.49,63368.11,63485.49,77.45775,15
2026-06-08 21:00:00,63485.49,63792.92,63483.41,63730.84,130.28663,15
2026-06-08 21:15:00,63730.83,63770.0,63622.0,63714.75,78.49562,15
2026-06-08 21:30:00,63714.76,63850.0,63633.46,63837.99,81.80472,15
2026-06-08 21:45:00,63838.0,63838.0,63728.96,63728.96,122.60842,15
2026-06-08 22:00:00,63728.96,63728.96,63294.0,63294.01,216.12069,15
2026-06-08 22:15:00,63294.01,63449.33,63210.0,63364.83,141.95167,15
2026-06-08 22:30:00,63364.83,63387.48,63246.0,63306.01,126.91508,15
2026-06-08 22:45:00,63306.01,63456.0,63236.22,63440.01,86.06159,15
2026-06-08 23:00:00,63440.0,63587.81,63406.0,63587.81,59.318419999999996,15
2026-06-08 23:15:00,63587.81,63594.0,63078.0,63152.01,159.81943,15
2026-06-08 23:30:00,63152.01,63196.0,63013.5,63134.0,115.36294,15
2026-06-08 23:45:00,63134.0,63134.0,62978.66,63085.99,198.61555,15
2026-06-09 00:00:00,63086.0,63148.38,63000.0,63004.7,108.05721,15
2026-06-09 00:15:00,63004.71,63184.0,62457.0,62728.0,935.67989,15
2026-06-09 00:30:00,62728.0,62775.3,62561.22,62714.0,389.49671,15
2026-06-09 00:45:00,62714.01,62714.01,62423.07,62562.0,435.20003,15
2026-06-09 01:00:00,62562.0,62720.17,62546.62,62666.0,228.06842,15
2026-06-09 01:15:00,62666.0,62865.17,62622.0,62778.0,251.10226,15
2026-06-09 01:30:00,62778.0,62879.1,62670.21,62710.0,169.19489000000002,15
2026-06-09 01:45:00,62710.0,62855.28,62708.0,62764.01,103.86278999999999,15
2026-06-09 02:00:00,62764.0,62870.07,62737.13,62744.63,109.62206,15
2026-06-09 02:15:00,62744.62,62776.0,62580.0,62775.99,102.28519,15
2026-06-09 02:30:00,62776.0,62830.0,62544.11,62654.38,88.72505,15
2026-06-09 02:45:00,62654.38,62874.0,62654.38,62868.0,57.166109999999996,15
2026-06-09 03:00:00,62867.99,62933.89,62814.0,62914.01,349.60358,15
2026-06-09 03:15:00,62914.01,62979.94,62778.0,62808.0,102.63567,15
2026-06-09 03:30:00,62808.0,62858.0,62702.0,62825.06,67.3073,15
2026-06-09 03:45:00,62825.05,62890.0,62750.0,62875.17,261.28028,15
2026-06-09 04:00:00,62875.18,62974.72,62748.0,62899.93,255.8073,15
2026-06-09 04:15:00,62899.93,62911.26,62788.02,62793.65,178.58266,15
2026-06-09 04:30:00,62793.64,63396.0,62763.11,63244.01,474.44509,15
2026-06-09 04:45:00,63244.0,63424.0,63220.09,63242.36,206.48871,15
2026-06-09 05:00:00,63242.36,63310.0,63120.24,63252.02,141.13952,15
2026-06-09 05:15:00,63252.01,63360.0,63252.01,63315.84,87.93093,15
2026-06-09 05:30:00,63315.85,63526.01,63308.0,63367.59,275.21068,15
2026-06-09 05:45:00,63367.59,63453.72,63302.31,63338.68,442.6048,15
2026-06-09 06:00:00,63338.69,63418.0,63276.0,63368.98,364.49108,15
2026-06-09 06:15:00,63368.99,63506.0,63340.39,63429.7,263.57823,15
2026-06-09 06:30:00,63429.69,63460.23,63323.68,63355.58,98.65606,15
2026-06-09 06:45:00,63355.58,63410.0,63230.0,63300.0,249.23592000000002,15
2026-06-09 07:00:00,63300.0,63443.6,63298.42,63298.43,128.53662,15
2026-06-09 07:15:00,63298.42,63362.72,63012.0,63030.82,244.17484,15
2026-06-09 07:30:00,63030.82,63207.12,63030.82,63191.03,189.22309,15
2026-06-09 07:45:00,63191.03,63216.0,63123.73,63198.44,107.90287000000001,15
2026-06-09 08:00:00,63198.44,63208.86,62769.52,62923.49,392.70576,15
2026-06-09 08:15:00,62923.49,62978.0,62869.16,62869.16,207.16765,15
2026-06-09 08:30:00,62869.15,63012.0,62806.86,62984.88,125.14684,15
2026-06-09 08:45:00,62984.88,63003.43,62834.0,62849.75,118.99506,15
2026-06-09 09:00:00,62849.75,62892.93,62714.14,62853.94,162.14664,15
2026-06-09 09:15:00,62853.95,62944.43,62819.68,62819.76,183.84079,15
2026-06-09 09:30:00,62819.76,62819.76,62590.0,62673.23,281.1865,15
2026-06-09 09:45:00,62673.23,62725.28,62648.0,62715.37,82.08447,15
2026-06-09 10:00:00,62715.37,62797.36,62596.0,62776.0,202.73861000000002,15
2026-06-09 10:15:00,62775.99,62776.0,62699.65,62741.38,92.03809,15
2026-06-09 10:30:00,62741.39,62755.99,62638.0,62701.25,66.3952,15
2026-06-09 10:45:00,62701.24,62835.37,62654.02,62786.01,141.89736,15
2026-06-09 11:00:00,62786.0,62818.0,62523.55,62526.76,133.48615,15
2026-06-09 11:15:00,62526.76,62640.0,62498.75,62592.0,119.18587,15
2026-06-09 11:30:00,62591.99,62669.24,62526.0,62632.28,76.89888,15
2026-06-09 11:45:00,62632.27,62729.28,62572.0,62711.12,142.72128,15
2026-06-09 12:00:00,62711.12,62895.18,62691.13,62836.89,184.17158,15
2026-06-09 12:15:00,62836.9,62844.0,62646.28,62661.06,86.56858,15
2026-06-09 12:30:00,62661.05,62669.99,62517.28,62520.83,100.18738,15
2026-06-09 12:45:00,62520.83,62668.89,62421.24,62645.15,322.67616,15
2026-06-09 13:00:00,62645.14,62738.0,62545.21,62556.61,118.55646,15
2026-06-09 13:15:00,62556.62,62568.0,62262.57,62342.28,300.81735,15
2026-06-09 13:30:00,62342.29,62508.0,62140.0,62434.0,416.03812,15
2026-06-09 13:45:00,62433.99,62540.0,62273.43,62273.61,336.60431,15
2026-06-09 14:00:00,62273.62,62395.01,61962.8,62014.11,642.05236,15
2026-06-09 14:15:00,62014.11,62074.0,61555.0,61601.27,722.53721,15
2026-06-09 14:30:00,61601.27,61691.99,61314.04,61362.82,684.01425,15
2026-06-09 14:45:00,61362.83,61541.95,61148.07,61541.95,692.8254,15
2026-06-09 15:00:00,61541.95,61704.29,61335.11,61651.12,461.60078,15
2026-06-09 15:15:00,61651.13,61706.86,61303.7,61311.99,306.62086,15
2026-06-09 15:30:00,61311.32,61422.86,61214.08,61325.59,348.3074,15
2026-06-09 15:45:00,61325.6,61408.93,61037.0,61131.84,459.86936,15
2026-06-09 16:00:00,61131.85,61215.72,60940.0,60996.99,473.22081000000003,15
2026-06-09 16:15:00,60997.0,61127.97,60856.0,61044.0,590.04262,15
2026-06-09 16:30:00,61043.99,61322.8,60780.0,61246.01,623.47378,15
2026-06-09 16:45:00,61246.0,61484.67,61172.0,61390.51,430.43793,15
2026-06-09 17:00:00,61390.51,61677.92,61390.51,61599.99,318.84997,15
2026-06-09 17:15:00,61599.99,61889.0,61579.39,61746.59,278.94833,15
2026-06-09 17:30:00,61746.59,61842.01,61691.59,61692.15,184.54219,15
2026-06-09 17:45:00,61692.15,61858.54,61599.39,61692.01,143.18843,15
2026-06-09 18:00:00,61692.01,61827.92,61609.53,61750.8,134.78825,15
2026-06-09 18:15:00,61750.8,61964.0,61661.49,61732.0,172.59076000000002,15
2026-06-09 18:30:00,61732.0,61820.0,61602.0,61602.01,135.86524,15
2026-06-09 18:45:00,61602.01,61826.0,61602.01,61792.01,85.26719,15
2026-06-09 19:00:00,61792.0,61914.01,61738.0,61780.01,90.28659,15
2026-06-09 19:15:00,61780.0,61911.69,61722.0,61872.99,82.82024,15
2026-06-09 19:30:00,61872.98,62050.0,61764.01,61884.95,108.78938000000001,15
2026-06-09 19:45:00,61884.95,62103.39,61770.0,62098.09,154.41319,15
2026-06-09 20:00:00,62098.09,62212.72,61954.39,62212.72,152.87069,15
2026-06-09 20:15:00,62212.71,62272.0,62009.33,62091.99,129.81219,15
2026-06-09 20:30:00,62091.99,62180.87,61986.0,62132.0,79.75337,15
2026-06-09 20:45:00,62132.0,62160.0,62053.55,62160.0,44.38363,15
2026-06-09 21:00:00,62159.99,62176.86,62044.0,62134.0,116.50811,15
2026-06-09 21:15:00,62134.0,62142.0,61780.92,61803.66,151.70613,15
2026-06-09 21:30:00,61803.66,61906.0,61778.5,61792.89,69.59316,15
2026-06-09 21:45:00,61792.9,61831.99,61698.0,61761.2,87.40173,15
2026-06-09 22:00:00,61761.21,61852.0,61666.66,61838.81,57.44602,15
2026-06-09 22:15:00,61838.82,61949.98,61786.0,61810.0,64.41076,15
2026-06-09 22:30:00,61810.0,61976.0,61779.32,61856.0,86.02632,15
2026-06-09 22:45:00,61856.01,61876.0,61678.83,61717.5,68.80884,15
2026-06-09 23:00:00,61717.5,61800.0,61653.03,61750.01,83.52274,15
2026-06-09 23:15:00,61750.01,61878.0,61684.8,61691.99,77.39367,15
2026-06-09 23:30:00,61691.99,61732.0,61556.0,61632.0,84.91189,15
2026-06-09 23:45:00,61632.0,61748.0,61590.0,61730.0,94.76689,15
2026-06-10 00:00:00,61730.0,61896.92,61701.1,61832.58,143.93198,15
2026-06-10 00:15:00,61832.58,61868.0,61723.82,61852.8,99.87173,15
2026-06-10 00:30:00,61852.8,61873.04,61440.0,61519.99,195.70551,15
2026-06-10 00:45:00,61519.99,61930.0,61498.0,61923.16,98.75828,15
2026-06-10 01:00:00,61923.16,61974.7,61677.74,61824.0,104.32109,15
2026-06-10 01:15:00,61824.0,61892.0,61744.06,61826.0,84.19979000000001,15
2026-06-10 01:30:00,61826.0,61896.0,61590.0,61638.89,70.48997,15
2026-06-10 01:45:00,61638.9,61846.0,61620.0,61714.0,77.40119,15
2026-06-10 02:00:00,61714.0,61837.67,61550.0,61559.36,124.61138,15
2026-06-10 02:15:00,61559.37,61574.0,61350.0,61491.99,196.78947,15
2026-06-10 02:30:00,61492.0,61546.01,61299.49,61373.99,90.50865999999999,15
2026-06-10 02:45:00,61373.99,61384.0,61235.29,61302.36,100.15651,15
2026-06-10 03:00:00,61302.37,61478.0,61286.0,61433.35,100.66335,15
2026-06-10 03:15:00,61433.35,61594.0,61341.57,61576.48,87.91114,15
2026-06-10 03:30:00,61576.48,61576.49,61435.8,61527.47,84.63947999999999,15
2026-06-10 03:45:00,61527.48,61583.48,61488.28,61549.64,61.549459999999996,15
2026-06-10 04:00:00,61549.64,61560.0,61446.0,61509.99,51.130720000000004,15
2026-06-10 04:15:00,61509.98,61546.31,61455.37,61471.99,40.07554,15
2026-06-10 04:30:00,61471.99,61471.99,61182.65,61228.58,130.12348,15
2026-06-10 04:45:00,61228.59,61370.0,61196.52,61295.99,84.70468,15
2026-06-10 05:00:00,61296.0,61324.0,61124.69,61175.39,132.76077999999998,15
2026-06-10 05:15:00,61175.4,61263.99,61080.0,61263.99,126.32192,15
2026-06-10 05:30:00,61263.99,61337.83,61190.0,61280.59,111.43839,15
2026-06-10 05:45:00,61280.59,61400.01,61216.0,61361.17,94.38628,15
2026-06-10 06:00:00,61361.17,61427.5,61296.02,61393.44,106.11001999999999,15
2026-06-10 06:15:00,61393.44,61486.0,61326.0,61351.99,161.63761,15
2026-06-10 06:30:00,61351.99,61456.0,61145.5,61433.57,173.74017,15
2026-06-10 06:45:00,61433.58,61521.99,61427.98,61472.89,70.18145,15
2026-06-10 07:00:00,61472.89,61593.99,61440.0,61577.68,74.901,15
2026-06-10 07:15:00,61577.68,61720.58,61560.29,61647.76,371.60433,15
2026-06-10 07:30:00,61647.76,61813.34,61566.56,61756.0,203.47129999999999,15
2026-06-10 07:45:00,61756.0,61772.49,61661.07,61687.56,287.8312,15
2026-06-10 08:00:00,61687.56,61720.95,61545.71,61620.77,189.43671,15
2026-06-10 08:15:00,61620.77,61736.0,61500.0,61537.99,163.89972,15
2026-06-10 08:30:00,61537.99,61607.56,61242.92,61243.0,248.73402000000002,15
2026-06-10 08:45:00,61243.0,61323.14,61168.0,61261.55,137.85252,15
2026-06-10 09:00:00,61261.56,61322.0,61064.0,61064.3,139.0073,15
2026-06-10 09:15:00,61064.3,61244.0,60755.0,61210.46,449.97700000000003,15
2026-06-10 09:30:00,61210.45,61421.46,61192.0,61268.01,231.55598,15
2026-06-10 09:45:00,61268.0,61406.64,61160.0,61334.94,86.30158,15
2026-06-10 10:00:00,61334.95,61347.71,61172.0,61241.75,94.89988,15
2026-06-10 10:15:00,61241.76,61356.18,61151.4,61335.69,105.3735,15
2026-06-10 10:30:00,61335.7,61456.0,61268.0,61310.02,91.0206,15
2026-06-10 10:45:00,61310.02,61410.0,61286.27,61386.09,49.14249,15
2026-06-10 11:00:00,61386.09,61430.0,60867.19,61170.01,320.50901,15
2026-06-10 11:15:00,61170.01,61259.99,60888.01,60966.06,234.9759,15
2026-06-10 11:30:00,60966.06,61058.0,60922.77,61022.01,179.62311,15
2026-06-10 11:45:00,61022.0,61110.0,60976.0,61034.04,90.93454,15
2026-06-10 12:00:00,61034.04,61223.9,60960.0,61189.99,165.61882,15
2026-06-10 12:15:00,61189.99,61245.99,61047.03,61167.99,151.56197,15
2026-06-10 12:30:00,61168.0,61950.0,61141.17,61685.99,802.50337,15
2026-06-10 12:45:00,61685.99,61802.35,61564.0,61564.01,220.47709,15
2026-06-10 13:00:00,61564.0,61622.0,61500.0,61528.81,95.36784,15
2026-06-10 13:15:00,61528.8,61586.0,61444.87,61553.79,152.49569,15
2026-06-10 13:30:00,61553.79,62380.01,61498.01,62380.01,622.83102,15
2026-06-10 13:45:00,62380.22,62446.0,62071.3,62146.42,328.95489,15
2026-06-10 14:00:00,62146.43,62258.01,61998.81,62004.49,202.79041999999998,15
2026-06-10 14:15:00,62004.49,62164.0,61862.0,62052.76,210.25853,15
2026-06-10 14:30:00,62052.77,62116.0,61822.0,61950.01,200.01205,15
2026-06-10 14:45:00,61950.0,62196.51,61814.79,62195.99,289.41136,15
2026-06-10 15:00:00,62195.99,62423.36,61866.0,61942.0,243.5417,15
2026-06-10 15:15:00,61942.0,62352.0,61852.0,62262.0,203.29055,15
2026-06-10 15:30:00,62262.0,62416.0,62194.0,62387.5,189.46148,15
2026-06-10 15:45:00,62387.51,62857.99,62134.0,62639.23,705.22231,15
2026-06-10 16:00:00,62639.23,62646.0,62324.0,62340.02,218.05088,15
2026-06-10 16:15:00,62340.02,62450.01,62110.0,62284.0,165.73116,15
2026-06-10 16:30:00,62283.99,62411.99,62160.43,62230.0,124.06371,15
2026-06-10 16:45:00,62230.0,62230.0,61930.0,62219.33,240.26782,15
2026-06-10 17:00:00,62219.33,62360.0,62012.0,62092.42,120.82868,15
2026-06-10 17:15:00,62092.43,62192.0,61894.0,61903.45,226.88782,15
2026-06-10 17:30:00,61903.45,61926.0,61654.54,61747.47,352.80215000000004,15
2026-06-10 17:45:00,61747.47,62044.73,61726.0,61969.99,184.76817,15
2026-06-10 18:00:00,61969.99,62162.9,61916.99,61959.7,104.76384,15
2026-06-10 18:15:00,61959.7,62020.01,61849.49,62016.0,91.18354,15
2026-06-10 18:30:00,62016.0,62016.0,61745.99,61775.99,252.99110000000002,15
2026-06-10 18:45:00,61776.0,61892.0,61588.8,61882.0,192.23882,15
2026-06-10 19:00:00,61881.99,61940.0,61738.0,61752.0,85.37296,15
2026-06-10 19:15:00,61752.0,61830.0,61673.79,61793.55,81.85118,15
2026-06-10 19:30:00,61793.54,62062.98,61789.82,62020.0,99.76723,15
2026-06-10 19:45:00,62019.99,62044.55,61844.4,61942.44,133.80008999999998,15
2026-06-10 20:00:00,61942.45,61949.21,61688.0,61816.01,87.55415,15
2026-06-10 20:15:00,61816.01,61942.0,61746.0,61914.0,65.35155999999999,15
2026-06-10 20:30:00,61913.99,61924.64,61805.27,61810.9,98.53053,15
2026-06-10 20:45:00,61810.9,61836.0,61704.23,61805.51,55.9081,15
2026-06-10 21:00:00,61805.5,61805.51,61504.47,61547.5,148.04132,15
2026-06-10 21:15:00,61547.5,61700.0,61540.0,61576.0,120.43669999999999,15
2026-06-10 21:30:00,61576.0,61717.99,61576.0,61683.99,47.993880000000004,15
2026-06-10 21:45:00,61684.0,61692.0,61179.19,61356.18,254.87447,15
2026-06-10 22:00:00,61356.18,61365.1,61169.99,61245.06,141.76858,15
2026-06-10 22:15:00,61245.07,61344.29,61104.24,61253.99,170.31341,15
2026-06-10 22:30:00,61253.99,61574.0,61245.99,61555.99,177.32389,15
2026-06-10 22:45:00,61555.99,61561.75,61370.0,61381.46,88.63338,15
2026-06-10 23:00:00,61381.46,61381.46,61189.77,61207.15,72.99616,15
2026-06-10 23:15:00,61207.15,61573.46,61166.0,61556.0,125.94971,15
2026-06-10 23:30:00,61556.0,61604.0,61470.5,61544.01,68.96508,15
2026-06-10 23:45:00,61544.0,61585.44,61478.0,61510.99,59.73564,15
2026-06-11 00:00:00,61510.99,61692.1,61510.99,61690.01,130.11216,15
2026-06-11 00:15:00,61690.0,61974.7,61690.0,61884.0,200.30491,15
2026-06-11 00:30:00,61884.0,61898.02,61776.21,61784.0,69.85647,15
2026-06-11 00:45:00,61784.01,61928.0,61784.01,61812.0,197.17134,15
2026-06-11 01:00:00,61812.0,62114.77,61812.0,62040.0,320.69576,15
2026-06-11 01:15:00,62039.54,62228.57,62018.0,62175.99,114.9106,15
2026-06-11 01:30:00,62176.0,62378.0,62098.0,62263.97,207.51671000000002,15
2026-06-11 01:45:00,62263.96,62294.0,62177.49,62206.01,196.30867,15
2026-06-11 02:00:00,62206.01,62278.0,62110.0,62180.85,160.14323,15
2026-06-11 02:15:00,62180.85,62304.0,62050.27,62058.59,91.60685,15
2026-06-11 02:30:00,62058.58,62101.92,61944.19,62074.17,113.83963,15
2026-06-11 02:45:00,62074.16,62223.65,62008.07,62148.0,63.5963,15
2026-06-11 03:00:00,62148.01,62187.99,62012.0,62065.48,69.27086,15
2026-06-11 03:15:00,62065.48,62126.01,62022.0,62109.45,38.983290000000004,15
2026-06-11 03:30:00,62109.46,62562.0,62109.46,62367.87,378.59809,15
2026-06-11 03:45:00,62367.87,62848.0,62363.91,62689.48,499.23771,15
2026-06-11 04:00:00,62689.47,62736.0,62578.25,62671.37,179.18313,15
2026-06-11 04:15:00,62671.38,62706.0,62605.78,62625.19,107.226,15
2026-06-11 04:30:00,62625.19,62696.0,62546.34,62665.61,117.61005,15
2026-06-11 04:45:00,62665.61,62854.0,62664.85,62726.86,185.30756,15
2026-06-11 05:00:00,62726.85,62726.86,62556.84,62624.32,86.15605000000001,15
2026-06-11 05:15:00,62624.33,62719.47,62580.01,62636.0,69.35345,15
2026-06-11 05:30:00,62636.0,62700.0,62598.0,62700.0,70.5113,15
2026-06-11 05:45:00,62700.0,62710.0,62603.56,62610.0,69.44013,15
2026-06-11 06:00:00,62610.0,62812.77,62544.89,62781.99,85.95576,15
2026-06-11 06:15:00,62782.0,62997.53,62731.97,62874.93,274.09244,15
2026-06-11 06:30:00,62874.93,62994.0,62855.12,62953.0,357.46544,15
2026-06-11 06:45:00,62952.99,62954.0,62756.0,62772.0,481.23734,15
2026-06-11 07:00:00,62772.01,62784.38,62612.01,62660.0,121.3932,15
2026-06-11 07:15:00,62660.0,62798.0,62646.0,62787.7,74.56144,15
2026-06-11 07:30:00,62787.71,62842.92,62615.82,62674.01,123.00965000000001,15
2026-06-11 07:45:00,62674.0,62750.0,62674.0,62719.39,80.51134,15
2026-06-11 08:00:00,62719.39,62876.71,62719.38,62833.31,76.01766,15
2026-06-11 08:15:00,62833.3,62955.89,62806.0,62949.59,131.83756,15
2026-06-11 08:30:00,62949.59,62982.55,62850.0,62858.0,156.23042,15
2026-06-11 08:45:00,62858.01,63050.0,62858.0,62957.99,182.84361,15
2026-06-11 09:00:00,62958.0,62961.99,62822.56,62873.11,61.85743,15
2026-06-11 09:15:00,62873.11,62873.11,62790.0,62817.88,126.51326,15
2026-06-11 09:30:00,62817.89,62963.49,62817.88,62938.95,116.78774,15
2026-06-11 09:45:00,62938.94,62989.97,62901.91,62927.49,96.06621,15
2026-06-11 10:00:00,62927.49,62979.38,62839.48,62913.68,114.52227,15
2026-06-11 10:15:00,62913.69,62926.91,62789.62,62852.91,111.25666,15
2026-06-11 10:30:00,62852.92,62955.0,62848.0,62919.7,74.82312999999999,15
2026-06-11 10:45:00,62919.7,63214.97,62919.69,63148.0,365.76108999999997,15
2026-06-11 11:00:00,63148.0,63207.5,63040.01,63189.91,175.57479,15
2026-06-11 11:15:00,63189.91,63226.0,63106.0,63162.0,113.88124,15
2026-06-11 11:30:00,63162.01,63257.21,63084.0,63136.59,168.71704,15
2026-06-11 11:45:00,63136.59,63245.88,63088.52,63108.0,105.40799,15
2026-06-11 12:00:00,63108.01,63190.0,63000.01,63157.32,273.91291,15
2026-06-11 12:15:00,63157.32,63187.28,62669.12,62684.01,670.51983,15
2026-06-11 12:30:00,62684.0,62949.99,62500.0,62918.01,670.33588,15
2026-06-11 12:45:00,62918.0,63038.31,62859.66,63010.01,220.24183,15
2026-06-11 13:00:00,63010.0,63010.01,62862.0,62907.88,175.619,15
2026-06-11 13:15:00,62907.88,63041.6,62796.85,62815.46,231.02178999999998,15
2026-06-11 13:30:00,62815.46,62964.0,62677.84,62964.0,293.62272,15
2026-06-11 13:45:00,62964.0,63239.43,62946.28,63077.57,386.97633,15
2026-06-11 14:00:00,63077.71,63100.0,62752.0,62794.01,289.89055,15
2026-06-11 14:15:00,62794.0,63029.74,62732.6,63018.32,168.53021,15
2026-06-11 14:30:00,63018.32,63068.0,62850.01,62858.01,192.04067,15
2026-06-11 14:45:00,62858.01,63008.0,62734.01,62734.02,132.40858,15
2026-06-11 15:00:00,62734.02,62861.4,62518.1,62700.83,296.15306,15
2026-06-11 15:15:00,62700.83,62813.74,62630.0,62731.6,101.9261,15
2026-06-11 15:30:00,62729.1,62887.88,62643.99,62686.0,129.40129,15
2026-06-11 15:45:00,62686.0,62749.44,62568.65,62749.44,105.70923,15
2026-06-11 16:00:00,62749.44,62832.01,62675.99,62825.99,103.9318,15
2026-06-11 16:15:00,62826.0,62842.0,62570.0,62639.78,174.12864000000002,15
2026-06-11 16:30:00,62639.78,62809.1,62548.79,62662.0,200.04048,15
2026-06-11 16:45:00,62661.99,62686.78,62582.0,62582.45,86.36314,15
2026-06-11 17:00:00,62582.45,62630.0,62385.75,62467.12,220.60595,15
2026-06-11 17:15:00,62467.12,63019.12,62348.0,63012.41,391.42511,15
2026-06-11 17:30:00,63016.23,63488.88,62979.46,63331.99,682.3617800000001,15
2026-06-11 17:45:00,63331.99,63655.83,63318.02,63644.19,527.57758,15
2026-06-11 18:00:00,63644.18,63788.0,63324.35,63475.77,396.89663,15
2026-06-11 18:15:00,63475.76,63613.99,63350.0,63388.51,187.68489,15
2026-06-11 18:30:00,63388.51,63565.6,63376.0,63544.49,111.64023,15
2026-06-11 18:45:00,63544.49,63581.08,63461.11,63461.12,96.98313999999999,15
2026-06-11 19:00:00,63461.12,63598.0,63390.0,63532.01,193.36006,15
2026-06-11 19:15:00,63532.02,63705.18,63532.01,63593.64,212.251,15
2026-06-11 19:30:00,63593.64,63933.02,63593.64,63685.52,350.52972,15
2026-06-11 19:45:00,63685.52,63722.02,63598.41,63605.68,190.04474,15
2026-06-11 20:00:00,63605.69,63663.4,63492.89,63535.05,177.55197,15
2026-06-11 20:15:00,63535.04,63548.78,63327.3,63367.88,162.03178,15
2026-06-11 20:30:00,63367.89,63408.0,63288.94,63288.95,114.80771,15
2026-06-11 20:45:00,63288.94,63406.0,63270.0,63393.67,102.1546,15
2026-06-11 21:00:00,63393.67,63599.99,63393.66,63557.61,82.46612999999999,15
2026-06-11 21:15:00,63557.61,63560.0,63446.09,63477.99,58.8499,15
2026-06-11 21:30:00,63478.0,63542.0,63460.0,63531.99,44.53773,15
2026-06-11 21:45:00,63532.0,63584.38,63458.0,63519.99,83.43796999999999,15
2026-06-11 22:00:00,63519.99,63659.39,63506.13,63631.53,79.30830999999999,15
2026-06-11 22:15:00,63632.97,63670.0,63536.0,63592.65,54.52214,15
2026-06-11 22:30:00,63592.65,63639.92,63496.0,63502.62,45.49914,15
2026-06-11 22:45:00,63502.62,63578.0,63462.0,63500.01,46.91959,15
2026-06-11 23:00:00,63500.0,63500.01,63362.0,63409.99,75.87358,15
2026-06-11 23:15:00,63409.99,63428.0,63376.0,63379.51,47.339130000000004,15
2026-06-11 23:30:00,63379.51,63700.0,63379.5,63634.34,136.53387,15
2026-06-11 23:45:00,63634.34,63655.79,63520.86,63625.99,91.71303999999999,15
2026-06-12 00:00:00,63626.0,63810.01,63544.52,63736.58,552.64424,15
2026-06-12 00:15:00,63736.57,63736.58,63520.86,63616.0,74.47377,15
2026-06-12 00:30:00,63616.0,63742.0,63568.0,63650.78,504.54046999999997,15
2026-06-12 00:45:00,63650.78,63727.44,63632.0,63648.8,97.94202,15
2026-06-12 01:00:00,63648.8,63648.8,63469.86,63486.46,81.80802,15
2026-06-12 01:15:00,63486.46,63532.0,63301.53,63355.93,189.82021,15
2026-06-12 01:30:00,63355.79,63414.0,63313.22,63362.0,254.15493,15
2026-06-12 01:45:00,63362.0,63461.67,63362.0,63426.2,219.72626,15
2026-06-12 02:00:00,63426.21,63779.11,63426.2,63665.21,77.5467,15
2026-06-12 02:15:00,63665.2,63692.0,63531.94,63555.98,172.71361,15
2026-06-12 02:30:00,63555.98,63645.0,63499.65,63635.98,69.6238,15
2026-06-12 02:45:00,63635.98,63636.0,63556.0,63624.07,78.5671,15
2026-06-12 03:00:00,63624.07,63649.99,63519.14,63531.0,89.4244,15
2026-06-12 03:15:00,63530.99,63531.0,63357.7,63441.34,92.5648,15
2026-06-12 03:30:00,63441.34,63525.18,63441.33,63474.56,55.04336,15
2026-06-12 03:45:00,63474.56,63530.0,63458.0,63524.82,43.51638,15
2026-06-12 04:00:00,63524.81,63555.21,63426.48,63503.62,62.24678,15
2026-06-12 04:15:00,63503.62,63805.0,63503.61,63797.51,283.09883,15
2026-06-12 04:30:00,63797.51,63863.98,63692.0,63721.26,281.91183,15
2026-06-12 04:45:00,63721.26,63752.51,63692.0,63700.0,114.75388,15
2026-06-12 05:00:00,63700.0,63721.31,63420.74,63439.65,165.64388,15
2026-06-12 05:15:00,63439.65,63540.0,63439.64,63486.82,110.21159,15
2026-06-12 05:30:00,63486.82,63500.0,63341.81,63400.01,74.67773,15
2026-06-12 05:45:00,63400.0,63410.01,63310.0,63358.2,253.17353,15
2026-06-12 06:00:00,63358.2,63411.5,63269.73,63304.35,64.82318,15
2026-06-12 06:15:00,63304.35,63304.35,63103.07,63150.01,214.38623,15
2026-06-12 06:30:00,63150.0,63150.01,62829.81,62924.08,393.358,15
2026-06-12 06:45:00,62924.08,63020.0,62914.6,62980.45,354.85018,15
2026-06-12 07:00:00,62980.46,63116.98,62980.46,62983.33,210.27546,15
2026-06-12 07:15:00,62983.32,63079.68,62956.0,63030.38,93.44647,15
2026-06-12 07:30:00,63030.38,63094.66,62972.0,63062.09,248.64872,15
2026-06-12 07:45:00,63062.09,63211.74,63008.0,63100.8,300.18616000000003,15
2026-06-12 08:00:00,63100.8,63346.0,63100.8,63304.41,144.11828,15
2026-06-12 08:15:00,63304.42,63615.84,63292.71,63533.37,178.01301,15
2026-06-12 08:30:00,63533.36,63541.87,63380.62,63395.0,126.19623999999999,15
2026-06-12 08:45:00,63395.01,63492.82,63354.69,63470.81,152.49231,15
2026-06-12 09:00:00,63470.81,63584.78,63438.0,63566.0,81.05413,15
2026-06-12 09:15:00,63565.99,63789.03,63555.25,63771.85,142.19209,15
2026-06-12 09:30:00,63771.85,63953.84,63766.32,63888.82,217.68842999999998,15
2026-06-12 09:45:00,63888.81,63938.0,63744.56,63752.93,83.58746000000001,15
2026-06-12 10:00:00,63752.93,63852.0,63690.46,63771.98,351.50815,15
2026-06-12 10:15:00,63771.99,63814.0,63588.34,63618.81,277.1421,15
2026-06-12 10:30:00,63618.82,63762.32,63618.81,63684.0,146.88709,15
2026-06-12 10:45:00,63683.99,63742.21,63666.0,63702.01,96.99779,15
2026-06-12 11:00:00,63702.01,63884.0,63684.44,63831.35,98.41343,15
2026-06-12 11:15:00,63831.35,63880.0,63762.07,63828.0,83.26427,15
2026-06-12 11:30:00,63828.0,63828.01,63690.0,63801.73,97.77398,15
2026-06-12 11:45:00,63801.73,63884.49,63766.0,63766.01,101.35764,15
2026-06-12 12:00:00,63766.01,63775.0,63624.07,63634.98,85.22155000000001,15
2026-06-12 12:15:00,63634.97,63681.99,63463.03,63463.19,114.92805,15
2026-06-12 12:30:00,63463.19,63568.56,63388.76,63430.8,177.41792,15
2026-06-12 12:45:00,63430.8,63550.15,63378.0,63465.51,138.02822,15
2026-06-12 13:00:00,63465.52,63507.76,63368.97,63487.96,110.48812,15
2026-06-12 13:15:00,63487.96,63532.59,63353.64,63407.99,107.13153,15
2026-06-12 13:30:00,63407.99,63452.0,63045.29,63138.01,457.24654,15
2026-06-12 13:45:00,63138.01,63264.0,63106.01,63229.1,176.6248,15
2026-06-12 14:00:00,63229.1,63558.0,63190.0,63450.48,255.95159999999998,15
2026-06-12 14:15:00,63450.48,63656.27,63320.0,63631.99,207.85874,15
2026-06-12 14:30:00,63631.99,63784.0,63482.0,63504.59,265.33892,15
2026-06-12 14:45:00,63504.6,64000.0,63463.59,63999.99,335.93899,15
2026-06-12 15:00:00,63999.99,64380.0,63895.0,64372.0,781.18368,15
2026-06-12 15:15:00,64372.0,64394.44,64132.04,64132.04,276.01267,15
2026-06-12 15:30:00,64132.05,64132.05,63808.2,63900.0,340.59402,15
2026-06-12 15:45:00,63900.0,63934.0,63551.9,63593.02,272.17162,15
2026-06-12 16:00:00,63593.02,63986.71,63510.16,63861.34,289.23312,15
2026-06-12 16:15:00,63861.33,63996.0,63768.0,63900.0,229.28473,15
2026-06-12 16:30:00,63900.0,63995.25,63762.98,63844.99,149.22234,15
2026-06-12 16:45:00,63844.99,63982.49,63832.01,63982.48,108.27006,15
2026-06-12 17:00:00,63982.48,64111.1,63875.02,63910.09,161.60515,15
2026-06-12 17:15:00,63910.08,63916.0,63745.99,63832.0,104.7517,15
2026-06-12 17:30:00,63832.0,63913.99,63764.0,63828.0,116.73835,15
2026-06-12 17:45:00,63828.0,63884.39,63806.0,63865.44,73.19751,15
2026-06-12 18:00:00,63865.45,63934.34,63699.77,63818.0,228.1807,15
2026-06-12 18:15:00,63818.01,63834.0,63686.0,63782.62,172.1946,15
2026-06-12 18:30:00,63782.61,63915.82,63728.38,63864.43,78.13045,15
2026-06-12 18:45:00,63864.43,63900.0,63686.0,63694.0,83.33618,15
2026-06-12 19:00:00,63694.01,63780.0,63671.71,63712.29,88.80173,15
2026-06-12 19:15:00,63712.29,63786.01,63651.04,63726.11,99.57086,15
2026-06-12 19:30:00,63726.1,63830.93,63638.0,63640.55,157.36812,15
2026-06-12 19:45:00,63640.55,63672.0,63589.27,63589.27,116.91105,15
2026-06-12 20:00:00,63589.28,63696.41,63568.0,63626.0,93.24533,15
2026-06-12 20:15:00,63626.0,63640.0,63510.0,63524.67,59.92427,15
2026-06-12 20:30:00,63524.68,63572.0,63509.7,63522.0,55.19548,15
2026-06-12 20:45:00,63522.0,63533.76,63400.0,63449.0,120.35955,15
2026-06-12 21:00:00,63449.01,63624.08,63440.01,63600.0,80.40371,15
2026-06-12 21:15:00,63600.01,63624.62,63500.03,63510.0,66.42394,15
2026-06-12 21:30:00,63510.0,63578.73,63505.64,63537.99,49.931160000000006,15
2026-06-12 21:45:00,63538.0,63549.99,63450.0,63472.0,133.74745000000001,15
2026-06-12 22:00:00,63471.99,63562.0,63471.99,63510.68,338.59853,15
2026-06-12 22:15:00,63510.79,63658.0,63494.0,63604.01,50.9381,15
2026-06-12 22:30:00,63604.01,63619.73,63472.69,63507.99,203.04697000000002,15
2026-06-12 22:45:00,63508.0,63536.71,63492.01,63502.0,118.56715,15
2026-06-12 23:00:00,63502.0,63525.44,63448.0,63463.92,44.54646,15
2026-06-12 23:15:00,63463.92,63497.61,63426.83,63453.32,73.79587000000001,15
2026-06-12 23:30:00,63453.32,63569.99,63439.0,63505.01,242.07313,15
2026-06-12 23:45:00,63505.01,63580.01,63505.01,63580.01,48.83276,15
2026-06-13 00:00:00,63580.0,63608.58,63535.3,63592.05,318.61028999999996,15
2026-06-13 00:15:00,63592.05,63594.0,63530.0,63530.0,86.42850999999999,15
2026-06-13 00:30:00,63530.01,63626.92,63507.39,63588.02,93.65426,15
2026-06-13 00:45:00,63588.01,63652.11,63554.32,63600.01,80.24882,15
2026-06-13 01:00:00,63600.01,63699.58,63600.01,63656.0,41.597100000000005,15
2026-06-13 01:15:00,63655.99,63676.02,63612.0,63653.99,66.86293,15
2026-06-13 01:30:00,63654.0,63839.99,63640.29,63754.91,194.08394,15
2026-06-13 01:45:00,63754.92,63840.0,63754.91,63837.89,207.08962,15
2026-06-13 02:00:00,63837.88,63837.89,63772.26,63794.0,26.48999,15
2026-06-13 02:15:00,63794.0,63802.0,63694.0,63713.43,112.79296,15
2026-06-13 02:30:00,63713.43,63726.0,63624.07,63624.08,214.89354,15
2026-06-13 02:45:00,63624.08,63656.0,63558.0,63646.01,96.61636,15
2026-06-13 03:00:00,63646.01,63720.88,63646.0,63662.51,65.19881,15
2026-06-13 03:15:00,63662.51,63681.19,63418.66,63511.81,132.54502,15
2026-06-13 03:30:00,63511.81,63522.08,63478.92,63504.72,31.77374,15
2026-06-13 03:45:00,63504.72,63556.0,63500.0,63532.0,39.03266,15
2026-06-13 04:00:00,63532.0,63568.11,63484.0,63513.73,47.03822,15
2026-06-13 04:15:00,63513.73,63584.0,63497.31,63542.01,26.22108,15
2026-06-13 04:30:00,63542.01,63625.99,63536.0,63623.43,35.29524,15
2026-06-13 04:45:00,63623.43,63663.91,63512.0,63512.01,35.59842,15
2026-06-13 05:00:00,63512.01,63590.0,63493.16,63568.58,47.50424,15
2026-06-13 05:15:00,63568.59,63596.0,63536.01,63552.0,166.91014,15
2026-06-13 05:30:00,63552.0,63588.92,63523.38,63566.95,397.83676,15
2026-06-13 05:45:00,63566.94,63584.03,63493.17,63584.03,46.37668,15
2026-06-13 06:00:00,63584.03,63611.73,63554.82,63582.54,21.42152,15
2026-06-13 06:15:00,63582.53,63680.0,63550.51,63679.99,147.90099,15
2026-06-13 06:30:00,63680.0,63720.29,63648.0,63681.0,84.70374,15
2026-06-13 06:45:00,63681.0,63740.0,63680.99,63735.74,45.51388,15
2026-06-13 07:00:00,63736.0,63750.0,63674.98,63728.0,48.57638,15
2026-06-13 07:15:00,63728.0,63808.0,63680.01,63779.09,99.88741999999999,15
2026-06-13 07:30:00,63779.09,63840.36,63752.45,63821.82,148.58014,15
2026-06-13 07:45:00,63821.82,63883.47,63805.17,63846.0,139.93343,15
2026-06-13 08:00:00,63845.99,63883.5,63776.62,63792.0,87.13259,15
2026-06-13 08:15:00,63792.0,63831.22,63766.18,63810.01,34.08598,15
2026-06-13 08:30:00,63810.01,63910.0,63795.93,63878.02,70.79966999999999,15
2026-06-13 08:45:00,63878.01,63878.02,63791.01,63806.0,35.421099999999996,15
2026-06-13 09:00:00,63806.0,63843.99,63783.41,63806.0,103.76524,15
2026-06-13 09:15:00,63806.0,63867.65,63804.85,63815.99,41.42889,15
2026-06-13 09:30:00,63815.99,63831.96,63791.99,63814.27,72.74316,15
2026-06-13 09:45:00,63814.28,63814.28,63742.57,63743.12,84.02104,15
2026-06-13 10:00:00,63743.13,63782.0,63726.57,63782.0,32.49339,15
2026-06-13 10:15:00,63781.99,63794.0,63756.0,63782.0,53.22954,15
2026-06-13 10:30:00,63782.01,63888.0,63782.0,63854.3,45.57461,15
2026-06-13 10:45:00,63854.3,63908.48,63800.0,63843.01,57.47033,15
2026-06-13 11:00:00,63843.01,63949.99,63843.01,63924.41,105.73984999999999,15
2026-06-13 11:15:00,63924.41,63984.53,63924.31,63952.18,108.9324,15
2026-06-13 11:30:00,63952.18,63952.19,63890.83,63905.2,186.40821,15
2026-06-13 11:45:00,63905.21,63980.01,63896.85,63971.28,77.9711,15
2026-06-13 12:00:00,63971.28,63971.69,63921.33,63938.42,50.86263,15
2026-06-13 12:15:00,63938.41,63989.47,63928.02,63949.85,285.65932,15
2026-06-13 12:30:00,63949.85,64022.0,63949.84,64002.61,106.56232,15
2026-06-13 12:45:00,64002.6,64214.0,64002.6,64133.12,434.96414,15
2026-06-13 13:00:00,64133.12,64175.93,64078.01,64172.23,108.06147,15
2026-06-13 13:15:00,64172.22,64234.0,64118.73,64230.26,136.96517,15
2026-06-13 13:30:00,64230.25,64245.88,64155.23,64155.24,116.67411,15
2026-06-13 13:45:00,64155.24,64194.0,64060.0,64102.69,138.03094,15
2026-06-13 14:00:00,64102.61,64183.98,64090.09,64154.46,48.59138,15
2026-06-13 14:15:00,64154.47,64184.72,64105.48,64132.8,47.74274,15
2026-06-13 14:30:00,64132.81,64211.85,64132.8,64179.97,63.20641,15
2026-06-13 14:45:00,64179.97,64233.73,64179.96,64220.97,46.9198,15
2026-06-13 15:00:00,64220.96,64310.22,64186.97,64287.3,238.93457,15
2026-06-13 15:15:00,64287.3,64331.71,64235.5,64295.54,112.35408,15
2026-06-13 15:30:00,64295.55,64350.0,64242.01,64242.02,114.2077,15
2026-06-13 15:45:00,64242.02,64326.63,64193.58,64296.15,119.4257,15
2026-06-13 16:00:00,64296.15,64307.52,64002.72,64097.34,299.45337,15
2026-06-13 16:15:00,64097.35,64097.35,63978.79,63982.04,200.39025,15
2026-06-13 16:30:00,63982.05,64072.0,63975.6,64062.39,44.81487,15
2026-06-13 16:45:00,64062.4,64165.84,63920.05,64029.17,176.08961000000002,15
2026-06-13 17:00:00,64029.17,64057.99,63951.59,63964.16,54.39638,15
2026-06-13 17:15:00,63964.16,64098.0,63944.0,64097.99,49.96061,15
2026-06-13 17:30:00,64098.0,64120.0,64069.22,64105.99,77.21685,15
2026-06-13 17:45:00,64106.0,64120.0,63948.0,63971.19,120.18261000000001,15
2026-06-13 18:00:00,63971.2,64070.84,63971.19,64057.06,71.17508,15
2026-06-13 18:15:00,64057.06,64206.0,64028.0,64194.06,86.44877,15
2026-06-13 18:30:00,64194.05,64282.19,64174.39,64265.76,40.73822,15
2026-06-13 18:45:00,64265.77,64268.0,64054.48,64161.46,80.35947,15
2026-06-13 19:00:00,64161.46,64210.52,64152.0,64204.49,64.11211,15
2026-06-13 19:15:00,64204.48,64204.49,64152.0,64193.94,62.60076,15
2026-06-13 19:30:00,64193.93,64312.75,64158.0,64290.9,121.08404,15
2026-06-13 19:45:00,64290.9,64333.62,64284.83,64296.59,60.92119,15
2026-06-13 20:00:00,64296.59,64296.6,64234.0,64274.63,53.0657,15
2026-06-13 20:15:00,64274.62,64288.0,64241.54,64241.55,37.98577,15
2026-06-13 20:30:00,64241.55,64264.28,64226.83,64254.8,70.04102,15
2026-06-13 20:45:00,64253.81,64290.0,64243.45,64278.31,18.226409999999998,15
2026-06-13 21:00:00,64278.31,64312.0,64226.38,64242.28,32.61722,15
2026-06-13 21:15:00,64242.29,64272.0,64233.6,64244.53,59.27369,15
2026-06-13 21:30:00,64244.52,64762.77,64244.52,64567.77,369.56363,15
2026-06-13 21:45:00,64567.76,64573.36,64441.04,64471.04,90.94065,15
2026-06-13 22:00:00,64471.04,64471.04,64383.61,64421.99,69.34163,15
2026-06-13 22:15:00,64421.99,64532.7,64384.0,64522.13,96.81513000000001,15
2026-06-13 22:30:00,64522.13,64556.0,64490.53,64522.73,110.06602,15
2026-06-13 22:45:00,64522.73,64522.74,64456.47,64456.47,40.04842,15
2026-06-13 23:00:00,64456.46,64472.9,64438.99,64439.29,35.913070000000005,15
2026-06-13 23:15:00,64439.3,64596.99,64439.29,64451.69,120.05138,15
2026-06-13 23:30:00,64451.69,64490.0,64439.29,64454.02,237.07301,15
2026-06-13 23:45:00,64454.02,64464.92,64382.42,64458.01,196.17828,15
2026-06-14 00:00:00,64458.01,64473.99,64380.7,64427.39,279.49762,15
2026-06-14 00:15:00,64427.39,64534.0,64390.0,64460.0,158.77416,15
2026-06-14 00:30:00,64460.0,64560.0,64455.79,64555.75,77.24141999999999,15
2026-06-14 00:45:00,64555.74,64579.03,64516.0,64565.0,79.53885,15
2026-06-14 01:00:00,64565.01,64689.83,64507.25,64638.0,128.97103,15
2026-06-14 01:15:00,64637.99,64710.0,64626.3,64660.0,130.79354,15
2026-06-14 01:30:00,64660.01,64660.01,64562.9,64564.99,400.35119000000003,15
2026-06-14 01:45:00,64564.99,64636.0,64561.24,64563.0,161.08126,15
2026-06-14 02:00:00,64563.0,64634.0,64562.99,64621.37,133.04707,15
2026-06-14 02:15:00,64621.38,64636.0,64520.41,64539.99,45.9801,15
2026-06-14 02:30:00,64540.0,64560.55,64509.99,64510.0,57.355489999999996,15
2026-06-14 02:45:00,64510.0,64510.0,64476.01,64490.01,23.85051,15
2026-06-14 03:00:00,64490.01,64520.0,64474.04,64496.01,24.90418,15
2026-06-14 03:15:00,64496.01,64540.0,64492.76,64530.19,21.19376,15
2026-06-14 03:30:00,64530.19,64539.69,64466.0,64482.66,47.03576,15
2026-06-14 03:45:00,64482.85,64545.4,64466.46,64545.3,62.54049,15
2026-06-14 04:00:00,64545.3,64563.48,64492.53,64498.39,17.62375,15
2026-06-14 04:15:00,64498.38,64520.0,64470.0,64470.0,29.60363,15
2026-06-14 04:30:00,64470.01,64474.59,64386.59,64393.21,88.38487,15
2026-06-14 04:45:00,64393.21,64393.21,64325.61,64339.07,118.13577000000001,15
2026-06-14 05:00:00,64339.07,64393.64,64332.0,64373.75,72.13699,15
2026-06-14 05:15:00,64373.75,64373.75,64298.0,64306.32,49.80859,15
2026-06-14 05:30:00,64306.33,64411.2,64293.41,64360.64,114.06813,15
2026-06-14 05:45:00,64360.64,64386.18,64336.0,64338.0,193.45476000000002,15
2026-06-14 06:00:00,64338.0,64487.8,64338.0,64475.36,160.09276,15
2026-06-14 06:15:00,64475.37,64475.37,64330.0,64389.93,245.28947,15
2026-06-14 06:30:00,64389.94,64389.94,64232.12,64244.01,369.51217,15
2026-06-14 06:45:00,64244.01,64293.99,64244.01,64286.1,64.85908,15
2026-06-14 07:00:00,64286.1,64295.01,64214.0,64217.4,82.54533,15
2026-06-14 07:15:00,64217.4,64372.94,64217.4,64356.96,78.84891,15
2026-06-14 07:30:00,64356.95,64356.96,64298.05,64304.03,57.57109,15
2026-06-14 07:45:00,64304.02,64445.95,64304.02,64429.39,37.85959,15
2026-06-14 08:00:00,64429.39,64460.0,64392.0,64440.01,25.87714,15
2026-06-14 08:15:00,64440.0,64513.82,64440.0,64485.84,34.30479,15
2026-06-14 08:30:00,64485.85,64502.0,64448.1,64458.15,74.72721999999999,15
2026-06-14 08:45:00,64458.15,64480.64,64446.02,64456.33,57.76039,15
2026-06-14 09:00:00,64456.33,64482.41,64418.0,64428.44,35.18951,15
2026-06-14 09:15:00,64428.44,64428.44,64321.18,64353.99,92.38116,15
2026-06-14 09:30:00,64353.98,64590.0,64347.8,64553.54,75.11737,15
2026-06-14 09:45:00,64553.54,64617.99,64541.56,64616.0,34.69326,15
2026-06-14 10:00:00,64616.0,64616.0,64498.01,64527.14,66.1574,15
2026-06-14 10:15:00,64527.15,64647.5,64517.37,64598.0,40.399080000000005,15
2026-06-14 10:30:00,64598.0,64664.0,64594.0,64606.0,41.04771,15
2026-06-14 10:45:00,64606.0,64613.89,64513.27,64521.13,36.52597,15
2026-06-14 11:00:00,64521.13,64577.99,64460.0,64562.28,54.50253,15
2026-06-14 11:15:00,64562.27,64592.0,64509.12,64582.78,44.61043,15
2026-06-14 11:30:00,64582.78,64638.01,64582.77,64612.31,24.77318,15
2026-06-14 11:45:00,64612.31,64641.9,64546.0,64546.0,104.22725,15
2026-06-14 12:00:00,64546.01,64560.66,64470.81,64476.53,62.421589999999995,15
2026-06-14 12:15:00,64476.53,64504.99,64466.0,64467.25,93.01121,15
2026-06-14 12:30:00,64467.25,64476.01,64323.99,64358.12,63.15477,15
2026-06-14 12:45:00,64358.12,64375.98,64295.06,64327.53,115.50697,15
2026-06-14 13:00:00,64327.54,64384.01,64308.59,64360.01,52.02472,15
2026-06-14 13:15:00,64360.01,64398.14,64258.43,64277.56,48.186530000000005,15
2026-06-14 13:30:00,64277.57,64380.0,64244.0,64368.0,97.86734,15
2026-06-14 13:45:00,64368.0,64387.93,64286.0,64317.99,110.53298,15
2026-06-14 14:00:00,64318.0,64341.43,64264.04,64308.33,43.72427,15
2026-06-14 14:15:00,64308.34,64330.0,64151.2,64158.23,204.77359,15
2026-06-14 14:30:00,64158.24,64175.09,63888.0,63938.0,404.59711,15
2026-06-14 14:45:00,63938.0,63984.0,63866.66,63983.55,128.3757,15
2026-06-14 15:00:00,63983.56,64153.75,63980.35,64100.21,178.56989,15
2026-06-14 15:15:00,64100.21,64132.0,63995.67,64059.37,98.81090999999999,15
2026-06-14 15:30:00,64059.36,64114.0,64000.01,64034.01,49.83407,15
2026-06-14 15:45:00,64034.01,64075.6,64000.0,64025.07,39.53074,15
2026-06-14 16:00:00,64025.06,64132.84,64006.11,64108.01,49.640859999999996,15
2026-06-14 16:15:00,64108.01,64208.92,64089.33,64135.53,69.93358,15
2026-06-14 16:30:00,64135.52,64190.0,64135.52,64160.08,37.75502,15
2026-06-14 16:45:00,64160.09,64169.54,63936.0,63942.63,99.25775999999999,15
2026-06-14 17:00:00,63942.63,64019.38,63891.86,63965.58,248.53206,15
2026-06-14 17:15:00,63965.58,63996.0,63900.59,63903.25,43.21831,15
2026-06-14 17:30:00,63903.24,63967.28,63760.4,63843.69,168.8843,15
2026-06-14 17:45:00,63843.69,63878.0,63694.11,63732.64,156.94527,15
2026-06-14 18:00:00,63732.65,63786.0,63678.83,63727.19,142.79036,15
2026-06-14 18:15:00,63727.19,63776.0,63681.55,63727.07,46.3429,15
2026-06-14 18:30:00,63727.07,63794.87,63727.06,63777.32,29.84064,15
2026-06-14 18:45:00,63777.32,63813.3,63760.0,63813.3,39.91431,15
2026-06-14 19:00:00,63813.3,63834.76,63734.71,63790.82,32.18109,15
2026-06-14 19:15:00,63790.83,63861.86,63787.84,63797.57,29.641199999999998,15
2026-06-14 19:30:00,63797.56,63832.0,63752.5,63760.95,27.2121,15
2026-06-14 19:45:00,63760.95,63802.0,63741.36,63802.0,18.55961,15
2026-06-14 20:00:00,63801.99,63864.0,63794.09,63815.98,26.16402,15
2026-06-14 20:15:00,63815.98,63960.0,63815.98,63923.99,61.43135,15
2026-06-14 20:30:00,63923.99,64092.4,63919.36,64044.71,102.48308,15
2026-06-14 20:45:00,64044.71,64078.01,64004.0,64008.64,53.125150000000005,15
2026-06-14 21:00:00,64008.64,64103.53,64007.24,64103.52,27.357689999999998,15
2026-06-14 21:15:00,64103.52,64949.0,64103.52,64774.97,843.0593,15
2026-06-14 21:30:00,64774.97,65437.74,64680.69,65270.67,1539.37621,15
2026-06-14 21:45:00,65270.67,65666.0,65250.22,65311.59,545.21948,15
2026-06-14 22:00:00,65311.59,65534.94,64946.12,65122.65,763.3155,15
2026-06-14 22:15:00,65122.64,65256.0,65000.0,65216.27,366.2237,15
2026-06-14 22:30:00,65216.28,65580.0,65175.07,65469.44,246.71147,15
2026-06-14 22:45:00,65469.44,65499.99,65340.27,65426.78,177.90402,15
2026-06-14 23:00:00,65426.78,65620.0,65256.21,65562.0,198.85321,15
2026-06-14 23:15:00,65561.99,65740.0,65501.99,65684.64,381.26908000000003,15
2026-06-14 23:30:00,65684.64,65749.99,65530.45,65569.45,244.87471,15
2026-06-14 23:45:00,65569.45,65800.0,65558.0,65746.45,139.84831,15
2026-06-15 00:00:00,65746.45,65923.0,65630.48,65888.0,309.22955,15
2026-06-15 00:15:00,65888.01,65888.01,65666.29,65760.0,305.72736,15
2026-06-15 00:30:00,65760.01,65771.31,65480.69,65555.48,308.78618,15
2026-06-15 00:45:00,65555.49,65647.89,65504.0,65625.99,119.78287,15
2026-06-15 01:00:00,65626.0,65626.0,65354.0,65511.28,208.95294,15
2026-06-15 01:15:00,65511.28,65529.61,65358.0,65400.01,146.11906,15
2026-06-15 01:30:00,65400.0,65734.87,65380.01,65718.01,192.2266,15
2026-06-15 01:45:00,65718.0,65718.01,65477.44,65525.0,308.08983,15
2026-06-15 02:00:00,65525.01,65658.0,65446.0,65654.9,216.23718,15
2026-06-15 02:15:00,65654.89,65775.15,65636.0,65639.3,124.52509,15
2026-06-15 02:30:00,65639.29,65670.0,65570.44,65570.45,82.15520000000001,15
2026-06-15 02:45:00,65570.44,65570.44,65415.02,65472.01,164.81398000000002,15
2026-06-15 03:00:00,65472.01,65730.0,65422.83,65727.99,202.84485,15
2026-06-15 03:15:00,65727.99,65735.89,65664.78,65726.01,135.40118999999999,15
2026-06-15 03:30:00,65726.01,65930.52,65692.0,65908.01,187.29651,15
2026-06-15 03:45:00,65908.0,65995.0,65834.31,65927.1,242.11543,15
2026-06-15 04:00:00,65927.11,65927.11,65712.52,65718.89,128.39551,15
2026-06-15 04:15:00,65718.9,65772.49,65700.0,65721.66,71.14705000000001,15
2026-06-15 04:30:00,65721.66,65741.73,65653.5,65695.0,208.5209,15
2026-06-15 04:45:00,65695.01,65719.79,65633.28,65644.01,156.19433,15
2026-06-15 05:00:00,65644.0,65688.4,65611.01,65686.0,283.34049999999996,15
2026-06-15 05:15:00,65686.0,65872.0,65685.99,65828.03,81.17642000000001,15
2026-06-15 05:30:00,65828.04,65832.8,65704.0,65724.01,60.66303,15
2026-06-15 05:45:00,65724.01,65858.01,65712.0,65858.01,52.08676,15
2026-06-15 06:00:00,65858.0,65918.0,65816.53,65890.01,155.85563000000002,15
2026-06-15 06:15:00,65890.0,65967.27,65859.76,65942.01,77.46337,15
2026-06-15 06:30:00,65942.01,65948.39,65775.45,65812.01,71.86094,15
2026-06-15 06:45:00,65812.0,65892.16,65801.33,65812.01,60.06865,15
2026-06-15 07:00:00,65812.01,65868.0,65688.0,65816.57,112.93065,15
2026-06-15 07:15:00,65816.58,66000.0,65816.57,65958.02,139.16701,15
2026-06-15 07:30:00,65958.01,65958.02,65726.65,65747.15,160.54278,15
2026-06-15 07:45:00,65747.15,65776.0,65628.45,65674.76,161.67703,15
2026-06-15 08:00:00,65674.76,65753.66,65628.0,65732.0,84.0936,15
2026-06-15 08:15:00,65732.0,65752.0,65620.0,65675.56,88.08638,15
2026-06-15 08:30:00,65675.56,65790.0,65664.0,65768.01,59.60727,15
2026-06-15 08:45:00,65768.0,65800.0,65638.0,65662.01,131.21755000000002,15
2026-06-15 09:00:00,65662.0,65712.0,65662.0,65681.39,65.61632,15
2026-06-15 09:15:00,65681.4,65779.5,65644.16,65644.17,100.61382,15
2026-06-15 09:30:00,65644.17,65655.26,65512.0,65571.99,116.32294,15
2026-06-15 09:45:00,65571.99,65615.16,65516.46,65596.86,61.74956,15
2026-06-15 10:00:00,65596.86,65764.0,65584.37,65740.01,53.433910000000004,15
2026-06-15 10:15:00,65740.01,65757.45,65704.0,65715.53,48.2082,15
2026-06-15 10:30:00,65715.52,65762.0,65712.0,65762.0,106.72388,15
2026-06-15 10:45:00,65762.0,65973.15,65734.07,65917.37,336.42323,15
2026-06-15 11:00:00,65917.37,66018.38,65832.78,65942.39,258.04986,15
2026-06-15 11:15:00,65942.39,66385.12,65930.01,66258.96,666.96365,15
2026-06-15 11:30:00,66258.95,66298.0,66128.0,66151.93,210.85332,15
2026-06-15 11:45:00,66151.92,66244.0,66126.01,66233.9,157.86051,15
2026-06-15 12:00:00,66233.89,66316.64,66106.0,66284.0,233.68762,15
2026-06-15 12:15:00,66284.0,66338.0,66188.02,66283.99,233.09287,15
2026-06-15 12:30:00,66284.0,66470.0,66194.0,66470.0,247.12512,15
2026-06-15 12:45:00,66469.99,66600.91,66420.01,66563.49,273.3642,15
2026-06-15 13:00:00,66563.48,66699.35,66480.84,66618.66,470.1306,15
2026-06-15 13:15:00,66618.66,66949.22,66600.0,66841.92,675.64406,15
2026-06-15 13:30:00,66841.92,66886.0,66474.0,66573.58,485.90605,15
2026-06-15 13:45:00,66573.59,66656.0,66412.0,66447.05,287.58232,15
2026-06-15 14:00:00,66447.06,66460.53,66251.58,66442.03,532.63625,15
2026-06-15 14:15:00,66442.02,66560.0,66400.0,66559.99,133.67905,15
2026-06-15 14:30:00,66560.0,66563.28,66421.59,66536.09,125.90887000000001,15
2026-06-15 14:45:00,66536.09,66675.83,66536.09,66591.55,148.62223,15
2026-06-15 15:00:00,66591.54,66692.0,66580.42,66625.29,120.04999,15
2026-06-15 15:15:00,66625.29,66750.0,66588.83,66658.01,312.58903,15
2026-06-15 15:30:00,66658.0,66920.0,66611.27,66910.03,277.42577,15
2026-06-15 15:45:00,66910.03,67292.15,66910.03,67292.14,756.89311,15
2026-06-15 16:00:00,67292.15,67292.15,67098.25,67260.0,420.44784,15
2026-06-15 16:15:00,67260.0,67268.0,67100.01,67185.99,215.77755,15
2026-06-15 16:30:00,67186.0,67268.0,67147.14,67170.67,175.72291,15
2026-06-15 16:45:00,67170.68,67214.0,67088.83,67157.99,285.01106,15
2026-06-15 17:00:00,67158.0,67158.0,66585.26,66896.66,795.11141,15
2026-06-15 17:15:00,66896.66,66971.45,66768.0,66818.01,195.21609,15
2026-06-15 17:30:00,66818.0,66924.52,66678.0,66884.01,245.55412,15
2026-06-15 17:45:00,66884.01,66944.7,66836.66,66851.79,104.36226,15
2026-06-15 18:00:00,66851.8,66933.86,66715.61,66803.99,231.28934999999998,15
2026-06-15 18:15:00,66804.0,66886.0,66800.52,66826.43,103.68627000000001,15
2026-06-15 18:30:00,66826.43,66875.38,66746.25,66803.45,142.02981,15
2026-06-15 18:45:00,66803.45,66920.0,66760.0,66766.12,113.68632,15
2026-06-15 19:00:00,66766.13,66886.02,66728.0,66854.0,111.31864,15
2026-06-15 19:15:00,66853.99,66889.85,66348.0,66530.54,371.17294,15
2026-06-15 19:30:00,66530.54,66728.63,66530.0,66722.0,127.2156,15
2026-06-15 19:45:00,66721.99,66749.95,66502.47,66614.35,170.68865,15
2026-06-15 20:00:00,66615.98,66630.0,66506.43,66557.99,97.76667,15
2026-06-15 20:15:00,66558.0,66610.41,66520.0,66577.99,110.83877,15
2026-06-15 20:30:00,66578.0,66681.3,66577.99,66592.02,53.27969,15
2026-06-15 20:45:00,66592.01,66592.01,66489.86,66519.98,77.58772,15
2026-06-15 21:00:00,66519.99,66532.0,66430.22,66517.44,115.39453999999999,15
2026-06-15 21:15:00,66517.44,66567.38,66395.64,66410.0,67.64909,15
2026-06-15 21:30:00,66410.0,66474.0,66314.34,66436.0,109.38328,15
2026-06-15 21:45:00,66435.99,66447.99,66364.01,66368.15,55.38691,15
2026-06-15 22:00:00,66368.15,66476.64,66364.0,66364.01,96.25203,15
2026-06-15 22:15:00,66364.01,66412.0,66102.91,66162.01,138.33398,15
2026-06-15 22:30:00,66162.01,66371.66,66076.56,66296.13,150.3009,15
2026-06-15 22:45:00,66296.0,66326.0,66198.74,66206.34,135.26893,15
2026-06-15 23:00:00,66206.34,66286.0,66184.0,66270.4,53.25349,15
2026-06-15 23:15:00,66270.4,66295.64,66150.0,66226.07,88.42619,15
2026-06-15 23:30:00,66226.07,66269.52,66116.59,66269.52,100.4132,15
2026-06-15 23:45:00,66269.52,66368.0,66246.13,66328.74,206.41929,15
2026-06-16 00:00:00,66328.74,66405.17,66276.67,66391.97,92.47758999999999,15
2026-06-16 00:15:00,66391.97,66418.73,66242.0,66247.99,85.01145,15
2026-06-16 00:30:00,66248.0,66463.26,66244.0,66414.53,77.03019,15
2026-06-16 00:45:00,66414.53,66435.99,66243.21,66250.0,203.10316,15
2026-06-16 01:00:00,66250.0,66362.65,66248.93,66285.14,111.63089000000001,15
2026-06-16 01:15:00,66285.14,66382.3,66260.77,66376.66,152.79129,15
2026-06-16 01:30:00,66376.67,66415.53,66354.7,66359.22,51.35467,15
2026-06-16 01:45:00,66359.23,66418.01,66327.5,66346.52,140.86264,15
2026-06-16 02:00:00,66346.51,66367.69,66033.52,66065.07,346.27509,15
2026-06-16 02:15:00,66065.07,66160.0,65753.25,65776.01,263.20587,15
2026-06-16 02:30:00,65776.01,65928.86,65750.57,65878.0,203.78024,15
2026-06-16 02:45:00,65878.0,65887.82,65678.14,65741.99,151.47107,15
2026-06-16 03:00:00,65742.0,65850.0,65678.9,65810.0,151.10035,15
2026-06-16 03:15:00,65810.01,66007.19,65650.0,65980.46,415.92181999999997,15
2026-06-16 03:30:00,65980.45,66125.0,65980.45,66125.0,94.21205,15
2026-06-16 03:45:00,66125.0,66166.61,66100.0,66165.21,140.87063,15
2026-06-16 04:00:00,66165.21,66301.83,66134.0,66150.77,171.21179999999998,15
2026-06-16 04:15:00,66150.77,66162.0,65980.0,65980.0,118.51915,15
2026-06-16 04:30:00,65980.0,65980.0,65802.0,65886.65,273.78157999999996,15
2026-06-16 04:45:00,65886.64,65899.22,65806.02,65840.09,130.98965,15
2026-06-16 05:00:00,65840.1,66068.0,65840.09,66026.0,116.2175,15
2026-06-16 05:15:00,66026.0,66114.0,65966.0,66076.01,185.73475000000002,15
2026-06-16 05:30:00,66076.01,66118.0,66010.99,66089.38,48.966029999999996,15
2026-06-16 05:45:00,66089.38,66150.22,66044.99,66045.0,388.50117,15
2026-06-16 06:00:00,66044.99,66190.0,66044.99,66188.92,57.32242,15
2026-06-16 06:15:00,66188.91,66347.07,66154.11,66339.05,100.63925,15
2026-06-16 06:30:00,66339.04,66572.99,66296.0,66398.52,238.66351999999998,15
2026-06-16 06:45:00,66398.52,66549.96,66394.0,66446.0,159.93652,15
2026-06-16 07:00:00,66446.01,66527.23,66348.32,66348.32,83.74137,15
2026-06-16 07:15:00,66348.32,66477.89,66318.6,66338.01,102.92389,15
2026-06-16 07:30:00,66338.01,66426.0,66314.7,66320.21,89.20554,15
2026-06-16 07:45:00,66320.2,66383.24,66300.1,66372.0,109.92085,15
2026-06-16 08:00:00,66372.0,66503.24,66345.06,66472.0,92.61167,15
2026-06-16 08:15:00,66472.0,66595.32,66369.3,66554.96,169.96268,15
2026-06-16 08:30:00,66554.95,66652.76,66514.32,66618.0,192.29722,15
2026-06-16 08:45:00,66618.0,66992.0,66570.0,66899.61,234.08861000000002,15
2026-06-16 09:00:00,66899.61,66923.99,66726.0,66763.36,179.82828,15
2026-06-16 09:15:00,66763.35,66763.36,66560.0,66618.0,140.13331,15
2026-06-16 09:30:00,66618.0,66733.99,66586.0,66701.83,112.53677,15
2026-06-16 09:45:00,66701.83,66727.77,66474.74,66510.0,168.26091,15
2026-06-16 10:00:00,66510.01,66593.34,66500.56,66540.02,54.87639,15
2026-06-16 10:15:00,66540.02,66778.0,66540.02,66672.17,152.83457,15
2026-06-16 10:30:00,66672.16,66672.17,66578.0,66617.99,84.42132,15
2026-06-16 10:45:00,66617.99,66622.0,66486.38,66514.0,95.09585,15
2026-06-16 11:00:00,66514.01,66643.23,66448.64,66511.99,110.5373,15
2026-06-16 11:15:00,66512.0,66582.0,66396.74,66477.05,98.23338,15
2026-06-16 11:30:00,66477.05,66478.6,66368.36,66403.17,150.05698,15
2026-06-16 11:45:00,66403.18,66490.33,66380.0,66481.73,108.41134,15
2026-06-16 12:00:00,66481.73,66569.8,66406.15,66556.52,107.72608,15
2026-06-16 12:15:00,66556.53,66682.87,66547.38,66582.58,168.71688,15
2026-06-16 12:30:00,66582.59,66818.0,66442.0,66498.01,154.46035,15
2026-06-16 12:45:00,66498.0,66500.0,66368.0,66429.83,131.41582,15
2026-06-16 13:00:00,66429.84,66463.13,66010.0,66207.56,330.22715,15
2026-06-16 13:15:00,66207.57,66274.63,66011.23,66019.2,232.24048,15
2026-06-16 13:30:00,66019.19,66166.0,65928.16,66128.93,566.1650999999999,15
2026-06-16 13:45:00,66128.93,66210.0,66006.63,66052.0,219.21846,15
2026-06-16 14:00:00,66052.01,66265.8,66007.63,66027.23,215.82214,15
2026-06-16 14:15:00,66027.23,66068.0,65516.0,65553.07,566.95293,15
2026-06-16 14:30:00,65553.07,65748.0,65360.92,65689.59,513.45999,15
2026-06-16 14:45:00,65689.58,65780.0,65609.99,65654.9,195.52785,15
2026-06-16 15:00:00,65654.9,65880.41,65614.3,65858.05,201.88425,15
2026-06-16 15:15:00,65858.05,65908.0,65712.64,65814.01,156.58315,15
2026-06-16 15:30:00,65814.01,65999.78,65803.27,65846.01,152.65393,15
2026-06-16 15:45:00,65846.0,65986.0,65679.48,65859.76,277.69443,15
2026-06-16 16:00:00,65859.76,65953.97,65776.01,65776.01,80.98028,15
2026-06-16 16:15:00,65776.02,65822.0,65726.15,65785.99,89.33847,15
2026-06-16 16:30:00,65786.0,65866.0,65706.0,65808.01,75.64043000000001,15
2026-06-16 16:45:00,65808.01,65827.39,65706.0,65758.07,92.76173,15
2026-06-16 17:00:00,65758.07,65851.78,65740.01,65792.01,68.89637,15
2026-06-16 17:15:00,65792.01,65861.66,65710.34,65747.17,102.49394000000001,15
2026-06-16 17:30:00,65747.16,65820.0,65713.96,65750.92,46.506,15
2026-06-16 17:45:00,65750.92,66011.47,65740.0,65978.79,165.49111,15
2026-06-16 18:00:00,65978.78,66248.69,65951.35,66137.04,167.2488,15
2026-06-16 18:15:00,66136.83,66136.84,65872.0,65909.99,179.20418999999998,15
2026-06-16 18:30:00,65910.0,65970.0,65802.0,65846.0,102.69602,15
2026-06-16 18:45:00,65846.01,65932.03,65828.01,65847.99,73.57747,15
2026-06-16 19:00:00,65848.0,65848.0,65654.9,65670.0,189.78041,15
2026-06-16 19:15:00,65670.01,65722.0,65560.0,65706.64,194.34277,15
2026-06-16 19:30:00,65706.65,65780.0,65602.0,65642.66,120.38122,15
2026-06-16 19:45:00,65642.65,65726.0,65566.0,65675.88,112.87227,15
2026-06-16 20:00:00,65675.89,65760.0,65592.0,65759.99,98.02953,15
2026-06-16 20:15:00,65759.99,65849.03,65694.0,65721.39,61.44904,15
2026-06-16 20:30:00,65721.39,65844.0,65720.34,65843.99,52.40253,15
2026-06-16 20:45:00,65843.99,65865.92,65830.0,65854.0,49.23335,15
2026-06-16 21:00:00,65854.0,65938.0,65838.22,65918.0,117.83801,15
2026-06-16 21:15:00,65917.99,65918.0,65726.55,65728.01,113.37910000000001,15
2026-06-16 21:30:00,65728.01,65753.96,65654.9,65733.02,73.91552,15
2026-06-16 21:45:00,65733.01,65787.73,65710.05,65776.97,46.28956,15
2026-06-16 22:00:00,65776.97,65880.0,65714.84,65842.0,92.84716,15
2026-06-16 22:15:00,65842.01,65882.0,65720.65,65776.92,46.74677,15
2026-06-16 22:30:00,65776.92,65792.01,65704.0,65720.64,39.51663,15
2026-06-16 22:45:00,65720.64,65792.0,65680.0,65780.0,49.51695,15
2026-06-16 23:00:00,65780.01,65834.19,65727.19,65762.92,56.40171,15
2026-06-16 23:15:00,65762.93,65762.94,65644.0,65732.0,47.45833,15
2026-06-16 23:30:00,65732.0,65778.0,65712.0,65722.68,42.43104,15
2026-06-16 23:45:00,65722.67,65722.67,65626.9,65675.01,60.08174,15
2026-06-17 00:00:00,65675.02,65806.57,65675.02,65751.09,60.00256,15
2026-06-17 00:15:00,65751.08,65797.06,65707.28,65725.95,56.57158,15
2026-06-17 00:30:00,65725.96,65840.0,65692.27,65832.01,46.46909,15
2026-06-17 00:45:00,65832.01,65848.0,65699.99,65700.0,169.26051,15
2026-06-17 01:00:00,65700.0,65832.0,65688.0,65805.29,242.39965999999998,15
2026-06-17 01:15:00,65805.28,65805.29,65477.5,65585.74,178.54622,15
2026-06-17 01:30:00,65585.74,65817.96,65544.49,65759.76,62.67933,15
2026-06-17 01:45:00,65759.76,65956.56,65759.76,65940.0,65.79981000000001,15
2026-06-17 02:00:00,65940.0,65940.01,65840.0,65905.21,84.62694,15
2026-06-17 02:15:00,65905.21,66200.0,65879.75,66106.0,318.86934,15
2026-06-17 02:30:00,66105.99,66107.99,65788.0,65858.05,122.39081999999999,15
2026-06-17 02:45:00,65858.05,65914.53,65834.0,65904.0,449.05105,15
2026-06-17 03:00:00,65903.99,65904.0,65808.0,65820.01,168.7655,15
2026-06-17 03:15:00,65820.01,65820.01,65703.45,65780.0,241.59707,15
2026-06-17 03:30:00,65780.0,65882.99,65780.0,65797.98,64.92647,15
2026-06-17 03:45:00,65797.98,65853.8,65770.0,65851.99,88.28405000000001,15
2026-06-17 04:00:00,65852.0,65902.44,65824.0,65839.34,60.31465,15
2026-06-17 04:15:00,65839.33,65909.01,65788.31,65906.95,143.80739,15
2026-06-17 04:30:00,65906.96,65945.1,65864.01,65927.99,188.32809,15
2026-06-17 04:45:00,65928.0,66048.19,65892.0,65892.0,80.88669,15
2026-06-17 05:00:00,65892.01,65978.0,65794.0,65818.0,123.69885,15
2026-06-17 05:15:00,65818.0,65861.66,65746.51,65856.0,198.08715,15
2026-06-17 05:30:00,65856.01,65927.71,65814.43,65919.03,171.57980999999998,15
2026-06-17 05:45:00,65919.02,65934.02,65774.01,65836.3,42.679230000000004,15
2026-06-17 06:00:00,65836.3,65864.0,65790.24,65862.0,99.73074,15
2026-06-17 06:15:00,65862.01,65896.45,65650.0,65650.01,53.25507,15
2026-06-17 06:30:00,65650.0,65739.62,65582.63,65639.25,115.55402,15
2026-06-17 06:45:00,65639.25,65679.73,65602.43,65624.0,110.2679,15
2026-06-17 07:00:00,65624.01,65700.0,65556.33,65688.0,103.63908,15
2026-06-17 07:15:00,65688.0,65710.0,65482.41,65555.79,95.35882,15
2026-06-17 07:30:00,65555.8,65584.57,65477.28,65540.1,136.04217,15
2026-06-17 07:45:00,65540.11,65594.0,65251.0,65539.5,362.24541,15
2026-06-17 08:00:00,65539.51,65574.0,65340.49,65340.5,145.19575,15
2026-06-17 08:15:00,65340.5,65393.46,65241.39,65330.01,110.46049,15
2026-06-17 08:30:00,65330.01,65330.01,64920.0,64920.01,509.94079,15
2026-06-17 08:45:00,64920.01,65020.0,64833.07,64926.02,226.65354,15
2026-06-17 09:00:00,64926.02,65036.87,64912.55,64975.99,142.80809,15
2026-06-17 09:15:00,64975.99,65076.76,64932.97,65045.99,101.68608,15
2026-06-17 09:30:00,65045.98,65068.0,64928.01,64947.74,178.01504,15
2026-06-17 09:45:00,64947.74,65000.0,64842.01,64909.44,437.46671,15
2026-06-17 10:00:00,64909.44,64993.97,64809.98,64879.98,205.93780999999998,15
2026-06-17 10:15:00,64879.98,64981.43,64851.6,64936.0,164.52244,15
2026-06-17 10:30:00,64936.0,64974.0,64872.0,64924.0,73.20878,15
2026-06-17 10:45:00,64924.0,64944.0,64768.0,64798.0,154.06937,15
2026-06-17 11:00:00,64798.0,64853.99,64577.0,64605.59,315.41867,15
2026-06-17 11:15:00,64605.59,64745.59,64565.0,64704.91,149.07442,15
2026-06-17 11:30:00,64704.91,64800.0,64670.0,64790.71,85.21465,15
2026-06-17 11:45:00,64790.71,64868.21,64790.71,64810.01,91.53871,15
2026-06-17 12:00:00,64810.01,64873.99,64755.06,64850.18,162.00864,15
2026-06-17 12:15:00,64850.18,64856.36,64650.0,64687.99,139.02038,15
2026-06-17 12:30:00,64688.0,64918.0,64590.53,64914.6,131.41293,15
2026-06-17 12:45:00,64914.6,65108.0,64914.6,65040.88,125.29271,15
2026-06-17 13:00:00,65040.88,65098.0,64983.27,65083.99,199.41385,15
2026-06-17 13:15:00,65084.0,65084.0,64867.27,64927.99,166.70839,15
2026-06-17 13:30:00,64927.99,65342.71,64850.0,65280.0,337.22837,15
2026-06-17 13:45:00,65279.99,65369.53,65233.4,65278.0,258.21662,15
2026-06-17 14:00:00,65278.0,65351.62,65134.0,65345.99,212.50167,15
2026-06-17 14:15:00,65345.99,65461.38,65142.0,65252.0,192.59302,15
2026-06-17 14:30:00,65252.0,65291.37,65049.49,65111.42,105.45723,15
2026-06-17 14:45:00,65111.42,65288.0,64772.72,65101.45,289.06095999999997,15
2026-06-17 15:00:00,65101.45,65241.38,64987.74,65234.27,130.66998999999998,15
2026-06-17 15:15:00,65234.27,65420.0,65198.0,65327.76,245.61807,15
2026-06-17 15:30:00,65327.77,65516.43,65262.0,65493.99,214.10631,15
2026-06-17 15:45:00,65493.99,65855.66,65478.0,65752.0,581.7807799999999,15
2026-06-17 16:00:00,65751.99,65881.0,65722.0,65847.99,413.23476999999997,15
2026-06-17 16:15:00,65847.99,66445.93,65820.0,66258.0,457.30647999999997,15
2026-06-17 16:30:00,66258.0,66326.87,65895.25,65970.1,448.38175,15
2026-06-17 16:45:00,65970.11,66015.14,65844.0,65864.12,102.98331999999999,15
2026-06-17 17:00:00,65864.13,65978.0,65800.0,65864.01,96.41837000000001,15
2026-06-17 17:15:00,65864.01,66010.0,65840.01,65973.99,45.54061,15
2026-06-17 17:30:00,65973.99,66012.0,65842.0,65858.66,70.38858,15
2026-06-17 17:45:00,65858.66,66191.98,65823.34,66104.08,165.2509,15
2026-06-17 18:00:00,66107.99,66107.99,64800.0,65301.52,1061.072,15
2026-06-17 18:15:00,65301.52,65536.34,65272.05,65404.14,199.18992,15
2026-06-17 18:30:00,65404.13,66057.99,65272.74,66036.87,597.7335,15
2026-06-17 18:45:00,66036.87,66042.32,65350.0,65516.0,384.576,15
2026-06-17 19:00:00,65516.0,65666.0,65094.24,65366.01,233.15768,15
2026-06-17 19:15:00,65366.01,65380.01,64316.17,64470.0,651.70427,15
2026-06-17 19:30:00,64470.0,64680.0,64150.0,64178.25,537.5454,15
2026-06-17 19:45:00,64178.25,64314.36,63998.35,64301.85,751.1569499999999,15
2026-06-17 20:00:00,64301.85,64457.89,64186.85,64214.69,192.28838,15
2026-06-17 20:15:00,64214.69,64457.96,64207.9,64361.11,88.46905,15
2026-06-17 20:30:00,64361.1,64488.96,64232.17,64232.17,107.67072,15
2026-06-17 20:45:00,64232.17,64439.84,64181.33,64434.36,116.42617,15
2026-06-17 21:00:00,64434.36,64452.0,64262.0,64328.92,85.30364,15
2026-06-17 21:15:00,64328.92,64379.5,64266.0,64266.0,142.68234999999999,15
2026-06-17 21:30:00,64266.01,64416.0,64159.36,64190.0,102.45014,15
2026-06-17 21:45:00,64190.01,64277.53,64142.0,64257.77,127.64858,15
2026-06-17 22:00:00,64257.77,64257.99,63915.77,64103.99,231.05699,15
2026-06-17 22:15:00,64104.0,64371.06,64072.0,64364.42,89.99599,15
2026-06-17 22:30:00,64364.42,64434.84,64244.0,64266.01,111.94943,15
2026-06-17 22:45:00,64266.01,64422.54,64257.83,64300.01,59.23528,15
2026-06-17 23:00:00,64300.01,64405.45,64248.0,64317.99,62.60855,15
2026-06-17 23:15:00,64318.0,64529.2,64318.0,64496.0,114.54801,15
2026-06-17 23:30:00,64495.99,64522.49,64405.22,64443.69,48.17323,15
2026-06-17 23:45:00,64443.68,64516.0,64400.0,64509.4,64.49075,15
2026-06-18 00:00:00,64509.4,64657.8,64490.0,64634.91,95.4489,15
2026-06-18 00:15:00,64634.92,64702.0,64548.92,64593.59,100.79991,15
2026-06-18 00:30:00,64593.59,64698.0,64501.0,64589.97,151.28667000000002,15
2026-06-18 00:45:00,64589.77,64614.0,64457.67,64468.01,49.25602,15
2026-06-18 01:00:00,64468.01,64806.0,64466.3,64729.6,115.26203,15
2026-06-18 01:15:00,64729.6,64740.0,64624.37,64658.77,132.3393,15
2026-06-18 01:30:00,64658.77,64750.54,64608.09,64619.61,78.64424,15
2026-06-18 01:45:00,64619.6,64619.61,64477.26,64548.74,56.70857,15
2026-06-18 02:00:00,64548.75,64674.0,64532.05,64569.38,52.765100000000004,15
2026-06-18 02:15:00,64569.37,64747.19,64488.0,64702.2,66.78674,15
2026-06-18 02:30:00,64702.19,64764.88,64681.87,64762.29,57.939189999999996,15
2026-06-18 02:45:00,64762.29,64776.66,64682.0,64689.5,146.44896,15
2026-06-18 03:00:00,64689.5,64689.5,64525.42,64525.43,108.97354,15
2026-06-18 03:15:00,64525.43,64530.0,64317.45,64320.0,149.46403999999998,15
2026-06-18 03:30:00,64320.0,64403.34,64267.86,64328.03,193.44932,15
2026-06-18 03:45:00,64328.02,64407.48,64274.38,64282.82,96.69102000000001,15
2026-06-18 04:00:00,64282.82,64347.09,63826.93,63939.93,375.48804,15
2026-06-18 04:15:00,63939.92,64108.0,63856.46,63951.98,206.47258,15
2026-06-18 04:30:00,63951.98,63984.4,63880.0,63884.01,141.00259,15
2026-06-18 04:45:00,63884.01,63975.88,63830.28,63883.41,108.23878,15
2026-06-18 05:00:00,63883.26,63971.69,63696.29,63921.26,317.75142999999997,15
2026-06-18 05:15:00,63921.27,63996.0,63909.28,63919.66,134.94833,15
2026-06-18 05:30:00,63919.94,64020.0,63852.37,63927.25,67.5146,15
2026-06-18 05:45:00,63927.24,63999.56,63882.0,63994.0,77.70041,15
2026-06-18 06:00:00,63994.0,64074.78,63886.0,63957.0,96.42725,15
2026-06-18 06:15:00,63957.0,63991.52,63850.0,63979.99,274.17964,15
2026-06-18 06:30:00,63979.99,64099.99,63970.39,64099.86,271.07,15
2026-06-18 06:45:00,64099.87,64134.33,64060.0,64083.41,125.87453,15
2026-06-18 07:00:00,64084.0,64105.57,64015.42,64091.2,109.13901999999999,15
2026-06-18 07:15:00,64091.2,64319.15,64083.06,64304.59,162.43022,15
2026-06-18 07:30:00,64304.58,64454.01,64260.71,64438.09,146.47833,15
2026-06-18 07:45:00,64438.09,64510.5,64423.35,64510.44,106.80876,15
2026-06-18 08:00:00,64510.45,64646.75,64386.46,64535.99,378.02676,15
2026-06-18 08:15:00,64535.99,64607.38,64514.0,64578.0,84.03069,15
2026-06-18 08:30:00,64578.01,64605.4,64517.0,64517.01,174.76757,15
2026-06-18 08:45:00,64517.0,64528.0,64378.25,64399.92,77.37936,15
2026-06-18 09:00:00,64399.93,64411.61,64309.16,64390.31,114.14003,15
2026-06-18 09:15:00,64390.31,64478.0,64245.59,64248.38,71.84966,15
2026-06-18 09:30:00,64248.38,64307.99,64205.88,64282.66,77.10347,15
2026-06-18 09:45:00,64282.66,64325.65,64196.14,64199.53,37.22559,15
2026-06-18 10:00:00,64199.53,64199.53,63991.18,64009.99,118.74698000000001,15
2026-06-18 10:15:00,64009.99,64045.99,63910.0,63965.48,136.49084,15
2026-06-18 10:30:00,63965.47,64081.99,63951.39,64000.82,108.92834,15
2026-06-18 10:45:00,64000.81,64223.79,64000.81,64078.61,81.4069,15
2026-06-18 11:00:00,64078.61,64196.0,64004.01,64032.01,66.29683,15
2026-06-18 11:15:00,64032.01,64084.0,63912.01,64069.99,104.41289,15
2026-06-18 11:30:00,64069.99,64089.66,63878.14,63970.0,129.25728,15
2026-06-18 11:45:00,63970.0,64036.0,63890.0,63974.4,78.03773,15
2026-06-18 12:00:00,63974.4,64043.43,63922.0,64007.99,103.68059,15
2026-06-18 12:15:00,64007.98,64207.58,63992.0,64201.31,139.21228,15
2026-06-18 12:30:00,64201.32,64263.48,64130.73,64257.19,89.53243,15
2026-06-18 12:45:00,64257.2,64402.01,64257.19,64378.07,85.17948,15
2026-06-18 13:00:00,64378.06,64445.19,64288.0,64395.44,133.27123,15
2026-06-18 13:15:00,64395.43,64438.67,64332.0,64363.39,204.0742,15
2026-06-18 13:30:00,64363.39,64386.0,63876.01,63885.66,360.41922999999997,15
2026-06-18 13:45:00,63885.67,64161.23,63800.0,63984.0,287.04323,15
2026-06-18 14:00:00,63983.99,64087.08,63724.83,63780.0,336.06323,15
2026-06-18 14:15:00,63780.0,64203.66,63720.56,63812.02,189.09072,15
2026-06-18 14:30:00,63812.01,64082.0,63767.24,63872.01,190.85095,15
2026-06-18 14:45:00,63872.0,63993.69,63587.3,63816.61,282.40984,15
2026-06-18 15:00:00,63816.61,63825.99,63566.01,63566.01,245.51036,15
2026-06-18 15:15:00,63566.01,63600.0,63198.0,63237.99,801.08694,15
2026-06-18 15:30:00,63238.0,63375.85,62700.0,62786.01,951.77971,15
2026-06-18 15:45:00,62786.01,62885.46,62293.76,62369.44,795.28342,15
2026-06-18 16:00:00,62369.43,62730.0,62349.42,62639.99,477.06124,15
2026-06-18 16:15:00,62640.0,62766.93,62522.0,62599.99,265.35676,15
2026-06-18 16:30:00,62600.0,62769.86,62518.0,62717.99,288.60593,15
2026-06-18 16:45:00,62717.99,62814.0,62637.13,62688.0,240.68968,15
2026-06-18 17:00:00,62688.0,62706.21,62411.76,62506.4,182.50389,15
2026-06-18 17:15:00,62506.39,62643.92,62272.07,62583.02,488.60625999999996,15
2026-06-18 17:30:00,62583.03,62750.0,62520.0,62650.01,202.67408,15
2026-06-18 17:45:00,62650.0,62727.77,62520.29,62606.0,129.89789,15
2026-06-18 18:00:00,62606.0,62738.64,62580.01,62710.76,128.18965,15
2026-06-18 18:15:00,62710.76,62959.75,62608.64,62847.62,248.37841,15
2026-06-18 18:30:00,62847.62,62847.63,62680.03,62772.0,200.78293,15
2026-06-18 18:45:00,62772.01,62884.0,62619.89,62708.92,149.71124,15
2026-06-18 19:00:00,62708.93,62735.59,62636.0,62681.99,68.40856,15
2026-06-18 19:15:00,62681.99,62804.0,62642.33,62777.01,96.77547,15
2026-06-18 19:30:00,62777.01,62993.44,62761.94,62970.0,182.16299,15
2026-06-18 19:45:00,62970.0,63008.33,62906.0,62950.79,230.29062,15
2026-06-18 20:00:00,62950.79,63225.16,62950.79,63172.0,270.70459,15
2026-06-18 20:15:00,63172.0,63274.19,63099.58,63118.01,144.68606,15
2026-06-18 20:30:00,63118.01,63173.65,63049.08,63133.9,173.19007,15
2026-06-18 20:45:00,63133.91,63135.06,63040.0,63086.0,96.35357,15
2026-06-18 21:00:00,63086.0,63121.81,62913.69,62920.0,159.31174,15
2026-06-18 21:15:00,62919.99,63045.24,62870.39,62958.01,134.56129,15
2026-06-18 21:30:00,62958.0,62990.72,62874.0,62913.99,96.61761,15
2026-06-18 21:45:00,62913.99,62999.53,62893.0,62971.32,75.85108,15
2026-06-18 22:00:00,62971.32,62990.0,62910.45,62921.36,71.78628,15
2026-06-18 22:15:00,62921.36,62925.56,62779.19,62831.99,75.22071,15
2026-06-18 22:30:00,62832.0,62850.0,62742.0,62812.28,77.37693,15
2026-06-18 22:45:00,62812.28,62896.66,62786.0,62885.85,65.97672,15
2026-06-18 23:00:00,62885.84,62929.13,62756.6,62761.34,110.82596000000001,15
2026-06-18 23:15:00,62761.35,62884.0,62761.33,62884.0,107.25598,15
2026-06-18 23:30:00,62884.0,62950.0,62884.0,62914.42,39.284459999999996,15
2026-06-18 23:45:00,62914.42,62985.12,62858.0,62958.01,250.12114,15
2026-06-19 00:00:00,62958.01,62984.0,62840.0,62862.0,216.19942,15
2026-06-19 00:15:00,62862.0,62994.0,62854.0,62972.01,144.79565,15
2026-06-19 00:30:00,62972.0,63058.0,62951.86,63057.99,180.80137,15
2026-06-19 00:45:00,63057.99,63086.0,62976.42,63020.0,244.43180999999998,15
2026-06-19 01:00:00,63020.0,63086.17,62900.0,62978.3,182.24642,15
2026-06-19 01:15:00,62978.29,63100.0,62920.0,62926.0,243.93583,15
2026-06-19 01:30:00,62926.0,62953.79,62852.01,62916.59,75.77647,15
2026-06-19 01:45:00,62916.6,63032.06,62916.59,63021.86,40.47436,15
2026-06-19 02:00:00,63021.86,63110.29,63017.95,63020.22,95.25515,15
2026-06-19 02:15:00,63020.21,63065.99,62956.08,62956.08,72.37168,15
2026-06-19 02:30:00,62956.08,63023.96,62922.0,62944.71,48.5606,15
2026-06-19 02:45:00,62944.71,63018.9,62893.71,63006.0,88.63057,15
2026-06-19 03:00:00,63006.01,63029.64,62716.53,62734.87,173.39385000000001,15
2026-06-19 03:15:00,62734.87,62863.62,62386.9,62848.4,468.37354,15
2026-06-19 03:30:00,62848.4,62848.4,62618.0,62697.86,120.05845,15
2026-06-19 03:45:00,62697.87,62812.0,62634.0,62773.51,73.61436,15
2026-06-19 04:00:00,62773.52,62875.7,62618.0,62869.99,93.131,15
2026-06-19 04:15:00,62869.99,62916.66,62718.0,62730.87,59.91063,15
2026-06-19 04:30:00,62730.87,62732.01,62522.12,62605.99,99.13227,15
2026-06-19 04:45:00,62606.0,62684.48,62409.55,62452.01,138.78841,15
2026-06-19 05:00:00,62452.01,62670.89,62452.0,62669.99,92.77194,15
2026-06-19 05:15:00,62670.0,62670.0,62576.0,62616.0,103.53336,15
2026-06-19 05:30:00,62616.0,62670.89,62561.58,62651.99,91.73958,15
2026-06-19 05:45:00,62651.99,62744.92,62651.99,62739.2,73.78827,15
2026-06-19 06:00:00,62739.2,62852.46,62728.0,62849.99,82.15743,15
2026-06-19 06:15:00,62850.0,62860.22,62762.35,62839.38,44.4746,15
2026-06-19 06:30:00,62839.38,62880.0,62733.44,62824.0,56.05218,15
2026-06-19 06:45:00,62823.99,62914.73,62766.27,62894.08,70.26018,15
2026-06-19 07:00:00,62894.09,62917.32,62780.0,62780.0,43.87331,15
2026-06-19 07:15:00,62780.0,62829.58,62718.0,62741.19,70.50305,15
2026-06-19 07:30:00,62741.19,62827.68,62504.27,62554.32,286.33051,15
2026-06-19 07:45:00,62554.32,62685.21,62506.02,62629.99,235.50422,15
2026-06-19 08:00:00,62630.0,62675.59,62533.33,62671.99,130.78965,15
2026-06-19 08:15:00,62671.99,62722.95,62612.2,62668.0,80.55918,15
2026-06-19 08:30:00,62668.0,62782.0,62586.0,62660.27,151.6773,15
2026-06-19 08:45:00,62660.27,62670.0,62572.66,62603.99,68.81428,15
2026-06-19 09:00:00,62604.0,62654.0,62329.42,62432.54,202.11688,15
2026-06-19 09:15:00,62432.55,62476.92,62316.44,62382.0,100.59121,15
2026-06-19 09:30:00,62382.01,62498.0,62382.0,62418.29,365.06027,15
2026-06-19 09:45:00,62418.29,62433.91,62339.66,62390.0,253.90484,15
2026-06-19 10:00:00,62390.01,62559.01,62383.76,62559.0,241.66725000000002,15
2026-06-19 10:15:00,62559.0,62559.0,62431.99,62502.01,217.2939,15
2026-06-19 10:30:00,62502.01,62502.01,62412.44,62418.0,142.56922,15
2026-06-19 10:45:00,62417.99,62587.27,62404.0,62533.25,160.46944,15
2026-06-19 11:00:00,62533.24,62567.99,62452.52,62502.0,202.86230999999998,15
2026-06-19 11:15:00,62502.0,62684.0,62464.0,62646.0,174.66492,15
2026-06-19 11:30:00,62646.01,62683.79,62590.0,62660.0,246.20868000000002,15
2026-06-19 11:45:00,62660.0,62680.0,62600.63,62626.0,377.41513000000003,15
2026-06-19 12:00:00,62626.0,62687.98,62605.01,62623.62,179.09382,15
2026-06-19 12:15:00,62623.61,62623.61,62490.0,62562.0,59.65867,15
2026-06-19 12:30:00,62562.0,62596.57,62399.15,62508.18,122.70742,15
2026-06-19 12:45:00,62508.19,62872.99,62353.0,62830.01,269.06127,15
2026-06-19 13:00:00,62830.01,62982.43,62754.91,62788.0,246.73131,15
2026-06-19 13:15:00,62788.0,62812.0,62666.0,62791.88,76.12856,15
2026-06-19 13:30:00,62791.89,63100.0,62748.0,63091.1,281.33837,15
2026-06-19 13:45:00,63091.09,63415.0,63082.56,63210.0,474.16119000000003,15
2026-06-19 14:00:00,63210.0,63256.0,63044.0,63089.99,201.69115,15
2026-06-19 14:15:00,63090.0,63295.0,63010.0,63267.67,160.78378,15
2026-06-19 14:30:00,63267.67,63419.27,63165.28,63311.45,155.79696,15
2026-06-19 14:45:00,63311.45,63362.0,63196.01,63203.53,147.15509,15
2026-06-19 15:00:00,63203.54,63253.55,63118.0,63183.99,121.16602,15
2026-06-19 15:15:00,63184.0,63211.99,63019.26,63054.81,130.92129,15
2026-06-19 15:30:00,63054.81,63283.86,63054.8,63252.15,142.06819,15
2026-06-19 15:45:00,63252.15,63279.45,63197.37,63214.01,133.0505,15
2026-06-19 16:00:00,63214.01,63387.8,63094.0,63387.32,199.03397999999999,15
2026-06-19 16:15:00,63387.32,63387.33,63264.01,63312.01,207.73406,15
2026-06-19 16:30:00,63312.0,63376.0,63244.0,63244.0,335.07727,15
2026-06-19 16:45:00,63244.0,63244.0,62918.98,62971.99,279.56579,15
2026-06-19 17:00:00,62972.0,63024.0,62880.84,63002.0,148.68679,15
2026-06-19 17:15:00,63001.99,63150.33,62866.99,62925.99,229.591,15
2026-06-19 17:30:00,62925.99,63108.32,62916.58,63099.99,117.44733,15
2026-06-19 17:45:00,63099.99,63263.49,63034.0,63198.01,345.03349000000003,15
2026-06-19 18:00:00,63198.0,63201.95,63111.84,63157.99,85.90517,15
2026-06-19 18:15:00,63157.99,63167.15,63112.29,63116.0,94.2302,15
2026-06-19 18:30:00,63116.01,63184.0,62991.37,63051.99,92.17077,15
2026-06-19 18:45:00,63051.99,63140.0,63016.0,63110.01,69.658,15
2026-06-19 19:00:00,63110.01,63110.64,63000.0,63052.7,84.59321,15
2026-06-19 19:15:00,63052.69,63056.6,62942.0,62998.45,64.84557,15
2026-06-19 19:30:00,62998.45,63023.91,62960.43,62998.57,42.21396,15
2026-06-19 19:45:00,62998.56,63140.0,62984.0,63021.6,91.8089,15
2026-06-19 20:00:00,63021.6,63079.99,63013.25,63071.99,41.89067,15
2026-06-19 20:15:00,63071.99,63077.6,62958.59,63077.59,54.99988,15
2026-06-19 20:30:00,63077.6,63100.0,63027.24,63089.8,46.23,15
2026-06-19 20:45:00,63089.8,63274.0,63089.79,63250.01,74.80486,15
2026-06-19 21:00:00,63250.01,63275.64,63148.22,63266.0,65.43979,15
2026-06-19 21:15:00,63266.0,63266.0,63156.77,63156.77,27.23877,15
2026-06-19 21:30:00,63156.78,63166.0,63082.27,63087.55,39.76523,15
2026-06-19 21:45:00,63087.55,63135.54,63060.0,63075.98,49.250640000000004,15
2026-06-19 22:00:00,63075.99,63109.93,63048.0,63097.99,127.84837999999999,15
2026-06-19 22:15:00,63098.0,63300.0,63097.99,63268.0,55.89237000000001,15
2026-06-19 22:30:00,63268.0,63338.0,63232.71,63323.96,317.73644,15
2026-06-19 22:45:00,63323.95,63369.48,63302.0,63315.28,40.45419,15
2026-06-19 23:00:00,63315.29,63340.0,63276.0,63295.49,57.18999,15
2026-06-19 23:15:00,63295.49,63333.0,63280.49,63322.64,96.63206,15
2026-06-19 23:30:00,63322.65,63371.53,63302.21,63337.13,55.11833,15
2026-06-19 23:45:00,63337.13,63666.0,63300.0,63543.91,480.28839,15
2026-06-20 00:00:00,63543.9,63606.0,63470.0,63523.99,101.36151,15
2026-06-20 00:15:00,63523.99,63640.26,63472.0,63618.01,105.80275,15
2026-06-20 00:30:00,63618.0,63777.0,63536.08,63607.3,189.83231,15
2026-06-20 00:45:00,63607.31,63608.0,63517.03,63530.01,243.1501,15
2026-06-20 01:00:00,63530.01,63540.0,63429.65,63448.61,97.6452,15
2026-06-20 01:15:00,63448.62,63518.0,63404.0,63511.19,127.60712,15
2026-06-20 01:30:00,63511.19,63616.23,63511.19,63563.99,72.48477,15
2026-06-20 01:45:00,63564.0,63592.36,63542.87,63586.28,50.9114,15
2026-06-20 02:00:00,63586.27,63586.27,63468.0,63474.0,34.73541,15
2026-06-20 02:15:00,63474.0,63474.0,63393.99,63407.99,64.8118,15
2026-06-20 02:30:00,63407.99,63494.0,63365.36,63404.0,145.55756,15
2026-06-20 02:45:00,63404.01,63432.78,63336.01,63340.57,113.77312,15
2026-06-20 03:00:00,63340.58,63382.5,63320.14,63350.94,58.83227,15
2026-06-20 03:15:00,63350.94,63455.99,63350.94,63443.94,108.27872,15
2026-06-20 03:30:00,63443.93,63510.0,63418.0,63491.12,46.62188,15
2026-06-20 03:45:00,63491.12,63505.3,63434.88,63476.79,55.1519,15
2026-06-20 04:00:00,63476.79,63476.8,63402.0,63423.61,68.14712,15
2026-06-20 04:15:00,63423.62,63570.76,63423.61,63568.81,42.06184,15
2026-06-20 04:30:00,63568.82,63613.59,63516.8,63606.0,44.80186,15
2026-06-20 04:45:00,63606.0,63607.99,63542.0,63583.53,73.61893,15
2026-06-20 05:00:00,63583.53,63907.07,63543.46,63814.01,249.47473,15
2026-06-20 05:15:00,63814.0,63834.0,63633.11,63633.12,109.14385,15
2026-06-20 05:30:00,63633.12,63729.95,63633.11,63637.23,54.82871,15
2026-06-20 05:45:00,63637.23,63711.34,63586.71,63678.07,63.8002,15
2026-06-20 06:00:00,63678.07,63720.0,63644.01,63677.99,58.18185,15
2026-06-20 06:15:00,63678.0,63755.61,63640.36,63700.0,47.74111,15
2026-06-20 06:30:00,63700.0,63752.44,63694.0,63752.43,49.86857,15
2026-06-20 06:45:00,63752.43,63761.99,63724.26,63744.61,36.09669,15
2026-06-20 07:00:00,63744.61,63744.61,63594.37,63661.84,63.000389999999996,15
2026-06-20 07:15:00,63661.85,63792.01,63661.84,63792.0,83.89621,15
2026-06-20 07:30:00,63792.0,63800.0,63716.0,63752.68,156.06253999999998,15
2026-06-20 07:45:00,63752.68,63773.99,63647.36,63655.21,145.52376,15
2026-06-20 08:00:00,63655.21,63664.39,63500.0,63546.0,172.97341,15
2026-06-20 08:15:00,63545.99,63577.12,63474.59,63482.0,58.73993,15
2026-06-20 08:30:00,63482.01,63492.01,63430.07,63449.4,219.72358,15
2026-06-20 08:45:00,63449.4,63456.0,63392.41,63417.97,95.61111,15
2026-06-20 09:00:00,63417.98,63530.34,63417.98,63520.0,111.63459999999999,15
2026-06-20 09:15:00,63520.0,63587.64,63514.13,63570.42,78.3603,15
2026-06-20 09:30:00,63570.42,63713.51,63559.0,63700.02,66.70354999999999,15
2026-06-20 09:45:00,63700.01,63787.74,63640.0,63741.16,92.32248,15
2026-06-20 10:00:00,63741.16,63777.5,63690.0,63692.01,94.11981,15
2026-06-20 10:15:00,63692.0,63721.89,63645.0,63678.64,69.60624,15
2026-06-20 10:30:00,63678.64,63699.91,63592.44,63598.0,82.51752,15
2026-06-20 10:45:00,63598.0,63678.0,63598.0,63674.7,23.925629999999998,15
2026-06-20 11:00:00,63674.71,63712.0,63620.74,63667.35,183.43023000000002,15
2026-06-20 11:15:00,63667.35,63744.0,63666.05,63700.0,55.02601,15
2026-06-20 11:30:00,63700.0,63736.38,63687.26,63732.0,26.2995,15
2026-06-20 11:45:00,63732.0,63798.76,63687.99,63688.0,50.38233,15
2026-06-20 12:00:00,63688.0,63785.76,63672.01,63753.9,96.97936,15
2026-06-20 12:15:00,63753.9,63766.0,63702.66,63738.72,64.48284,15
2026-06-20 12:30:00,63738.72,63748.01,63584.19,63625.91,53.567,15
2026-06-20 12:45:00,63625.9,63655.83,63537.99,63655.09,77.07441,15
2026-06-20 13:00:00,63655.1,63655.1,63586.0,63586.0,39.91751,15
2026-06-20 13:15:00,63586.01,63624.13,63278.0,63348.94,170.64011,15
2026-06-20 13:30:00,63348.95,63464.35,63346.0,63450.0,143.86424,15
2026-06-20 13:45:00,63449.99,63491.68,63364.01,63397.78,58.274029999999996,15
2026-06-20 14:00:00,63397.77,63412.0,63184.21,63209.27,323.57575,15
2026-06-20 14:15:00,63209.27,63370.0,63209.26,63369.99,75.28841,15
2026-06-20 14:30:00,63369.99,63525.0,63340.92,63508.0,61.9286,15
2026-06-20 14:45:00,63508.0,64150.0,63496.01,63949.9,641.19676,15
2026-06-20 15:00:00,63949.9,64046.0,63836.0,64004.1,167.98506,15
2026-06-20 15:15:00,64004.09,64388.0,63966.0,64185.99,506.49682,15
2026-06-20 15:30:00,64185.99,64208.57,64074.6,64116.0,178.38394,15
2026-06-20 15:45:00,64116.01,64200.0,64078.22,64160.04,63.705839999999995,15
2026-06-20 16:00:00,64160.04,64167.26,63974.0,63994.98,95.1319,15
2026-06-20 16:15:00,63994.98,64101.62,63980.43,63998.0,112.43494,15
2026-06-20 16:30:00,63998.0,64054.96,63902.58,63998.9,88.04172,15
2026-06-20 16:45:00,63998.9,64047.8,63959.6,64034.31,107.8214,15
2026-06-20 17:00:00,64034.31,64034.31,63893.01,63956.0,85.40797,15
2026-06-20 17:15:00,63956.0,63993.6,63872.47,63992.72,85.91403,15
2026-06-20 17:30:00,63992.72,64041.07,63730.21,63863.7,194.21954,15
2026-06-20 17:45:00,63863.71,63893.06,63814.01,63834.7,116.63958,15
2026-06-20 18:00:00,63834.7,63928.4,63800.0,63828.0,32.6307,15
2026-06-20 18:15:00,63828.01,63882.77,63828.01,63866.0,26.68879,15
2026-06-20 18:30:00,63865.99,63888.2,63788.0,63814.0,38.163039999999995,15
2026-06-20 18:45:00,63813.99,63840.0,63788.0,63805.89,22.51226,15
2026-06-20 19:00:00,63805.9,63924.0,63798.0,63899.99,27.19059,15
2026-06-20 19:15:00,63900.0,63932.86,63844.88,63865.99,103.64451,15
2026-06-20 19:30:00,63866.0,63968.0,63844.0,63939.99,29.307750000000002,15
2026-06-20 19:45:00,63939.99,63952.0,63920.67,63936.0,13.2727,15
2026-06-20 20:00:00,63935.99,63981.09,63924.18,63970.0,100.4912,15
2026-06-20 20:15:00,63970.0,63976.0,63905.15,63907.99,16.83731,15
2026-06-20 20:30:00,63907.99,63918.0,63853.31,63874.9,41.95,15
2026-06-20 20:45:00,63874.89,63934.0,63874.89,63925.99,50.72258,15
2026-06-20 21:00:00,63926.0,64048.0,63922.0,63990.49,65.38038,15
2026-06-20 21:15:00,63990.5,63990.9,63924.09,63932.89,46.77799,15
2026-06-20 21:30:00,63932.89,64052.0,63918.29,64030.0,74.08607,15
2026-06-20 21:45:00,64030.01,64092.91,63994.05,64012.4,85.76067,15
2026-06-20 22:00:00,64012.39,64162.0,63978.12,64131.01,85.51377000000001,15
2026-06-20 22:15:00,64131.01,64331.38,64066.16,64296.0,107.89588,15
2026-06-20 22:30:00,64296.0,64350.0,64244.0,64275.99,114.88015,15
2026-06-20 22:45:00,64275.99,64319.55,64250.0,64272.01,138.14924,15
2026-06-20 23:00:00,64272.0,64303.38,64250.02,64260.79,115.86514,15
2026-06-20 23:15:00,64260.78,64316.1,64260.58,64276.43,44.614239999999995,15
2026-06-20 23:30:00,64276.43,64330.89,64256.22,64330.88,29.87567,15
2026-06-20 23:45:00,64330.88,64336.91,64280.0,64298.01,56.73844,15
2026-06-21 00:00:00,64298.01,64302.25,64242.15,64268.11,59.01723,15
2026-06-21 00:15:00,64268.1,64307.14,64237.31,64270.71,56.22539,15
2026-06-21 00:30:00,64270.72,64322.91,64248.0,64286.0,176.86411,15
2026-06-21 00:45:00,64286.0,64318.0,64251.92,64294.0,133.08408,15
2026-06-21 01:00:00,64294.0,64317.32,64246.81,64250.31,91.52963,15
2026-06-21 01:15:00,64250.31,64259.28,64234.05,64241.85,72.30006,15
2026-06-21 01:30:00,64241.86,64291.96,64206.17,64253.48,266.46944,15
2026-06-21 01:45:00,64253.48,64323.68,64248.0,64248.0,55.770179999999996,15
2026-06-21 02:00:00,64248.0,64263.38,64226.69,64263.37,55.95994,15
2026-06-21 02:15:00,64263.37,64263.38,64222.83,64230.43,29.16716,15
2026-06-21 02:30:00,64230.43,64265.19,64216.05,64237.78,90.76739,15
2026-06-21 02:45:00,64237.78,64275.12,64237.77,64241.25,54.16881,15
2026-06-21 03:00:00,64241.26,64299.77,64234.0,64299.77,65.72116,15
2026-06-21 03:15:00,64299.77,64472.99,64284.98,64357.34,123.55328,15
2026-06-21 03:30:00,64357.34,64462.0,64306.0,64452.01,120.12888999999998,15
2026-06-21 03:45:00,64452.0,64460.01,64409.85,64426.0,99.8183,15
2026-06-21 04:00:00,64426.0,64432.0,64382.93,64405.7,68.93052,15
2026-06-21 04:15:00,64405.7,64570.0,64405.69,64530.0,136.71261,15
2026-06-21 04:30:00,64530.01,64588.0,64488.0,64488.01,69.47125,15
2026-06-21 04:45:00,64488.01,64488.01,64269.45,64276.12,104.2762,15
2026-06-21 05:00:00,64276.12,64305.57,64238.0,64238.01,48.55278,15
2026-06-21 05:15:00,64238.01,64302.0,64225.6,64302.0,39.35817,15
2026-06-21 05:30:00,64302.0,64365.43,64293.0,64306.38,31.762479999999996,15
2026-06-21 05:45:00,64306.38,64306.38,64234.01,64256.55,46.87704,15
2026-06-21 06:00:00,64256.56,64259.54,64200.0,64216.01,31.9028,15
2026-06-21 06:15:00,64216.0,64300.0,64214.0,64287.47,48.90598,15
2026-06-21 06:30:00,64287.47,64323.99,64263.54,64314.01,21.0391,15
2026-06-21 06:45:00,64314.01,64320.34,64294.0,64303.46,40.71113,15
2026-06-21 07:00:00,64303.47,64303.47,64252.47,64258.0,35.126000000000005,15
2026-06-21 07:15:00,64258.0,64274.01,64176.59,64179.46,115.36627,15
2026-06-21 07:30:00,64179.45,64249.99,64173.08,64249.99,69.72682,15
2026-06-21 07:45:00,64250.0,64259.67,64179.22,64191.07,82.75998,15
2026-06-21 08:00:00,64191.06,64228.0,64116.79,64120.6,79.89529,15
2026-06-21 08:15:00,64120.61,64121.22,64053.18,64053.18,72.49597,15
2026-06-21 08:30:00,64053.19,64067.62,63900.17,63982.73,77.98733,15
2026-06-21 08:45:00,63982.74,64014.0,63923.0,64014.0,97.69378,15
2026-06-21 09:00:00,64014.0,64023.13,63961.68,63976.0,63.056610000000006,15
2026-06-21 09:15:00,63976.01,64088.64,63961.28,64050.0,32.50502,15
2026-06-21 09:30:00,64050.01,64246.0,64050.0,64135.99,69.42508,15
2026-06-21 09:45:00,64136.0,64230.0,64120.0,64209.16,56.05151,15
2026-06-21 10:00:00,64209.16,64291.14,64204.0,64282.01,54.90103,15
2026-06-21 10:15:00,64282.0,64382.0,64251.99,64310.0,63.044,15
2026-06-21 10:30:00,64310.0,64383.99,64302.0,64349.98,69.6104,15
2026-06-21 10:45:00,64349.99,64408.0,64322.52,64365.99,98.67545,15
2026-06-21 11:00:00,64366.0,64483.95,64337.07,64422.0,113.47577,15
2026-06-21 11:15:00,64422.0,64422.0,64120.0,64384.74,100.68734,15
2026-06-21 11:30:00,64384.75,64406.7,64233.16,64293.65,107.11164,15
2026-06-21 11:45:00,64293.65,64293.65,64112.01,64176.0,117.00313,15
2026-06-21 12:00:00,64176.0,64235.13,64061.44,64077.99,47.01992,15
2026-06-21 12:15:00,64077.99,64106.0,63994.0,64021.55,101.77883,15
2026-06-21 12:30:00,64021.55,64085.99,63952.0,64056.01,128.53451,15
2026-06-21 12:45:00,64056.01,64218.0,64051.31,64200.0,81.9928,15
2026-06-21 13:00:00,64200.0,64200.0,64112.95,64118.41,49.28393,15
2026-06-21 13:15:00,64118.42,64180.0,64118.42,64164.0,34.30421,15
2026-06-21 13:30:00,64163.99,64169.96,64020.01,64048.0,46.14326,15
2026-06-21 13:45:00,64048.01,64146.0,64042.34,64146.0,31.92062,15
2026-06-21 14:00:00,64146.0,64154.0,64066.0,64075.99,33.66704,15
2026-06-21 14:15:00,64076.0,64090.0,64011.19,64034.0,56.39822,15
2026-06-21 14:30:00,64033.99,64083.85,64004.0,64056.04,60.30712,15
2026-06-21 14:45:00,64056.05,64152.0,64008.9,64145.97,38.95664,15
2026-06-21 15:00:00,64145.97,64300.0,64120.0,64206.82,89.41312,15
2026-06-21 15:15:00,64206.82,64274.0,64190.0,64260.97,51.46492,15
2026-06-21 15:30:00,64260.97,64355.88,64194.0,64300.0,183.8487,15
2026-06-21 15:45:00,64299.99,64315.12,64224.0,64224.0,66.06548000000001,15
2026-06-21 16:00:00,64224.0,64251.46,64113.77,64141.99,58.8147,15
2026-06-21 16:15:00,64142.0,64254.38,64122.51,64186.06,60.69036,15
2026-06-21 16:30:00,64186.07,64194.76,64046.0,64108.03,76.4511,15
2026-06-21 16:45:00,64108.03,64210.0,64108.0,64145.31,40.83518,15
2026-06-21 17:00:00,64145.32,64221.44,64116.0,64210.16,45.54359,15
2026-06-21 17:15:00,64210.17,64210.17,64104.59,64104.6,37.49854,15
2026-06-21 17:30:00,64104.6,64130.0,64080.0,64128.55,53.53243,15
2026-06-21 17:45:00,64128.55,64192.96,64128.55,64151.46,68.46693,15
2026-06-21 18:00:00,64151.47,64157.89,63933.47,64010.0,75.20625,15
2026-06-21 18:15:00,64009.99,64060.0,64002.0,64042.0,27.83427,15
2026-06-21 18:30:00,64042.0,64240.0,64038.37,64186.01,91.15027,15
2026-06-21 18:45:00,64186.0,64213.82,64142.18,64213.81,76.7379,15
2026-06-21 19:00:00,64213.82,64298.84,64168.73,64220.01,38.54837,15
2026-06-21 19:15:00,64220.01,64240.0,64196.56,64219.38,43.57211,15
2026-06-21 19:30:00,64219.39,64240.0,64178.05,64212.73,55.19292,15
2026-06-21 19:45:00,64212.74,64231.44,64182.4,64207.12,51.97381,15
2026-06-21 20:00:00,64207.13,64271.21,64137.03,64166.0,44.85921,15
2026-06-21 20:15:00,64165.99,64168.73,64066.66,64109.66,24.55571,15
2026-06-21 20:30:00,64109.65,64126.0,63962.65,63975.49,69.60966,15
2026-06-21 20:45:00,63975.49,63978.76,63700.0,63848.0,281.70387,15
2026-06-21 21:00:00,63848.0,63878.57,63526.99,63630.43,224.83298,15
2026-06-21 21:15:00,63630.42,63786.77,63510.0,63688.58,230.66851,15
2026-06-21 21:30:00,63688.58,63969.59,63688.58,63893.85,212.88490000000002,15
2026-06-21 21:45:00,63893.84,63932.0,63775.8,63808.01,84.49858,15
2026-06-21 22:00:00,63808.0,63864.0,63575.04,63632.97,175.04749,15
2026-06-21 22:15:00,63632.97,63776.0,63632.97,63726.0,131.98067,15
2026-06-21 22:30:00,63725.99,63725.99,63586.0,63674.01,72.03858,15
2026-06-21 22:45:00,63674.0,63863.52,63666.01,63801.59,58.43367,15
2026-06-21 23:00:00,63801.6,63801.6,63618.1,63706.0,99.45257,15
2026-06-21 23:15:00,63706.0,63796.98,63630.3,63636.99,94.27896,15
2026-06-21 23:30:00,63635.63,63660.0,63302.4,63321.75,292.60321999999996,15
2026-06-21 23:45:00,63321.75,63387.39,63270.0,63311.99,118.42317,15
2026-06-22 00:00:00,63312.0,63590.0,63312.0,63512.43,167.93069,15
2026-06-22 00:15:00,63512.43,63757.22,63500.0,63720.01,153.33426,15
2026-06-22 00:30:00,63720.01,64094.0,63700.01,63915.99,263.95266000000004,15
2026-06-22 00:45:00,63916.0,64002.39,63734.06,63896.01,124.60987,15
2026-06-22 01:00:00,63896.0,64053.56,63850.8,63895.42,139.97917999999999,15
2026-06-22 01:15:00,63895.43,64823.52,63895.42,64654.01,535.34518,15
2026-06-22 01:30:00,64654.01,64713.99,64373.51,64516.79,353.48397,15
2026-06-22 01:45:00,64516.79,64696.0,64486.0,64606.0,303.09833,15
2026-06-22 02:00:00,64606.0,64663.99,64500.3,64552.0,117.27014,15
2026-06-22 02:15:00,64552.0,64642.42,64512.0,64544.01,68.6134,15
2026-06-22 02:30:00,64544.0,64584.0,64469.51,64489.99,59.08995,15
2026-06-22 02:45:00,64490.0,64496.0,64250.0,64257.99,125.41283,15
2026-06-22 03:00:00,64258.0,64262.15,63894.98,64052.01,218.46876,15
2026-06-22 03:15:00,64052.01,64459.44,64052.0,64281.99,227.36353,15
2026-06-22 03:30:00,64281.99,64440.0,64166.0,64177.99,136.94754,15
2026-06-22 03:45:00,64178.0,64209.44,63919.96,63974.01,213.70744,15
2026-06-22 04:00:00,63974.01,64017.87,63868.41,63970.0,146.46719000000002,15
2026-06-22 04:15:00,63970.0,64024.06,63902.0,63968.88,78.13556,15
2026-06-22 04:30:00,63968.88,64058.0,63958.54,63958.54,57.43903,15
2026-06-22 04:45:00,63958.55,64116.44,63958.54,64100.02,45.409639999999996,15
2026-06-22 05:00:00,64100.01,64298.0,64088.64,64288.01,114.08536,15
2026-06-22 05:15:00,64288.0,64298.07,64206.36,64235.3,261.06177,15
2026-06-22 05:30:00,64235.3,64344.17,64180.0,64263.89,391.97348,15
2026-06-22 05:45:00,64263.89,64273.01,64190.0,64247.74,324.51631,15
2026-06-22 06:00:00,64247.74,64326.0,64150.0,64224.83,71.9967,15
2026-06-22 06:15:00,64224.83,64233.79,64091.93,64124.0,66.23363,15
2026-06-22 06:30:00,64123.99,64156.0,64000.91,64010.29,107.68915,15
2026-06-22 06:45:00,64010.29,64048.0,63946.0,63989.95,170.98122,15
2026-06-22 07:00:00,63989.96,64250.0,63968.23,64212.01,97.52644,15
2026-06-22 07:15:00,64212.0,64300.0,64202.5,64262.56,71.94946,15
2026-06-22 07:30:00,64262.57,64397.57,64246.13,64255.81,98.27547,15
2026-06-22 07:45:00,64255.81,64272.0,64167.78,64211.19,84.65943,15
2026-06-22 08:00:00,64211.2,64313.6,64106.7,64313.6,84.6097,15
2026-06-22 08:15:00,64313.6,64350.58,64188.26,64188.27,97.95492,15
2026-06-22 08:30:00,64188.27,64266.0,64044.0,64262.01,80.95466,15
2026-06-22 08:45:00,64262.01,64290.0,64106.0,64165.99,104.59578,15
2026-06-22 09:00:00,64166.0,64256.2,64148.0,64184.01,51.02301,15
2026-06-22 09:15:00,64184.0,64200.0,64094.0,64116.82,60.70335,15
2026-06-22 09:30:00,64116.82,64186.46,64052.17,64127.89,50.70988,15
2026-06-22 09:45:00,64127.88,64146.0,64094.3,64145.39,37.62685,15
2026-06-22 10:00:00,64145.4,64272.0,64130.0,64214.0,60.11824,15
2026-06-22 10:15:00,64214.01,64239.03,64142.4,64174.21,52.67731,15
2026-06-22 10:30:00,64174.2,64204.0,64065.18,64081.11,62.41193,15
2026-06-22 10:45:00,64081.11,64173.63,64081.11,64139.21,64.87872,15
2026-06-22 11:00:00,64139.21,64399.0,64097.08,64309.46,181.32741,15
2026-06-22 11:15:00,64309.46,64464.46,64226.23,64359.14,327.28442,15
2026-06-22 11:30:00,64359.15,64750.0,64359.14,64618.02,358.14555,15
2026-06-22 11:45:00,64618.01,64768.46,64568.0,64657.22,196.85138999999998,15
2026-06-22 12:00:00,64657.22,64910.65,64579.08,64756.01,376.8926,15
2026-06-22 12:15:00,64756.0,64985.0,64691.8,64945.83,191.03474,15
2026-06-22 12:30:00,64945.83,65176.0,64838.0,65058.65,374.89104,15
2026-06-22 12:45:00,65058.65,65222.45,64987.69,65149.57,213.24151,15
2026-06-22 13:00:00,65149.58,65198.12,65034.76,65146.0,292.10965,15
2026-06-22 13:15:00,65146.0,65156.0,64945.53,64994.0,196.61169,15
2026-06-22 13:30:00,64994.0,65452.01,64976.21,65410.0,447.33799999999997,15
2026-06-22 13:45:00,65410.0,65589.76,65372.0,65578.0,432.58547,15
2026-06-22 14:00:00,65577.99,65622.83,65283.81,65295.46,291.97798,15
2026-06-22 14:15:00,65295.46,65301.98,64970.02,64970.02,312.26524,15
2026-06-22 14:30:00,64970.03,65070.47,64857.87,64908.01,310.67788,15
2026-06-22 14:45:00,64908.01,65045.24,64835.0,64980.39,181.36662,15
2026-06-22 15:00:00,64980.39,65146.0,64916.0,65084.71,133.3729,15
2026-06-22 15:15:00,65084.72,65108.0,64930.81,65045.99,183.49633,15
2026-06-22 15:30:00,65046.0,65125.66,65016.7,65064.19,121.58984,15
2026-06-22 15:45:00,65064.2,65079.85,64757.11,64836.95,154.67091,15
2026-06-22 16:00:00,64836.95,64862.0,64659.24,64730.0,193.63647,15
2026-06-22 16:15:00,64730.01,64790.0,64638.0,64688.7,126.55869,15
2026-06-22 16:30:00,64688.7,64695.04,64547.2,64581.99,152.10647,15
2026-06-22 16:45:00,64581.99,64805.07,64519.0,64719.77,208.13741,15
2026-06-22 17:00:00,64719.77,64769.98,64628.2,64674.66,100.79144,15
2026-06-22 17:15:00,64674.65,64698.0,64529.52,64529.52,113.93538,15
2026-06-22 17:30:00,64529.52,64529.52,64388.16,64426.81,208.52143999999998,15
2026-06-22 17:45:00,64426.82,64648.0,64426.82,64602.0,100.49618,15
2026-06-22 18:00:00,64602.0,64730.15,64602.0,64673.82,95.22329,15
2026-06-22 18:15:00,64673.83,64722.0,64569.88,64596.0,140.1758,15
2026-06-22 18:30:00,64596.0,64619.99,64498.2,64515.52,127.80693,15
2026-06-22 18:45:00,64515.51,64520.0,64311.0,64334.01,185.58107,15
2026-06-22 19:00:00,64334.01,64421.67,64308.0,64416.01,137.40188,15
2026-06-22 19:15:00,64416.0,64430.98,64286.0,64347.76,195.92419999999998,15
2026-06-22 19:30:00,64347.76,64450.0,64346.0,64400.92,85.64887,15
2026-06-22 19:45:00,64400.93,64499.28,64276.0,64472.0,160.95015999999998,15
2026-06-22 20:00:00,64472.51,64659.43,64470.02,64524.0,204.24237,15
2026-06-22 20:15:00,64524.01,64546.0,64356.95,64410.44,88.42223,15
2026-06-22 20:30:00,64410.44,64505.43,64409.1,64484.55,81.67554,15
2026-06-22 20:45:00,64484.54,64484.54,64398.0,64433.8,25.17924,15
2026-06-22 21:00:00,64433.8,64480.0,64346.95,64402.0,46.41854,15
2026-06-22 21:15:00,64402.0,64402.0,64252.0,64296.97,68.17726,15
2026-06-22 21:30:00,64296.98,64336.48,64134.39,64182.85,91.93502,15
2026-06-22 21:45:00,64182.85,64320.58,64176.0,64320.57,56.90338,15
2026-06-22 22:00:00,64320.57,64396.45,64270.09,64310.03,50.81994,15
2026-06-22 22:15:00,64310.03,64310.7,63906.88,64029.99,186.72928000000002,15
2026-06-22 22:30:00,64030.0,64136.0,63804.59,63838.5,170.07909999999998,15
2026-06-22 22:45:00,63838.5,63997.83,63832.0,63971.12,102.44815,15
2026-06-22 23:00:00,63971.13,64034.51,63905.33,63941.23,176.1077,15
2026-06-22 23:15:00,63941.24,64053.33,63877.61,64042.37,179.09097,15
2026-06-22 23:30:00,64042.37,64042.38,63955.3,63986.0,40.58503,15
2026-06-22 23:45:00,63985.99,64053.32,63955.02,64020.01,38.39599,15
2026-06-23 00:00:00,64020.01,64034.67,63894.61,63963.01,219.24178999999998,15
2026-06-23 00:15:00,63963.0,64001.23,63828.93,63855.94,138.62584999999999,15
2026-06-23 00:30:00,63855.94,64119.86,63855.94,64111.0,111.29025,15
2026-06-23 00:45:00,64111.0,64162.02,64052.6,64154.99,210.04249,15
2026-06-23 01:00:00,64154.99,64273.09,64136.01,64217.12,234.34541,15
2026-06-23 01:15:00,64217.13,64265.43,64148.0,64209.73,67.10134,15
2026-06-23 01:30:00,64209.73,64242.4,64004.0,64053.1,101.22353,15
2026-06-23 01:45:00,64053.11,64178.0,63893.33,64156.0,137.51069999999999,15
2026-06-23 02:00:00,64156.0,64183.33,64042.01,64118.51,84.97438,15
2026-06-23 02:15:00,64118.51,64225.35,64118.5,64173.99,42.82962,15
2026-06-23 02:30:00,64174.0,64248.23,64160.4,64205.19,54.86841,15
2026-06-23 02:45:00,64205.19,64275.38,64164.0,64204.01,137.08179,15
2026-06-23 03:00:00,64204.01,64204.01,63968.43,64017.99,109.56879,15
2026-06-23 03:15:00,64017.99,64095.55,64016.0,64095.54,51.40924,15
2026-06-23 03:30:00,64095.55,64095.55,63968.42,63997.99,43.38192,15
2026-06-23 03:45:00,63997.99,64079.99,63996.0,64065.35,32.4029,15
2026-06-23 04:00:00,64065.34,64095.55,64014.68,64050.26,44.94406,15
2026-06-23 04:15:00,64050.27,64052.0,63906.52,63974.95,102.26264,15
2026-06-23 04:30:00,63974.95,63974.96,63810.0,63816.01,107.55346,15
2026-06-23 04:45:00,63816.01,63859.99,63612.62,63623.02,153.36974,15
2026-06-23 05:00:00,63623.03,63728.0,63612.62,63617.91,87.79874,15
2026-06-23 05:15:00,63617.91,63676.92,63400.0,63482.29,311.44704,15
2026-06-23 05:30:00,63482.29,63537.22,63385.0,63445.66,139.48758,15
2026-06-23 05:45:00,63445.65,63453.92,63342.34,63400.0,312.2608,15
2026-06-23 06:00:00,63400.0,63400.0,63111.49,63207.16,363.01583,15
2026-06-23 06:15:00,63207.17,63282.5,62568.9,62768.8,831.9433,15
2026-06-23 06:30:00,62768.81,62991.46,62693.0,62946.03,308.97963,15
2026-06-23 06:45:00,62946.02,63048.0,62915.0,62936.01,116.71816,15
2026-06-23 07:00:00,62936.01,63056.0,62888.0,63036.01,135.33552,15
2026-06-23 07:15:00,63036.0,63095.0,62984.0,62997.36,275.60602,15
2026-06-23 07:30:00,62997.36,63040.28,62872.01,62896.28,329.89402,15
2026-06-23 07:45:00,62896.29,62995.9,62872.0,62886.03,334.12825,15
2026-06-23 08:00:00,62886.04,62945.08,62639.61,62664.0,270.20068000000003,15
2026-06-23 08:15:00,62664.0,62680.22,61938.0,62044.0,1452.56803,15
2026-06-23 08:30:00,62044.01,62501.78,62027.62,62391.44,2310.49805,15
2026-06-23 08:45:00,62391.43,62480.01,62315.92,62385.99,955.63831,15
2026-06-23 09:00:00,62386.0,62473.82,62358.0,62437.5,174.04736,15
2026-06-23 09:15:00,62437.87,62528.13,62437.87,62520.01,137.4109,15
2026-06-23 09:30:00,62520.0,62520.01,62350.44,62372.01,233.31121,15
2026-06-23 09:45:00,62372.01,62422.0,62356.57,62386.0,68.46467,15
2026-06-23 10:00:00,62386.0,62586.0,62385.99,62464.0,103.71297,15
2026-06-23 10:15:00,62464.0,62468.66,62333.24,62372.95,83.65554,15
2026-06-23 10:30:00,62372.95,62388.7,62247.2,62270.64,99.17535000000001,15
2026-06-23 10:45:00,62270.63,62358.47,62253.99,62328.01,100.92767,15
2026-06-23 11:00:00,62328.01,62422.0,62328.0,62394.79,95.96919,15
2026-06-23 11:15:00,62394.79,62587.27,62394.5,62552.11,94.99681,15
2026-06-23 11:30:00,62552.11,62643.99,62547.25,62571.98,130.06919,15
2026-06-23 11:45:00,62571.98,62603.98,62430.7,62507.06,135.76666,15
2026-06-23 12:00:00,62507.05,62558.0,62396.9,62431.99,212.86557,15
2026-06-23 12:15:00,62431.99,62454.0,62342.0,62408.0,197.67779,15
2026-06-23 12:30:00,62407.99,62478.81,62295.21,62335.03,209.04376,15
2026-06-23 12:45:00,62335.03,62335.55,62189.42,62256.6,254.35789,15
2026-06-23 13:00:00,62256.61,62290.07,62069.28,62183.99,277.88525,15
2026-06-23 13:15:00,62183.99,62184.0,62020.42,62050.01,190.72008,15
2026-06-23 13:30:00,62050.01,62451.75,61960.0,62400.0,520.42162,15
2026-06-23 13:45:00,62400.0,62538.72,62272.0,62475.99,305.06692,15
2026-06-23 14:00:00,62476.0,62744.01,62434.01,62732.42,292.76554,15
2026-06-23 14:15:00,62732.42,62855.98,62461.0,62575.99,499.62121,15
2026-06-23 14:30:00,62576.0,62782.0,62461.0,62513.99,264.33268,15
2026-06-23 14:45:00,62514.0,62612.0,62406.25,62493.63,245.55723,15
2026-06-23 15:00:00,62493.63,62507.99,62315.44,62381.99,190.92763000000002,15
2026-06-23 15:15:00,62381.99,62382.0,62198.0,62277.09,214.65239,15
2026-06-23 15:30:00,62277.08,62496.0,62277.08,62300.0,114.05585,15
2026-06-23 15:45:00,62300.01,62487.79,62210.01,62487.79,110.52848,15
2026-06-23 16:00:00,62487.79,62846.0,62428.01,62787.26,407.14785,15
2026-06-23 16:15:00,62787.25,62826.47,62571.2,62586.01,145.8277,15
2026-06-23 16:30:00,62586.01,62655.0,62576.33,62622.01,80.55379,15
2026-06-23 16:45:00,62622.01,62636.0,62491.19,62558.0,94.69803,15
2026-06-23 17:00:00,62558.0,62558.0,62395.21,62435.96,135.41887,15
2026-06-23 17:15:00,62435.97,62666.12,62430.0,62642.43,166.02391,15
2026-06-23 17:30:00,62642.42,62693.48,62503.12,62527.71,113.2801,15
2026-06-23 17:45:00,62527.72,62554.0,62327.95,62358.02,118.55745999999999,15
2026-06-23 18:00:00,62358.03,62445.21,62274.0,62372.0,143.41933,15
2026-06-23 18:15:00,62372.0,62408.0,62323.19,62350.01,92.60882,15
2026-06-23 18:30:00,62350.0,62350.0,62140.4,62148.25,140.55279,15
2026-06-23 18:45:00,62148.24,62266.0,62104.7,62241.99,116.21744,15
2026-06-23 19:00:00,62242.0,62428.0,62230.0,62371.56,220.4167,15
2026-06-23 19:15:00,62371.55,62442.0,62255.17,62442.0,157.11355,15
2026-06-23 19:30:00,62442.0,62480.0,62287.79,62297.54,159.54694,15
2026-06-23 19:45:00,62297.54,62423.75,62263.32,62388.49,170.38013,15
2026-06-23 20:00:00,62388.49,62531.27,62388.48,62438.64,94.61881,15
2026-06-23 20:15:00,62438.65,62515.12,62410.71,62494.31,108.43732,15
2026-06-23 20:30:00,62494.3,62494.3,62456.0,62476.85,85.12239,15
2026-06-23 20:45:00,62476.86,62477.1,62380.25,62470.7,84.84577,15
2026-06-23 21:00:00,62470.7,62612.79,62470.7,62515.17,108.29763,15
2026-06-23 21:15:00,62515.17,62578.38,62475.53,62572.65,84.48822,15
2026-06-23 21:30:00,62572.64,62634.0,62557.24,62624.01,99.16221999999999,15
2026-06-23 21:45:00,62624.0,62658.93,62582.0,62599.77,75.8122,15
2026-06-23 22:00:00,62599.77,62778.0,62588.54,62746.01,151.33043,15
2026-06-23 22:15:00,62746.01,62779.82,62563.02,62614.0,122.18195,15
2026-06-23 22:30:00,62614.01,62628.74,62536.83,62551.38,77.09895,15
2026-06-23 22:45:00,62551.38,62620.0,62526.0,62590.0,80.31435,15
2026-06-23 23:00:00,62590.0,62615.72,62480.39,62522.0,119.4508,15
2026-06-23 23:15:00,62522.01,62688.0,62522.0,62667.47,87.91222,15
2026-06-23 23:30:00,62667.48,62679.71,62594.55,62620.35,54.59354,15
2026-06-23 23:45:00,62620.35,62799.99,62616.0,62734.57,50.02703,15
2026-06-24 00:00:00,62734.57,62927.45,62733.29,62899.0,215.41242,15
2026-06-24 00:15:00,62899.01,62927.06,62820.0,62849.99,215.57365000000001,15
2026-06-24 00:30:00,62850.0,63024.4,62800.39,62958.7,309.38848,15
2026-06-24 00:45:00,62958.69,63022.0,62904.71,63014.0,58.81023,15
2026-06-24 01:00:00,63014.0,63024.42,62856.0,62982.0,301.12714,15
2026-06-24 01:15:00,62982.01,62982.01,62772.15,62910.0,88.51501,15
2026-06-24 01:30:00,62910.0,63119.45,62910.0,62943.99,163.57957,15
2026-06-24 01:45:00,62944.0,63027.11,62925.88,62932.19,45.84755,15
2026-06-24 02:00:00,62932.19,63013.12,62816.0,62877.67,116.5174,15
2026-06-24 02:15:00,62877.67,62877.68,62685.31,62763.58,76.94819,15
2026-06-24 02:30:00,62763.58,62806.61,62606.09,62726.65,163.40812,15
2026-06-24 02:45:00,62726.65,62774.57,62606.21,62630.0,236.6317,15
2026-06-24 03:00:00,62630.01,62682.02,62569.53,62588.55,314.79733,15
2026-06-24 03:15:00,62588.55,62670.0,62461.87,62669.87,197.59905,15
2026-06-24 03:30:00,62669.87,62830.0,62669.86,62797.87,157.44165,15
2026-06-24 03:45:00,62797.87,62827.78,62725.04,62729.78,100.80331,15
2026-06-24 04:00:00,62729.78,62753.91,62635.2,62664.97,178.74113,15
2026-06-24 04:15:00,62664.96,62698.0,62525.49,62588.27,153.72307,15
2026-06-24 04:30:00,62588.28,62744.0,62588.27,62655.14,155.08436,15
2026-06-24 04:45:00,62655.14,62799.62,62655.13,62744.42,162.52068,15
2026-06-24 05:00:00,62744.41,62845.21,62706.0,62788.15,97.37771,15
2026-06-24 05:15:00,62788.15,62886.41,62765.32,62883.65,86.46433999999999,15
2026-06-24 05:30:00,62883.66,63073.44,62861.71,62930.01,147.36285,15
2026-06-24 05:45:00,62930.01,62958.43,62862.0,62890.0,34.8224,15
2026-06-24 06:00:00,62889.99,62896.0,62768.72,62838.0,47.79918,15
2026-06-24 06:15:00,62838.0,62909.98,62782.82,62850.72,63.37773,15
2026-06-24 06:30:00,62850.72,62876.0,62784.0,62784.0,56.97081,15
2026-06-24 06:45:00,62784.0,62795.44,62728.73,62780.0,51.36318,15
2026-06-24 07:00:00,62780.01,62844.0,62692.89,62815.01,251.46523,15
2026-06-24 07:15:00,62815.0,62816.77,62672.86,62673.23,67.07686,15
2026-06-24 07:30:00,62673.23,62729.48,62630.01,62697.99,81.82543,15
2026-06-24 07:45:00,62697.99,62733.23,62610.11,62657.99,189.38840000000002,15
2026-06-24 08:00:00,62658.0,62704.96,62605.28,62657.99,275.3331,15
2026-06-24 08:15:00,62658.0,62716.58,62647.23,62706.02,64.03356,15
2026-06-24 08:30:00,62706.02,62797.87,62672.55,62795.99,74.94961,15
2026-06-24 08:45:00,62796.0,62807.46,62748.0,62800.0,60.99134,15
2026-06-24 09:00:00,62800.0,62800.01,62680.17,62771.57,184.56978,15
2026-06-24 09:15:00,62771.57,62776.0,62678.37,62678.37,208.47025,15
2026-06-24 09:30:00,62678.38,62700.0,62640.0,62662.0,60.53116,15
2026-06-24 09:45:00,62662.01,62717.96,62637.08,62681.7,40.14524,15
2026-06-24 10:00:00,62681.7,62681.7,62562.02,62612.61,139.4557,15
2026-06-24 10:15:00,62612.62,62636.0,62480.93,62546.53,155.77284,15
2026-06-24 10:30:00,62546.54,62633.92,62520.0,62604.0,108.4414,15
2026-06-24 10:45:00,62604.01,62604.01,62412.05,62445.99,127.04892,15
2026-06-24 11:00:00,62445.99,62478.0,62318.88,62382.0,150.55508,15
2026-06-24 11:15:00,62382.01,62422.0,62320.03,62382.48,120.53958,15
2026-06-24 11:30:00,62382.48,62750.76,62382.48,62743.2,140.68398,15
2026-06-24 11:45:00,62743.21,63239.06,62720.0,62921.19,403.40817,15
2026-06-24 12:00:00,62921.19,62973.2,62811.34,62843.44,148.46465,15
2026-06-24 12:15:00,62843.44,62903.64,62754.21,62826.01,72.24823,15
2026-06-24 12:30:00,62826.01,62906.0,62768.0,62850.01,59.64183,15
2026-06-24 12:45:00,62850.01,62857.99,62585.2,62618.31,236.89874999999998,15
2026-06-24 13:00:00,62618.31,62628.75,61990.0,62045.87,522.22294,15
2026-06-24 13:15:00,62045.86,62230.0,61696.0,61855.71,616.25646,15
2026-06-24 13:30:00,61855.7,62152.0,61411.25,61501.44,812.9632300000001,15
2026-06-24 13:45:00,61500.7,61647.99,61255.74,61338.01,823.79752,15
2026-06-24 14:00:00,61338.0,61456.0,61114.01,61232.27,757.71827,15
2026-06-24 14:15:00,61232.28,61314.2,60888.0,61231.99,1169.1626899999999,15
2026-06-24 14:30:00,61231.99,61382.0,61067.16,61160.96,433.74362,15
2026-06-24 14:45:00,61160.96,61254.0,60954.0,61113.1,478.77648,15
2026-06-24 15:00:00,61113.1,61120.0,60837.3,60896.01,423.20994,15
2026-06-24 15:15:00,60896.01,61150.13,60817.5,60873.99,280.92007,15
2026-06-24 15:30:00,60874.0,60883.37,60526.11,60576.58,613.5621,15
2026-06-24 15:45:00,60576.58,60590.93,60249.82,60250.0,1920.29944,15
2026-06-24 16:00:00,60250.0,60556.0,60219.51,60524.49,1148.35875,15
2026-06-24 16:15:00,60524.5,60678.1,60425.0,60550.0,344.46387,15
2026-06-24 16:30:00,60550.01,60564.88,60170.0,60262.0,424.93523,15
2026-06-24 16:45:00,60262.0,60262.0,59622.0,59850.0,2356.63952,15
2026-06-24 17:00:00,59850.0,60057.18,59720.0,59839.72,703.55118,15
2026-06-24 17:15:00,59839.71,59877.02,59339.0,59686.01,1344.7669,15
2026-06-24 17:30:00,59686.01,59754.0,59293.96,59332.43,805.11901,15
2026-06-24 17:45:00,59332.43,59500.0,59102.7,59404.0,936.74351,15
2026-06-24 18:00:00,59404.0,59626.26,59310.85,59601.99,506.23242,15
2026-06-24 18:15:00,59602.0,59930.0,59579.32,59718.0,501.61643,15
2026-06-24 18:30:00,59718.0,59758.06,59494.0,59563.14,324.38676,15
2026-06-24 18:45:00,59563.13,59653.4,59418.0,59599.99,251.28167,15
2026-06-24 19:00:00,59600.0,59740.76,59530.0,59686.87,454.78706999999997,15
2026-06-24 19:15:00,59686.86,59851.54,59598.01,59829.99,272.58281,15
2026-06-24 19:30:00,59829.99,59911.16,59736.0,59787.32,197.45418,15
2026-06-24 19:45:00,59787.32,60000.0,59748.43,59958.3,270.70309000000003,15
2026-06-24 20:00:00,59958.3,60832.71,59854.0,60684.01,888.4485999999999,15
2026-06-24 20:15:00,60684.0,60830.94,60594.0,60773.99,311.98704,15
2026-06-24 20:30:00,60774.0,60921.96,60684.73,60884.02,211.47532,15
2026-06-24 20:45:00,60884.01,61208.48,60870.0,60956.0,409.48191,15
2026-06-24 21:00:00,60956.0,61028.69,60665.75,60728.0,467.76282000000003,15
2026-06-24 21:15:00,60728.0,60902.0,60692.0,60853.99,102.96452000000001,15
2026-06-24 21:30:00,60854.0,61138.96,60800.0,61088.01,120.63586,15
2026-06-24 21:45:00,61088.0,61144.63,61008.01,61110.0,109.64562,15
2026-06-24 22:00:00,61109.99,61276.0,60999.1,61000.0,204.501,15
2026-06-24 22:15:00,61000.0,61011.65,60882.35,60886.0,125.04344,15
2026-06-24 22:30:00,60886.0,60952.17,60802.66,60923.99,122.43628,15
2026-06-24 22:45:00,60924.0,60924.0,60820.0,60873.99,71.6757,15
2026-06-24 23:00:00,60874.0,60959.52,60830.01,60888.0,121.89292,15
2026-06-24 23:15:00,60888.0,61032.0,60842.0,60988.0,115.02072,15
2026-06-24 23:30:00,60987.99,61066.0,60956.0,61028.7,74.9466,15
2026-06-24 23:45:00,61028.71,61112.0,60944.0,61077.99,104.16459,15
2026-06-25 00:00:00,61078.0,61163.16,61034.03,61097.95,122.22789,15
2026-06-25 00:15:00,61097.95,61107.24,60920.94,60920.95,93.64732000000001,15
2026-06-25 00:30:00,60920.95,60987.88,60842.0,60842.01,141.42363,15
2026-06-25 00:45:00,60842.0,60920.0,60726.77,60832.0,409.32261,15
2026-06-25 01:00:00,60832.0,60881.86,60732.2,60773.08,191.76298,15
2026-06-25 01:15:00,60773.08,60935.99,60720.23,60862.01,77.15714,15
2026-06-25 01:30:00,60862.01,60907.6,60810.97,60826.83,63.57556,15
2026-06-25 01:45:00,60826.83,60988.0,60800.0,60928.0,283.34808,15
2026-06-25 02:00:00,60928.0,60966.0,60724.0,60782.0,165.95495,15
2026-06-25 02:15:00,60782.0,60943.55,60746.62,60936.0,75.37743999999999,15
2026-06-25 02:30:00,60936.0,60939.26,60757.82,60766.32,118.5306,15
2026-06-25 02:45:00,60766.32,60824.49,60700.01,60799.08,220.16813,15
2026-06-25 03:00:00,60799.08,60872.0,60724.0,60760.8,146.28481,15
2026-06-25 03:15:00,60760.81,60841.3,60684.94,60798.07,122.09386,15
2026-06-25 03:30:00,60798.06,60847.91,60746.01,60747.38,140.74097,15
2026-06-25 03:45:00,60747.38,60910.63,60747.37,60883.65,70.35069,15
2026-06-25 04:00:00,60883.66,60906.0,60820.0,60820.01,85.93102999999999,15
2026-06-25 04:15:00,60820.01,60920.0,60792.0,60901.2,80.85325,15
2026-06-25 04:30:00,60901.2,60973.88,60808.33,60973.67,91.72409999999999,15
2026-06-25 04:45:00,60973.66,61410.0,60973.66,61357.63,277.53089,15
2026-06-25 05:00:00,61357.63,61747.0,61280.0,61647.6,600.2134500000001,15
2026-06-25 05:15:00,61647.6,61807.04,61483.82,61614.0,301.04601,15
2026-06-25 05:30:00,61613.99,61658.98,61530.0,61536.01,193.17911,15
2026-06-25 05:45:00,61536.01,61683.77,61522.0,61600.01,128.96733,15
2026-06-25 06:00:00,61600.02,61771.23,61600.01,61715.82,138.00744,15
2026-06-25 06:15:00,61715.82,61800.33,61646.0,61676.3,95.31,15
2026-06-25 06:30:00,61676.29,61764.59,61660.11,61764.59,150.3579,15
2026-06-25 06:45:00,61764.58,61869.02,61720.0,61732.06,155.61236,15
2026-06-25 07:00:00,61732.06,61832.0,61670.0,61758.0,309.6431,15
2026-06-25 07:15:00,61758.0,61892.13,61756.76,61807.88,288.00115,15
2026-06-25 07:30:00,61807.88,61962.4,61807.88,61916.25,209.82356000000001,15
2026-06-25 07:45:00,61916.25,61944.54,61807.87,61911.04,130.24558,15
2026-06-25 08:00:00,61911.03,61920.0,61760.0,61799.5,91.36631,15
2026-06-25 08:15:00,61799.5,61799.51,61710.5,61779.61,65.54223,15
2026-06-25 08:30:00,61779.61,61779.61,61714.0,61757.19,84.47196,15
2026-06-25 08:45:00,61757.18,61804.45,61684.87,61712.35,96.05728,15
2026-06-25 09:00:00,61712.36,61792.0,61680.92,61740.82,85.13651,15
2026-06-25 09:15:00,61740.82,61766.34,61614.32,61696.01,101.0307,15
2026-06-25 09:30:00,61696.0,61772.87,61688.73,61753.01,72.97559,15
2026-06-25 09:45:00,61753.01,61780.46,61706.0,61739.29,68.34292,15
2026-06-25 10:00:00,61739.29,61751.07,61658.0,61688.01,45.00096,15
2026-06-25 10:15:00,61688.01,61751.07,61572.24,61574.89,142.13829,15
2026-06-25 10:30:00,61574.89,61593.01,61388.96,61393.82,272.32919000000004,15
2026-06-25 10:45:00,61393.82,61400.0,61257.79,61269.94,226.80051,15
2026-06-25 11:00:00,61269.95,61362.0,61066.0,61358.01,193.02159,15
2026-06-25 11:15:00,61358.01,61422.52,61242.0,61242.0,153.49706,15
2026-06-25 11:30:00,61242.01,61390.0,61242.01,61318.0,120.96941,15
2026-06-25 11:45:00,61318.0,61318.0,61152.36,61282.01,138.46797,15
2026-06-25 12:00:00,61282.0,61372.0,61147.51,61221.6,115.57928,15
2026-06-25 12:15:00,61221.59,61269.27,61080.0,61098.29,151.86655,15
2026-06-25 12:30:00,61098.29,61761.35,61098.29,61382.34,639.77599,15
2026-06-25 12:45:00,61382.33,61413.51,61156.0,61244.01,217.77777,15
2026-06-25 13:00:00,61244.01,61362.0,61172.54,61326.01,175.70615,15
2026-06-25 13:15:00,61326.0,61369.18,61192.0,61240.01,150.74119,15
2026-06-25 13:30:00,61240.01,61343.9,60072.01,60077.99,1247.68604,15
2026-06-25 13:45:00,60078.0,60250.0,58115.01,58290.17,4821.87175,15
2026-06-25 14:00:00,58291.7,59750.0,58291.7,59268.19,2537.11441,15
2026-06-25 14:15:00,59268.19,59568.22,58797.2,59329.16,1185.7154,15
2026-06-25 14:30:00,59329.16,60485.51,59179.06,59489.48,1740.07754,15
2026-06-25 14:45:00,59489.48,59787.99,59345.43,59471.5,539.36716,15
2026-06-25 15:00:00,59471.49,59480.0,59049.64,59057.87,668.41128,15
2026-06-25 15:15:00,59057.86,59385.17,58874.85,59261.99,897.91408,15
2026-06-25 15:30:00,59262.0,59550.0,59077.0,59198.01,493.6846,15
2026-06-25 15:45:00,59198.01,59655.86,59176.0,59557.99,396.00377,15
2026-06-25 16:00:00,59557.99,60067.0,59468.0,59762.0,762.80808,15
2026-06-25 16:15:00,59762.01,59842.23,59682.0,59742.98,277.97579,15
2026-06-25 16:30:00,59742.99,59742.99,59241.98,59265.99,358.99805,15
2026-06-25 16:45:00,59266.0,59389.08,59157.63,59312.64,365.32727,15
2026-06-25 17:00:00,59312.64,59464.0,59139.96,59399.77,293.76464,15
2026-06-25 17:15:00,59399.77,59602.0,59342.4,59556.01,267.29296,15
2026-06-25 17:30:00,59556.0,59740.9,59496.49,59535.81,239.74113,15
2026-06-25 17:45:00,59535.81,59684.0,59443.8,59676.01,262.07761,15
2026-06-25 18:00:00,59676.0,59793.34,59400.0,59400.01,315.34678,15
2026-06-25 18:15:00,59400.01,59749.99,59398.01,59718.02,277.36995,15
2026-06-25 18:30:00,59718.01,59718.02,59382.43,59423.88,205.9677,15
2026-06-25 18:45:00,59423.88,59594.77,59364.0,59512.71,180.06658,15
2026-06-25 19:00:00,59512.71,59516.0,59227.15,59242.01,240.53845,15
2026-06-25 19:15:00,59242.01,59359.19,59168.82,59348.05,275.50858,15
2026-06-25 19:30:00,59348.04,59434.05,59289.61,59301.99,214.87059,15
2026-06-25 19:45:00,59301.99,59365.84,59188.25,59320.0,186.37131,15
2026-06-25 20:00:00,59319.99,59741.95,59319.99,59580.0,239.20727,15
2026-06-25 20:15:00,59580.0,59730.0,59553.39,59628.0,99.49195999999999,15
2026-06-25 20:30:00,59628.0,59660.0,59414.04,59522.01,108.15795,15
2026-06-25 20:45:00,59522.01,59522.01,59344.0,59456.62,92.5438,15
2026-06-25 21:00:00,59456.62,59622.09,59452.01,59622.09,111.97121,15
2026-06-25 21:15:00,59622.09,59711.99,59557.6,59711.99,91.66054,15
2026-06-25 21:30:00,59712.0,60005.0,59700.01,59958.01,198.95353,15
2026-06-25 21:45:00,59958.0,60273.81,59898.0,60211.87,214.63746,15
2026-06-25 22:00:00,60211.86,60211.86,59879.66,59887.06,174.58293,15
2026-06-25 22:15:00,59887.05,60012.0,59794.0,59794.01,95.74875,15
2026-06-25 22:30:00,59794.01,59874.02,59750.0,59794.0,75.64434,15
2026-06-25 22:45:00,59793.99,59921.71,59740.0,59851.27,85.63373999999999,15
2026-06-25 23:00:00,59851.27,59967.44,59796.02,59946.0,72.10612,15
2026-06-25 23:15:00,59946.0,60170.17,59926.0,60104.51,222.09557,15
2026-06-25 23:30:00,60104.51,60191.55,59965.99,59986.0,90.07977,15
2026-06-25 23:45:00,59986.0,59986.01,59739.99,59794.0,74.61217,15
2026-06-26 00:00:00,59794.64,59906.71,59771.13,59884.01,192.32459,15
2026-06-26 00:15:00,59884.0,59884.0,59679.63,59771.99,217.56002,15
2026-06-26 00:30:00,59771.99,59871.99,59704.0,59789.8,109.91069,15
2026-06-26 00:45:00,59789.79,59818.0,59642.77,59667.09,355.81997,15
2026-06-26 01:00:00,59667.09,59789.07,59450.0,59595.99,261.17661,15
2026-06-26 01:15:00,59596.0,59664.0,59300.09,59300.09,239.24443,15
2026-06-26 01:30:00,59300.1,59379.34,59228.0,59313.93,202.73273,15
2026-06-26 01:45:00,59313.92,59439.31,59271.18,59431.5,130.55916,15
2026-06-26 02:00:00,59431.49,59456.0,58608.2,58678.0,767.40607,15
2026-06-26 02:15:00,58678.0,58892.21,58358.77,58882.01,959.88104,15
2026-06-26 02:30:00,58882.01,59012.48,58690.69,58817.88,546.39283,15
2026-06-26 02:45:00,58817.88,58828.48,58435.32,58561.99,360.00356,15
2026-06-26 03:00:00,58562.0,58970.0,58337.0,58898.01,470.8781,15
2026-06-26 03:15:00,58898.0,59186.53,58804.0,59100.36,257.97616,15
2026-06-26 03:30:00,59100.37,59539.49,59014.9,59494.16,420.2586,15
2026-06-26 03:45:00,59494.16,60131.37,59484.21,60036.01,736.95949,15
2026-06-26 04:00:00,60036.0,60091.99,59836.17,59914.73,347.18572,15
2026-06-26 04:15:00,59914.73,60238.77,59891.49,59994.01,248.95069999999998,15
2026-06-26 04:30:00,59994.0,60020.31,59891.78,59973.73,138.99965,15
2026-06-26 04:45:00,59973.73,59979.35,59836.77,59920.47,108.84233,15
2026-06-26 05:00:00,59920.47,59976.0,59838.01,59976.0,200.19302,15
2026-06-26 05:15:00,59976.0,60040.0,59736.0,59958.0,218.44645,15
2026-06-26 05:30:00,59958.01,60047.68,59847.05,59881.74,136.41831,15
2026-06-26 05:45:00,59881.74,59973.6,59780.04,59953.3,328.07871,15
2026-06-26 06:00:00,59953.3,59953.31,59702.0,59719.27,622.79632,15
2026-06-26 06:15:00,59719.27,60093.38,59715.76,60045.49,313.95605,15
2026-06-26 06:30:00,60045.48,60414.0,59954.31,60390.93,321.80887,15
2026-06-26 06:45:00,60390.92,60459.55,60240.0,60324.0,246.41803,15
2026-06-26 07:00:00,60324.0,60546.0,60283.08,60514.88,183.12083,15
2026-06-26 07:15:00,60514.89,60713.26,60470.0,60590.01,286.76485,15
2026-06-26 07:30:00,60590.01,60759.99,60559.57,60594.01,798.7045,15
2026-06-26 07:45:00,60594.0,60642.92,60500.0,60532.0,884.48061,15
2026-06-26 08:00:00,60532.0,60580.0,60233.31,60276.04,292.08296,15
2026-06-26 08:15:00,60276.17,60375.47,60191.04,60314.5,207.15626,15
2026-06-26 08:30:00,60314.51,60348.98,60153.75,60214.0,165.94764,15
2026-06-26 08:45:00,60214.0,60280.0,60150.56,60245.67,138.66778,15
2026-06-26 09:00:00,60245.9,60259.37,60080.18,60175.68,118.5071,15
2026-06-26 09:15:00,60175.68,60179.36,60084.01,60134.0,142.29569,15
2026-06-26 09:30:00,60133.99,60133.99,59957.04,60003.51,212.53875,15
2026-06-26 09:45:00,60003.51,60024.43,59583.33,59736.01,358.88048,15
2026-06-26 10:00:00,59736.01,59825.09,59656.0,59752.0,252.58312,15
2026-06-26 10:15:00,59752.01,59858.93,59718.78,59723.7,237.13806,15
2026-06-26 10:30:00,59723.7,59809.0,59459.83,59558.01,210.63817,15
2026-06-26 10:45:00,59558.01,59566.0,59239.78,59313.26,350.61505999999997,15
2026-06-26 11:00:00,59313.26,59588.0,59259.78,59486.0,382.26928,15
2026-06-26 11:15:00,59486.0,59500.0,59368.85,59419.01,136.62718999999998,15
2026-06-26 11:30:00,59419.02,59532.0,59390.12,59452.58,174.80058,15
2026-06-26 11:45:00,59452.58,59453.07,59275.41,59413.24,354.63585,15
2026-06-26 12:00:00,59413.24,59517.52,59343.44,59455.39,409.13623,15
2026-06-26 12:15:00,59455.4,59726.0,59453.39,59726.0,354.8596,15
2026-06-26 12:30:00,59725.99,60007.91,58969.9,59145.33,499.05607,15
2026-06-26 12:45:00,59145.33,59600.0,59072.73,59185.02,447.30191,15
2026-06-26 13:00:00,59185.02,59279.84,58947.16,59093.9,361.84089,15
2026-06-26 13:15:00,59093.9,59174.84,58500.1,58914.35,1118.3300100000001,15
2026-06-26 13:30:00,58914.35,59508.2,58842.0,59480.49,648.79123,15
2026-06-26 13:45:00,59480.48,60216.14,59328.79,60175.43,601.37666,15
2026-06-26 14:00:00,60175.42,60294.0,59815.34,59989.99,555.75868,15
2026-06-26 14:15:00,59989.99,60253.04,59821.24,60059.34,416.32034999999996,15
2026-06-26 14:30:00,60059.35,60080.36,59556.0,59600.0,456.95276,15
2026-06-26 14:45:00,59600.0,59906.0,59390.0,59590.73,316.24688,15
2026-06-26 15:00:00,59590.73,60100.0,59584.01,59834.01,309.23207,15
2026-06-26 15:15:00,59834.0,60376.0,59786.0,60185.99,418.57807,15
2026-06-26 15:30:00,60185.98,60500.0,60129.99,60424.13,458.18767,15
2026-06-26 15:45:00,60424.13,60438.0,60144.82,60328.32,396.87307,15
2026-06-26 16:00:00,60328.18,60583.0,60147.36,60178.0,418.74818,15
2026-06-26 16:15:00,60178.0,60278.0,59970.0,60042.99,264.48641,15
2026-06-26 16:30:00,60042.99,60387.99,60042.99,60066.13,292.90202999999997,15
2026-06-26 16:45:00,60066.12,60181.68,60014.0,60041.75,152.33255,15
2026-06-26 17:00:00,60041.76,60287.9,60011.04,60211.99,166.24192,15
2026-06-26 17:15:00,60211.99,60254.2,60036.79,60178.01,138.9132,15
2026-06-26 17:30:00,60178.0,60216.0,59952.0,60065.5,121.85771,15
2026-06-26 17:45:00,60065.5,60108.0,59960.0,60023.97,119.62239,15
2026-06-26 18:00:00,60023.96,60158.0,60021.17,60083.99,80.03382,15
2026-06-26 18:15:00,60084.0,60110.0,59812.0,59829.12,150.10525,15
2026-06-26 18:30:00,59829.12,59881.93,59744.38,59778.0,104.39556999999999,15
2026-06-26 18:45:00,59778.01,59778.01,59556.0,59668.01,169.67677,15
2026-06-26 19:00:00,59668.01,60098.0,59617.37,60019.17,230.21171999999999,15
2026-06-26 19:15:00,60019.16,60019.17,59884.0,59937.95,118.58294,15
2026-06-26 19:30:00,59937.95,60092.0,59884.0,59884.0,161.23722,15
2026-06-26 19:45:00,59884.01,59936.5,59726.0,59751.97,198.44565,15
2026-06-26 20:00:00,59751.96,59994.0,59689.57,59730.0,198.33802,15
2026-06-26 20:15:00,59730.0,59814.0,59701.34,59784.01,66.25426,15
2026-06-26 20:30:00,59784.01,59784.01,59571.31,59657.99,111.09513,15
2026-06-26 20:45:00,59657.98,59796.0,59644.0,59718.0,78.37186,15
2026-06-26 21:00:00,59717.99,59768.0,59678.0,59765.11,36.67386,15
2026-06-26 21:15:00,59765.11,59882.2,59690.0,59874.0,66.89932999999999,15
2026-06-26 21:30:00,59874.0,60050.0,59864.0,60023.99,95.40563,15
2026-06-26 21:45:00,60023.99,60048.0,59918.7,59918.7,88.92154,15
2026-06-26 22:00:00,59918.7,59951.52,59754.0,59915.35,69.60306,15
2026-06-26 22:15:00,59915.34,59985.15,59894.0,59894.0,132.12433000000001,15
2026-06-26 22:30:00,59894.01,59985.18,59865.19,59969.66,76.70066,15
2026-06-26 22:45:00,59969.66,60080.0,59918.0,60048.0,57.492490000000004,15
2026-06-26 23:00:00,60048.0,60117.64,60014.83,60091.45,103.21493,15
2026-06-26 23:15:00,60091.45,60091.45,59979.96,59979.97,59.82545,15
2026-06-26 23:30:00,59979.96,60084.93,59923.27,60068.01,65.22052,15
2026-06-26 23:45:00,60068.0,60116.0,60060.0,60097.27,91.14771,15
2026-06-27 00:00:00,60097.27,60197.0,60068.0,60114.0,107.58106000000001,15
2026-06-27 00:15:00,60114.0,60124.0,60036.0,60050.63,56.2924,15
2026-06-27 00:30:00,60050.64,60050.64,59876.22,59977.99,132.21858,15
2026-06-27 00:45:00,59978.0,60071.94,59952.18,60059.07,64.68681,15
2026-06-27 01:00:00,60059.09,60068.0,59960.0,59964.68,61.091899999999995,15
2026-06-27 01:15:00,59964.68,60013.8,59940.0,59995.99,50.71982,15
2026-06-27 01:30:00,59996.0,60000.0,59936.07,59968.01,84.78897,15
2026-06-27 01:45:00,59968.0,59996.1,59937.08,59945.53,48.75045,15
2026-06-27 02:00:00,59945.53,60120.42,59921.68,60113.99,103.28479,15
2026-06-27 02:15:00,60114.0,60377.47,60078.82,60297.23,220.97818999999998,15
2026-06-27 02:30:00,60297.22,60322.58,60200.0,60284.06,182.99361,15
2026-06-27 02:45:00,60284.07,60378.23,60266.0,60290.01,188.13027,15
2026-06-27 03:00:00,60290.01,60412.0,60159.91,60170.0,105.1383,15
2026-06-27 03:15:00,60170.0,60345.35,60169.99,60310.21,69.3541,15
2026-06-27 03:30:00,60310.21,60395.7,60286.0,60306.01,176.86305000000002,15
2026-06-27 03:45:00,60306.0,60360.43,60258.56,60305.73,87.2558,15
2026-06-27 04:00:00,60305.73,60452.0,60305.73,60407.55,126.77155,15
2026-06-27 04:15:00,60407.55,60482.0,60380.01,60396.22,91.99776,15
2026-06-27 04:30:00,60396.22,60444.0,60355.8,60374.01,36.40322,15
2026-06-27 04:45:00,60374.02,60374.02,60217.26,60239.99,48.13201,15
2026-06-27 05:00:00,60240.0,60311.0,60200.0,60309.99,54.82935,15
2026-06-27 05:15:00,60309.99,60309.99,60164.0,60164.01,52.60361,15
2026-06-27 05:30:00,60164.01,60236.33,60136.0,60236.01,194.18213,15
2026-06-27 05:45:00,60236.0,60268.0,60227.49,60236.76,143.30421,15
2026-06-27 06:00:00,60236.75,60236.76,60114.34,60147.99,77.78819,15
2026-06-27 06:15:00,60147.99,60230.0,60093.33,60203.0,191.97955,15
2026-06-27 06:30:00,60203.0,60437.89,60202.99,60408.0,168.8955,15
2026-06-27 06:45:00,60407.99,60500.0,60350.9,60370.62,143.15467,15
2026-06-27 07:00:00,60370.63,60392.88,60300.0,60321.98,44.417120000000004,15
2026-06-27 07:15:00,60321.99,60444.82,60316.08,60429.99,51.52872,15
2026-06-27 07:30:00,60430.0,60467.0,60388.0,60442.8,532.7691,15
2026-06-27 07:45:00,60442.79,60574.0,60442.79,60548.07,196.97159,15
2026-06-27 08:00:00,60548.06,60548.74,60452.0,60480.01,209.74301,15
2026-06-27 08:15:00,60480.01,60526.62,60446.73,60446.76,69.14932,15
2026-06-27 08:30:00,60446.75,60459.79,60371.62,60373.21,113.04482,15
2026-06-27 08:45:00,60373.21,60520.0,60373.2,60456.0,78.62067,15
2026-06-27 09:00:00,60456.0,60511.99,60348.8,60367.17,60.1386,15
2026-06-27 09:15:00,60367.17,60370.0,60289.55,60368.25,56.735929999999996,15
2026-06-27 09:30:00,60368.24,60444.32,60368.24,60394.18,32.78713,15
2026-06-27 09:45:00,60394.18,60445.37,60388.99,60414.62,158.30375,15
2026-06-27 10:00:00,60414.62,60472.0,60402.51,60472.0,37.91727,15
2026-06-27 10:15:00,60471.99,60487.31,60445.33,60457.69,26.193179999999998,15
2026-06-27 10:30:00,60457.68,60457.69,60410.0,60428.52,43.28262,15
2026-06-27 10:45:00,60428.53,60428.53,60380.0,60420.28,30.458029999999997,15
2026-06-27 11:00:00,60420.28,60447.8,60368.0,60401.59,66.46873,15
2026-06-27 11:15:00,60401.58,60401.59,60237.1,60263.27,65.46125,15
2026-06-27 11:30:00,60263.27,60301.99,60198.94,60267.45,80.46681,15
2026-06-27 11:45:00,60267.44,60416.65,60267.44,60363.65,62.99653,15
2026-06-27 12:00:00,60363.65,60363.66,60257.03,60291.87,114.44566,15
2026-06-27 12:15:00,60291.87,60348.0,60291.86,60345.97,85.44246,15
2026-06-27 12:30:00,60345.98,60387.09,60310.0,60329.27,57.04183,15
2026-06-27 12:45:00,60329.27,60430.01,60310.0,60430.0,92.11574999999999,15
2026-06-27 13:00:00,60430.0,60479.98,60394.0,60438.0,168.23665,15
2026-06-27 13:15:00,60438.0,60490.0,60399.49,60468.75,88.23923,15
2026-06-27 13:30:00,60468.76,60665.74,60452.0,60600.89,131.82422,15
2026-06-27 13:45:00,60600.89,60629.18,60544.34,60588.35,45.83379,15
2026-06-27 14:00:00,60588.35,60728.0,60510.0,60670.61,67.34541,15
2026-06-27 14:15:00,60670.6,60670.6,60590.94,60590.95,105.39025,15
2026-06-27 14:30:00,60590.94,60658.0,60526.48,60640.01,73.94581,15
2026-06-27 14:45:00,60640.0,60672.0,60604.68,60611.5,59.96146,15
2026-06-27 15:00:00,60611.49,60908.83,60570.0,60877.5,265.60782,15
2026-06-27 15:15:00,60877.49,60877.5,60717.08,60811.67,107.14003,15
2026-06-27 15:30:00,60811.67,60941.17,60760.28,60794.01,139.86509,15
2026-06-27 15:45:00,60794.01,60861.35,60749.99,60840.06,93.64,15
2026-06-27 16:00:00,60840.06,60855.03,60738.9,60749.95,85.77738000000001,15
2026-06-27 16:15:00,60749.94,60749.95,60683.37,60716.63,45.846669999999996,15
2026-06-27 16:30:00,60716.63,60793.97,60673.64,60793.97,43.36835,15
2026-06-27 16:45:00,60793.97,60824.0,60761.76,60807.99,64.7014,15
2026-06-27 17:00:00,60808.0,60818.76,60413.15,60563.38,307.96617,15
2026-06-27 17:15:00,60563.38,60615.73,60469.15,60578.9,94.80993,15
2026-06-27 17:30:00,60578.89,60655.61,60504.46,60599.29,90.12788,15
2026-06-27 17:45:00,60599.29,60621.1,60524.88,60524.88,55.77498,15
2026-06-27 18:00:00,60524.89,60563.06,60446.25,60522.14,70.07799,15
2026-06-27 18:15:00,60522.14,60560.0,60460.0,60516.0,55.66614,15
2026-06-27 18:30:00,60515.99,60566.0,60500.08,60562.52,39.96796,15
2026-06-27 18:45:00,60562.51,60576.03,60520.0,60570.86,63.294250000000005,15
2026-06-27 19:00:00,60570.86,60605.41,60560.59,60599.34,61.31783,15
2026-06-27 19:15:00,60599.35,60599.35,60262.0,60323.37,161.36675,15
2026-06-27 19:30:00,60323.36,60330.32,60085.88,60200.41,145.59276,15
2026-06-27 19:45:00,60200.41,60243.57,60144.24,60175.95,46.33608,15
2026-06-27 20:00:00,60175.95,60294.0,60173.07,60258.5,59.21458,15
2026-06-27 20:15:00,60258.5,60306.0,60256.0,60277.89,86.23555999999999,15
2026-06-27 20:30:00,60277.88,60281.68,60255.81,60255.82,27.25736,15
2026-06-27 20:45:00,60255.82,60300.0,60255.82,60300.0,47.41251,15
2026-06-27 21:00:00,60300.0,60401.18,60299.99,60391.73,50.92728,15
2026-06-27 21:15:00,60391.73,60454.99,60360.99,60451.0,94.83888999999999,15
2026-06-27 21:30:00,60451.01,60482.18,60228.81,60249.68,68.00196,15
2026-06-27 21:45:00,60249.69,60295.99,60142.0,60203.82,66.73469,15
2026-06-27 22:00:00,60203.83,60203.83,60043.36,60120.04,64.26322,15
2026-06-27 22:15:00,60120.05,60170.7,59855.16,60133.99,191.97814,15
2026-06-27 22:30:00,60133.98,60256.56,60128.0,60177.96,79.82189,15
2026-06-27 22:45:00,60177.96,60241.8,60160.0,60228.95,41.1116,15
2026-06-27 23:00:00,60228.96,60320.0,60024.0,60044.43,111.49264,15
2026-06-27 23:15:00,60044.43,60098.0,59952.0,59985.99,86.78098,15
2026-06-27 23:30:00,59985.99,60094.0,59971.5,60055.01,53.41982,15
2026-06-27 23:45:00,60055.0,60091.93,60010.0,60029.0,242.04603,15
2026-06-28 00:00:00,60029.01,60145.39,60018.0,60137.3,74.21183,15
2026-06-28 00:15:00,60137.3,60188.0,60136.02,60166.8,53.57593,15
2026-06-28 00:30:00,60166.8,60176.87,60088.17,60176.87,193.36916,15
2026-06-28 00:45:00,60176.87,60190.0,60135.03,60146.0,141.09015,15
2026-06-28 01:00:00,60146.0,60166.6,59986.0,60081.99,101.39518,15
2026-06-28 01:15:00,60082.0,60234.43,60061.59,60204.78,79.81575000000001,15
2026-06-28 01:30:00,60204.78,60269.76,60188.21,60258.88,41.96708,15
2026-06-28 01:45:00,60258.88,60273.38,60206.0,60222.22,44.38727,15
2026-06-28 02:00:00,60222.21,60296.6,60222.21,60285.62,33.286809999999996,15
2026-06-28 02:15:00,60285.62,60339.99,60054.0,60111.49,123.73568,15
2026-06-28 02:30:00,60111.49,60154.83,60102.0,60138.76,103.31634,15
2026-06-28 02:45:00,60138.76,60188.49,60110.0,60150.45,143.30399,15
2026-06-28 03:00:00,60150.46,60266.0,60150.45,60263.86,95.82912,15
2026-06-28 03:15:00,60263.86,60274.98,60201.4,60262.57,72.343,15
2026-06-28 03:30:00,60262.57,60275.0,60187.01,60197.27,28.29507,15
2026-06-28 03:45:00,60197.27,60220.06,60162.0,60197.04,59.24512,15
2026-06-28 04:00:00,60197.03,60230.0,60144.0,60215.64,73.26243,15
2026-06-28 04:15:00,60215.64,60231.83,60198.27,60199.18,40.58988,15
2026-06-28 04:30:00,60199.17,60199.18,60088.04,60174.01,32.94412,15
2026-06-28 04:45:00,60174.0,60194.0,60121.06,60133.0,44.70954,15
2026-06-28 05:00:00,60133.01,60140.0,59970.0,60012.77,67.31399,15
2026-06-28 05:15:00,60012.77,60021.64,59753.48,59836.09,162.72923,15
2026-06-28 05:30:00,59836.09,59954.29,59795.99,59918.64,68.52833,15
2026-06-28 05:45:00,59918.64,60015.22,59918.63,59989.17,46.51284,15
2026-06-28 06:00:00,59989.18,60024.25,59842.0,59842.01,74.55294,15
2026-06-28 06:15:00,59842.01,59956.25,59808.0,59925.28,61.28916,15
2026-06-28 06:30:00,59925.28,59990.0,59925.27,59966.87,50.81266,15
2026-06-28 06:45:00,59966.87,60030.0,59958.48,60002.82,31.29529,15
2026-06-28 07:00:00,60002.82,60186.0,60000.0,60140.94,61.15158,15
2026-06-28 07:15:00,60140.94,60143.65,60106.0,60108.42,19.53947,15
2026-06-28 07:30:00,60108.42,60249.48,60106.77,60222.86,144.4583,15
2026-06-28 07:45:00,60222.87,60259.68,60198.58,60219.99,136.68652,15
2026-06-28 08:00:00,60220.0,60248.0,60140.14,60179.54,63.67024,15
2026-06-28 08:15:00,60179.54,60230.0,60159.99,60224.61,41.039320000000004,15
2026-06-28 08:30:00,60224.61,60545.01,60218.0,60449.42,340.95576,15
2026-06-28 08:45:00,60449.41,60482.0,60370.0,60370.0,45.94308,15
2026-06-28 09:00:00,60370.01,60462.0,60290.01,60368.03,107.1765,15
2026-06-28 09:15:00,60368.03,60390.0,60318.0,60323.36,37.24875,15
2026-06-28 09:30:00,60323.36,60409.32,60310.26,60378.88,41.59943,15
2026-06-28 09:45:00,60378.88,60394.75,60250.81,60258.84,36.38152,15
2026-06-28 10:00:00,60258.85,60292.48,60172.52,60260.37,50.68833,15
2026-06-28 10:15:00,60260.36,60286.0,60068.0,60105.02,48.845890000000004,15
2026-06-28 10:30:00,60105.03,60138.0,60078.0,60127.2,42.975010000000005,15
2026-06-28 10:45:00,60127.21,60176.0,60127.2,60166.71,38.67833,15
2026-06-28 11:00:00,60166.71,60262.39,60100.0,60125.42,99.63494,15
2026-06-28 11:15:00,60125.41,60363.0,60123.9,60312.01,46.64508,15
2026-06-28 11:30:00,60312.01,60324.98,60260.28,60302.95,39.13313,15
2026-06-28 11:45:00,60302.95,60374.05,60251.5,60342.0,39.64063,15
2026-06-28 12:00:00,60341.99,60400.0,60281.21,60298.55,62.739290000000004,15
2026-06-28 12:15:00,60298.55,60345.99,60190.0,60338.47,55.64349,15
2026-06-28 12:30:00,60338.46,60457.02,60204.0,60238.16,59.43164,15
2026-06-28 12:45:00,60238.17,60312.0,60238.16,60293.51,35.12098,15
2026-06-28 13:00:00,60293.5,60293.51,59963.86,60124.4,121.95827,15
2026-06-28 13:15:00,60124.4,60170.0,60078.0,60127.99,68.68603999999999,15
2026-06-28 13:30:00,60127.99,60183.84,60045.32,60123.88,132.5432,15
2026-06-28 13:45:00,60123.89,60129.91,60056.0,60071.88,46.69453,15
2026-06-28 14:00:00,60071.89,60175.69,60034.63,60175.69,55.62009,15
2026-06-28 14:15:00,60175.69,60250.0,60104.0,60155.49,77.34081,15
2026-06-28 14:30:00,60155.49,60195.13,60084.0,60109.69,109.95889,15
2026-06-28 14:45:00,60109.69,60170.01,60018.0,60033.0,75.21627000000001,15
2026-06-28 15:00:00,60033.01,60098.0,59888.0,60082.09,143.59890000000001,15
2026-06-28 15:15:00,60081.63,60130.0,60006.0,60040.08,44.73721,15
2026-06-28 15:30:00,60040.07,60094.0,59900.0,59975.53,146.04811,15
2026-06-28 15:45:00,59975.52,60006.0,59817.28,59890.0,132.64821999999998,15
2026-06-28 16:00:00,59890.35,59943.9,59822.0,59832.46,82.08614,15
2026-06-28 16:15:00,59832.46,59905.98,59671.28,59772.99,164.65367,15
2026-06-28 16:30:00,59772.99,59794.01,59606.73,59622.59,151.05975,15
2026-06-28 16:45:00,59622.59,59740.0,59582.34,59690.62,169.90413,15
2026-06-28 17:00:00,59690.62,59848.0,59556.0,59641.17,194.02779999999998,15
2026-06-28 17:15:00,59641.18,59684.27,59600.0,59600.01,71.71883,15
2026-06-28 17:30:00,59600.01,59642.0,59403.77,59532.76,205.38369999999998,15
2026-06-28 17:45:00,59533.81,59631.97,59523.77,59586.01,47.93408,15
2026-06-28 18:00:00,59586.0,59700.0,59578.0,59647.4,56.1706,15
2026-06-28 18:15:00,59647.41,59674.0,59602.0,59611.97,42.98434,15
2026-06-28 18:30:00,59611.97,59671.68,59582.08,59601.0,67.24382,15
2026-06-28 18:45:00,59601.0,59625.56,59502.0,59614.46,105.61293,15
2026-06-28 19:00:00,59614.46,59614.46,59462.61,59504.06,44.99326,15
2026-06-28 19:15:00,59504.06,59550.0,59441.75,59549.99,57.49897,15
2026-06-28 19:30:00,59549.99,59682.0,59421.8,59442.84,76.91705,15
2026-06-28 19:45:00,59442.84,59500.0,59270.26,59481.79,122.58633,15
2026-06-28 20:00:00,59481.78,59678.0,59474.28,59663.35,46.0965,15
2026-06-28 20:15:00,59663.34,59765.9,59651.11,59713.73,87.28479999999999,15
2026-06-28 20:30:00,59713.72,59720.08,59630.01,59670.01,63.48269,15
2026-06-28 20:45:00,59670.0,59721.33,59650.0,59660.0,30.284039999999997,15
2026-06-28 21:00:00,59660.0,59701.6,59645.0,59692.0,94.88371,15
2026-06-28 21:15:00,59691.99,59743.82,59660.0,59713.4,55.72056,15
2026-06-28 21:30:00,59713.4,59796.66,59660.0,59660.0,76.95707,15
2026-06-28 21:45:00,59660.01,59678.66,59333.33,59445.95,304.0985,15
2026-06-28 22:00:00,59445.96,59906.0,59445.96,59630.0,236.79461,15
2026-06-28 22:15:00,59630.01,59638.37,59170.0,59381.12,229.97444000000002,15
2026-06-28 22:30:00,59381.12,59460.0,59087.47,59109.29,254.70316,15
2026-06-28 22:45:00,59109.3,59216.99,58905.0,59067.01,262.20401000000004,15
2026-06-28 23:00:00,59067.0,59370.0,59011.99,59267.94,116.88564,15
2026-06-28 23:15:00,59267.94,59583.99,59252.23,59546.54,99.80987999999999,15
2026-06-28 23:30:00,59546.54,59848.0,59530.0,59730.0,178.7242,15
2026-06-28 23:45:00,59729.99,59795.99,59577.0,59577.01,114.67311000000001,15
2026-06-29 00:00:00,59577.01,59694.0,59270.73,59584.0,116.73836,15
2026-06-29 00:15:00,59584.0,59597.99,59192.12,59214.01,101.40774,15
2026-06-29 00:30:00,59214.01,59380.02,59000.01,59380.02,202.38883,15
2026-06-29 00:45:00,59380.01,59700.0,59177.0,59667.01,128.78253999999998,15
2026-06-29 01:00:00,59667.0,59697.0,59460.0,59482.12,78.34775,15
2026-06-29 01:15:00,59482.12,59512.72,59232.16,59300.1,88.36628,15
2026-06-29 01:30:00,59300.1,59574.0,59206.0,59546.01,100.81705000000001,15
2026-06-29 01:45:00,59546.01,59588.0,59434.0,59440.95,379.52279,15
2026-06-29 02:00:00,59440.95,59512.72,58900.01,59023.9,178.49687,15
2026-06-29 02:15:00,59024.0,59596.0,58980.0,59546.0,238.20323000000002,15
2026-06-29 02:30:00,59545.99,59800.0,59496.43,59777.51,348.59091,15
2026-06-29 02:45:00,59777.5,59812.0,59698.44,59757.46,458.57237,15
2026-06-29 03:00:00,59757.47,60186.81,59757.47,60003.71,423.49552,15
2026-06-29 03:15:00,60003.71,60233.0,59966.0,60172.68,148.9624,15
2026-06-29 03:30:00,60172.68,60209.35,59878.27,59920.01,115.58661000000001,15
2026-06-29 03:45:00,59920.01,60076.01,59881.45,60049.46,92.84072,15
2026-06-29 04:00:00,60049.45,60053.99,59900.0,59924.0,56.17076,15
2026-06-29 04:15:00,59924.0,60000.01,59846.0,59955.14,88.74978,15
2026-06-29 04:30:00,59955.13,59963.95,59746.0,59845.26,118.80867,15
2026-06-29 04:45:00,59845.26,59906.0,59786.0,59830.0,97.73991,15
2026-06-29 05:00:00,59830.01,59861.57,59392.02,59534.01,202.65165,15
2026-06-29 05:15:00,59534.01,59717.93,59534.01,59685.99,61.95188,15
2026-06-29 05:30:00,59685.99,59923.13,59646.0,59914.62,116.35946,15
2026-06-29 05:45:00,59914.61,60102.8,59904.0,60102.8,115.79236,15
2026-06-29 06:00:00,60102.8,60222.05,60080.96,60178.0,218.30811,15
2026-06-29 06:15:00,60178.0,60346.27,60124.25,60169.84,267.41148,15
2026-06-29 06:30:00,60169.84,60202.06,60068.84,60080.52,135.03175,15
2026-06-29 06:45:00,60080.53,60162.0,60050.67,60075.49,62.40902,15
2026-06-29 07:00:00,60075.5,60085.01,59936.0,60084.0,260.75601,15
2026-06-29 07:15:00,60083.99,60186.94,60026.61,60106.02,66.90377,15
2026-06-29 07:30:00,60106.02,60138.0,60049.99,60050.01,93.73602,15
2026-06-29 07:45:00,60050.01,60135.92,60026.0,60026.0,115.54682,15
2026-06-29 08:00:00,60026.01,60093.99,59896.65,59960.0,166.40723,15
2026-06-29 08:15:00,59960.0,60058.0,59804.01,59831.01,147.7071,15
2026-06-29 08:30:00,59831.01,59912.0,59745.46,59870.0,115.0334,15
2026-06-29 08:45:00,59869.99,59940.0,59840.0,59840.0,121.52609000000001,15
2026-06-29 09:00:00,59840.01,59955.13,59800.06,59948.0,97.07991,15
2026-06-29 09:15:00,59948.01,60104.0,59778.76,59929.25,370.79008,15
2026-06-29 09:30:00,59929.26,60000.0,59888.0,59968.92,149.12424,15
2026-06-29 09:45:00,59968.92,60072.0,59928.0,60057.0,130.0948,15
2026-06-29 10:00:00,60057.0,60310.0,60056.99,60232.56,165.04606,15
2026-06-29 10:15:00,60232.57,60311.95,60187.54,60215.78,68.6093,15
2026-06-29 10:30:00,60215.79,60215.79,60075.0,60130.62,92.51066,15
2026-06-29 10:45:00,60130.62,60156.33,60065.49,60088.0,115.73617,15
2026-06-29 11:00:00,60088.0,60094.0,59944.69,59944.69,145.51654,15
2026-06-29 11:15:00,59944.7,60000.0,59880.0,59990.6,75.71001,15
2026-06-29 11:30:00,59990.6,60216.0,59806.57,59858.79,156.44476,15
2026-06-29 11:45:00,59858.78,59993.0,59796.0,59956.05,137.99911,15
2026-06-29 12:00:00,59956.05,60780.57,59595.09,60672.0,1533.9342100000001,15
2026-06-29 12:15:00,60672.01,60771.18,60416.72,60440.01,390.85436,15
2026-06-29 12:30:00,60440.01,60460.0,59822.63,59951.68,448.73189,15
2026-06-29 12:45:00,59951.69,60050.43,59789.01,59948.78,226.58708,15
2026-06-29 13:00:00,59948.79,60340.0,59948.79,60214.0,283.31153,15
2026-06-29 13:15:00,60213.99,60304.0,59955.58,59978.01,229.79167999999999,15
2026-06-29 13:30:00,59978.0,60276.53,59431.76,59460.01,909.49968,15
2026-06-29 13:45:00,59460.0,59600.0,59319.9,59580.0,721.65141,15
2026-06-29 14:00:00,59580.0,59593.74,59084.86,59090.91,657.0937799999999,15
2026-06-29 14:15:00,59090.9,59560.0,59011.0,59510.0,679.79605,15
2026-06-29 14:30:00,59510.0,59699.99,59306.4,59320.01,434.5135,15
2026-06-29 14:45:00,59320.0,59614.46,59253.69,59469.67,227.66913,15
2026-06-29 15:00:00,59469.45,59478.07,59097.58,59258.13,251.20441,15
2026-06-29 15:15:00,59258.14,59495.73,59140.0,59491.99,232.62319,15
2026-06-29 15:30:00,59492.0,59875.0,59492.0,59831.61,488.63641,15
2026-06-29 15:45:00,59831.61,59960.0,59762.0,59824.01,395.59279000000004,15
2026-06-29 16:00:00,59824.01,59931.98,59710.01,59732.01,173.24000999999998,15
2026-06-29 16:15:00,59732.01,59783.99,59584.48,59603.35,139.80825,15
2026-06-29 16:30:00,59603.35,59888.0,59603.35,59877.94,176.063,15
2026-06-29 16:45:00,59877.93,60030.0,59826.0,59892.86,173.92406,15
2026-06-29 17:00:00,59892.87,60483.49,59892.0,60458.81,566.04087,15
2026-06-29 17:15:00,60458.8,60641.21,60399.47,60544.01,740.5337499999999,15
2026-06-29 17:30:00,60544.0,60683.84,60392.0,60620.01,351.63902,15
2026-06-29 17:45:00,60620.0,60653.99,60404.0,60413.99,137.54269,15
2026-06-29 18:00:00,60413.99,60520.0,60328.36,60519.99,159.6759,15
2026-06-29 18:15:00,60520.0,60520.0,60229.32,60275.42,138.67222,15
2026-06-29 18:30:00,60275.43,60336.0,60210.07,60288.3,144.08845,15
2026-06-29 18:45:00,60288.3,60295.0,60193.87,60295.0,83.05184,15
2026-06-29 19:00:00,60295.0,60310.64,60153.35,60200.01,122.24437999999999,15
2026-06-29 19:15:00,60200.0,60478.0,60189.97,60460.0,88.62605,15
2026-06-29 19:30:00,60460.0,60472.19,60314.0,60466.0,95.96939,15
2026-06-29 19:45:00,60466.01,60557.5,60414.26,60433.49,194.1754,15
2026-06-29 20:00:00,60433.5,60553.06,60421.31,60437.99,118.86981,15
2026-06-29 20:15:00,60438.0,60489.56,60362.0,60400.0,77.72,15
2026-06-29 20:30:00,60400.0,60479.0,60399.99,60416.7,65.41055,15
2026-06-29 20:45:00,60416.7,60416.7,60295.32,60296.0,50.86213,15
2026-06-29 21:00:00,60296.01,60415.0,60261.89,60414.0,94.45213,15
2026-06-29 21:15:00,60413.99,60414.0,60306.0,60349.99,47.93482,15
2026-06-29 21:30:00,60350.0,60492.0,60349.99,60464.06,79.09318,15
2026-06-29 21:45:00,60464.05,60585.99,60464.05,60479.72,73.2823,15
2026-06-29 22:00:00,60479.71,60494.0,60363.18,60450.0,64.9057,15
2026-06-29 22:15:00,60450.0,60516.0,60432.17,60445.01,58.12981,15
2026-06-29 22:30:00,60445.01,60458.0,60350.0,60385.24,34.25075,15
2026-06-29 22:45:00,60385.25,60426.64,60352.0,60352.31,54.47576,15
2026-06-29 23:00:00,60352.31,60379.23,60328.66,60345.99,41.27402,15
2026-06-29 23:15:00,60346.0,60361.47,60194.01,60232.01,79.23633,15
2026-06-29 23:30:00,60232.0,60296.56,60219.71,60252.0,35.7625,15
2026-06-29 23:45:00,60252.0,60293.22,60218.62,60260.21,95.91273000000001,15
2026-06-30 00:00:00,60260.2,60276.54,60151.04,60202.0,182.17039,15
2026-06-30 00:15:00,60202.0,60230.0,59915.0,59933.0,178.4961,15
2026-06-30 00:30:00,59932.99,59935.99,59700.0,59778.41,251.41636,15
2026-06-30 00:45:00,59778.41,59933.91,59756.0,59838.01,97.74909,15
2026-06-30 01:00:00,59838.01,59871.63,59771.0,59828.8,109.63322,15
2026-06-30 01:15:00,59828.8,60044.0,59814.0,60038.0,118.66555,15
2026-06-30 01:30:00,60037.99,60048.98,59794.0,59838.98,78.15043,15
2026-06-30 01:45:00,59838.98,59941.95,59832.0,59939.94,34.74615,15
2026-06-30 02:00:00,59939.94,59945.72,59773.96,59796.01,92.50886,15
2026-06-30 02:15:00,59796.01,59992.0,59755.0,59975.98,62.06914,15
2026-06-30 02:30:00,59975.98,60026.99,59922.0,60007.01,203.38519000000002,15
2026-06-30 02:45:00,60007.0,60042.54,59941.96,59948.24,66.313,15
2026-06-30 03:00:00,59948.24,59980.0,59860.84,59899.94,93.26201,15
2026-06-30 03:15:00,59899.93,60031.75,59818.0,59858.0,96.46724999999999,15
2026-06-30 03:30:00,59858.0,59858.01,59740.52,59740.53,84.38365,15
2026-06-30 03:45:00,59740.53,59740.53,59600.0,59627.48,107.74640000000001,15
2026-06-30 04:00:00,59627.47,59627.48,59433.36,59563.46,191.12263,15
2026-06-30 04:15:00,59563.46,59576.0,59442.99,59550.61,135.90313,15
2026-06-30 04:30:00,59550.61,59700.0,59541.08,59616.0,184.30374,15
2026-06-30 04:45:00,59616.0,59616.0,59446.73,59492.01,263.5187,15
2026-06-30 05:00:00,59492.01,59531.99,59366.05,59432.99,243.28627,15
2026-06-30 05:15:00,59432.99,59493.87,59375.52,59386.01,95.05439,15
2026-06-30 05:30:00,59386.01,59579.99,59360.0,59567.5,182.69951,15
2026-06-30 05:45:00,59567.51,59656.89,59554.0,59652.13,286.88007,15
2026-06-30 06:00:00,59652.13,59674.7,59534.56,59566.15,87.30737,15
2026-06-30 06:15:00,59566.15,59712.88,59513.72,59700.01,420.70445,15
2026-06-30 06:30:00,59700.0,59711.64,59546.3,59557.99,107.59695,15
2026-06-30 06:45:00,59558.0,59600.45,59543.37,59592.0,93.16117,15
2026-06-30 07:00:00,59592.0,59632.0,59444.0,59491.29,190.55019000000001,15
2026-06-30 07:15:00,59491.3,59566.16,59447.0,59472.87,143.32036,15
2026-06-30 07:30:00,59472.86,59572.06,59459.6,59512.72,227.10702,15
2026-06-30 07:45:00,59512.72,59554.89,59462.75,59524.01,201.42910999999998,15
2026-06-30 08:00:00,59524.01,59551.03,59431.86,59431.87,142.64526,15
2026-06-30 08:15:00,59431.87,59440.0,59371.56,59409.99,148.66219,15
2026-06-30 08:30:00,59410.0,59441.95,59210.0,59274.7,328.80771,15
2026-06-30 08:45:00,59274.7,59388.89,59189.0,59311.92,259.52557,15
2026-06-30 09:00:00,59311.26,59400.09,59280.0,59343.74,141.46181,15
2026-06-30 09:15:00,59343.74,59366.88,59266.01,59296.0,134.81468,15
2026-06-30 09:30:00,59296.01,59388.0,59252.0,59360.28,83.209,15
2026-06-30 09:45:00,59360.28,59420.0,59360.27,59374.96,83.17316,15
2026-06-30 10:00:00,59374.96,59413.0,59313.47,59370.99,115.53604,15
2026-06-30 10:15:00,59370.98,59420.0,59338.0,59371.99,41.87144,15
2026-06-30 10:30:00,59371.98,59372.94,59287.29,59334.0,63.319869999999995,15
2026-06-30 10:45:00,59334.0,59400.61,59286.36,59334.01,79.67447,15
2026-06-30 11:00:00,59334.01,59413.27,59322.0,59388.25,59.78054,15
2026-06-30 11:15:00,59388.26,59396.0,59196.0,59223.31,81.52603,15
2026-06-30 11:30:00,59223.31,59275.0,59123.01,59249.14,188.86585,15
2026-06-30 11:45:00,59249.14,59340.0,59158.43,59192.7,136.59914,15
2026-06-30 12:00:00,59192.71,59192.71,59000.06,59009.9,384.68800999999996,15
2026-06-30 12:15:00,59009.9,59079.96,58760.16,58865.92,745.66012,15
2026-06-30 12:30:00,58865.92,58897.79,58776.33,58843.5,220.02217,15
2026-06-30 12:45:00,58843.5,58853.55,58403.51,58412.0,693.02795,15
2026-06-30 13:00:00,58411.99,58658.55,58322.63,58458.1,574.5,15
2026-06-30 13:15:00,58458.11,58600.0,58454.0,58517.0,330.30602,15
2026-06-30 13:30:00,58517.0,58762.0,58228.33,58570.01,1020.54739,15
2026-06-30 13:45:00,58570.0,58802.66,58462.4,58737.18,579.15527,15
2026-06-30 14:00:00,58737.17,59276.6,58655.0,58995.99,656.63952,15
2026-06-30 14:15:00,58996.0,59154.27,58894.08,59039.99,379.39768,15
2026-06-30 14:30:00,59040.0,59100.0,58586.57,58919.4,404.55647999999997,15
2026-06-30 14:45:00,58919.41,58919.41,58433.0,58482.81,339.39638,15
2026-06-30 15:00:00,58482.81,58600.0,58201.0,58441.99,549.03494,15
2026-06-30 15:15:00,58442.0,58490.0,58204.0,58384.55,446.24043,15
2026-06-30 15:30:00,58384.55,58500.99,58266.01,58444.0,203.05239,15
2026-06-30 15:45:00,58444.01,58796.0,58347.37,58381.99,364.82255,15
2026-06-30 16:00:00,58382.0,58632.0,58362.0,58406.0,217.93793,15
2026-06-30 16:15:00,58406.0,58470.09,58254.21,58316.0,303.81267,15
2026-06-30 16:30:00,58316.0,58480.0,58241.79,58324.77,401.7362,15
2026-06-30 16:45:00,58324.77,58572.0,58324.76,58497.65,255.41038,15
2026-06-30 17:00:00,58497.65,58618.65,58384.0,58404.0,179.35587,15
2026-06-30 17:15:00,58404.0,58484.3,58367.22,58387.9,142.57305,15
2026-06-30 17:30:00,58387.9,58458.0,58334.01,58376.01,179.72169,15
2026-06-30 17:45:00,58376.0,58431.69,58310.72,58417.99,130.88557,15
2026-06-30 18:00:00,58417.99,58498.0,58351.56,58472.0,146.80298,15
2026-06-30 18:15:00,58472.0,58699.98,58426.0,58535.99,194.87776,15
2026-06-30 18:30:00,58536.0,58552.68,58380.42,58456.0,130.56856,15
2026-06-30 18:45:00,58456.0,58686.54,58455.99,58680.87,132.82851,15
2026-06-30 19:00:00,58680.86,58723.4,58588.0,58651.11,190.63651,15
2026-06-30 19:15:00,58651.11,58669.75,58586.01,58669.44,162.58511,15
2026-06-30 19:30:00,58669.44,58807.34,58658.0,58752.0,121.62488,15
2026-06-30 19:45:00,58752.0,58839.16,58698.0,58818.05,203.79500000000002,15
2026-06-30 20:00:00,58818.0,58874.99,58743.34,58865.99,111.25775,15
2026-06-30 20:15:00,58866.0,58866.0,58689.6,58742.0,125.33358,15
2026-06-30 20:30:00,58742.0,58742.67,58650.0,58660.0,112.46691,15
2026-06-30 20:45:00,58660.01,58793.99,58648.26,58732.01,79.76527,15
2026-06-30 21:00:00,58732.0,58770.0,58552.49,58582.89,143.02224,15
2026-06-30 21:15:00,58582.89,58637.0,58509.99,58596.0,104.33268,15
2026-06-30 21:30:00,58596.0,58664.0,58586.0,58586.87,74.00157,15
2026-06-30 21:45:00,58586.87,58654.0,58525.09,58639.99,76.78573,15
2026-06-30 22:00:00,58639.99,58748.17,58639.99,58736.01,84.09992,15
2026-06-30 22:15:00,58736.0,58806.91,58650.0,58654.93,76.14965,15
2026-06-30 22:30:00,58654.92,58654.92,58513.8,58600.0,80.30187,15
2026-06-30 22:45:00,58600.0,58630.0,58543.13,58607.99,33.87934,15
2026-06-30 23:00:00,58607.99,58650.0,58555.0,58610.0,50.53212,15
2026-06-30 23:15:00,58610.0,58659.98,58578.65,58616.01,206.03850999999997,15
2026-06-30 23:30:00,58616.0,58638.47,58571.44,58612.0,50.93622,15
2026-06-30 23:45:00,58611.99,58664.0,58589.37,58624.71,244.14392999999998,15
2026-07-01 00:00:00,58624.71,58750.68,58607.99,58646.01,331.11534,15
2026-07-01 00:15:00,58646.01,58685.04,58310.0,58394.0,199.4103,15
2026-07-01 00:30:00,58394.0,58575.72,58393.99,58484.0,73.98708,15
2026-07-01 00:45:00,58484.0,58617.99,58472.01,58576.0,66.13389000000001,15
2026-07-01 01:00:00,58575.99,58584.0,57800.19,58169.81,1821.81482,15
2026-07-01 01:15:00,58169.82,58400.0,58030.82,58352.91,388.29688,15
2026-07-01 01:30:00,58352.91,58998.45,58334.69,58900.39,521.3274700000001,15
2026-07-01 01:45:00,58900.16,59022.81,58720.0,58770.57,255.68622,15
2026-07-01 02:00:00,58770.58,58865.78,58663.95,58798.0,132.16103999999999,15
2026-07-01 02:15:00,58798.0,59031.62,58780.0,58947.87,183.17867,15
2026-07-01 02:30:00,58948.0,59159.22,58921.3,59140.14,194.56407,15
2026-07-01 02:45:00,59140.13,59171.63,59008.0,59085.0,182.84380000000002,15
2026-07-01 03:00:00,59085.0,59119.73,58996.0,58999.23,94.7771,15
2026-07-01 03:15:00,58999.23,59003.23,58885.79,58924.0,145.51937999999998,15
2026-07-01 03:30:00,58923.99,59148.37,58850.0,58939.18,135.26448,15
2026-07-01 03:45:00,58939.18,59318.0,58933.98,59197.13,339.87979,15
2026-07-01 04:00:00,59197.12,59197.13,59062.0,59113.31,83.38901,15
2026-07-01 04:15:00,59113.32,59274.0,59100.0,59274.0,71.22794,15
2026-07-01 04:30:00,59274.0,59373.52,59200.0,59359.9,95.50312,15
2026-07-01 04:45:00,59359.9,59457.0,59308.0,59339.99,229.99629000000002,15
2026-07-01 05:00:00,59339.99,59376.48,59251.32,59292.03,202.45749,15
2026-07-01 05:15:00,59292.02,59357.32,59154.02,59174.0,117.1437,15
2026-07-01 05:30:00,59174.0,59204.43,59126.42,59188.39,76.91923,15
2026-07-01 05:45:00,59188.4,59203.28,59132.66,59154.33,35.78445,15
2026-07-01 06:00:00,59154.33,59156.0,58911.11,58952.12,172.33972,15
2026-07-01 06:15:00,58952.12,58974.0,58692.0,58791.16,161.9419,15
2026-07-01 06:30:00,58791.16,58834.85,58534.31,58700.0,324.44022,15
2026-07-01 06:45:00,58699.99,58775.36,58618.0,58755.8,135.41217,15
2026-07-01 07:00:00,58755.8,58788.0,58600.0,58681.02,204.63319,15
2026-07-01 07:15:00,58681.02,58823.9,58638.0,58740.0,100.19918,15
2026-07-01 07:30:00,58740.01,58754.0,58648.15,58689.7,89.50464000000001,15
2026-07-01 07:45:00,58689.7,58804.67,58670.0,58768.65,85.52150999999999,15
2026-07-01 08:00:00,58768.64,58813.99,58663.34,58700.13,72.17954,15
2026-07-01 08:15:00,58700.12,58723.4,58600.0,58620.01,89.47649,15
2026-07-01 08:30:00,58620.01,58742.0,58500.0,58739.44,130.90475,15
2026-07-01 08:45:00,58739.45,58984.0,58678.67,58973.99,89.37176,15
2026-07-01 09:00:00,58973.99,59091.99,58896.75,58956.0,100.80072,15
2026-07-01 09:15:00,58955.99,59005.06,58877.14,58888.0,132.76672,15
2026-07-01 09:30:00,58888.0,58945.0,58825.61,58883.76,72.49077,15
2026-07-01 09:45:00,58883.75,58973.79,58850.0,58944.55,111.73584,15
2026-07-01 10:00:00,58944.55,58948.47,58754.0,58757.43,84.10576,15
2026-07-01 10:15:00,58757.42,58798.03,58665.26,58745.21,141.46701,15
2026-07-01 10:30:00,58745.2,58756.0,58624.0,58624.01,73.89887,15
2026-07-01 10:45:00,58624.01,58698.99,58624.0,58659.98,106.23145,15
2026-07-01 11:00:00,58659.97,58742.94,58588.0,58706.01,107.68917,15
2026-07-01 11:15:00,58706.0,58755.9,58676.0,58698.23,96.53503,15
2026-07-01 11:30:00,58698.22,58736.0,58628.0,58678.0,123.22715,15
2026-07-01 11:45:00,58678.0,58700.0,58550.0,58622.03,69.24042,15
2026-07-01 12:00:00,58622.02,58676.0,58393.46,58443.63,205.98593,15
2026-07-01 12:15:00,58443.63,58592.0,58443.63,58559.99,141.3573,15
2026-07-01 12:30:00,58559.99,58589.87,58377.02,58398.0,174.57571,15
2026-07-01 12:45:00,58397.99,58570.01,58326.0,58538.01,1194.69225,15
2026-07-01 13:00:00,58538.0,58790.01,58536.0,58673.28,750.093,15
2026-07-01 13:15:00,58673.28,58904.0,58662.25,58820.01,255.84505,15
2026-07-01 13:30:00,58820.0,59075.57,58602.0,59020.01,533.4980400000001,15
2026-07-01 13:45:00,59020.0,59508.0,58944.31,59498.03,782.35938,15
2026-07-01 14:00:00,59498.03,59987.77,59278.0,59978.01,744.95384,15
2026-07-01 14:15:00,59978.0,60092.0,59775.79,59777.99,1604.68847,15
2026-07-01 14:30:00,59778.0,59813.6,59540.0,59603.99,943.26751,15
2026-07-01 14:45:00,59603.98,59762.0,59420.01,59542.0,433.29928,15
2026-07-01 15:00:00,59541.99,59986.0,59520.51,59916.47,395.42846,15
2026-07-01 15:15:00,59916.58,60536.55,59844.02,60310.83,1182.84401,15
2026-07-01 15:30:00,60310.82,60380.04,60136.24,60224.92,440.44629000000003,15
2026-07-01 15:45:00,60224.91,60246.0,60076.59,60147.15,303.34335,15
2026-07-01 16:00:00,60147.15,60225.08,60072.97,60132.01,361.1059,15
2026-07-01 16:15:00,60132.0,60267.17,59950.01,60144.01,324.23254,15
2026-07-01 16:30:00,60144.01,60172.0,60024.89,60082.0,87.3068,15
2026-07-01 16:45:00,60082.0,60090.0,59865.75,59920.0,90.15521,15
2026-07-01 17:00:00,59920.0,59937.13,59787.35,59902.01,120.69191000000001,15
2026-07-01 17:15:00,59902.01,60205.7,59900.45,60148.29,122.51089,15
2026-07-01 17:30:00,60148.28,60239.84,60087.99,60156.84,154.03873,15
2026-07-01 17:45:00,60156.84,60238.47,60152.0,60190.6,82.84775,15
2026-07-01 18:00:00,60190.59,60214.0,60016.4,60078.0,101.81423,15
2026-07-01 18:15:00,60077.99,60189.71,60048.0,60140.0,52.24011,15
2026-07-01 18:30:00,60139.99,60248.26,60082.0,60221.99,60.56812,15
2026-07-01 18:45:00,60222.0,60298.0,60082.0,60171.16,128.69211,15
2026-07-01 19:00:00,60171.16,60299.98,60163.06,60280.02,93.4592,15
2026-07-01 19:15:00,60280.02,60352.93,60101.17,60155.42,102.89043,15
2026-07-01 19:30:00,60155.42,60276.0,60151.82,60208.59,101.09374,15
2026-07-01 19:45:00,60208.59,60208.6,60000.0,60028.67,250.70488,15
2026-07-01 20:00:00,60029.39,60060.0,59909.87,59997.81,115.55497,15
2026-07-01 20:15:00,59997.81,60025.64,59876.0,59974.0,69.46513999999999,15
2026-07-01 20:30:00,59974.0,60070.0,59960.0,60043.44,61.02054,15
2026-07-01 20:45:00,60043.44,60198.0,60029.85,60126.0,67.06212,15
2026-07-01 21:00:00,60126.0,60462.1,60124.89,60447.21,132.49557,15
2026-07-01 21:15:00,60447.21,60600.0,60332.3,60527.98,304.99103,15
2026-07-01 21:30:00,60527.99,60846.95,60527.98,60808.27,520.16481,15
2026-07-01 21:45:00,60808.26,60846.95,60776.0,60815.99,195.9247,15
2026-07-01 22:00:00,60815.99,60829.99,60788.0,60812.15,175.04264,15
2026-07-01 22:15:00,60812.15,61334.0,60553.19,60555.06,1331.2567999999999,15
2026-07-01 22:30:00,60555.05,60675.38,60450.0,60490.41,235.44549,15
2026-07-01 22:45:00,60490.41,60506.02,60339.0,60478.01,135.87106,15
2026-07-01 23:00:00,60478.0,60478.0,60232.43,60246.17,151.70916,15
2026-07-01 23:15:00,60246.17,60368.0,60196.85,60208.14,93.60584,15
2026-07-01 23:30:00,60208.14,60262.5,60034.0,60158.74,123.11036,15
2026-07-01 23:45:00,60158.74,60164.0,59984.86,60024.0,205.20043,15
2026-07-02 00:00:00,60024.0,60028.0,59900.0,59942.99,170.50829,15
2026-07-02 00:15:00,59943.0,59973.41,59742.06,59780.55,148.48952,15
2026-07-02 00:30:00,59780.55,59788.0,59588.0,59624.64,237.03200999999999,15
2026-07-02 00:45:00,59624.65,59847.34,59624.65,59761.73,301.90099,15
2026-07-02 01:00:00,59761.74,59942.0,59715.8,59927.97,209.01835,15
2026-07-02 01:15:00,59927.96,60023.76,59837.84,60018.0,140.26019,15
2026-07-02 01:30:00,60018.0,60324.99,60018.0,60202.0,145.16933,15
2026-07-02 01:45:00,60201.99,60318.0,60087.38,60175.92,139.97297,15
2026-07-02 02:00:00,60175.91,60198.0,60015.68,60143.99,99.62731,15
2026-07-02 02:15:00,60143.99,60268.0,60137.0,60207.98,78.99577,15
2026-07-02 02:30:00,60207.99,60412.46,60184.0,60407.01,124.46818,15
2026-07-02 02:45:00,60407.01,60495.24,60335.65,60423.1,217.84844,15
2026-07-02 03:00:00,60423.11,60480.0,60392.83,60478.88,81.82842,15
2026-07-02 03:15:00,60478.87,60721.35,60300.02,60554.65,300.85116,15
2026-07-02 03:30:00,60554.18,60812.46,60484.05,60812.45,183.48833,15
2026-07-02 03:45:00,60812.45,61121.78,60736.28,61058.0,325.48578,15
2026-07-02 04:00:00,61057.99,61058.0,60870.0,60941.03,147.73924,15
2026-07-02 04:15:00,60941.03,60976.92,60805.28,60868.01,229.23989,15
2026-07-02 04:30:00,60868.01,60868.01,60728.0,60775.41,323.10999,15
2026-07-02 04:45:00,60775.41,60887.91,60745.99,60787.98,93.11676,15
2026-07-02 05:00:00,60787.98,60870.01,60643.29,60870.01,229.25861,15
2026-07-02 05:15:00,60870.0,60877.69,60733.8,60745.64,311.20212,15
2026-07-02 05:30:00,60745.64,60874.0,60598.09,60609.79,143.80946,15
2026-07-02 05:45:00,60609.8,60658.0,60488.0,60504.54,151.89467,15
2026-07-02 06:00:00,60504.54,60520.0,60410.0,60410.0,108.54544,15
2026-07-02 06:15:00,60410.01,60561.94,60402.3,60476.54,116.08861999999999,15
2026-07-02 06:30:00,60476.53,60652.74,60476.53,60534.4,164.18379,15
2026-07-02 06:45:00,60534.41,60538.0,60260.0,60274.01,449.71623,15
2026-07-02 07:00:00,60274.01,60315.93,60205.0,60240.15,85.56557000000001,15
2026-07-02 07:15:00,60240.16,60270.0,60165.25,60165.25,148.13747,15
2026-07-02 07:30:00,60165.01,60216.81,60117.7,60136.3,214.57262,15
2026-07-02 07:45:00,60136.29,60227.9,60104.0,60149.99,145.71501,15
2026-07-02 08:00:00,60149.99,60364.0,60132.51,60308.0,158.49644999999998,15
2026-07-02 08:15:00,60307.99,60400.0,60307.99,60362.33,125.82964,15
2026-07-02 08:30:00,60362.33,60500.0,60332.3,60443.82,202.52831,15
2026-07-02 08:45:00,60443.82,60555.06,60410.86,60511.99,86.53182,15
2026-07-02 09:00:00,60512.0,60520.0,60376.13,60467.4,97.7277,15
2026-07-02 09:15:00,60467.39,60630.65,60430.0,60604.91,112.17061,15
2026-07-02 09:30:00,60604.91,61213.81,60604.9,61090.01,746.03928,15
2026-07-02 09:45:00,61090.0,61437.49,60868.29,61184.0,939.69419,15
2026-07-02 10:00:00,61184.0,61240.36,61051.07,61231.11,257.73661,15
2026-07-02 10:15:00,61231.1,61300.01,61100.0,61224.54,231.01094,15
2026-07-02 10:30:00,61224.53,61350.0,61206.0,61206.0,133.12096,15
2026-07-02 10:45:00,61206.01,61330.0,61147.65,61263.68,89.24009,15
2026-07-02 11:00:00,61263.93,61381.88,61214.5,61284.21,336.99232,15
2026-07-02 11:15:00,61284.21,61354.33,61258.92,61296.1,188.51669,15
2026-07-02 11:30:00,61296.1,61360.0,61258.92,61300.01,137.59357,15
2026-07-02 11:45:00,61300.0,61388.0,61125.58,61358.01,160.1933,15
2026-07-02 12:00:00,61358.0,61364.32,61267.98,61360.0,183.39405,15
2026-07-02 12:15:00,61360.0,61415.0,61147.23,61346.01,229.6975,15
2026-07-02 12:30:00,61346.01,61598.01,61192.3,61375.56,629.7538,15
2026-07-02 12:45:00,61375.56,61614.0,61369.99,61542.53,433.79756,15
2026-07-02 13:00:00,61542.53,61738.74,61506.0,61686.07,360.38356,15
2026-07-02 13:15:00,61686.06,61971.0,61654.01,61688.0,684.39071,15
2026-07-02 13:30:00,61688.0,62053.0,61526.56,61961.64,943.01772,15
2026-07-02 13:45:00,61961.64,62029.65,61810.0,61939.04,515.25707,15
2026-07-02 14:00:00,61939.04,62192.01,61850.0,62081.6,576.44368,15
2026-07-02 14:15:00,62081.61,62200.0,61570.0,61675.16,615.82482,15
2026-07-02 14:30:00,61675.15,61810.23,61394.49,61428.01,321.87402,15
2026-07-02 14:45:00,61428.0,61758.13,61428.0,61696.61,320.28900999999996,15
2026-07-02 15:00:00,61696.61,61734.37,61427.39,61587.09,385.39969,15
2026-07-02 15:15:00,61587.09,61850.86,61492.32,61717.94,204.50055,15
2026-07-02 15:30:00,61717.95,61827.9,61556.0,61708.0,244.83342,15
2026-07-02 15:45:00,61708.01,61745.5,61533.68,61612.93,120.35534,15
2026-07-02 16:00:00,61612.93,61750.0,61508.0,61698.0,152.7439,15
2026-07-02 16:15:00,61698.0,61698.01,61108.99,61191.99,577.4883600000001,15
2026-07-02 16:30:00,61192.0,61450.72,61192.0,61440.01,284.41625,15
2026-07-02 16:45:00,61440.0,61790.13,61434.0,61682.34,512.03201,15
2026-07-02 17:00:00,61682.34,61825.0,61624.0,61781.84,221.79147,15
2026-07-02 17:15:00,61781.85,61962.43,61750.0,61868.0,239.05915000000002,15
2026-07-02 17:30:00,61868.0,61868.01,61648.0,61777.01,102.49798,15
2026-07-02 17:45:00,61777.0,61805.26,61619.69,61667.39,179.49832999999998,15
2026-07-02 18:00:00,61667.4,61855.33,61664.39,61828.22,125.95905,15
2026-07-02 18:15:00,61828.21,61900.29,61726.62,61868.16,168.0304,15
2026-07-02 18:30:00,61868.17,61868.17,61770.42,61776.02,59.75207,15
2026-07-02 18:45:00,61776.02,61872.0,61686.41,61761.36,103.50065000000001,15
2026-07-02 19:00:00,61761.36,61763.81,61604.0,61663.99,68.07453,15
2026-07-02 19:15:00,61664.0,61664.0,61513.41,61614.57,85.36358,15
2026-07-02 19:30:00,61614.57,61653.36,61525.52,61585.0,87.28304,15
2026-07-02 19:45:00,61585.0,61700.0,61424.0,61479.6,327.21264,15
2026-07-02 20:00:00,61479.59,61540.0,61405.79,61441.08,85.24719,15
2026-07-02 20:15:00,61441.09,61513.21,61402.0,61402.0,69.80598,15
2026-07-02 20:30:00,61402.0,61432.83,61342.0,61365.98,157.11964,15
2026-07-02 20:45:00,61365.98,61596.0,61365.98,61584.78,123.53470000000002,15
2026-07-02 21:00:00,61584.77,61653.43,61522.24,61522.63,119.4469,15
2026-07-02 21:15:00,61522.63,61546.0,61522.62,61540.42,29.76683,15
2026-07-02 21:30:00,61540.42,61556.0,61519.51,61524.99,78.68664,15
2026-07-02 21:45:00,61525.0,61611.28,61516.0,61592.26,107.19957000000001,15
2026-07-02 22:00:00,61592.26,61596.62,61521.9,61529.66,72.2005,15
2026-07-02 22:15:00,61529.66,61566.43,61522.34,61522.35,57.37319,15
2026-07-02 22:30:00,61522.35,61547.72,61514.83,61527.31,58.78976,15
2026-07-02 22:45:00,61527.31,61554.97,61406.28,61465.26,125.05054,15
2026-07-02 23:00:00,61465.26,61465.27,61350.02,61351.9,80.54942,15
2026-07-02 23:15:00,61351.9,61538.0,61351.89,61510.61,61.99274,15
2026-07-02 23:30:00,61510.61,61606.0,61448.48,61482.83,49.27823,15
2026-07-02 23:45:00,61482.82,61600.0,61478.0,61560.0,71.92088,15
2026-07-03 00:00:00,61560.0,61578.0,61350.0,61416.0,271.57689,15
2026-07-03 00:15:00,61415.99,61457.39,61303.55,61303.55,350.26156,15
2026-07-03 00:30:00,61303.55,61368.0,61248.86,61337.99,93.86101000000001,15
2026-07-03 00:45:00,61337.99,61411.51,61298.41,61308.75,87.65907,15
2026-07-03 01:00:00,61308.75,61728.0,61286.0,61635.28,121.56148,15
2026-07-03 01:15:00,61635.28,61651.79,61507.95,61570.0,95.85963,15
2026-07-03 01:30:00,61570.01,61733.11,61526.0,61666.17,106.64131,15
2026-07-03 01:45:00,61666.17,61673.91,61588.0,61588.0,41.23366,15
2026-07-03 02:00:00,61588.0,61664.62,61516.82,61523.62,111.43848,15
2026-07-03 02:15:00,61523.62,61585.14,61398.93,61398.93,130.46152,15
2026-07-03 02:30:00,61398.93,61462.0,61294.0,61363.84,398.27961,15
2026-07-03 02:45:00,61363.84,61460.03,61300.18,61440.01,77.97091999999999,15
2026-07-03 03:00:00,61440.01,61457.94,61324.0,61329.98,120.46538,15
2026-07-03 03:15:00,61329.98,61575.15,61329.97,61536.01,67.92304,15
2026-07-03 03:30:00,61536.0,61540.83,61388.0,61400.0,38.16477,15
2026-07-03 03:45:00,61400.01,61454.77,61356.0,61434.0,365.82382,15
2026-07-03 04:00:00,61434.0,61460.75,61332.76,61430.0,89.7676,15
2026-07-03 04:15:00,61429.99,61435.03,61345.99,61435.02,54.70575,15
2026-07-03 04:30:00,61435.03,61524.01,61410.74,61514.0,201.87242,15
2026-07-03 04:45:00,61514.0,61514.01,61372.78,61448.0,251.34167000000002,15
2026-07-03 05:00:00,61448.0,61558.79,61430.0,61535.99,91.54335999999999,15
2026-07-03 05:15:00,61536.0,61682.3,61514.05,61624.99,360.11726,15
2026-07-03 05:30:00,61624.99,61808.0,61612.0,61698.59,171.17733,15
2026-07-03 05:45:00,61698.58,61750.0,61648.43,61700.49,46.58232,15
2026-07-03 06:00:00,61700.49,61850.0,61693.96,61725.0,104.18822,15
2026-07-03 06:15:00,61725.0,61808.0,61697.37,61719.91,383.1624,15
2026-07-03 06:30:00,61719.92,61779.76,61612.0,61641.62,280.51488,15
2026-07-03 06:45:00,61641.63,61768.63,61641.63,61710.01,53.7,15
2026-07-03 07:00:00,61710.01,61779.46,61659.32,61701.61,70.44418,15
2026-07-03 07:15:00,61701.6,61767.01,61701.6,61767.0,156.75263999999999,15
2026-07-03 07:30:00,61767.0,61842.0,61744.06,61822.71,577.34199,15
2026-07-03 07:45:00,61822.71,61864.99,61746.03,61750.47,270.69554,15
2026-07-03 08:00:00,61750.47,61829.92,61741.29,61748.01,88.50165,15
2026-07-03 08:15:00,61748.01,61827.82,61724.6,61779.56,64.4096,15
2026-07-03 08:30:00,61779.55,61896.99,61725.29,61872.01,93.22403,15
2026-07-03 08:45:00,61872.0,61872.0,61554.07,61584.0,95.46741,15
2026-07-03 09:00:00,61583.99,61702.0,61510.01,61700.0,83.05596,15
2026-07-03 09:15:00,61700.0,61733.03,61644.0,61685.11,76.32077,15
2026-07-03 09:30:00,61685.12,61692.05,61558.01,61657.94,101.30412,15
2026-07-03 09:45:00,61657.94,61783.89,61657.94,61718.68,75.82699,15
2026-07-03 10:00:00,61718.69,61774.0,61674.0,61724.0,66.77325,15
