timestamp,open,high,low,close,volume,source_1m_count
2026-06-03 10:30:00,1886.5,1888.27,1882.87,1883.45,2045.7236,15
2026-06-03 10:45:00,1883.45,1885.24,1882.22,1884.79,2137.0047,15
2026-06-03 11:00:00,1884.79,1888.0,1882.93,1888.0,2064.178,15
2026-06-03 11:15:00,1887.99,1888.29,1884.5,1886.84,2478.4353,15
2026-06-03 11:30:00,1886.83,1886.83,1879.39,1881.17,2676.833,15
2026-06-03 11:45:00,1881.17,1881.17,1876.12,1878.16,3000.5058,15
2026-06-03 12:00:00,1878.17,1879.29,1872.95,1874.69,2530.5516000000002,15
2026-06-03 12:15:00,1874.68,1874.68,1868.02,1873.59,5428.8896,15
2026-06-03 12:30:00,1873.58,1880.0,1868.26,1872.62,4007.0797000000002,15
2026-06-03 12:45:00,1872.62,1879.57,1871.6,1876.4,2413.3583,15
2026-06-03 13:00:00,1876.41,1879.68,1869.34,1874.38,4255.7586,15
2026-06-03 13:15:00,1874.38,1878.3,1867.67,1867.83,2755.6989,15
2026-06-03 13:30:00,1867.84,1877.0,1863.01,1864.49,6231.5698,15
2026-06-03 13:45:00,1864.49,1872.56,1861.35,1867.64,5532.4651,15
2026-06-03 14:00:00,1867.64,1868.72,1862.0,1865.54,3729.7459,15
2026-06-03 14:15:00,1865.55,1866.47,1854.53,1858.26,5871.9497,15
2026-06-03 14:30:00,1858.26,1862.09,1852.8,1853.81,3543.7889,15
2026-06-03 14:45:00,1853.81,1859.22,1852.82,1858.51,2431.8585000000003,15
2026-06-03 15:00:00,1858.51,1859.75,1847.84,1851.32,5776.4957,15
2026-06-03 15:15:00,1851.32,1856.56,1844.47,1853.7,9381.0096,15
2026-06-03 15:30:00,1853.7,1856.0,1843.09,1845.0,5362.6461,15
2026-06-03 15:45:00,1845.0,1846.55,1836.21,1837.21,9239.3895,15
2026-06-03 16:00:00,1837.22,1844.08,1831.35,1836.63,10844.7753,15
2026-06-03 16:15:00,1836.63,1838.64,1811.15,1819.16,16247.8548,15
2026-06-03 16:30:00,1819.16,1829.08,1816.8,1828.5,7072.6224999999995,15
2026-06-03 16:45:00,1828.5,1833.3,1826.24,1832.68,4704.6205,15
2026-06-03 17:00:00,1832.68,1833.93,1818.14,1820.6,4576.8446,15
2026-06-03 17:15:00,1820.59,1830.09,1820.59,1829.62,3442.1339,15
2026-06-03 17:30:00,1829.62,1839.53,1826.63,1836.01,3640.1941,15
2026-06-03 17:45:00,1836.01,1836.26,1823.48,1828.11,3690.2646,15
2026-06-03 18:00:00,1828.12,1832.69,1825.46,1829.27,2994.7321,15
2026-06-03 18:15:00,1829.26,1829.27,1821.65,1825.66,3107.0591,15
2026-06-03 18:30:00,1825.65,1832.3,1822.41,1830.22,2028.58,15
2026-06-03 18:45:00,1830.23,1834.41,1830.23,1832.25,2083.6457,15
2026-06-03 19:00:00,1832.25,1833.64,1826.24,1827.93,2223.3778,15
2026-06-03 19:15:00,1827.93,1829.31,1814.47,1815.8,7095.1897,15
2026-06-03 19:30:00,1815.79,1823.66,1813.35,1820.01,4364.7478,15
2026-06-03 19:45:00,1820.0,1823.17,1795.23,1803.41,26278.0974,15
2026-06-03 20:00:00,1803.41,1813.11,1792.66,1811.36,12016.5759,15
2026-06-03 20:15:00,1811.35,1811.46,1796.87,1810.5,7785.5089,15
2026-06-03 20:30:00,1810.5,1810.51,1793.22,1793.79,6102.2507,15
2026-06-03 20:45:00,1793.8,1796.0,1769.62,1781.44,22223.729900000002,15
2026-06-03 21:00:00,1781.44,1803.6,1777.67,1797.85,7209.7586,15
2026-06-03 21:15:00,1797.85,1803.77,1797.49,1801.8,3447.8936,15
2026-06-03 21:30:00,1801.8,1839.42,1800.48,1829.42,16216.7575,15
2026-06-03 21:45:00,1829.42,1850.29,1825.44,1850.1,13977.143,15
2026-06-03 22:00:00,1850.1,1852.2,1836.6,1838.51,10695.527900000001,15
2026-06-03 22:15:00,1838.51,1838.51,1827.11,1829.58,6592.4472,15
2026-06-03 22:30:00,1829.57,1836.49,1822.77,1830.88,5745.402,15
2026-06-03 22:45:00,1830.87,1831.59,1823.43,1829.0,3048.5289,15
2026-06-03 23:00:00,1829.01,1830.93,1816.54,1823.56,7051.0677,15
2026-06-03 23:15:00,1823.56,1825.31,1816.53,1822.35,4068.9012,15
2026-06-03 23:30:00,1822.35,1825.48,1814.42,1816.5,5626.0007,15
2026-06-03 23:45:00,1816.51,1820.73,1812.84,1813.05,3594.8811,15
2026-06-04 00:00:00,1813.05,1820.5,1810.3,1817.01,4392.1554,15
2026-06-04 00:15:00,1817.01,1819.9,1784.08,1784.18,11292.3317,15
2026-06-04 00:30:00,1784.18,1804.32,1782.6,1800.72,14569.9031,15
2026-06-04 00:45:00,1800.72,1800.79,1785.4,1793.85,6439.7582,15
2026-06-04 01:00:00,1793.86,1801.06,1784.75,1786.91,6672.4043,15
2026-06-04 01:15:00,1786.92,1787.6,1765.0,1773.6,14248.4606,15
2026-06-04 01:30:00,1773.61,1789.74,1772.77,1781.55,6568.5163,15
2026-06-04 01:45:00,1781.54,1782.54,1755.0,1759.77,17904.910200000002,15
2026-06-04 02:00:00,1759.76,1762.18,1717.28,1745.53,49769.151399999995,15
2026-06-04 02:15:00,1745.53,1772.49,1736.48,1766.55,17870.1744,15
2026-06-04 02:30:00,1766.55,1776.9,1763.12,1774.1,9403.1629,15
2026-06-04 02:45:00,1774.09,1778.93,1765.82,1766.82,7171.6326,15
2026-06-04 03:00:00,1766.83,1797.6,1766.6,1793.53,12449.0844,15
2026-06-04 03:15:00,1793.53,1801.22,1793.06,1794.83,6809.1530999999995,15
2026-06-04 03:30:00,1794.83,1812.52,1794.42,1808.59,9939.9855,15
2026-06-04 03:45:00,1808.59,1812.09,1806.22,1809.24,4545.2747,15
2026-06-04 04:00:00,1809.24,1817.45,1808.0,1814.0,4357.1929,15
2026-06-04 04:15:00,1813.99,1818.0,1809.42,1810.93,3960.0804,15
2026-06-04 04:30:00,1810.93,1812.8,1803.23,1807.41,4669.7968,15
2026-06-04 04:45:00,1807.41,1807.92,1802.69,1805.49,3969.0863,15
2026-06-04 05:00:00,1805.49,1805.49,1783.4,1792.72,9049.8113,15
2026-06-04 05:15:00,1792.72,1795.05,1783.72,1784.54,8053.11,15
2026-06-04 05:30:00,1784.55,1794.89,1780.59,1793.99,6338.8277,15
2026-06-04 05:45:00,1793.98,1793.98,1781.33,1784.06,4139.3724,15
2026-06-04 06:00:00,1784.05,1791.03,1782.07,1790.69,5141.3761,15
2026-06-04 06:15:00,1790.69,1802.06,1788.84,1797.43,5003.4695,15
2026-06-04 06:30:00,1797.44,1801.78,1791.29,1798.15,3769.8379,15
2026-06-04 06:45:00,1798.14,1798.14,1786.85,1789.95,4816.456,15
2026-06-04 07:00:00,1789.96,1790.72,1776.89,1783.39,5916.7466,15
2026-06-04 07:15:00,1783.39,1784.38,1773.52,1778.02,5553.5560000000005,15
2026-06-04 07:30:00,1778.02,1787.3,1777.41,1784.53,4435.9505,15
2026-06-04 07:45:00,1784.53,1785.24,1777.05,1777.45,3810.8811,15
2026-06-04 08:00:00,1777.44,1783.27,1767.46,1767.73,5353.6653,15
2026-06-04 08:15:00,1767.74,1774.2,1763.98,1771.59,6869.7862000000005,15
2026-06-04 08:30:00,1771.59,1778.96,1766.94,1769.04,5049.6776,15
2026-06-04 08:45:00,1769.04,1777.34,1768.85,1773.63,4649.745,15
2026-06-04 09:00:00,1773.63,1774.14,1758.51,1761.25,7261.6024,15
2026-06-04 09:15:00,1761.25,1761.84,1746.32,1749.18,15448.6483,15
2026-06-04 09:30:00,1749.18,1753.92,1744.53,1752.76,8713.9578,15
2026-06-04 09:45:00,1752.75,1766.76,1752.64,1766.52,9487.5977,15
2026-06-04 10:00:00,1766.58,1767.22,1753.35,1755.9,5735.4002,15
2026-06-04 10:15:00,1755.9,1761.0,1751.98,1755.01,4912.1362,15
2026-06-04 10:30:00,1755.0,1763.31,1752.61,1752.84,5695.452,15
2026-06-04 10:45:00,1752.85,1753.89,1730.13,1736.86,27646.1431,15
2026-06-04 11:00:00,1736.86,1744.26,1732.53,1736.38,10388.9247,15
2026-06-04 11:15:00,1736.38,1752.09,1735.01,1747.83,10985.9462,15
2026-06-04 11:30:00,1747.83,1754.67,1738.04,1741.12,7359.4621,15
2026-06-04 11:45:00,1741.12,1751.85,1741.12,1751.51,5828.716,15
2026-06-04 12:00:00,1751.51,1757.43,1744.29,1747.14,6946.0187,15
2026-06-04 12:15:00,1747.13,1769.0,1746.76,1767.68,12058.9412,15
2026-06-04 12:30:00,1767.67,1782.91,1765.16,1775.18,9892.9557,15
2026-06-04 12:45:00,1775.17,1782.52,1772.0,1778.16,7721.318,15
2026-06-04 13:00:00,1778.17,1780.49,1773.27,1773.28,6867.8368,15
2026-06-04 13:15:00,1773.27,1775.13,1755.65,1763.13,8164.316,15
2026-06-04 13:30:00,1763.14,1790.0,1762.02,1778.74,12332.1312,15
2026-06-04 13:45:00,1778.74,1787.15,1774.91,1785.52,5070.1076,15
2026-06-04 14:00:00,1785.53,1794.43,1777.99,1789.5,8074.8431,15
2026-06-04 14:15:00,1789.51,1791.3,1780.23,1782.16,5242.1583,15
2026-06-04 14:30:00,1782.15,1782.15,1770.5,1772.3,6773.274,15
2026-06-04 14:45:00,1772.3,1775.69,1766.33,1774.38,4567.5415,15
2026-06-04 15:00:00,1774.37,1791.29,1771.14,1789.03,5708.4434,15
2026-06-04 15:15:00,1789.02,1790.0,1773.72,1778.88,4551.2957,15
2026-06-04 15:30:00,1778.89,1780.45,1774.32,1775.31,3660.1288,15
2026-06-04 15:45:00,1775.31,1780.1,1770.64,1777.02,3873.0867,15
2026-06-04 16:00:00,1777.03,1778.27,1771.07,1772.34,3210.8838,15
2026-06-04 16:15:00,1772.34,1778.05,1769.6,1770.11,3154.0696,15
2026-06-04 16:30:00,1770.11,1779.08,1766.13,1777.9,4183.1338,15
2026-06-04 16:45:00,1777.9,1781.25,1768.9,1772.2,2931.0248,15
2026-06-04 17:00:00,1772.2,1776.03,1768.47,1772.59,2628.2269,15
2026-06-04 17:15:00,1772.6,1772.6,1762.38,1764.58,3895.5514,15
2026-06-04 17:30:00,1764.58,1766.05,1754.0,1757.91,5624.5981,15
2026-06-04 17:45:00,1757.91,1774.93,1754.38,1768.05,6137.8108,15
2026-06-04 18:00:00,1768.06,1770.09,1760.01,1760.43,2925.5514,15
2026-06-04 18:15:00,1760.44,1779.57,1760.44,1779.57,5248.9491,15
2026-06-04 18:30:00,1779.57,1783.64,1773.15,1774.87,4906.7964999999995,15
2026-06-04 18:45:00,1774.85,1781.2,1772.53,1776.28,3515.6364,15
2026-06-04 19:00:00,1776.27,1777.53,1771.0,1777.51,2422.1004000000003,15
2026-06-04 19:15:00,1777.5,1787.11,1776.5,1784.96,4503.0515000000005,15
2026-06-04 19:30:00,1784.96,1785.91,1777.68,1778.51,2723.618,15
2026-06-04 19:45:00,1778.5,1779.38,1773.57,1776.94,2533.5714,15
2026-06-04 20:00:00,1776.93,1777.52,1764.66,1772.59,3072.8597,15
2026-06-04 20:15:00,1772.59,1775.0,1767.35,1770.25,2001.3057999999999,15
2026-06-04 20:30:00,1770.25,1774.88,1769.5,1772.54,1884.4378,15
2026-06-04 20:45:00,1772.53,1774.88,1768.97,1774.88,1781.1746,15
2026-06-04 21:00:00,1774.87,1783.02,1772.79,1778.31,4372.6717,15
2026-06-04 21:15:00,1778.31,1778.78,1768.44,1769.94,2474.3393,15
2026-06-04 21:30:00,1769.93,1770.53,1757.11,1767.77,5280.8596,15
2026-06-04 21:45:00,1767.77,1769.47,1760.79,1761.2,2612.6544,15
2026-06-04 22:00:00,1761.2,1768.6,1753.29,1756.8,6767.0092,15
2026-06-04 22:15:00,1756.8,1762.86,1756.69,1759.75,2931.9146,15
2026-06-04 22:30:00,1759.75,1764.09,1752.46,1760.46,3969.4814,15
2026-06-04 22:45:00,1760.46,1770.26,1756.75,1768.73,3520.8875,15
2026-06-04 23:00:00,1768.74,1777.02,1767.62,1770.17,3194.3432000000003,15
2026-06-04 23:15:00,1770.17,1770.17,1757.35,1760.92,3081.8168,15
2026-06-04 23:30:00,1760.93,1770.54,1760.48,1769.87,2132.7105,15
2026-06-04 23:45:00,1769.88,1772.45,1766.65,1770.77,2760.1973000000003,15
2026-06-05 00:00:00,1770.76,1770.76,1763.39,1763.97,2585.4399,15
2026-06-05 00:15:00,1763.98,1772.96,1760.39,1772.78,2738.3591,15
2026-06-05 00:30:00,1772.77,1774.99,1767.5,1768.8,2795.6655,15
2026-06-05 00:45:00,1768.79,1772.11,1758.51,1759.42,3214.7934999999998,15
2026-06-05 01:00:00,1759.43,1759.57,1746.52,1756.24,6346.6982,15
2026-06-05 01:15:00,1756.25,1759.37,1748.22,1755.35,5471.206,15
2026-06-05 01:30:00,1755.36,1764.07,1752.12,1757.66,3523.6719,15
2026-06-05 01:45:00,1757.66,1757.79,1752.0,1753.33,2679.8844,15
2026-06-05 02:00:00,1753.34,1754.9,1742.95,1747.38,8266.094799999999,15
2026-06-05 02:15:00,1747.38,1750.85,1736.28,1736.41,10248.244,15
2026-06-05 02:30:00,1736.42,1742.09,1727.65,1735.64,11132.216,15
2026-06-05 02:45:00,1735.65,1740.35,1730.02,1730.24,5484.9612,15
2026-06-05 03:00:00,1730.24,1731.69,1722.36,1724.54,6872.2437,15
2026-06-05 03:15:00,1724.54,1739.43,1724.54,1730.43,9427.8899,15
2026-06-05 03:30:00,1730.43,1739.5,1728.71,1731.46,3160.5894,15
2026-06-05 03:45:00,1731.46,1735.85,1728.0,1729.71,4223.2397,15
2026-06-05 04:00:00,1729.72,1734.9,1718.25,1726.89,11801.0034,15
2026-06-05 04:15:00,1726.9,1736.62,1718.27,1736.57,9610.2189,15
2026-06-05 04:30:00,1736.57,1736.57,1727.97,1730.35,3463.8849999999998,15
2026-06-05 04:45:00,1730.34,1746.05,1725.01,1744.64,4690.997,15
2026-06-05 05:00:00,1744.64,1747.8,1731.94,1732.78,5311.6719,15
2026-06-05 05:15:00,1732.78,1737.97,1726.44,1734.98,7426.507500000001,15
2026-06-05 05:30:00,1734.97,1735.6,1698.0,1699.45,31863.3907,15
2026-06-05 05:45:00,1699.45,1703.9,1681.29,1684.16,35634.2892,15
2026-06-05 06:00:00,1684.16,1689.5,1666.66,1671.7,34663.0841,15
2026-06-05 06:15:00,1671.69,1676.96,1625.78,1644.91,57011.5043,15
2026-06-05 06:30:00,1644.92,1669.71,1643.31,1664.95,23315.0154,15
2026-06-05 06:45:00,1664.95,1666.4,1652.45,1656.52,13271.4264,15
2026-06-05 07:00:00,1656.52,1658.07,1633.45,1638.02,18519.7518,15
2026-06-05 07:15:00,1638.02,1663.0,1637.93,1657.45,13589.2481,15
2026-06-05 07:30:00,1657.44,1674.34,1653.18,1674.22,24383.689,15
2026-06-05 07:45:00,1674.22,1680.0,1671.01,1679.21,19119.5448,15
2026-06-05 08:00:00,1679.22,1679.64,1667.03,1669.52,12691.8664,15
2026-06-05 08:15:00,1669.52,1673.77,1662.99,1673.16,9014.296699999999,15
2026-06-05 08:30:00,1673.16,1676.43,1666.9,1667.05,7677.6353,15
2026-06-05 08:45:00,1667.05,1669.32,1659.43,1663.87,8873.7151,15
2026-06-05 09:00:00,1663.88,1687.7,1662.85,1687.1,12221.267100000001,15
2026-06-05 09:15:00,1687.1,1690.07,1676.65,1684.94,9623.0095,15
2026-06-05 09:30:00,1684.94,1685.78,1677.03,1678.41,5679.371,15
2026-06-05 09:45:00,1678.41,1685.56,1678.09,1682.72,5092.6303,15
2026-06-05 10:00:00,1682.73,1685.03,1672.27,1677.53,8334.9157,15
2026-06-05 10:15:00,1677.53,1678.25,1672.05,1676.64,3915.2517,15
2026-06-05 10:30:00,1676.64,1682.19,1672.39,1680.07,4863.7119999999995,15
2026-06-05 10:45:00,1680.07,1680.07,1672.55,1676.87,5627.6302,15
2026-06-05 11:00:00,1676.86,1677.4,1668.11,1670.32,4764.9133,15
2026-06-05 11:15:00,1670.32,1681.8,1668.45,1677.9,9364.812,15
2026-06-05 11:30:00,1677.9,1678.96,1667.65,1667.66,5302.4164,15
2026-06-05 11:45:00,1667.66,1671.34,1663.0,1663.44,6371.2276,15
2026-06-05 12:00:00,1663.43,1669.15,1652.0,1660.52,14337.4596,15
2026-06-05 12:15:00,1660.51,1671.47,1660.49,1664.25,5842.2613,15
2026-06-05 12:30:00,1664.26,1671.31,1646.1,1656.55,14152.828300000001,15
2026-06-05 12:45:00,1656.55,1659.39,1651.75,1657.28,6277.4905,15
2026-06-05 13:00:00,1657.28,1672.26,1656.88,1666.91,10532.4343,15
2026-06-05 13:15:00,1666.9,1674.33,1663.97,1665.41,8160.5848,15
2026-06-05 13:30:00,1665.4,1677.7,1652.15,1655.28,16421.4678,15
2026-06-05 13:45:00,1655.31,1657.07,1612.35,1615.04,32874.0962,15
2026-06-05 14:00:00,1615.05,1624.56,1590.8,1615.77,54198.8153,15
2026-06-05 14:15:00,1615.77,1622.61,1596.5,1603.42,21074.3328,15
2026-06-05 14:30:00,1603.41,1623.18,1596.63,1609.84,19799.1578,15
2026-06-05 14:45:00,1609.84,1618.27,1595.48,1600.96,23145.2987,15
2026-06-05 15:00:00,1600.96,1603.01,1579.03,1584.2,30224.0943,15
2026-06-05 15:15:00,1584.2,1604.6,1580.0,1594.77,16299.8506,15
2026-06-05 15:30:00,1594.76,1599.15,1572.22,1584.87,20248.1322,15
2026-06-05 15:45:00,1584.88,1589.06,1575.71,1583.29,10744.7165,15
2026-06-05 16:00:00,1583.29,1593.09,1547.01,1587.28,45619.1948,15
2026-06-05 16:15:00,1587.27,1608.59,1581.42,1593.81,29715.2203,15
2026-06-05 16:30:00,1593.8,1597.12,1578.95,1583.07,11330.4925,15
2026-06-05 16:45:00,1583.06,1612.44,1582.79,1608.49,14129.265,15
2026-06-05 17:00:00,1608.48,1612.89,1595.2,1599.46,11790.5126,15
2026-06-05 17:15:00,1599.46,1600.09,1588.0,1589.42,10273.259,15
2026-06-05 17:30:00,1589.42,1603.7,1588.37,1592.92,6954.684,15
2026-06-05 17:45:00,1592.93,1595.65,1589.04,1594.28,6152.2555,15
2026-06-05 18:00:00,1594.28,1598.66,1588.78,1589.37,6491.0929,15
2026-06-05 18:15:00,1589.37,1590.21,1563.0,1565.25,17105.3338,15
2026-06-05 18:30:00,1565.25,1576.41,1555.0,1564.95,19576.1981,15
2026-06-05 18:45:00,1564.95,1566.02,1544.68,1553.26,22400.6721,15
2026-06-05 19:00:00,1553.26,1560.83,1543.33,1551.36,17086.532,15
2026-06-05 19:15:00,1551.35,1561.59,1540.19,1560.99,17075.0781,15
2026-06-05 19:30:00,1560.98,1561.59,1545.14,1553.11,14654.8668,15
2026-06-05 19:45:00,1553.11,1580.3,1553.05,1574.06,17053.4215,15
2026-06-05 20:00:00,1574.07,1591.06,1557.36,1584.09,17238.9378,15
2026-06-05 20:15:00,1584.09,1601.01,1580.67,1594.94,17071.4251,15
2026-06-05 20:30:00,1594.95,1603.2,1590.68,1599.0,10981.0472,15
2026-06-05 20:45:00,1599.01,1608.5,1595.6,1603.38,11610.5851,15
2026-06-05 21:00:00,1603.38,1615.5,1602.45,1613.24,10344.6469,15
2026-06-05 21:15:00,1613.24,1616.41,1607.73,1611.42,22428.875,15
2026-06-05 21:30:00,1611.41,1616.51,1607.1,1613.94,4363.3333,15
2026-06-05 21:45:00,1613.94,1619.3,1609.13,1609.8,3277.4456,15
2026-06-05 22:00:00,1609.81,1610.25,1589.68,1594.12,10261.0681,15
2026-06-05 22:15:00,1594.11,1603.75,1591.34,1594.67,8875.681199999999,15
2026-06-05 22:30:00,1594.68,1605.44,1591.8,1599.11,7137.8597,15
2026-06-05 22:45:00,1599.11,1602.6,1592.37,1597.14,6773.9893,15
2026-06-05 23:00:00,1597.14,1603.89,1592.33,1592.49,7602.6356,15
2026-06-05 23:15:00,1592.48,1592.79,1570.37,1574.66,13722.157,15
2026-06-05 23:30:00,1574.65,1575.48,1561.07,1571.91,8573.6985,15
2026-06-05 23:45:00,1571.91,1584.3,1568.01,1583.4,3743.5804,15
2026-06-06 00:00:00,1583.4,1601.22,1582.71,1598.36,6344.6822999999995,15
2026-06-06 00:15:00,1598.36,1600.73,1590.29,1595.75,4421.117,15
2026-06-06 00:30:00,1595.75,1599.72,1592.02,1593.25,3078.4058999999997,15
2026-06-06 00:45:00,1593.25,1598.59,1591.29,1593.03,3476.5281,15
2026-06-06 01:00:00,1593.04,1596.77,1584.58,1585.4,2779.7491,15
2026-06-06 01:15:00,1585.39,1592.98,1578.15,1592.78,4054.8056,15
2026-06-06 01:30:00,1592.77,1592.77,1582.51,1584.41,2769.4568,15
2026-06-06 01:45:00,1584.4,1588.14,1580.0,1583.16,3084.5447,15
2026-06-06 02:00:00,1583.16,1583.57,1575.62,1575.65,4437.2627,15
2026-06-06 02:15:00,1575.66,1578.96,1566.66,1572.86,5440.0329,15
2026-06-06 02:30:00,1572.85,1581.11,1571.2,1576.8,5909.6621000000005,15
2026-06-06 02:45:00,1576.8,1585.84,1574.59,1576.2,3809.9591,15
2026-06-06 03:00:00,1576.2,1576.73,1568.37,1570.78,4577.5641,15
2026-06-06 03:15:00,1570.78,1572.47,1562.85,1566.64,4593.0737,15
2026-06-06 03:30:00,1566.64,1566.74,1555.28,1562.72,6049.8542,15
2026-06-06 03:45:00,1562.72,1567.86,1559.41,1563.34,3777.6988,15
2026-06-06 04:00:00,1563.34,1569.57,1538.69,1541.83,14896.983,15
2026-06-06 04:15:00,1541.83,1548.55,1528.88,1533.79,13650.3055,15
2026-06-06 04:30:00,1533.79,1535.5,1510.43,1520.5,17581.0181,15
2026-06-06 04:45:00,1520.5,1530.58,1515.67,1522.56,7255.3139,15
2026-06-06 05:00:00,1522.57,1531.37,1505.68,1518.97,19454.6051,15
2026-06-06 05:15:00,1518.96,1565.3,1517.9,1549.6,18054.1126,15
2026-06-06 05:30:00,1549.59,1563.65,1549.1,1560.39,11663.9102,15
2026-06-06 05:45:00,1560.38,1569.17,1557.16,1566.71,11089.1931,15
2026-06-06 06:00:00,1566.72,1577.72,1566.65,1576.25,11003.8256,15
2026-06-06 06:15:00,1576.25,1581.62,1571.2,1574.73,8388.1663,15
2026-06-06 06:30:00,1574.72,1578.9,1563.52,1563.53,7636.8363,15
2026-06-06 06:45:00,1563.52,1566.84,1556.01,1560.16,11241.3572,15
2026-06-06 07:00:00,1560.1,1575.5,1556.07,1574.45,10311.0097,15
2026-06-06 07:15:00,1574.44,1580.22,1566.07,1567.99,9921.4769,15
2026-06-06 07:30:00,1568.0,1577.63,1567.01,1576.85,7041.5317,15
2026-06-06 07:45:00,1576.85,1578.37,1574.66,1575.14,2846.1493,15
2026-06-06 08:00:00,1575.14,1578.97,1570.01,1578.3,2631.5624,15
2026-06-06 08:15:00,1578.29,1588.32,1573.26,1585.85,5476.9119,15
2026-06-06 08:30:00,1585.84,1593.04,1583.66,1587.61,5786.0793,15
2026-06-06 08:45:00,1587.6,1588.24,1581.57,1582.57,3571.9813,15
2026-06-06 09:00:00,1582.56,1587.2,1577.42,1580.93,4210.4812,15
2026-06-06 09:15:00,1580.92,1587.64,1576.71,1587.17,4001.5893,15
2026-06-06 09:30:00,1587.17,1588.53,1578.22,1579.47,3378.8262,15
2026-06-06 09:45:00,1579.47,1580.68,1565.97,1570.69,6490.4635,15
2026-06-06 10:00:00,1570.7,1570.7,1555.49,1556.36,10481.905,15
2026-06-06 10:15:00,1556.36,1561.59,1552.71,1554.44,6115.1393,15
2026-06-06 10:30:00,1554.44,1555.26,1536.44,1544.39,14938.8549,15
2026-06-06 10:45:00,1544.4,1549.33,1535.68,1548.27,7723.457,15
2026-06-06 11:00:00,1548.26,1557.42,1547.24,1554.64,5178.2179,15
2026-06-06 11:15:00,1554.64,1564.92,1553.14,1564.21,8482.7383,15
2026-06-06 11:30:00,1564.21,1566.21,1559.55,1560.78,4554.9227,15
2026-06-06 11:45:00,1560.78,1567.4,1556.21,1558.89,3711.5999,15
2026-06-06 12:00:00,1558.9,1565.86,1558.68,1563.78,5483.0123,15
2026-06-06 12:15:00,1563.77,1565.17,1554.92,1554.92,6180.5334,15
2026-06-06 12:30:00,1554.91,1563.54,1551.56,1562.21,4931.1728,15
2026-06-06 12:45:00,1562.2,1575.82,1560.6,1571.32,9390.9965,15
2026-06-06 13:00:00,1571.32,1573.36,1567.06,1568.36,2838.4977,15
2026-06-06 13:15:00,1568.36,1571.77,1561.0,1561.78,6679.5768,15
2026-06-06 13:30:00,1561.78,1563.96,1553.92,1563.83,16906.4597,15
2026-06-06 13:45:00,1563.83,1567.91,1555.62,1557.03,6104.6847,15
2026-06-06 14:00:00,1557.04,1563.97,1556.09,1561.11,8571.8145,15
2026-06-06 14:15:00,1561.1,1566.43,1557.77,1561.04,5961.5264,15
2026-06-06 14:30:00,1561.03,1565.34,1558.65,1563.42,5775.5111,15
2026-06-06 14:45:00,1563.42,1566.96,1557.03,1557.7,6672.9719,15
2026-06-06 15:00:00,1557.71,1561.52,1549.4,1551.81,7915.6113000000005,15
2026-06-06 15:15:00,1551.81,1558.12,1544.87,1555.79,7401.7676,15
2026-06-06 15:30:00,1555.79,1564.99,1553.17,1563.6,4703.5206,15
2026-06-06 15:45:00,1563.6,1565.84,1558.52,1560.45,2430.0316000000003,15
2026-06-06 16:00:00,1560.45,1565.81,1557.08,1560.74,3043.7131,15
2026-06-06 16:15:00,1560.73,1561.85,1555.0,1556.47,3629.7889,15
2026-06-06 16:30:00,1556.47,1562.47,1553.36,1561.8,4891.4286,15
2026-06-06 16:45:00,1561.8,1566.0,1560.12,1563.57,3686.416,15
2026-06-06 17:00:00,1563.58,1566.51,1558.14,1562.37,2474.9408,15
2026-06-06 17:15:00,1562.36,1563.29,1556.72,1559.99,3584.8801000000003,15
2026-06-06 17:30:00,1560.0,1564.65,1551.81,1556.24,7173.1223,15
2026-06-06 17:45:00,1556.23,1557.85,1547.05,1553.54,7371.7845,15
2026-06-06 18:00:00,1553.53,1555.89,1550.01,1552.0,5093.1557,15
2026-06-06 18:15:00,1552.0,1566.25,1550.54,1563.82,7244.8416,15
2026-06-06 18:30:00,1563.81,1563.81,1556.06,1557.45,2079.8423000000003,15
2026-06-06 18:45:00,1557.46,1558.51,1552.65,1556.58,2178.5119,15
2026-06-06 19:00:00,1556.59,1563.51,1554.93,1560.36,2832.6124999999997,15
2026-06-06 19:15:00,1560.35,1560.45,1555.88,1556.14,2029.028,15
2026-06-06 19:30:00,1556.14,1557.02,1553.52,1555.25,1774.3816,15
2026-06-06 19:45:00,1555.25,1558.35,1554.23,1554.56,1766.4668,15
2026-06-06 20:00:00,1554.55,1556.14,1551.09,1553.12,2696.1294000000003,15
2026-06-06 20:15:00,1553.12,1555.12,1551.13,1552.65,2066.9419,15
2026-06-06 20:30:00,1552.64,1559.54,1550.85,1559.3,4532.7902,15
2026-06-06 20:45:00,1559.29,1559.99,1555.43,1557.61,1873.0889,15
2026-06-06 21:00:00,1557.62,1563.14,1557.62,1561.0,3021.2017,15
2026-06-06 21:15:00,1561.0,1564.12,1559.44,1561.52,2678.8487999999998,15
2026-06-06 21:30:00,1561.52,1565.21,1560.21,1561.18,1553.6136000000001,15
2026-06-06 21:45:00,1561.19,1562.55,1557.91,1558.2,1112.1390000000001,15
2026-06-06 22:00:00,1558.2,1560.9,1553.21,1555.9,3377.8527,15
2026-06-06 22:15:00,1555.91,1561.93,1551.57,1553.48,3260.5027999999998,15
2026-06-06 22:30:00,1553.48,1558.01,1553.22,1557.47,1716.1699,15
2026-06-06 22:45:00,1557.48,1561.76,1557.48,1558.33,1704.7543,15
2026-06-06 23:00:00,1558.33,1564.0,1558.0,1562.68,2017.092,15
2026-06-06 23:15:00,1562.68,1562.68,1556.86,1560.62,1595.5086,15
2026-06-06 23:30:00,1560.62,1569.71,1560.27,1567.71,6168.3897,15
2026-06-06 23:45:00,1567.71,1570.06,1566.63,1569.69,2905.8184,15
2026-06-07 00:00:00,1569.68,1572.42,1565.52,1566.07,2964.1319,15
2026-06-07 00:15:00,1566.07,1569.46,1564.1,1566.53,1521.6154000000001,15
2026-06-07 00:30:00,1566.53,1572.09,1565.57,1565.75,2452.6472,15
2026-06-07 00:45:00,1565.74,1567.36,1565.0,1565.03,1415.5284,15
2026-06-07 01:00:00,1565.03,1587.68,1564.16,1586.63,6836.6974,15
2026-06-07 01:15:00,1586.63,1596.54,1583.52,1596.16,9475.7201,15
2026-06-07 01:30:00,1596.17,1596.35,1585.6,1588.99,3364.8033,15
2026-06-07 01:45:00,1589.0,1592.12,1585.42,1590.12,3334.7038,15
2026-06-07 02:00:00,1590.12,1593.89,1587.93,1589.72,2747.2674,15
2026-06-07 02:15:00,1589.72,1589.86,1582.97,1585.25,2814.9302000000002,15
2026-06-07 02:30:00,1585.26,1586.82,1582.39,1586.82,2059.1138,15
2026-06-07 02:45:00,1586.83,1594.92,1586.6,1592.67,5161.0541,15
2026-06-07 03:00:00,1592.67,1593.6,1589.72,1593.51,2326.5704,15
2026-06-07 03:15:00,1593.51,1600.51,1591.61,1595.91,4501.3701,15
2026-06-07 03:30:00,1595.91,1597.99,1590.89,1594.72,2703.7117,15
2026-06-07 03:45:00,1594.72,1595.5,1591.83,1595.01,3103.2518,15
2026-06-07 04:00:00,1595.0,1595.67,1587.74,1589.33,3278.6597,15
2026-06-07 04:15:00,1589.33,1591.13,1585.0,1586.81,2738.1425,15
2026-06-07 04:30:00,1586.8,1599.1,1586.29,1596.06,2851.1004000000003,15
2026-06-07 04:45:00,1596.07,1598.24,1593.99,1597.0,3642.3221,15
2026-06-07 05:00:00,1597.0,1606.88,1593.25,1600.17,5476.1947,15
2026-06-07 05:15:00,1600.16,1609.96,1597.7,1603.63,7311.1563,15
2026-06-07 05:30:00,1603.64,1608.42,1600.0,1608.06,3085.7274,15
2026-06-07 05:45:00,1608.06,1608.16,1602.64,1604.02,2678.471,15
2026-06-07 06:00:00,1604.02,1604.39,1598.54,1600.25,3276.6511,15
2026-06-07 06:15:00,1600.25,1622.0,1598.58,1618.24,12713.5858,15
2026-06-07 06:30:00,1618.23,1623.52,1613.22,1614.45,9294.205100000001,15
2026-06-07 06:45:00,1614.45,1615.92,1610.69,1612.01,9893.4842,15
2026-06-07 07:00:00,1612.01,1615.34,1606.99,1610.21,12126.1503,15
2026-06-07 07:15:00,1610.21,1613.96,1608.42,1613.72,2919.1013,15
2026-06-07 07:30:00,1613.72,1615.43,1610.36,1612.33,3454.3759,15
2026-06-07 07:45:00,1612.33,1616.46,1611.19,1615.18,3732.8785,15
2026-06-07 08:00:00,1615.18,1616.21,1608.39,1613.31,2642.3547,15
2026-06-07 08:15:00,1613.32,1619.0,1610.08,1618.26,3061.1615,15
2026-06-07 08:30:00,1618.27,1622.15,1615.48,1621.95,4525.7086,15
2026-06-07 08:45:00,1621.94,1642.27,1621.74,1641.35,16832.1848,15
2026-06-07 09:00:00,1641.35,1643.26,1637.03,1642.98,7053.4064,15
2026-06-07 09:15:00,1642.98,1648.7,1636.3,1641.63,8586.251,15
2026-06-07 09:30:00,1641.63,1641.64,1633.18,1634.28,3516.3113,15
2026-06-07 09:45:00,1634.28,1636.67,1627.9,1633.52,4446.7188,15
2026-06-07 10:00:00,1633.53,1634.92,1627.98,1628.89,2869.147,15
2026-06-07 10:15:00,1628.9,1635.71,1628.75,1633.58,2348.9004,15
2026-06-07 10:30:00,1633.57,1635.73,1628.63,1630.01,3763.8701,15
2026-06-07 10:45:00,1630.01,1630.01,1624.78,1625.7,7282.3283,15
2026-06-07 11:00:00,1625.7,1628.08,1622.22,1626.64,6101.4886,15
2026-06-07 11:15:00,1626.64,1630.4,1625.59,1628.51,2343.6646,15
2026-06-07 11:30:00,1628.51,1633.33,1626.01,1632.9,2245.2494,15
2026-06-07 11:45:00,1632.9,1633.99,1629.35,1630.12,2186.547,15
2026-06-07 12:00:00,1630.12,1631.24,1609.77,1612.92,7742.1431999999995,15
2026-06-07 12:15:00,1612.91,1618.42,1609.1,1610.93,6302.7062,15
2026-06-07 12:30:00,1610.92,1618.0,1607.0,1616.02,8142.0813,15
2026-06-07 12:45:00,1616.02,1622.37,1615.73,1620.17,3426.4352,15
2026-06-07 13:00:00,1620.17,1621.34,1613.36,1620.59,3417.5382,15
2026-06-07 13:15:00,1620.58,1623.0,1615.58,1621.21,2582.34,15
2026-06-07 13:30:00,1621.21,1622.39,1615.57,1617.56,2236.7006,15
2026-06-07 13:45:00,1617.56,1619.79,1615.0,1617.46,1974.9488999999999,15
2026-06-07 14:00:00,1617.46,1621.12,1616.91,1618.54,3673.51,15
2026-06-07 14:15:00,1618.55,1633.69,1617.55,1630.47,8346.811,15
2026-06-07 14:30:00,1630.46,1640.0,1625.0,1626.34,8158.3761,15
2026-06-07 14:45:00,1626.35,1628.61,1621.76,1628.13,3095.0709,15
2026-06-07 15:00:00,1628.12,1628.12,1620.85,1627.15,2933.8353,15
2026-06-07 15:15:00,1627.15,1632.33,1623.48,1632.02,3680.5385,15
2026-06-07 15:30:00,1632.02,1636.12,1629.98,1632.78,4507.3426,15
2026-06-07 15:45:00,1632.78,1633.05,1627.04,1630.07,2815.4117,15
2026-06-07 16:00:00,1630.07,1631.13,1623.37,1630.25,4369.7782,15
2026-06-07 16:15:00,1630.26,1633.0,1627.29,1628.26,4258.0915,15
2026-06-07 16:30:00,1628.25,1631.99,1627.51,1629.62,2347.8627,15
2026-06-07 16:45:00,1629.62,1633.52,1625.82,1628.52,2476.1394,15
2026-06-07 17:00:00,1628.52,1636.7,1627.65,1635.25,3503.899,15
2026-06-07 17:15:00,1635.26,1637.56,1632.87,1635.33,6489.6884,15
2026-06-07 17:30:00,1635.33,1638.0,1633.05,1633.63,4228.7715,15
2026-06-07 17:45:00,1633.62,1633.64,1629.01,1631.35,2574.9702,15
2026-06-07 18:00:00,1631.34,1635.54,1630.35,1634.83,1388.6677,15
2026-06-07 18:15:00,1634.84,1634.98,1629.0,1633.11,1400.9483,15
2026-06-07 18:30:00,1633.11,1636.74,1633.03,1634.26,1754.1073000000001,15
2026-06-07 18:45:00,1634.25,1635.82,1629.46,1630.36,1561.0433,15
2026-06-07 19:00:00,1630.37,1630.56,1613.78,1616.73,6731.0026,15
2026-06-07 19:15:00,1616.73,1616.73,1604.0,1611.07,9942.1812,15
2026-06-07 19:30:00,1611.07,1611.93,1607.13,1607.88,3276.8168,15
2026-06-07 19:45:00,1607.88,1617.65,1605.36,1613.11,3900.4783,15
2026-06-07 20:00:00,1613.1,1623.01,1609.43,1620.96,3154.2624,15
2026-06-07 20:15:00,1620.96,1631.65,1618.32,1624.93,4139.0006,15
2026-06-07 20:30:00,1624.94,1627.1,1622.6,1624.71,1765.4967,15
2026-06-07 20:45:00,1624.7,1630.77,1624.2,1628.14,1881.4072,15
2026-06-07 21:00:00,1628.14,1632.34,1623.72,1630.85,1887.7289,15
2026-06-07 21:15:00,1630.85,1631.75,1627.2,1628.36,2113.7768,15
2026-06-07 21:30:00,1628.36,1630.5,1625.21,1625.72,1580.0113000000001,15
2026-06-07 21:45:00,1625.72,1634.57,1625.72,1634.53,1711.7314999999999,15
2026-06-07 22:00:00,1634.53,1707.42,1629.05,1700.95,24840.645,15
2026-06-07 22:15:00,1701.46,1721.93,1669.68,1676.15,21717.4116,15
2026-06-07 22:30:00,1676.15,1689.55,1669.75,1681.98,6960.273,15
2026-06-07 22:45:00,1682.0,1687.0,1671.49,1672.56,6815.6642,15
2026-06-07 23:00:00,1672.55,1681.27,1670.76,1680.14,6352.8098,15
2026-06-07 23:15:00,1680.15,1685.48,1672.36,1685.2,5024.3933,15
2026-06-07 23:30:00,1685.19,1685.44,1679.03,1684.7,2370.6083,15
2026-06-07 23:45:00,1684.69,1691.93,1680.32,1690.51,7664.5184,15
2026-06-08 00:00:00,1690.5,1691.84,1683.24,1686.75,4234.5493,15
2026-06-08 00:15:00,1686.75,1698.48,1683.94,1698.47,6467.2929,15
2026-06-08 00:30:00,1698.48,1711.58,1694.76,1702.68,10626.5635,15
2026-06-08 00:45:00,1702.68,1707.73,1693.75,1697.59,7126.4828,15
2026-06-08 01:00:00,1697.6,1700.2,1683.34,1683.34,6676.1634,15
2026-06-08 01:15:00,1683.35,1684.05,1673.04,1674.68,7284.719,15
2026-06-08 01:30:00,1674.69,1684.0,1670.94,1683.22,5104.6556,15
2026-06-08 01:45:00,1683.23,1688.4,1680.0,1687.34,4325.6078,15
2026-06-08 02:00:00,1687.34,1689.5,1680.62,1685.61,2937.4641,15
2026-06-08 02:15:00,1685.6,1688.06,1679.84,1685.22,3097.7718,15
2026-06-08 02:30:00,1685.22,1686.92,1678.07,1684.01,3796.8502,15
2026-06-08 02:45:00,1684.01,1685.07,1679.92,1683.9,2484.8393,15
2026-06-08 03:00:00,1683.91,1692.62,1678.85,1688.06,3799.0153,15
2026-06-08 03:15:00,1688.05,1688.62,1680.56,1680.94,2561.3322,15
2026-06-08 03:30:00,1680.93,1683.41,1677.26,1678.66,2507.3699,15
2026-06-08 03:45:00,1678.67,1680.38,1677.0,1680.01,1439.3614,15
2026-06-08 04:00:00,1680.02,1681.0,1665.04,1669.21,5630.097400000001,15
2026-06-08 04:15:00,1669.21,1670.0,1662.71,1666.86,3367.2044,15
2026-06-08 04:30:00,1666.86,1668.22,1655.95,1657.26,5901.6114,15
2026-06-08 04:45:00,1657.25,1664.54,1657.05,1657.05,4102.9477,15
2026-06-08 05:00:00,1657.05,1659.87,1648.31,1649.09,6257.3489,15
2026-06-08 05:15:00,1649.1,1658.57,1647.11,1656.86,5170.44,15
2026-06-08 05:30:00,1656.86,1656.97,1645.0,1647.5,3577.9229,15
2026-06-08 05:45:00,1647.5,1654.0,1647.02,1653.68,2364.174,15
2026-06-08 06:00:00,1653.68,1664.65,1652.78,1663.63,4739.2224,15
2026-06-08 06:15:00,1663.63,1669.99,1660.73,1667.92,5042.5887,15
2026-06-08 06:30:00,1667.92,1668.15,1662.48,1666.89,2057.3107,15
2026-06-08 06:45:00,1666.89,1667.66,1663.78,1666.53,1500.5352,15
2026-06-08 07:00:00,1666.54,1672.78,1661.63,1668.56,3366.5738,15
2026-06-08 07:15:00,1668.57,1676.5,1665.47,1673.61,5087.991,15
2026-06-08 07:30:00,1673.61,1682.07,1671.56,1672.34,6456.372,15
2026-06-08 07:45:00,1672.34,1683.49,1671.49,1673.47,9059.6788,15
2026-06-08 08:00:00,1673.46,1673.46,1665.21,1669.39,6839.2083,15
2026-06-08 08:15:00,1669.39,1670.42,1662.67,1667.06,3861.9915,15
2026-06-08 08:30:00,1667.07,1669.7,1663.11,1665.32,2738.5389999999998,15
2026-06-08 08:45:00,1665.32,1665.78,1658.76,1661.17,4684.6883,15
2026-06-08 09:00:00,1661.17,1666.2,1657.69,1665.07,4473.4653,15
2026-06-08 09:15:00,1665.06,1671.5,1662.03,1662.83,3964.4838999999997,15
2026-06-08 09:30:00,1662.84,1667.09,1657.21,1663.32,5899.5077,15
2026-06-08 09:45:00,1663.31,1672.0,1662.61,1671.1,4241.0034,15
2026-06-08 10:00:00,1671.09,1672.7,1667.47,1669.79,2693.4837,15
2026-06-08 10:15:00,1669.79,1670.44,1663.93,1665.53,2107.9038,15
2026-06-08 10:30:00,1665.53,1676.95,1663.32,1671.65,4851.2272,15
2026-06-08 10:45:00,1671.64,1672.97,1669.3,1672.36,2126.5868,15
2026-06-08 11:00:00,1672.37,1681.59,1667.81,1681.44,6932.1611,15
2026-06-08 11:15:00,1681.43,1695.44,1680.7,1688.77,8595.6362,15
2026-06-08 11:30:00,1688.77,1696.77,1685.0,1688.8,6313.7390000000005,15
2026-06-08 11:45:00,1688.81,1689.47,1681.9,1683.76,3421.7767,15
2026-06-08 12:00:00,1683.77,1689.51,1667.46,1668.37,10642.5482,15
2026-06-08 12:15:00,1668.37,1679.53,1668.29,1679.41,6579.04,15
2026-06-08 12:30:00,1679.41,1695.84,1678.09,1692.6,7442.2363000000005,15
2026-06-08 12:45:00,1692.6,1698.9,1687.77,1695.61,5830.0618,15
2026-06-08 13:00:00,1695.6,1696.36,1690.58,1691.99,3464.4515,15
2026-06-08 13:15:00,1691.99,1696.82,1687.08,1688.89,5028.1848,15
2026-06-08 13:30:00,1688.88,1692.55,1681.29,1682.95,16997.9389,15
2026-06-08 13:45:00,1682.96,1689.66,1678.44,1681.59,11414.643100000001,15
2026-06-08 14:00:00,1681.59,1689.16,1676.55,1687.31,6620.9838,15
2026-06-08 14:15:00,1687.3,1687.84,1680.72,1684.75,6291.9039,15
2026-06-08 14:30:00,1684.75,1689.85,1682.54,1686.73,5968.6237,15
2026-06-08 14:45:00,1686.74,1694.46,1683.6,1691.25,16498.4353,15
2026-06-08 15:00:00,1691.24,1705.26,1690.82,1704.08,8083.3667,15
2026-06-08 15:15:00,1704.08,1706.22,1694.25,1695.71,7590.7194,15
2026-06-08 15:30:00,1695.72,1696.19,1690.02,1694.19,5142.0095,15
2026-06-08 15:45:00,1694.19,1700.64,1688.69,1691.59,5610.1515,15
2026-06-08 16:00:00,1691.59,1698.32,1687.97,1695.13,3650.8799,15
2026-06-08 16:15:00,1695.13,1703.88,1695.12,1697.57,7617.009999999999,15
2026-06-08 16:30:00,1697.58,1697.74,1690.49,1692.78,5272.5996,15
2026-06-08 16:45:00,1692.77,1693.36,1682.69,1682.7,5395.1356,15
2026-06-08 17:00:00,1682.7,1684.36,1675.8,1678.64,7238.7577,15
2026-06-08 17:15:00,1678.64,1687.86,1678.64,1686.67,4194.5855,15
2026-06-08 17:30:00,1686.67,1686.7,1677.42,1680.59,3703.027,15
2026-06-08 17:45:00,1680.58,1686.89,1680.41,1686.8,3164.0065,15
2026-06-08 18:00:00,1686.81,1692.54,1685.82,1687.82,3843.4309,15
2026-06-08 18:15:00,1687.82,1688.79,1684.81,1688.06,2446.3585,15
2026-06-08 18:30:00,1688.06,1690.08,1681.1,1683.54,3348.1621,15
2026-06-08 18:45:00,1683.54,1686.64,1678.69,1684.71,2585.9721,15
2026-06-08 19:00:00,1684.71,1688.83,1681.14,1684.17,4478.5862,15
2026-06-08 19:15:00,1684.16,1690.45,1681.77,1687.51,5109.5365,15
2026-06-08 19:30:00,1687.52,1690.32,1685.0,1689.2,4118.2998,15
2026-06-08 19:45:00,1689.21,1691.76,1682.97,1684.78,6474.7237000000005,15
2026-06-08 20:00:00,1684.78,1688.79,1681.41,1682.94,2923.1418,15
2026-06-08 20:15:00,1682.95,1685.98,1679.28,1679.63,3483.3555,15
2026-06-08 20:30:00,1679.62,1689.15,1679.25,1687.01,2084.5305,15
2026-06-08 20:45:00,1687.01,1689.71,1686.0,1689.71,2271.7513,15
2026-06-08 21:00:00,1689.71,1714.05,1689.71,1709.17,9806.9526,15
2026-06-08 21:15:00,1709.17,1712.91,1705.05,1709.44,3873.6355,15
2026-06-08 21:30:00,1709.44,1714.5,1707.72,1714.08,2912.4103,15
2026-06-08 21:45:00,1714.08,1714.15,1703.51,1703.52,2627.6615,15
2026-06-08 22:00:00,1703.51,1703.51,1691.0,1691.28,4333.4744,15
2026-06-08 22:15:00,1691.28,1697.12,1688.36,1694.96,2866.6338,15
2026-06-08 22:30:00,1694.96,1697.21,1692.0,1696.64,2032.6761999999999,15
2026-06-08 22:45:00,1696.63,1704.19,1695.16,1703.22,1651.0814,15
2026-06-08 23:00:00,1703.21,1714.45,1702.38,1712.19,3164.489,15
2026-06-08 23:15:00,1712.18,1712.19,1694.87,1697.66,2664.195,15
2026-06-08 23:30:00,1697.65,1700.09,1693.21,1696.82,1731.8069,15
2026-06-08 23:45:00,1696.83,1696.89,1686.72,1690.49,7855.6867,15
2026-06-09 00:00:00,1690.48,1692.04,1683.92,1685.68,3846.4154,15
2026-06-09 00:15:00,1685.68,1696.88,1672.64,1675.52,10342.6562,15
2026-06-09 00:30:00,1675.53,1676.91,1664.53,1672.03,7090.6651,15
2026-06-09 00:45:00,1672.04,1672.1,1660.0,1663.26,7423.7215,15
2026-06-09 01:00:00,1663.26,1667.88,1658.8,1664.27,4869.9538,15
2026-06-09 01:15:00,1664.27,1673.92,1663.53,1670.32,3638.6987,15
2026-06-09 01:30:00,1670.32,1674.27,1667.65,1669.63,1673.1306,15
2026-06-09 01:45:00,1669.64,1672.48,1666.51,1669.02,1452.0251,15
2026-06-09 02:00:00,1669.01,1672.19,1667.43,1667.44,1921.1148,15
2026-06-09 02:15:00,1667.43,1667.52,1660.89,1665.37,5094.3384,15
2026-06-09 02:30:00,1665.36,1666.84,1654.63,1661.74,4512.7164999999995,15
2026-06-09 02:45:00,1661.74,1668.56,1659.67,1667.89,5083.9276,15
2026-06-09 03:00:00,1667.88,1669.5,1665.18,1668.9,2487.9807,15
2026-06-09 03:15:00,1668.9,1671.68,1666.96,1668.65,2203.7817,15
2026-06-09 03:30:00,1668.65,1670.1,1663.83,1668.49,1890.0484999999999,15
2026-06-09 03:45:00,1668.49,1670.03,1665.19,1669.44,2085.3338,15
2026-06-09 04:00:00,1669.44,1672.47,1665.01,1669.96,2582.5905,15
2026-06-09 04:15:00,1669.95,1670.37,1666.04,1666.18,2087.2938,15
2026-06-09 04:30:00,1666.18,1691.41,1664.33,1685.79,7664.8324,15
2026-06-09 04:45:00,1685.78,1696.41,1683.41,1686.35,5332.2124,15
2026-06-09 05:00:00,1686.36,1688.88,1681.53,1687.47,2208.489,15
2026-06-09 05:15:00,1687.47,1691.63,1687.15,1687.96,2816.8463,15
2026-06-09 05:30:00,1687.98,1695.23,1686.89,1690.65,3144.7414,15
2026-06-09 05:45:00,1690.64,1692.54,1687.44,1688.25,2280.9424,15
2026-06-09 06:00:00,1688.25,1691.0,1685.74,1689.26,3135.1367,15
2026-06-09 06:15:00,1689.26,1695.49,1687.8,1692.61,4523.1343,15
2026-06-09 06:30:00,1692.62,1693.51,1687.49,1688.66,2115.1121,15
2026-06-09 06:45:00,1688.65,1690.49,1684.06,1685.98,2522.7757,15
2026-06-09 07:00:00,1685.99,1691.59,1685.99,1686.43,1443.003,15
2026-06-09 07:15:00,1686.42,1689.95,1675.2,1675.89,5751.3743,15
2026-06-09 07:30:00,1675.9,1681.74,1675.9,1681.23,4312.2092,15
2026-06-09 07:45:00,1681.23,1681.9,1677.67,1679.86,3774.3375,15
2026-06-09 08:00:00,1679.86,1680.64,1668.16,1675.43,7604.8821,15
2026-06-09 08:15:00,1675.43,1677.29,1671.35,1674.98,1686.9511,15
2026-06-09 08:30:00,1674.97,1679.51,1673.77,1677.87,1727.7279,15
2026-06-09 08:45:00,1677.87,1679.25,1674.42,1675.28,2014.1094,15
2026-06-09 09:00:00,1675.28,1677.23,1672.99,1677.09,1153.7102,15
2026-06-09 09:15:00,1677.09,1680.16,1675.0,1675.0,2407.0554,15
2026-06-09 09:30:00,1675.01,1675.12,1665.0,1669.21,4624.7514,15
2026-06-09 09:45:00,1669.22,1671.3,1669.11,1670.61,1792.2295000000001,15
2026-06-09 10:00:00,1670.6,1673.42,1667.11,1672.89,3728.3787,15
2026-06-09 10:15:00,1672.9,1674.68,1670.56,1673.29,1331.3265,15
2026-06-09 10:30:00,1673.29,1673.54,1669.15,1671.64,910.7189000000001,15
2026-06-09 10:45:00,1671.64,1676.41,1670.16,1674.72,2315.2942,15
2026-06-09 11:00:00,1674.72,1675.46,1668.58,1668.59,2061.4535,15
2026-06-09 11:15:00,1668.59,1670.09,1666.12,1668.73,1310.7355,15
2026-06-09 11:30:00,1668.72,1672.92,1667.43,1671.21,1395.5620000000001,15
2026-06-09 11:45:00,1671.2,1673.68,1669.14,1671.96,2974.6759,15
2026-06-09 12:00:00,1671.96,1683.32,1671.04,1681.52,7172.6111,15
2026-06-09 12:15:00,1681.51,1681.75,1675.86,1677.1,1903.8331,15
2026-06-09 12:30:00,1677.1,1679.09,1673.98,1674.04,1487.2404999999999,15
2026-06-09 12:45:00,1674.05,1678.07,1671.58,1676.9,5051.9467,15
2026-06-09 13:00:00,1676.9,1680.63,1674.93,1675.88,3997.5519,15
2026-06-09 13:15:00,1675.88,1676.86,1667.37,1670.57,4571.8029,15
2026-06-09 13:30:00,1670.56,1675.77,1664.05,1673.13,7585.1713,15
2026-06-09 13:45:00,1673.13,1678.47,1666.58,1666.71,6371.6444,15
2026-06-09 14:00:00,1666.71,1670.84,1656.58,1657.04,9297.7035,15
2026-06-09 14:15:00,1657.04,1659.68,1638.52,1639.58,15905.3665,15
2026-06-09 14:30:00,1639.56,1646.19,1635.36,1636.98,9902.109199999999,15
2026-06-09 14:45:00,1636.98,1646.03,1633.84,1645.9,8835.1393,15
2026-06-09 15:00:00,1645.9,1653.89,1641.34,1651.36,9009.9346,15
2026-06-09 15:15:00,1651.35,1653.02,1639.36,1639.95,5555.5307,15
2026-06-09 15:30:00,1639.94,1645.0,1637.08,1641.28,6815.9797,15
2026-06-09 15:45:00,1641.29,1644.3,1634.45,1636.4,6287.3360999999995,15
2026-06-09 16:00:00,1636.4,1639.35,1625.36,1629.37,10180.7218,15
2026-06-09 16:15:00,1629.37,1633.44,1622.36,1630.47,7407.8169,15
2026-06-09 16:30:00,1630.46,1635.25,1614.02,1628.76,12205.8227,15
2026-06-09 16:45:00,1628.75,1634.57,1624.72,1632.27,6586.7087,15
2026-06-09 17:00:00,1632.28,1644.69,1632.18,1641.52,7062.6140000000005,15
2026-06-09 17:15:00,1641.51,1649.76,1640.86,1645.03,5653.4057999999995,15
2026-06-09 17:30:00,1645.03,1649.2,1642.68,1643.84,3616.5028,15
2026-06-09 17:45:00,1643.85,1646.05,1639.51,1643.04,3366.7144,15
2026-06-09 18:00:00,1643.03,1647.31,1639.87,1645.61,3529.6376,15
2026-06-09 18:15:00,1645.6,1655.49,1644.35,1648.93,5049.7094,15
2026-06-09 18:30:00,1648.93,1653.32,1646.74,1646.98,2038.0846999999999,15
2026-06-09 18:45:00,1646.99,1653.65,1646.99,1652.28,1322.6878000000002,15
2026-06-09 19:00:00,1652.27,1655.3,1648.9,1649.43,2083.8827,15
2026-06-09 19:15:00,1649.44,1653.08,1648.24,1652.24,2565.7748,15
2026-06-09 19:30:00,1652.24,1658.5,1648.0,1652.65,5427.2389,15
2026-06-09 19:45:00,1652.65,1658.64,1647.82,1657.33,3724.9132,15
2026-06-09 20:00:00,1657.33,1662.28,1655.5,1662.27,3433.3105,15
2026-06-09 20:15:00,1662.27,1663.77,1655.99,1658.33,1467.0364,15
2026-06-09 20:30:00,1658.32,1662.73,1655.34,1660.5,1509.1889,15
2026-06-09 20:45:00,1660.51,1660.81,1658.21,1660.59,1486.8326,15
2026-06-09 21:00:00,1660.59,1661.69,1657.94,1659.75,1428.2119,15
2026-06-09 21:15:00,1659.76,1660.22,1650.96,1651.39,2585.0703,15
2026-06-09 21:30:00,1651.4,1653.18,1650.06,1650.85,1255.8261,15
2026-06-09 21:45:00,1650.85,1652.24,1647.29,1650.33,1384.6247,15
2026-06-09 22:00:00,1650.32,1652.36,1645.41,1652.27,1352.9648,15
2026-06-09 22:15:00,1652.26,1655.0,1647.53,1648.44,1453.3359,15
2026-06-09 22:30:00,1648.44,1650.95,1644.6,1646.02,1677.7450000000001,15
2026-06-09 22:45:00,1646.02,1646.92,1639.52,1640.0,2149.831,15
2026-06-09 23:00:00,1640.01,1641.88,1636.24,1639.05,1920.2412,15
2026-06-09 23:15:00,1639.05,1642.87,1635.01,1635.47,3219.1848,15
2026-06-09 23:30:00,1635.47,1637.35,1630.36,1637.32,3451.3615,15
2026-06-09 23:45:00,1637.33,1641.2,1636.01,1639.52,2448.23,15
2026-06-10 00:00:00,1639.52,1645.12,1638.23,1642.59,2097.1929,15
2026-06-10 00:15:00,1642.59,1643.99,1638.94,1643.5,879.233,15
2026-06-10 00:30:00,1643.5,1644.09,1629.52,1632.33,2315.6168,15
2026-06-10 00:45:00,1632.33,1646.83,1631.25,1645.74,2826.1701,15
2026-06-10 01:00:00,1645.75,1646.91,1638.78,1642.88,2343.2955,15
2026-06-10 01:15:00,1642.88,1645.78,1640.56,1642.27,2072.4598,15
2026-06-10 01:30:00,1642.26,1643.88,1633.55,1635.18,1689.0428,15
2026-06-10 01:45:00,1635.19,1642.23,1634.41,1638.98,1071.9589,15
2026-06-10 02:00:00,1638.99,1642.5,1633.92,1634.02,1223.1528,15
2026-06-10 02:15:00,1634.03,1634.57,1625.5,1631.33,3109.8993,15
2026-06-10 02:30:00,1631.33,1632.59,1622.51,1625.58,2791.0816999999997,15
2026-06-10 02:45:00,1625.58,1626.15,1621.77,1624.22,1092.4047,15
2026-06-10 03:00:00,1624.21,1630.0,1623.52,1628.22,1264.3454,15
2026-06-10 03:15:00,1628.22,1636.53,1626.11,1636.32,1508.9714999999999,15
2026-06-10 03:30:00,1636.32,1636.42,1629.15,1631.09,988.1779,15
2026-06-10 03:45:00,1631.09,1632.99,1629.03,1630.82,662.831,15
2026-06-10 04:00:00,1630.82,1631.59,1626.22,1630.25,938.3578,15
2026-06-10 04:15:00,1630.26,1632.92,1629.09,1630.46,760.9821000000001,15
2026-06-10 04:30:00,1630.47,1630.47,1622.45,1624.3,1817.3545,15
2026-06-10 04:45:00,1624.31,1627.95,1623.07,1625.98,1074.6336,15
2026-06-10 05:00:00,1625.99,1627.96,1621.77,1622.48,1246.3951,15
2026-06-10 05:15:00,1622.48,1626.0,1616.33,1625.99,3428.6593000000003,15
2026-06-10 05:30:00,1626.0,1627.14,1621.77,1625.28,1764.4408,15
2026-06-10 05:45:00,1625.29,1630.0,1622.23,1627.99,1563.3123,15
2026-06-10 06:00:00,1628.0,1630.75,1625.96,1628.71,2364.5361000000003,15
2026-06-10 06:15:00,1628.7,1632.0,1627.45,1628.84,1948.4378000000002,15
2026-06-10 06:30:00,1628.83,1633.32,1622.76,1631.49,2486.3221,15
2026-06-10 06:45:00,1631.49,1634.41,1630.0,1632.08,1242.4966,15
2026-06-10 07:00:00,1632.08,1635.24,1630.73,1633.82,1704.9354,15
2026-06-10 07:15:00,1633.82,1638.69,1633.01,1636.78,2454.8044,15
2026-06-10 07:30:00,1636.78,1643.58,1636.14,1641.07,2052.9365000000003,15
2026-06-10 07:45:00,1641.08,1642.63,1637.94,1640.09,1913.8803,15
2026-06-10 08:00:00,1640.1,1640.89,1635.32,1636.55,2430.7399,15
2026-06-10 08:15:00,1636.56,1639.76,1632.42,1633.86,1955.3753,15
2026-06-10 08:30:00,1633.86,1635.69,1621.92,1622.2,3438.5824,15
2026-06-10 08:45:00,1622.19,1623.39,1618.18,1621.34,6925.8491,15
2026-06-10 09:00:00,1621.35,1623.54,1613.35,1613.75,3246.8816,15
2026-06-10 09:15:00,1613.75,1620.09,1606.01,1618.95,4988.9131,15
2026-06-10 09:30:00,1618.94,1623.74,1618.03,1621.04,1815.7298,15
2026-06-10 09:45:00,1621.05,1626.44,1616.48,1623.67,2555.4671,15
2026-06-10 10:00:00,1623.67,1624.0,1619.17,1620.72,1784.2245,15
2026-06-10 10:15:00,1620.73,1625.8,1618.1,1624.71,1129.5115,15
2026-06-10 10:30:00,1624.71,1629.09,1624.34,1626.14,1206.0209,15
2026-06-10 10:45:00,1626.14,1629.99,1625.0,1628.23,1381.0692000000001,15
2026-06-10 11:00:00,1628.23,1630.22,1612.0,1621.57,8941.957400000001,15
2026-06-10 11:15:00,1621.58,1624.91,1612.6,1616.88,3790.4552999999996,15
2026-06-10 11:30:00,1616.88,1621.89,1615.31,1620.21,3098.4119,15
2026-06-10 11:45:00,1620.2,1623.81,1619.0,1620.05,1988.3352,15
2026-06-10 12:00:00,1620.06,1625.03,1615.91,1623.76,3265.4291000000003,15
2026-06-10 12:15:00,1623.75,1625.79,1620.04,1625.44,3026.3671,15
2026-06-10 12:30:00,1625.43,1645.46,1624.5,1639.42,10941.5496,15
2026-06-10 12:45:00,1639.41,1641.81,1635.4,1635.4,3499.5477,15
2026-06-10 13:00:00,1635.4,1636.87,1632.58,1634.16,2211.2239,15
2026-06-10 13:15:00,1634.16,1638.66,1632.0,1637.14,2029.5974,15
2026-06-10 13:30:00,1637.13,1667.5,1635.2,1666.61,11894.8434,15
2026-06-10 13:45:00,1666.61,1667.96,1650.32,1651.81,5673.8002,15
2026-06-10 14:00:00,1651.82,1655.64,1646.61,1647.04,5198.5907,15
2026-06-10 14:15:00,1647.05,1651.46,1642.22,1646.59,3544.5004,15
2026-06-10 14:30:00,1646.58,1648.92,1638.16,1643.07,3410.4928,15
2026-06-10 14:45:00,1643.05,1646.96,1637.27,1646.72,3483.9412,15
2026-06-10 15:00:00,1646.72,1653.33,1635.85,1639.46,4506.6148,15
2026-06-10 15:15:00,1639.45,1651.34,1636.31,1648.92,4035.7336999999998,15
2026-06-10 15:30:00,1648.92,1654.98,1647.18,1654.51,3700.0703,15
2026-06-10 15:45:00,1654.52,1665.05,1642.23,1657.97,8570.8342,15
2026-06-10 16:00:00,1657.98,1658.73,1651.2,1651.51,4529.2363000000005,15
2026-06-10 16:15:00,1651.52,1654.38,1643.15,1648.9,3624.1271,15
2026-06-10 16:30:00,1648.9,1652.0,1643.96,1645.0,3310.9003,15
2026-06-10 16:45:00,1645.0,1645.0,1632.5,1641.99,5741.9478,15
2026-06-10 17:00:00,1641.99,1647.59,1637.78,1639.57,3126.5622,15
2026-06-10 17:15:00,1639.56,1643.04,1627.66,1628.07,5167.3708,15
2026-06-10 17:30:00,1628.08,1631.75,1622.51,1624.27,6824.6188,15
2026-06-10 17:45:00,1624.28,1636.21,1623.48,1632.32,4775.5194,15
2026-06-10 18:00:00,1632.32,1635.8,1628.59,1631.02,1973.6505,15
2026-06-10 18:15:00,1631.02,1636.88,1626.91,1636.31,3163.2437,15
2026-06-10 18:30:00,1636.31,1636.32,1625.46,1626.63,3258.7598,15
2026-06-10 18:45:00,1626.64,1631.54,1622.52,1631.13,2188.5488,15
2026-06-10 19:00:00,1631.13,1633.16,1626.47,1626.98,1393.6368,15
2026-06-10 19:15:00,1626.99,1629.0,1623.13,1627.41,1400.7718,15
2026-06-10 19:30:00,1627.42,1633.69,1626.79,1632.22,1690.663,15
2026-06-10 19:45:00,1632.21,1633.09,1625.66,1630.15,3083.4479,15
2026-06-10 20:00:00,1630.15,1630.32,1623.15,1626.87,2200.2185,15
2026-06-10 20:15:00,1626.87,1636.21,1623.75,1632.91,3256.38,15
2026-06-10 20:30:00,1632.91,1632.99,1629.66,1629.66,1662.2385,15
2026-06-10 20:45:00,1629.66,1631.27,1625.74,1630.65,1629.687,15
2026-06-10 21:00:00,1630.64,1630.64,1615.5,1618.58,5942.6125,15
2026-06-10 21:15:00,1618.59,1624.11,1616.31,1618.96,1672.815,15
2026-06-10 21:30:00,1618.95,1625.0,1618.51,1624.0,1219.2804,15
2026-06-10 21:45:00,1624.0,1624.27,1603.44,1611.44,6464.3106,15
2026-06-10 22:00:00,1611.45,1613.01,1604.68,1610.96,3138.4943,15
2026-06-10 22:15:00,1610.97,1614.3,1604.62,1610.67,3496.157,15
2026-06-10 22:30:00,1610.66,1622.38,1610.36,1620.54,4815.5656,15
2026-06-10 22:45:00,1620.54,1620.54,1616.51,1616.52,2145.1405999999997,15
2026-06-10 23:00:00,1616.52,1617.22,1611.77,1612.55,2400.4037,15
2026-06-10 23:15:00,1612.56,1622.53,1609.39,1622.03,5968.9182,15
2026-06-10 23:30:00,1622.02,1625.09,1619.04,1623.06,1917.243,15
2026-06-10 23:45:00,1623.06,1624.0,1620.26,1621.59,1239.8325,15
2026-06-11 00:00:00,1621.6,1627.48,1621.6,1626.09,1677.1605,15
2026-06-11 00:15:00,1626.1,1634.72,1626.09,1630.84,3725.4835,15
2026-06-11 00:30:00,1630.84,1631.5,1626.62,1627.63,1725.16,15
2026-06-11 00:45:00,1627.63,1631.82,1627.39,1628.64,596.6255,15
2026-06-11 01:00:00,1628.63,1639.95,1628.57,1638.27,1836.553,15
2026-06-11 01:15:00,1638.27,1641.94,1636.99,1640.55,1578.3879,15
2026-06-11 01:30:00,1640.54,1647.88,1638.79,1644.48,2633.579,15
2026-06-11 01:45:00,1644.48,1646.4,1642.17,1642.83,1026.1439,15
2026-06-11 02:00:00,1642.83,1644.57,1639.89,1640.62,800.3195000000001,15
2026-06-11 02:15:00,1640.63,1642.56,1634.47,1634.77,1090.1094,15
2026-06-11 02:30:00,1634.77,1636.05,1630.9,1635.18,1171.1478,15
2026-06-11 02:45:00,1635.17,1645.5,1633.23,1641.07,2849.0566,15
2026-06-11 03:00:00,1641.06,1643.41,1636.09,1637.44,1365.1552,15
2026-06-11 03:15:00,1637.43,1640.6,1636.28,1639.72,1437.0155,15
2026-06-11 03:30:00,1639.73,1651.19,1639.73,1645.61,4119.9663,15
2026-06-11 03:45:00,1645.61,1661.3,1645.49,1653.95,8656.17,15
2026-06-11 04:00:00,1653.94,1654.8,1650.93,1652.22,2416.9984,15
2026-06-11 04:15:00,1652.22,1654.08,1650.82,1651.28,1145.4395,15
2026-06-11 04:30:00,1651.28,1657.27,1650.0,1655.73,1375.8015,15
2026-06-11 04:45:00,1655.73,1659.72,1655.49,1656.89,1948.4198999999999,15
2026-06-11 05:00:00,1656.89,1656.9,1650.44,1651.3,2313.3909,15
2026-06-11 05:15:00,1651.3,1653.29,1647.63,1649.26,1474.3434,15
2026-06-11 05:30:00,1649.26,1652.03,1648.09,1651.68,2019.5623,15
2026-06-11 05:45:00,1651.67,1652.02,1647.92,1647.95,2166.8965,15
2026-06-11 06:00:00,1647.96,1657.26,1646.2,1657.03,3894.4139,15
2026-06-11 06:15:00,1657.03,1662.28,1657.03,1658.87,6512.253,15
2026-06-11 06:30:00,1658.87,1663.14,1658.29,1660.33,4193.2401,15
2026-06-11 06:45:00,1660.33,1660.59,1654.63,1654.82,1622.0658,15
2026-06-11 07:00:00,1654.81,1655.47,1652.23,1654.03,1582.3081,15
2026-06-11 07:15:00,1654.03,1658.3,1653.85,1656.98,1410.3579,15
2026-06-11 07:30:00,1656.98,1658.22,1651.7,1652.79,1489.9891,15
2026-06-11 07:45:00,1652.79,1655.15,1652.79,1654.41,997.4863,15
2026-06-11 08:00:00,1654.4,1659.6,1654.33,1658.25,1688.9114,15
2026-06-11 08:15:00,1658.24,1661.91,1656.91,1660.92,2233.1743,15
2026-06-11 08:30:00,1660.92,1663.72,1660.77,1660.8,1806.7561,15
2026-06-11 08:45:00,1660.81,1664.14,1659.03,1659.96,1890.4453,15
2026-06-11 09:00:00,1659.97,1661.57,1657.32,1658.73,1363.3833,15
2026-06-11 09:15:00,1658.72,1658.99,1656.47,1657.23,1641.8572,15
2026-06-11 09:30:00,1657.23,1661.0,1657.23,1659.9,827.0662000000001,15
2026-06-11 09:45:00,1659.89,1662.0,1658.88,1658.98,1084.2726,15
2026-06-11 10:00:00,1658.97,1660.27,1657.6,1657.92,1227.3719999999998,15
2026-06-11 10:15:00,1657.92,1658.73,1654.28,1656.67,1480.6835,15
2026-06-11 10:30:00,1656.66,1658.99,1656.46,1656.87,914.1952,15
2026-06-11 10:45:00,1656.87,1661.58,1656.58,1658.85,2998.5189,15
2026-06-11 11:00:00,1658.85,1662.45,1656.43,1662.43,2580.8352,15
2026-06-11 11:15:00,1662.42,1664.58,1659.63,1663.29,1578.8681,15
2026-06-11 11:30:00,1663.29,1666.39,1660.98,1662.7,2330.6562,15
2026-06-11 11:45:00,1662.7,1673.5,1662.44,1666.84,4755.706999999999,15
2026-06-11 12:00:00,1666.84,1666.88,1659.35,1661.37,3492.9494,15
2026-06-11 12:15:00,1661.36,1661.87,1646.13,1648.58,7746.9556,15
2026-06-11 12:30:00,1648.58,1653.82,1642.12,1652.55,6096.6271,15
2026-06-11 12:45:00,1652.54,1654.49,1649.49,1651.84,2900.3476,15
2026-06-11 13:00:00,1651.85,1651.85,1648.24,1649.55,1062.9325,15
2026-06-11 13:15:00,1649.55,1654.49,1647.24,1648.79,2217.8022,15
2026-06-11 13:30:00,1648.78,1652.7,1644.45,1650.71,3026.2017,15
2026-06-11 13:45:00,1650.71,1659.52,1650.09,1653.24,4874.2157,15
2026-06-11 14:00:00,1653.24,1655.28,1643.0,1644.46,3329.802,15
2026-06-11 14:15:00,1644.45,1649.89,1638.95,1649.67,4564.1716,15
2026-06-11 14:30:00,1649.66,1653.64,1645.74,1651.27,2458.8358,15
2026-06-11 14:45:00,1651.21,1655.4,1643.04,1643.04,2858.7292,15
2026-06-11 15:00:00,1643.04,1648.48,1636.19,1645.15,5246.4126,15
2026-06-11 15:15:00,1645.14,1649.9,1643.18,1646.15,1490.953,15
2026-06-11 15:30:00,1646.15,1650.83,1642.02,1644.68,2475.0486,15
2026-06-11 15:45:00,1644.67,1645.64,1641.06,1645.55,1967.1175,15
2026-06-11 16:00:00,1645.56,1649.19,1643.12,1649.14,1470.3872999999999,15
2026-06-11 16:15:00,1649.14,1649.5,1639.53,1641.82,2381.2466,15
2026-06-11 16:30:00,1641.81,1648.19,1638.35,1643.11,2371.5307,15
2026-06-11 16:45:00,1643.11,1643.96,1639.31,1639.75,1446.7208,15
2026-06-11 17:00:00,1639.74,1641.5,1634.13,1636.81,3925.4382,15
2026-06-11 17:15:00,1636.81,1654.48,1632.71,1654.23,6956.2365,15
2026-06-11 17:30:00,1654.22,1682.27,1654.15,1677.44,19924.2224,15
2026-06-11 17:45:00,1677.44,1693.59,1674.07,1688.66,14985.9602,15
2026-06-11 18:00:00,1688.65,1691.85,1676.98,1683.69,6072.9107,15
2026-06-11 18:15:00,1683.69,1688.0,1677.6,1680.74,6587.7834,15
2026-06-11 18:30:00,1680.75,1686.97,1680.02,1686.96,2640.5253,15
2026-06-11 18:45:00,1686.97,1687.0,1683.43,1683.98,2172.417,15
2026-06-11 19:00:00,1683.97,1686.38,1675.98,1678.82,3388.2878,15
2026-06-11 19:15:00,1678.81,1684.17,1678.18,1679.98,1755.3743,15
2026-06-11 19:30:00,1679.97,1693.55,1679.97,1685.9,5374.6054,15
2026-06-11 19:45:00,1685.9,1685.9,1680.75,1681.26,3761.9999,15
2026-06-11 20:00:00,1681.26,1683.01,1678.21,1679.53,2084.018,15
2026-06-11 20:15:00,1679.52,1679.83,1668.97,1670.64,3711.6664,15
2026-06-11 20:30:00,1670.64,1672.95,1667.18,1668.32,4569.8668,15
2026-06-11 20:45:00,1668.32,1672.42,1668.31,1672.37,1110.6741,15
2026-06-11 21:00:00,1672.37,1683.29,1672.14,1681.71,2104.862,15
2026-06-11 21:15:00,1681.7,1682.62,1677.97,1678.78,2809.6055,15
2026-06-11 21:30:00,1678.79,1680.95,1677.82,1680.25,1622.6029,15
2026-06-11 21:45:00,1680.25,1680.77,1676.0,1677.0,1767.7321,15
2026-06-11 22:00:00,1676.99,1682.96,1676.59,1681.02,3339.6681,15
2026-06-11 22:15:00,1681.02,1683.21,1675.91,1677.84,2066.3338,15
2026-06-11 22:30:00,1677.85,1682.01,1675.94,1676.32,1514.8633,15
2026-06-11 22:45:00,1676.32,1678.88,1675.43,1676.17,1030.7008,15
2026-06-11 23:00:00,1676.16,1676.16,1671.15,1673.57,1327.898,15
2026-06-11 23:15:00,1673.56,1673.91,1670.19,1670.34,1449.168,15
2026-06-11 23:30:00,1670.35,1679.25,1670.35,1676.88,2154.2062,15
2026-06-11 23:45:00,1676.88,1677.5,1672.12,1673.46,1565.4031,15
2026-06-12 00:00:00,1673.46,1677.74,1670.36,1675.98,1513.3999,15
2026-06-12 00:15:00,1675.94,1675.94,1669.86,1672.92,1307.7994,15
2026-06-12 00:30:00,1672.91,1677.4,1671.76,1674.65,826.7224,15
2026-06-12 00:45:00,1674.65,1676.49,1672.71,1672.74,633.9239,15
2026-06-12 01:00:00,1672.74,1672.74,1668.15,1669.29,1634.4111,15
2026-06-12 01:15:00,1669.29,1671.73,1660.93,1663.14,3895.4168,15
2026-06-12 01:30:00,1663.14,1665.6,1662.08,1664.79,1623.2667999999999,15
2026-06-12 01:45:00,1664.79,1667.09,1664.79,1667.09,722.8314,15
2026-06-12 02:00:00,1667.08,1677.6,1666.87,1675.47,2192.6935,15
2026-06-12 02:15:00,1675.46,1675.92,1671.97,1673.0,801.0963,15
2026-06-12 02:30:00,1673.0,1678.42,1672.6,1677.46,948.6913,15
2026-06-12 02:45:00,1677.46,1677.7,1674.93,1675.59,1028.3735,15
2026-06-12 03:00:00,1675.6,1676.6,1673.47,1674.02,1151.025,15
2026-06-12 03:15:00,1674.01,1674.01,1668.81,1671.64,1060.4359,15
2026-06-12 03:30:00,1671.64,1674.41,1670.58,1671.87,674.0965,15
2026-06-12 03:45:00,1671.87,1673.34,1671.26,1673.25,645.266,15
2026-06-12 04:00:00,1673.25,1673.42,1669.29,1670.46,429.64480000000003,15
2026-06-12 04:15:00,1670.45,1679.27,1670.45,1677.39,2273.2104,15
2026-06-12 04:30:00,1677.39,1682.0,1677.24,1678.84,1813.7507,15
2026-06-12 04:45:00,1678.84,1679.99,1677.11,1677.47,924.9096,15
2026-06-12 05:00:00,1677.48,1677.86,1667.26,1667.86,2279.8453999999997,15
2026-06-12 05:15:00,1667.86,1671.44,1667.49,1668.66,1694.1634,15
2026-06-12 05:30:00,1668.67,1669.58,1662.92,1664.76,2089.5379,15
2026-06-12 05:45:00,1664.76,1665.64,1662.31,1664.23,1737.613,15
2026-06-12 06:00:00,1664.23,1666.82,1662.0,1662.77,1255.5671,15
2026-06-12 06:15:00,1662.78,1662.93,1658.62,1660.32,2179.7174,15
2026-06-12 06:30:00,1660.31,1660.31,1652.09,1654.81,3044.1479,15
2026-06-12 06:45:00,1654.81,1659.36,1654.76,1657.34,2170.0323,15
2026-06-12 07:00:00,1657.35,1661.32,1657.12,1657.13,2083.1693,15
2026-06-12 07:15:00,1657.13,1659.93,1656.23,1658.82,1041.314,15
2026-06-12 07:30:00,1658.83,1661.62,1658.7,1660.62,2203.0812,15
2026-06-12 07:45:00,1660.62,1664.99,1659.61,1662.12,3003.8708,15
2026-06-12 08:00:00,1662.12,1668.44,1662.12,1667.59,4174.1451,15
2026-06-12 08:15:00,1667.59,1678.22,1667.1,1674.97,7654.3188,15
2026-06-12 08:30:00,1674.98,1675.89,1670.85,1671.04,1968.2785,15
2026-06-12 08:45:00,1671.04,1674.28,1669.84,1673.53,1621.9593,15
2026-06-12 09:00:00,1673.53,1675.55,1671.48,1675.39,1397.1269,15
2026-06-12 09:15:00,1675.4,1680.49,1675.13,1680.03,2050.0045,15
2026-06-12 09:30:00,1680.03,1683.6,1680.0,1682.44,2415.9575999999997,15
2026-06-12 09:45:00,1682.43,1685.65,1680.16,1680.16,2333.9133,15
2026-06-12 10:00:00,1680.16,1683.35,1678.0,1679.63,2421.4214,15
2026-06-12 10:15:00,1679.62,1679.62,1671.91,1673.01,2109.7035,15
2026-06-12 10:30:00,1673.01,1677.05,1672.98,1675.0,762.1664,15
2026-06-12 10:45:00,1674.99,1676.78,1674.05,1674.85,880.6962,15
2026-06-12 11:00:00,1674.85,1678.11,1674.32,1676.33,961.5567,15
2026-06-12 11:15:00,1676.33,1678.51,1674.32,1676.21,705.4947999999999,15
2026-06-12 11:30:00,1676.21,1676.22,1672.1,1675.21,953.0127,15
2026-06-12 11:45:00,1675.22,1677.22,1673.88,1673.89,743.1551000000001,15
2026-06-12 12:00:00,1673.88,1673.88,1669.48,1670.86,1192.1875,15
2026-06-12 12:15:00,1670.86,1671.84,1666.81,1666.87,1106.6549,15
2026-06-12 12:30:00,1666.87,1670.04,1664.1,1666.02,2212.9944,15
2026-06-12 12:45:00,1666.02,1668.34,1663.07,1666.54,1955.3689,15
2026-06-12 13:00:00,1666.55,1667.86,1664.28,1667.43,1210.3961,15
2026-06-12 13:15:00,1667.43,1668.91,1663.9,1666.28,1206.2275,15
2026-06-12 13:30:00,1666.28,1667.53,1653.74,1657.01,5850.3671,15
2026-06-12 13:45:00,1657.01,1659.99,1654.31,1657.6,3443.1637,15
2026-06-12 14:00:00,1657.6,1669.1,1656.26,1666.36,4619.9587,15
2026-06-12 14:15:00,1666.35,1671.99,1662.32,1670.55,2269.1736,15
2026-06-12 14:30:00,1670.54,1676.5,1666.94,1668.83,3195.7279,15
2026-06-12 14:45:00,1668.82,1685.93,1666.95,1685.64,6419.4883,15
2026-06-12 15:00:00,1685.65,1691.07,1680.0,1690.1,8983.078,15
2026-06-12 15:15:00,1690.09,1691.07,1682.35,1682.54,6232.1704,15
2026-06-12 15:30:00,1682.54,1682.55,1669.19,1671.54,7447.963,15
2026-06-12 15:45:00,1671.54,1672.29,1658.75,1660.08,6049.7173,15
2026-06-12 16:00:00,1660.08,1674.62,1657.38,1671.33,6143.6256,15
2026-06-12 16:15:00,1671.33,1675.34,1666.35,1670.54,4267.0818,15
2026-06-12 16:30:00,1670.55,1675.81,1666.14,1668.68,3538.0416,15
2026-06-12 16:45:00,1668.68,1672.91,1666.79,1672.9,2310.9719,15
2026-06-12 17:00:00,1672.91,1678.1,1670.35,1671.71,3132.4866,15
2026-06-12 17:15:00,1671.71,1672.37,1667.37,1670.47,3386.7393,15
2026-06-12 17:30:00,1670.47,1672.18,1667.98,1669.15,1980.8059,15
2026-06-12 17:45:00,1669.15,1670.72,1667.73,1668.84,874.8178,15
2026-06-12 18:00:00,1668.84,1671.66,1663.71,1667.69,2785.5993,15
2026-06-12 18:15:00,1667.69,1668.29,1663.6,1667.01,1374.7396,15
2026-06-12 18:30:00,1667.01,1673.57,1665.78,1671.7,2253.6519,15
2026-06-12 18:45:00,1671.7,1672.48,1666.52,1666.87,1418.5324,15
2026-06-12 19:00:00,1666.86,1670.2,1666.68,1669.22,2065.7461,15
2026-06-12 19:15:00,1669.21,1671.0,1667.56,1669.53,1505.0634,15
2026-06-12 19:30:00,1669.53,1672.47,1665.31,1666.56,3149.7693,15
2026-06-12 19:45:00,1666.57,1668.28,1664.9,1665.92,2004.1949,15
2026-06-12 20:00:00,1665.92,1667.85,1664.18,1667.53,1558.5366,15
2026-06-12 20:15:00,1667.54,1667.75,1665.15,1666.37,635.7359,15
2026-06-12 20:30:00,1666.36,1667.44,1665.75,1666.11,834.0656,15
2026-06-12 20:45:00,1666.12,1666.37,1662.02,1664.92,930.5278,15
2026-06-12 21:00:00,1664.93,1668.01,1663.36,1666.96,1224.8456,15
2026-06-12 21:15:00,1666.96,1667.83,1666.16,1666.17,416.73,15
2026-06-12 21:30:00,1666.17,1667.18,1665.37,1665.8,607.2624,15
2026-06-12 21:45:00,1665.79,1666.09,1663.21,1664.19,775.3706999999999,15
2026-06-12 22:00:00,1664.18,1665.13,1663.09,1663.93,697.0232,15
2026-06-12 22:15:00,1663.93,1667.49,1663.3,1665.11,487.53319999999997,15
2026-06-12 22:30:00,1665.11,1665.79,1661.56,1662.54,730.8176,15
2026-06-12 22:45:00,1662.55,1662.9,1661.46,1662.6,460.6823,15
2026-06-12 23:00:00,1662.6,1662.94,1659.02,1661.2,1099.6707999999999,15
2026-06-12 23:15:00,1661.2,1663.03,1660.41,1662.23,534.4479,15
2026-06-12 23:30:00,1662.23,1665.04,1661.42,1663.0,821.7968999999999,15
2026-06-12 23:45:00,1663.0,1666.41,1663.0,1666.41,450.5233,15
2026-06-13 00:00:00,1666.42,1667.96,1665.31,1667.96,593.7672,15
2026-06-13 00:15:00,1667.95,1669.34,1666.49,1666.64,899.4522000000001,15
2026-06-13 00:30:00,1666.63,1668.89,1666.22,1666.93,711.8962,15
2026-06-13 00:45:00,1666.92,1668.55,1665.88,1667.47,715.0098,15
2026-06-13 01:00:00,1667.47,1670.0,1667.21,1668.84,618.3568,15
2026-06-13 01:15:00,1668.85,1669.51,1666.53,1668.09,720.8258,15
2026-06-13 01:30:00,1668.09,1675.9,1667.6,1672.76,3061.2023,15
2026-06-13 01:45:00,1672.75,1675.4,1672.48,1674.03,1222.8852,15
2026-06-13 02:00:00,1674.03,1674.52,1671.91,1672.65,1234.6369,15
2026-06-13 02:15:00,1672.65,1673.11,1669.84,1670.07,978.5921,15
2026-06-13 02:30:00,1670.07,1670.48,1667.06,1667.28,1667.6073,15
2026-06-13 02:45:00,1667.29,1668.43,1665.69,1668.02,987.1554,15
2026-06-13 03:00:00,1668.03,1669.57,1667.9,1667.92,614.0995,15
2026-06-13 03:15:00,1667.91,1668.43,1663.36,1664.7,1368.4163,15
2026-06-13 03:30:00,1664.69,1665.5,1664.17,1665.31,537.5465,15
2026-06-13 03:45:00,1665.32,1666.14,1665.03,1665.25,468.1434,15
2026-06-13 04:00:00,1665.25,1666.26,1663.52,1664.36,806.0199,15
2026-06-13 04:15:00,1664.35,1666.87,1663.68,1665.52,512.9659,15
2026-06-13 04:30:00,1665.51,1668.28,1665.51,1667.63,546.1697,15
2026-06-13 04:45:00,1667.63,1668.02,1664.46,1664.51,370.391,15
2026-06-13 05:00:00,1664.52,1665.37,1663.52,1664.43,502.1806,15
2026-06-13 05:15:00,1664.44,1665.61,1663.52,1664.39,943.0354,15
2026-06-13 05:30:00,1664.4,1665.55,1664.14,1664.49,511.01,15
2026-06-13 05:45:00,1664.49,1665.22,1662.2,1665.22,1044.5981,15
2026-06-13 06:00:00,1665.22,1666.42,1664.22,1664.61,798.7177,15
2026-06-13 06:15:00,1664.62,1666.78,1663.88,1666.78,1097.0866,15
2026-06-13 06:30:00,1666.78,1667.67,1666.18,1667.09,576.784,15
2026-06-13 06:45:00,1667.09,1670.25,1667.08,1669.7,818.2893,15
2026-06-13 07:00:00,1669.71,1670.74,1668.47,1669.87,637.6709,15
2026-06-13 07:15:00,1669.88,1675.0,1668.87,1673.79,1950.217,15
2026-06-13 07:30:00,1673.79,1674.11,1672.66,1673.46,1379.1329,15
2026-06-13 07:45:00,1673.46,1677.74,1673.45,1676.38,3549.4589,15
2026-06-13 08:00:00,1676.38,1679.92,1673.63,1675.47,3882.1906,15
2026-06-13 08:15:00,1675.47,1676.9,1674.25,1675.31,1507.2441999999999,15
2026-06-13 08:30:00,1675.31,1678.07,1674.83,1676.46,1590.3287,15
2026-06-13 08:45:00,1676.47,1676.61,1674.19,1674.57,598.8647,15
2026-06-13 09:00:00,1674.57,1676.3,1674.56,1674.95,487.1942,15
2026-06-13 09:15:00,1674.95,1676.01,1673.33,1673.76,588.718,15
2026-06-13 09:30:00,1673.77,1675.22,1673.61,1674.9,1781.7801,15
2026-06-13 09:45:00,1674.9,1675.06,1672.93,1673.7,1040.9827,15
2026-06-13 10:00:00,1673.7,1674.57,1672.8,1673.77,452.4987,15
2026-06-13 10:15:00,1673.77,1674.72,1672.94,1673.57,777.1125000000001,15
2026-06-13 10:30:00,1673.56,1675.7,1673.56,1675.12,1150.3992,15
2026-06-13 10:45:00,1675.13,1676.37,1672.96,1674.18,759.3123,15
2026-06-13 11:00:00,1674.19,1677.27,1673.55,1677.23,1609.2711,15
2026-06-13 11:15:00,1677.23,1678.96,1677.03,1678.43,1025.4241,15
2026-06-13 11:30:00,1678.43,1678.56,1677.01,1677.26,722.9655,15
2026-06-13 11:45:00,1677.25,1678.49,1677.15,1678.34,517.7295,15
2026-06-13 12:00:00,1678.33,1678.34,1677.16,1677.17,571.3667,15
2026-06-13 12:15:00,1677.16,1678.51,1676.99,1677.03,595.6338,15
2026-06-13 12:30:00,1677.03,1679.57,1677.02,1678.31,977.3417000000001,15
2026-06-13 12:45:00,1678.32,1683.77,1678.2,1680.53,2493.4610000000002,15
2026-06-13 13:00:00,1680.52,1680.77,1678.27,1679.53,1113.8114,15
2026-06-13 13:15:00,1679.53,1681.31,1678.65,1680.74,652.7248999999999,15
2026-06-13 13:30:00,1680.73,1681.58,1679.0,1679.68,855.4224,15
2026-06-13 13:45:00,1679.68,1681.58,1676.69,1678.02,1800.2785000000001,15
2026-06-13 14:00:00,1678.02,1681.47,1677.82,1680.18,1351.0145,15
2026-06-13 14:15:00,1680.18,1681.0,1678.06,1678.85,676.8858,15
2026-06-13 14:30:00,1678.85,1680.97,1678.85,1679.5,552.8842999999999,15
2026-06-13 14:45:00,1679.5,1680.75,1678.97,1679.97,615.311,15
2026-06-13 15:00:00,1679.98,1681.41,1678.5,1681.17,1058.6162,15
2026-06-13 15:15:00,1681.17,1683.97,1680.58,1683.31,1407.8126,15
2026-06-13 15:30:00,1683.31,1686.56,1679.45,1679.76,3747.8774,15
2026-06-13 15:45:00,1679.75,1683.29,1679.0,1682.15,1459.9952,15
2026-06-13 16:00:00,1682.14,1682.48,1674.67,1675.44,2907.403,15
2026-06-13 16:15:00,1675.43,1675.58,1671.44,1673.07,5345.1925,15
2026-06-13 16:30:00,1673.07,1675.06,1672.0,1674.4,1001.6754999999999,15
2026-06-13 16:45:00,1674.41,1680.38,1673.33,1676.74,3067.8976,15
2026-06-13 17:00:00,1676.74,1677.42,1673.87,1675.04,1076.2921999999999,15
2026-06-13 17:15:00,1675.05,1677.59,1674.07,1677.59,704.2324,15
2026-06-13 17:30:00,1677.59,1678.4,1676.76,1677.62,598.7623,15
2026-06-13 17:45:00,1677.62,1678.15,1673.23,1674.31,1205.9711,15
2026-06-13 18:00:00,1674.31,1676.98,1674.2,1676.77,353.1644,15
2026-06-13 18:15:00,1676.77,1679.86,1676.0,1679.82,491.8614,15
2026-06-13 18:30:00,1679.82,1682.63,1679.78,1682.09,1172.8964,15
2026-06-13 18:45:00,1682.08,1682.4,1676.05,1678.53,706.6627,15
2026-06-13 19:00:00,1678.53,1679.44,1677.91,1678.28,372.6986,15
2026-06-13 19:15:00,1678.28,1678.28,1675.86,1676.89,455.4475,15
2026-06-13 19:30:00,1676.89,1679.87,1676.69,1679.61,1127.8427,15
2026-06-13 19:45:00,1679.62,1680.0,1678.29,1678.29,781.3539999999999,15
2026-06-13 20:00:00,1678.3,1678.3,1676.2,1677.33,679.0299,15
2026-06-13 20:15:00,1677.33,1678.22,1676.15,1676.26,529.7368,15
2026-06-13 20:30:00,1676.26,1676.5,1675.11,1675.44,429.7305,15
2026-06-13 20:45:00,1675.44,1676.7,1675.18,1676.53,429.1655,15
2026-06-13 21:00:00,1676.53,1677.25,1674.91,1675.41,575.8963,15
2026-06-13 21:15:00,1675.41,1677.34,1675.08,1676.4,518.8528,15
2026-06-13 21:30:00,1676.4,1697.28,1676.4,1687.77,3707.9676,15
2026-06-13 21:45:00,1687.77,1689.29,1684.43,1686.44,1874.5765999999999,15
2026-06-13 22:00:00,1686.44,1686.65,1682.85,1683.5,1203.9346,15
2026-06-13 22:15:00,1683.5,1685.08,1682.29,1684.83,876.1723000000001,15
2026-06-13 22:30:00,1684.83,1685.64,1683.2,1683.2,826.6397000000001,15
2026-06-13 22:45:00,1683.21,1683.67,1681.62,1681.63,417.4158,15
2026-06-13 23:00:00,1681.62,1682.03,1680.83,1681.61,374.6939,15
2026-06-13 23:15:00,1681.61,1684.2,1680.1,1680.14,515.476,15
2026-06-13 23:30:00,1680.14,1681.61,1680.0,1680.01,594.4884000000001,15
2026-06-13 23:45:00,1680.0,1681.18,1678.1,1681.18,962.7024,15
2026-06-14 00:00:00,1681.19,1681.19,1679.24,1679.67,658.3627,15
2026-06-14 00:15:00,1679.68,1681.64,1678.83,1680.01,493.2877,15
2026-06-14 00:30:00,1680.01,1683.52,1679.8,1682.7,550.705,15
2026-06-14 00:45:00,1682.7,1683.47,1681.19,1681.91,933.1643,15
2026-06-14 01:00:00,1681.9,1685.99,1680.3,1684.61,787.2866,15
2026-06-14 01:15:00,1684.62,1690.36,1684.62,1686.71,1345.0236,15
2026-06-14 01:30:00,1686.71,1686.72,1684.61,1684.61,422.4756,15
2026-06-14 01:45:00,1684.61,1686.56,1683.54,1683.99,963.2556,15
2026-06-14 02:00:00,1683.98,1685.69,1683.2,1685.29,440.27479999999997,15
2026-06-14 02:15:00,1685.29,1685.7,1682.44,1683.07,473.46389999999997,15
2026-06-14 02:30:00,1683.06,1684.0,1681.92,1682.1,578.3384,15
2026-06-14 02:45:00,1682.11,1683.23,1681.59,1682.47,437.3268,15
2026-06-14 03:00:00,1682.46,1683.28,1681.51,1682.16,442.47860000000003,15
2026-06-14 03:15:00,1682.16,1683.19,1682.0,1682.71,442.6888,15
2026-06-14 03:30:00,1682.7,1683.01,1679.85,1680.06,921.8682000000001,15
2026-06-14 03:45:00,1680.07,1682.11,1680.06,1681.73,517.8996999999999,15
2026-06-14 04:00:00,1681.74,1682.66,1680.16,1681.02,364.0569,15
2026-06-14 04:15:00,1681.01,1682.0,1680.6,1680.62,554.5746,15
2026-06-14 04:30:00,1680.63,1680.63,1676.72,1677.31,1349.1895,15
2026-06-14 04:45:00,1677.3,1678.95,1676.35,1677.95,1267.185,15
2026-06-14 05:00:00,1677.95,1679.14,1677.2,1677.91,851.9015999999999,15
2026-06-14 05:15:00,1677.91,1677.91,1675.0,1675.67,1316.9025000000001,15
2026-06-14 05:30:00,1675.68,1678.58,1674.0,1678.06,1227.3702,15
2026-06-14 05:45:00,1678.05,1678.95,1677.92,1678.13,665.7773,15
2026-06-14 06:00:00,1678.13,1682.5,1678.13,1681.68,931.3464,15
2026-06-14 06:15:00,1681.68,1681.68,1676.62,1679.3,1834.1271,15
2026-06-14 06:30:00,1679.3,1679.44,1676.51,1676.84,858.0966999999999,15
2026-06-14 06:45:00,1676.84,1677.33,1675.3,1676.39,1442.993,15
2026-06-14 07:00:00,1676.4,1676.59,1673.72,1674.65,925.8523,15
2026-06-14 07:15:00,1674.66,1677.55,1674.5,1676.84,847.3674,15
2026-06-14 07:30:00,1676.84,1676.84,1674.0,1674.01,656.8706,15
2026-06-14 07:45:00,1674.01,1676.69,1674.0,1675.91,497.5933,15
2026-06-14 08:00:00,1675.91,1676.97,1674.73,1676.42,816.9087000000001,15
2026-06-14 08:15:00,1676.42,1678.68,1676.41,1677.97,1079.8397,15
2026-06-14 08:30:00,1677.98,1678.92,1677.0,1677.28,786.7324,15
2026-06-14 08:45:00,1677.29,1677.67,1675.13,1675.58,405.464,15
2026-06-14 09:00:00,1675.58,1676.68,1674.41,1674.79,889.1152999999999,15
2026-06-14 09:15:00,1674.79,1674.84,1669.15,1671.15,4397.1055,15
2026-06-14 09:30:00,1671.15,1677.69,1670.86,1677.53,1484.9241,15
2026-06-14 09:45:00,1677.53,1679.0,1676.52,1678.49,659.1991,15
2026-06-14 10:00:00,1678.48,1678.5,1675.41,1675.97,539.4945,15
2026-06-14 10:15:00,1675.96,1678.55,1675.52,1676.6,527.3549,15
2026-06-14 10:30:00,1676.59,1677.7,1676.16,1676.17,469.36129999999997,15
2026-06-14 10:45:00,1676.16,1676.18,1673.13,1673.13,359.8606,15
2026-06-14 11:00:00,1673.13,1674.79,1672.36,1674.66,787.9215,15
2026-06-14 11:15:00,1674.67,1675.48,1672.9,1674.94,526.7734,15
2026-06-14 11:30:00,1674.94,1677.15,1674.87,1675.89,772.9859,15
2026-06-14 11:45:00,1675.9,1675.93,1673.64,1673.73,313.2321,15
2026-06-14 12:00:00,1673.73,1674.58,1672.81,1673.09,730.7895,15
2026-06-14 12:15:00,1673.09,1674.52,1672.96,1672.98,736.9325,15
2026-06-14 12:30:00,1672.99,1673.24,1666.62,1668.69,1439.6965,15
2026-06-14 12:45:00,1668.7,1668.86,1665.35,1666.9,1652.8311,15
2026-06-14 13:00:00,1666.9,1669.01,1666.2,1667.99,915.8163999999999,15
2026-06-14 13:15:00,1667.99,1669.12,1665.53,1666.12,1007.3158,15
2026-06-14 13:30:00,1666.11,1668.43,1664.5,1668.07,1630.6594,15
2026-06-14 13:45:00,1668.07,1669.15,1665.47,1666.54,736.2973,15
2026-06-14 14:00:00,1666.53,1666.99,1664.5,1666.52,1129.137,15
2026-06-14 14:15:00,1666.51,1670.2,1663.57,1665.13,2020.7656,15
2026-06-14 14:30:00,1665.12,1665.18,1654.9,1656.27,5362.2244,15
2026-06-14 14:45:00,1656.27,1659.77,1655.83,1659.76,2234.6919,15
2026-06-14 15:00:00,1659.76,1664.35,1659.6,1662.9,1717.3358,15
2026-06-14 15:15:00,1662.9,1664.37,1661.21,1663.23,1314.8462,15
2026-06-14 15:30:00,1663.24,1664.51,1661.25,1663.01,915.7253000000001,15
2026-06-14 15:45:00,1663.0,1664.67,1662.13,1662.95,387.4997,15
2026-06-14 16:00:00,1662.95,1666.66,1662.58,1665.38,924.1108,15
2026-06-14 16:15:00,1665.39,1668.3,1665.0,1667.3,726.0208,15
2026-06-14 16:30:00,1667.3,1668.57,1666.81,1666.94,718.2239000000001,15
2026-06-14 16:45:00,1666.93,1667.25,1659.36,1661.38,4147.0135,15
2026-06-14 17:00:00,1661.37,1665.0,1660.92,1664.75,2157.2593,15
2026-06-14 17:15:00,1664.75,1666.22,1664.2,1664.2,673.5092,15
2026-06-14 17:30:00,1664.21,1666.52,1661.63,1664.37,1164.9608,15
2026-06-14 17:45:00,1664.38,1665.21,1661.36,1662.09,1155.6755,15
2026-06-14 18:00:00,1662.09,1663.27,1660.97,1662.29,802.9957,15
2026-06-14 18:15:00,1662.29,1662.9,1658.95,1659.94,1072.9167,15
2026-06-14 18:30:00,1659.94,1661.44,1659.24,1660.87,605.5187,15
2026-06-14 18:45:00,1660.88,1662.32,1660.34,1662.08,575.6792,15
2026-06-14 19:00:00,1662.07,1665.47,1661.13,1665.19,776.3002,15
2026-06-14 19:15:00,1665.18,1667.93,1665.18,1666.34,699.5888,15
2026-06-14 19:30:00,1666.34,1667.84,1665.05,1665.74,1305.8864,15
2026-06-14 19:45:00,1665.73,1665.76,1664.99,1665.43,437.31919999999997,15
2026-06-14 20:00:00,1665.44,1666.85,1662.67,1663.3,1043.2758,15
2026-06-14 20:15:00,1663.3,1668.0,1663.29,1667.17,947.0072,15
2026-06-14 20:30:00,1667.17,1673.72,1667.17,1671.54,1640.9364999999998,15
2026-06-14 20:45:00,1671.55,1672.55,1670.38,1670.48,727.2908,15
2026-06-14 21:00:00,1670.48,1672.48,1669.97,1672.48,303.1671,15
2026-06-14 21:15:00,1672.47,1713.0,1672.47,1700.99,20551.4881,15
2026-06-14 21:30:00,1701.04,1724.93,1699.23,1716.44,14291.2038,15
2026-06-14 21:45:00,1716.44,1732.28,1715.81,1718.67,13635.392600000001,15
2026-06-14 22:00:00,1718.68,1729.1,1712.34,1721.0,13959.6792,15
2026-06-14 22:15:00,1720.99,1724.67,1716.17,1721.16,5426.1933,15
2026-06-14 22:30:00,1721.17,1728.8,1718.13,1725.86,4948.2356,15
2026-06-14 22:45:00,1725.87,1727.67,1720.5,1722.62,3709.3716,15
2026-06-14 23:00:00,1722.62,1725.91,1716.79,1724.42,3834.5284,15
2026-06-14 23:15:00,1724.43,1726.43,1720.51,1723.72,3686.9786,15
2026-06-14 23:30:00,1723.73,1726.08,1719.52,1719.52,3463.9873000000002,15
2026-06-14 23:45:00,1719.53,1726.3,1719.28,1725.62,3150.2974,15
2026-06-15 00:00:00,1725.63,1733.04,1724.07,1731.51,6623.4691,15
2026-06-15 00:15:00,1731.51,1731.51,1723.93,1725.64,4029.567,15
2026-06-15 00:30:00,1725.63,1726.0,1720.0,1720.99,2622.9103,15
2026-06-15 00:45:00,1721.0,1722.29,1719.78,1720.83,1295.0348,15
2026-06-15 01:00:00,1720.83,1721.2,1712.34,1717.65,3450.7995,15
2026-06-15 01:15:00,1717.65,1717.7,1709.66,1711.79,3421.9666,15
2026-06-15 01:30:00,1711.79,1721.91,1710.83,1721.8,3153.2024,15
2026-06-15 01:45:00,1721.79,1721.79,1715.24,1715.79,2072.0113,15
2026-06-15 02:00:00,1715.8,1721.0,1714.23,1720.67,2571.3422,15
2026-06-15 02:15:00,1720.67,1726.96,1720.65,1720.9,2681.6403999999998,15
2026-06-15 02:30:00,1720.9,1722.48,1719.49,1719.76,1557.0154,15
2026-06-15 02:45:00,1719.76,1720.16,1716.02,1716.78,2156.2602,15
2026-06-15 03:00:00,1716.78,1723.5,1715.55,1722.99,2665.9362,15
2026-06-15 03:15:00,1722.99,1723.26,1719.68,1721.11,2547.2,15
2026-06-15 03:30:00,1721.11,1723.62,1719.71,1722.96,2571.0211,15
2026-06-15 03:45:00,1722.97,1724.17,1720.23,1720.78,3371.7078,15
2026-06-15 04:00:00,1720.78,1720.78,1717.38,1718.6,3293.2315,15
2026-06-15 04:15:00,1718.59,1720.28,1717.24,1718.83,2021.2122,15
2026-06-15 04:30:00,1718.84,1719.15,1716.0,1717.27,2711.9816,15
2026-06-15 04:45:00,1717.27,1719.61,1716.59,1717.04,3400.3496,15
2026-06-15 05:00:00,1717.05,1718.32,1715.95,1717.9,1320.698,15
2026-06-15 05:15:00,1717.9,1722.63,1717.71,1721.09,2308.0046,15
2026-06-15 05:30:00,1721.1,1721.85,1717.09,1717.28,1756.9824,15
2026-06-15 05:45:00,1717.29,1720.87,1717.19,1720.66,1575.9409,15
2026-06-15 06:00:00,1720.67,1722.98,1719.84,1721.43,1971.2072,15
2026-06-15 06:15:00,1721.44,1723.29,1719.84,1722.48,1651.1885,15
2026-06-15 06:30:00,1722.48,1722.88,1718.25,1719.2,1615.8678,15
2026-06-15 06:45:00,1719.19,1722.29,1719.14,1719.82,1369.4412,15
2026-06-15 07:00:00,1719.82,1723.3,1716.83,1720.9,2544.9515,15
2026-06-15 07:15:00,1720.91,1723.8,1720.8,1722.03,1918.9535,15
2026-06-15 07:30:00,1722.02,1722.03,1717.49,1718.48,1429.052,15
2026-06-15 07:45:00,1718.48,1719.27,1716.49,1716.59,2284.3208999999997,15
2026-06-15 08:00:00,1716.6,1720.48,1715.6,1719.83,1610.1266,15
2026-06-15 08:15:00,1719.82,1720.62,1716.61,1718.78,1523.008,15
2026-06-15 08:30:00,1718.79,1721.91,1718.53,1720.8,1420.7985,15
2026-06-15 08:45:00,1720.81,1721.37,1719.0,1720.36,1473.9955,15
2026-06-15 09:00:00,1720.35,1721.31,1719.49,1719.99,1449.2375,15
2026-06-15 09:15:00,1720.0,1726.94,1719.99,1721.82,4773.0423,15
2026-06-15 09:30:00,1721.81,1721.83,1712.17,1715.73,6053.2222,15
2026-06-15 09:45:00,1715.73,1718.71,1714.0,1718.65,2322.0087,15
2026-06-15 10:00:00,1718.65,1723.46,1718.27,1722.93,2024.4541,15
2026-06-15 10:15:00,1722.93,1728.29,1722.75,1724.64,7458.3864,15
2026-06-15 10:30:00,1724.63,1728.36,1724.22,1728.18,2111.6203,15
2026-06-15 10:45:00,1728.18,1748.6,1727.25,1737.77,15162.5054,15
2026-06-15 11:00:00,1737.77,1742.43,1734.11,1740.98,7550.7798,15
2026-06-15 11:15:00,1740.98,1769.0,1740.98,1761.91,19659.104499999998,15
2026-06-15 11:30:00,1761.9,1765.26,1759.2,1761.79,7930.8625999999995,15
2026-06-15 11:45:00,1761.79,1766.51,1760.0,1764.67,3814.1432999999997,15
2026-06-15 12:00:00,1764.67,1765.93,1761.19,1765.68,4204.861,15
2026-06-15 12:15:00,1765.69,1765.9,1760.28,1765.5,4533.2388,15
2026-06-15 12:30:00,1765.5,1775.06,1763.07,1774.56,10042.0334,15
2026-06-15 12:45:00,1774.56,1777.77,1773.0,1777.48,8658.0648,15
2026-06-15 13:00:00,1777.48,1797.86,1774.6,1794.07,16412.3652,15
2026-06-15 13:15:00,1794.07,1827.67,1793.49,1820.19,30716.6969,15
2026-06-15 13:30:00,1820.19,1822.23,1808.48,1813.11,14914.6178,15
2026-06-15 13:45:00,1813.1,1818.18,1811.44,1814.12,8323.5205,15
2026-06-15 14:00:00,1814.12,1815.01,1804.71,1810.56,9877.9403,15
2026-06-15 14:15:00,1810.55,1814.88,1807.87,1813.41,4815.7655,15
2026-06-15 14:30:00,1813.42,1814.12,1808.81,1812.18,5120.8634999999995,15
2026-06-15 14:45:00,1812.19,1818.58,1812.18,1814.55,5960.8139,15
2026-06-15 15:00:00,1814.55,1817.55,1813.54,1815.96,3167.6128,15
2026-06-15 15:15:00,1815.96,1821.0,1814.71,1816.62,3863.7132,15
2026-06-15 15:30:00,1816.63,1832.98,1813.15,1830.1,13955.0941,15
2026-06-15 15:45:00,1830.1,1849.54,1830.03,1845.53,26192.5601,15
2026-06-15 16:00:00,1845.53,1847.13,1838.51,1843.89,9848.2631,15
2026-06-15 16:15:00,1843.89,1844.9,1837.48,1842.25,7065.453100000001,15
2026-06-15 16:30:00,1842.26,1846.58,1839.59,1844.14,5278.5741,15
2026-06-15 16:45:00,1844.14,1846.55,1840.0,1842.85,5922.7687,15
2026-06-15 17:00:00,1842.85,1842.86,1826.48,1832.12,11381.338600000001,15
2026-06-15 17:15:00,1832.12,1833.28,1826.82,1830.23,5052.7366,15
2026-06-15 17:30:00,1830.23,1832.49,1823.58,1830.37,4323.0617999999995,15
2026-06-15 17:45:00,1830.36,1832.0,1827.16,1829.19,2949.3423000000003,15
2026-06-15 18:00:00,1829.19,1831.92,1826.21,1830.58,2757.3524,15
2026-06-15 18:15:00,1830.58,1831.93,1828.11,1829.24,1994.4033,15
2026-06-15 18:30:00,1829.24,1831.43,1825.85,1829.78,1953.4855,15
2026-06-15 18:45:00,1829.78,1835.58,1828.0,1828.13,3291.3323,15
2026-06-15 19:00:00,1828.12,1833.0,1826.07,1832.57,2645.4904,15
2026-06-15 19:15:00,1832.56,1834.44,1811.66,1819.09,8049.192,15
2026-06-15 19:30:00,1819.09,1830.31,1818.66,1829.51,2833.1019,15
2026-06-15 19:45:00,1829.51,1830.31,1818.34,1821.89,3118.6057,15
2026-06-15 20:00:00,1821.88,1826.62,1818.5,1824.13,2165.7767,15
2026-06-15 20:15:00,1824.13,1824.39,1820.25,1821.6,2208.4921,15
2026-06-15 20:30:00,1821.6,1823.86,1819.06,1819.23,1968.3594,15
2026-06-15 20:45:00,1819.22,1819.22,1815.33,1816.95,2103.7602,15
2026-06-15 21:00:00,1816.94,1822.15,1815.2,1820.34,2659.3012,15
2026-06-15 21:15:00,1820.35,1820.39,1815.17,1815.18,1150.9803,15
2026-06-15 21:30:00,1815.18,1818.34,1812.9,1816.31,2909.9412,15
2026-06-15 21:45:00,1816.3,1816.53,1809.53,1811.35,2149.6363,15
2026-06-15 22:00:00,1811.36,1813.55,1809.0,1809.03,1245.4664,15
2026-06-15 22:15:00,1809.03,1811.0,1789.2,1792.01,6989.6736,15
2026-06-15 22:30:00,1792.01,1797.95,1787.0,1793.61,4273.6391,15
2026-06-15 22:45:00,1793.6,1794.86,1788.1,1789.68,3707.5463,15
2026-06-15 23:00:00,1789.69,1792.22,1786.77,1790.48,3751.0376,15
2026-06-15 23:15:00,1790.48,1792.56,1785.46,1789.66,2627.0717,15
2026-06-15 23:30:00,1789.67,1791.5,1782.82,1791.05,3594.4949,15
2026-06-15 23:45:00,1791.06,1797.58,1790.67,1796.13,5104.0513,15
2026-06-16 00:00:00,1796.14,1799.68,1793.61,1797.2,3171.9302,15
2026-06-16 00:15:00,1797.2,1798.51,1791.44,1792.62,2097.6091,15
2026-06-16 00:30:00,1792.62,1802.09,1792.27,1798.64,2386.1374,15
2026-06-16 00:45:00,1798.63,1798.64,1789.0,1789.6,2206.0872,15
2026-06-16 01:00:00,1789.59,1795.5,1789.13,1792.11,1814.7333999999998,15
2026-06-16 01:15:00,1792.11,1796.46,1790.67,1795.81,1456.2874,15
2026-06-16 01:30:00,1795.8,1797.4,1794.88,1795.7,906.1243999999999,15
2026-06-16 01:45:00,1795.69,1797.42,1791.49,1792.27,1160.7247,15
2026-06-16 02:00:00,1792.26,1794.1,1784.12,1784.65,2379.8711,15
2026-06-16 02:15:00,1784.64,1787.24,1772.75,1773.43,5579.2579000000005,15
2026-06-16 02:30:00,1773.43,1776.32,1768.49,1774.67,6822.7632,15
2026-06-16 02:45:00,1774.67,1775.49,1767.4,1770.13,5950.6371,15
2026-06-16 03:00:00,1770.13,1774.64,1768.65,1774.34,4112.7732,15
2026-06-16 03:15:00,1774.34,1780.47,1764.84,1778.07,6077.4143,15
2026-06-16 03:30:00,1778.07,1780.54,1776.8,1780.3,2531.4394,15
2026-06-16 03:45:00,1780.3,1780.73,1777.76,1779.16,1878.838,15
2026-06-16 04:00:00,1779.16,1783.32,1776.0,1777.02,2928.1546000000003,15
2026-06-16 04:15:00,1777.01,1777.02,1768.36,1768.37,3728.0004,15
2026-06-16 04:30:00,1768.36,1768.36,1760.19,1763.25,6181.9827000000005,15
2026-06-16 04:45:00,1763.25,1764.18,1758.0,1760.64,4884.3771,15
2026-06-16 05:00:00,1760.65,1766.0,1760.57,1762.41,4287.8757,15
2026-06-16 05:15:00,1762.41,1765.9,1761.17,1763.6,2702.8359,15
2026-06-16 05:30:00,1763.6,1764.34,1760.63,1762.95,2180.1246,15
2026-06-16 05:45:00,1762.95,1764.77,1761.46,1762.05,2304.017,15
2026-06-16 06:00:00,1762.06,1765.98,1762.06,1765.93,1957.5924,15
2026-06-16 06:15:00,1765.94,1768.6,1763.82,1768.08,2852.2146,15
2026-06-16 06:30:00,1768.09,1773.13,1766.09,1770.37,3204.2433,15
2026-06-16 06:45:00,1770.37,1774.17,1769.89,1771.4,3186.007,15
2026-06-16 07:00:00,1771.41,1774.18,1769.06,1769.64,2189.9825,15
2026-06-16 07:15:00,1769.65,1773.98,1769.02,1772.9,2462.0778,15
2026-06-16 07:30:00,1772.9,1776.47,1771.53,1772.36,3396.6929,15
2026-06-16 07:45:00,1772.35,1775.2,1771.64,1774.24,1955.7566,15
2026-06-16 08:00:00,1774.25,1778.5,1773.25,1777.84,3201.4224,15
2026-06-16 08:15:00,1777.83,1786.16,1776.43,1783.16,6222.344,15
2026-06-16 08:30:00,1783.16,1787.25,1781.75,1787.08,3188.2191000000003,15
2026-06-16 08:45:00,1787.08,1807.97,1785.51,1803.23,9468.515,15
2026-06-16 09:00:00,1803.23,1805.79,1798.1,1800.69,4276.4613,15
2026-06-16 09:15:00,1800.7,1800.7,1787.99,1791.02,4622.073,15
2026-06-16 09:30:00,1791.01,1794.69,1788.48,1793.39,2060.0315,15
2026-06-16 09:45:00,1793.39,1794.33,1787.07,1789.63,2357.1759,15
2026-06-16 10:00:00,1789.63,1791.98,1788.61,1789.31,2047.5796,15
2026-06-16 10:15:00,1789.31,1800.0,1789.3,1799.74,5832.7505,15
2026-06-16 10:30:00,1799.74,1799.74,1794.57,1796.78,2872.9188,15
2026-06-16 10:45:00,1796.78,1798.99,1792.69,1793.95,2287.1355,15
2026-06-16 11:00:00,1793.95,1800.0,1793.77,1794.93,2498.7266,15
2026-06-16 11:15:00,1794.93,1798.91,1790.7,1793.44,1710.2606,15
2026-06-16 11:30:00,1793.45,1795.84,1791.52,1795.84,2613.9436,15
2026-06-16 11:45:00,1795.83,1799.99,1794.38,1799.59,1965.3983,15
2026-06-16 12:00:00,1799.6,1809.82,1796.71,1809.34,5692.9369,15
2026-06-16 12:15:00,1809.34,1823.29,1809.34,1820.89,12685.222,15
2026-06-16 12:30:00,1820.9,1839.77,1814.16,1817.38,15281.0592,15
2026-06-16 12:45:00,1817.37,1818.39,1810.31,1814.88,4561.8433,15
2026-06-16 13:00:00,1814.89,1817.1,1791.57,1802.79,10546.9906,15
2026-06-16 13:15:00,1802.79,1809.48,1801.2,1801.9,6700.093,15
2026-06-16 13:30:00,1801.9,1808.12,1795.14,1804.5,8591.0341,15
2026-06-16 13:45:00,1804.5,1806.35,1796.41,1797.88,6998.2376,15
2026-06-16 14:00:00,1797.86,1805.57,1794.03,1795.95,7001.9479,15
2026-06-16 14:15:00,1795.95,1797.57,1771.55,1772.1,14630.3138,15
2026-06-16 14:30:00,1772.1,1782.0,1763.36,1779.82,10500.460000000001,15
2026-06-16 14:45:00,1779.82,1784.53,1778.28,1780.56,5504.2468,15
2026-06-16 15:00:00,1780.56,1786.99,1778.27,1785.81,4032.0319,15
2026-06-16 15:15:00,1785.81,1786.66,1776.09,1779.87,4149.0461000000005,15
2026-06-16 15:30:00,1779.88,1788.32,1778.26,1779.54,3294.0798,15
2026-06-16 15:45:00,1779.54,1787.3,1774.52,1782.44,3817.6137,15
2026-06-16 16:00:00,1782.43,1785.58,1777.86,1777.86,2372.6227,15
2026-06-16 16:15:00,1777.87,1779.87,1773.03,1779.35,3839.6185,15
2026-06-16 16:30:00,1779.35,1780.63,1773.7,1779.49,2010.454,15
2026-06-16 16:45:00,1779.49,1780.48,1776.03,1777.89,1884.5026,15
2026-06-16 17:00:00,1777.9,1782.76,1777.38,1780.01,1616.6147,15
2026-06-16 17:15:00,1780.01,1784.92,1779.42,1781.53,1582.9550000000002,15
2026-06-16 17:30:00,1781.53,1785.81,1779.92,1784.47,1433.2213,15
2026-06-16 17:45:00,1784.46,1799.45,1784.03,1795.1,6592.3827,15
2026-06-16 18:00:00,1795.1,1808.44,1793.63,1804.34,6460.138,15
2026-06-16 18:15:00,1804.33,1804.38,1792.88,1795.46,3396.3448,15
2026-06-16 18:30:00,1795.46,1799.1,1792.58,1796.14,2864.7883,15
2026-06-16 18:45:00,1796.14,1803.42,1795.54,1799.21,2219.6727,15
2026-06-16 19:00:00,1799.2,1799.2,1790.28,1794.38,3886.9867,15
2026-06-16 19:15:00,1794.39,1798.16,1790.14,1797.47,2496.5443999999998,15
2026-06-16 19:30:00,1797.47,1801.04,1795.33,1798.03,2330.7918,15
2026-06-16 19:45:00,1798.03,1800.95,1792.45,1795.41,3150.1596,15
2026-06-16 20:00:00,1795.41,1795.95,1789.53,1794.55,2087.2136,15
2026-06-16 20:15:00,1794.55,1798.09,1789.69,1790.09,2366.1816,15
2026-06-16 20:30:00,1790.09,1798.47,1789.68,1798.16,1807.5996,15
2026-06-16 20:45:00,1798.17,1798.5,1796.34,1797.82,1099.8535,15
2026-06-16 21:00:00,1797.82,1800.48,1795.11,1799.38,1980.6426000000001,15
2026-06-16 21:15:00,1799.38,1800.28,1793.43,1794.09,1669.1603,15
2026-06-16 21:30:00,1794.09,1794.86,1790.57,1794.86,1377.4749000000002,15
2026-06-16 21:45:00,1794.86,1796.96,1794.11,1796.52,1110.9157,15
2026-06-16 22:00:00,1796.53,1799.28,1793.28,1798.06,1460.5493,15
2026-06-16 22:15:00,1798.06,1799.49,1791.38,1794.31,1650.7216,15
2026-06-16 22:30:00,1794.31,1795.28,1792.31,1792.31,1498.3519,15
2026-06-16 22:45:00,1792.32,1796.62,1791.03,1796.21,1173.4255,15
2026-06-16 23:00:00,1796.22,1798.89,1793.91,1795.95,1172.8602,15
2026-06-16 23:15:00,1795.94,1795.97,1792.12,1795.47,859.9407,15
2026-06-16 23:30:00,1795.48,1797.32,1793.1,1793.58,788.3699,15
2026-06-16 23:45:00,1793.58,1793.87,1791.26,1792.99,1189.8147999999999,15
2026-06-17 00:00:00,1793.0,1796.38,1793.0,1794.08,803.2804,15
2026-06-17 00:15:00,1794.08,1795.71,1792.57,1794.09,983.9544,15
2026-06-17 00:30:00,1794.09,1798.42,1791.95,1797.35,1236.7124999999999,15
2026-06-17 00:45:00,1797.35,1799.01,1792.97,1794.22,813.4041,15
2026-06-17 01:00:00,1794.22,1797.0,1792.8,1794.16,855.6765,15
2026-06-17 01:15:00,1794.15,1794.15,1778.99,1785.79,4630.2524,15
2026-06-17 01:30:00,1785.79,1794.59,1782.32,1790.74,2025.7494,15
2026-06-17 01:45:00,1790.74,1799.12,1790.74,1797.76,2007.1535999999999,15
2026-06-17 02:00:00,1797.76,1798.66,1795.78,1797.7,1294.2839,15
2026-06-17 02:15:00,1797.7,1810.21,1796.38,1805.68,4575.7718,15
2026-06-17 02:30:00,1805.68,1805.68,1788.78,1794.6,4512.6832,15
2026-06-17 02:45:00,1794.6,1796.34,1791.8,1795.59,1156.8797,15
2026-06-17 03:00:00,1795.59,1795.59,1791.3,1791.31,1961.5981000000002,15
2026-06-17 03:15:00,1791.31,1791.68,1787.65,1790.94,2119.0709,15
2026-06-17 03:30:00,1790.94,1797.36,1790.93,1793.33,1143.4919,15
2026-06-17 03:45:00,1793.33,1795.43,1791.55,1793.58,1054.5402,15
2026-06-17 04:00:00,1793.58,1796.62,1792.4,1793.71,1035.8616,15
2026-06-17 04:15:00,1793.71,1795.88,1792.0,1794.95,889.4907000000001,15
2026-06-17 04:30:00,1794.95,1796.16,1793.72,1795.42,738.2545,15
2026-06-17 04:45:00,1795.42,1801.79,1794.27,1794.3,1903.343,15
2026-06-17 05:00:00,1794.3,1799.45,1791.27,1791.78,1712.3346,15
2026-06-17 05:15:00,1791.78,1794.31,1789.13,1793.71,1108.8118,15
2026-06-17 05:30:00,1793.71,1797.0,1792.65,1796.29,986.9368,15
2026-06-17 05:45:00,1796.28,1797.49,1791.88,1793.98,2416.8347,15
2026-06-17 06:00:00,1793.98,1795.9,1792.69,1795.52,996.7877,15
2026-06-17 06:15:00,1795.52,1797.2,1788.61,1788.84,1018.8387,15
2026-06-17 06:30:00,1788.83,1792.62,1786.44,1789.05,2213.9821,15
2026-06-17 06:45:00,1789.06,1792.0,1787.74,1790.38,1121.1698,15
2026-06-17 07:00:00,1790.38,1792.28,1786.09,1791.5,1507.6361,15
2026-06-17 07:15:00,1791.49,1792.34,1783.61,1785.37,2110.9423,15
2026-06-17 07:30:00,1785.37,1788.4,1784.35,1787.25,1472.393,15
2026-06-17 07:45:00,1787.24,1787.82,1778.71,1785.08,2376.6822,15
2026-06-17 08:00:00,1785.09,1786.15,1779.29,1779.3,1440.3938,15
2026-06-17 08:15:00,1779.3,1780.57,1774.88,1775.84,2284.9692,15
2026-06-17 08:30:00,1775.83,1775.83,1761.84,1763.03,6300.6,15
2026-06-17 08:45:00,1763.03,1768.0,1760.4,1765.31,5012.5066,15
2026-06-17 09:00:00,1765.3,1770.32,1765.0,1769.66,2042.4338,15
2026-06-17 09:15:00,1769.67,1777.78,1768.57,1775.03,2050.2313,15
2026-06-17 09:30:00,1775.04,1775.98,1771.91,1772.49,932.2464,15
2026-06-17 09:45:00,1772.5,1776.3,1769.8,1773.07,1467.5753,15
2026-06-17 10:00:00,1773.08,1776.05,1769.11,1772.68,1616.3902,15
2026-06-17 10:15:00,1772.68,1774.68,1770.0,1772.3,990.2165,15
2026-06-17 10:30:00,1772.3,1773.99,1771.16,1772.71,655.8482,15
2026-06-17 10:45:00,1772.72,1773.88,1767.14,1768.38,1458.3401000000001,15
2026-06-17 11:00:00,1768.39,1770.77,1759.35,1764.97,4083.4152999999997,15
2026-06-17 11:15:00,1764.97,1768.54,1760.55,1766.43,2626.3918,15
2026-06-17 11:30:00,1766.43,1767.71,1764.18,1765.42,1263.6888,15
2026-06-17 11:45:00,1765.42,1767.75,1763.92,1763.92,892.3582,15
2026-06-17 12:00:00,1763.93,1765.99,1761.34,1764.68,1762.1812,15
2026-06-17 12:15:00,1764.68,1764.72,1743.43,1747.04,15231.6455,15
2026-06-17 12:30:00,1747.05,1756.44,1742.94,1755.58,3660.3839,15
2026-06-17 12:45:00,1755.58,1759.83,1754.64,1759.44,1993.7388,15
2026-06-17 13:00:00,1759.42,1762.59,1756.99,1761.57,2364.1853,15
2026-06-17 13:15:00,1761.56,1761.57,1754.72,1758.51,2275.2572999999998,15
2026-06-17 13:30:00,1758.51,1770.6,1755.05,1766.98,11321.6732,15
2026-06-17 13:45:00,1766.99,1771.91,1760.55,1761.25,4862.3281,15
2026-06-17 14:00:00,1761.24,1763.66,1754.41,1761.38,4523.4684,15
2026-06-17 14:15:00,1761.39,1765.52,1752.46,1756.39,4522.3108,15
2026-06-17 14:30:00,1756.4,1758.85,1752.64,1755.82,2739.8398,15
2026-06-17 14:45:00,1755.82,1760.54,1741.05,1754.96,10160.9099,15
2026-06-17 15:00:00,1754.97,1759.44,1751.21,1759.29,3246.3747,15
2026-06-17 15:15:00,1759.28,1765.42,1756.9,1763.42,3543.9687,15
2026-06-17 15:30:00,1763.42,1768.41,1761.36,1767.66,4966.2751,15
2026-06-17 15:45:00,1767.67,1776.94,1766.24,1773.41,4954.9314,15
2026-06-17 16:00:00,1773.42,1777.0,1770.83,1775.44,3317.9986,15
2026-06-17 16:15:00,1775.44,1791.73,1773.39,1784.74,10749.7032,15
2026-06-17 16:30:00,1784.74,1785.42,1772.1,1775.08,4462.7645,15
2026-06-17 16:45:00,1775.08,1775.8,1769.52,1772.02,1990.7462,15
2026-06-17 17:00:00,1772.03,1774.39,1767.54,1772.15,2381.652,15
2026-06-17 17:15:00,1772.14,1779.53,1771.51,1777.92,2071.0703,15
2026-06-17 17:30:00,1777.93,1781.27,1773.91,1774.68,1654.4397,15
2026-06-17 17:45:00,1774.69,1796.08,1773.38,1789.27,6602.4571,15
2026-06-17 18:00:00,1789.27,1789.4,1746.42,1764.97,21761.2866,15
2026-06-17 18:15:00,1764.98,1773.96,1763.06,1766.96,4898.5823,15
2026-06-17 18:30:00,1766.96,1788.99,1761.68,1785.12,10869.9164,15
2026-06-17 18:45:00,1785.12,1786.08,1766.64,1770.32,7568.125,15
2026-06-17 19:00:00,1770.31,1775.85,1762.99,1772.1,4904.4838,15
2026-06-17 19:15:00,1772.11,1772.56,1736.54,1741.1,16790.8821,15
2026-06-17 19:30:00,1741.1,1749.38,1730.96,1734.32,13129.1348,15
2026-06-17 19:45:00,1734.33,1739.27,1729.26,1734.72,13219.7222,15
2026-06-17 20:00:00,1734.73,1744.08,1732.97,1738.14,5477.9584,15
2026-06-17 20:15:00,1738.14,1741.83,1737.28,1739.58,2424.5474,15
2026-06-17 20:30:00,1739.57,1745.06,1736.55,1736.57,2223.3425,15
2026-06-17 20:45:00,1736.57,1747.92,1735.48,1747.36,2352.4463,15
2026-06-17 21:00:00,1747.37,1748.01,1742.19,1742.81,1206.2178999999999,15
2026-06-17 21:15:00,1742.81,1745.76,1742.26,1743.86,1763.0937000000001,15
2026-06-17 21:30:00,1743.86,1746.0,1739.07,1739.89,1810.1978,15
2026-06-17 21:45:00,1739.88,1740.03,1736.39,1738.9,2103.3019,15
2026-06-17 22:00:00,1738.91,1740.81,1725.34,1735.51,5983.9522,15
2026-06-17 22:15:00,1735.52,1744.8,1734.77,1743.59,1773.214,15
2026-06-17 22:30:00,1743.58,1745.02,1741.88,1743.26,1762.1529,15
2026-06-17 22:45:00,1743.27,1746.6,1740.06,1740.31,1249.8872999999999,15
2026-06-17 23:00:00,1740.31,1746.1,1740.1,1744.0,1898.0066,15
2026-06-17 23:15:00,1744.01,1751.66,1743.75,1750.14,1963.812,15
2026-06-17 23:30:00,1750.13,1750.71,1747.64,1747.85,1069.0948,15
2026-06-17 23:45:00,1747.85,1750.74,1746.85,1750.6,1031.9868,15
2026-06-18 00:00:00,1750.61,1757.28,1749.98,1755.86,1949.0722,15
2026-06-18 00:15:00,1755.86,1757.24,1752.73,1754.97,2738.1153,15
2026-06-18 00:30:00,1754.97,1759.49,1752.63,1755.47,1765.4885,15
2026-06-18 00:45:00,1755.47,1756.49,1751.68,1752.97,1981.7866,15
2026-06-18 01:00:00,1752.97,1762.99,1752.64,1761.57,2615.5193,15
2026-06-18 01:15:00,1761.57,1762.21,1755.78,1757.23,2180.3571,15
2026-06-18 01:30:00,1757.22,1762.91,1757.22,1757.49,926.3113,15
2026-06-18 01:45:00,1757.48,1757.48,1752.9,1754.92,1014.1206,15
2026-06-18 02:00:00,1754.93,1758.62,1754.29,1754.5,1049.0817,15
2026-06-18 02:15:00,1754.5,1759.0,1750.34,1757.72,2024.7427,15
2026-06-18 02:30:00,1757.72,1758.6,1754.82,1757.67,1322.294,15
2026-06-18 02:45:00,1757.67,1758.0,1755.48,1755.85,1545.0625,15
2026-06-18 03:00:00,1755.86,1756.26,1751.1,1751.59,2456.4801,15
2026-06-18 03:15:00,1751.59,1752.58,1744.78,1745.01,2496.5002,15
2026-06-18 03:30:00,1745.01,1748.29,1741.46,1742.67,2820.1621999999998,15
2026-06-18 03:45:00,1742.68,1747.25,1742.02,1744.17,2096.709,15
2026-06-18 04:00:00,1744.17,1745.92,1730.88,1735.25,4896.2096,15
2026-06-18 04:15:00,1735.25,1739.33,1731.13,1735.45,2092.9797,15
2026-06-18 04:30:00,1735.46,1737.29,1732.38,1732.73,1450.0466000000001,15
2026-06-18 04:45:00,1732.73,1734.59,1730.0,1730.64,2387.7747,15
2026-06-18 05:00:00,1730.63,1733.0,1722.24,1728.94,4691.9294,15
2026-06-18 05:15:00,1728.94,1731.66,1727.1,1728.57,1849.5683,15
2026-06-18 05:30:00,1728.58,1731.29,1725.32,1728.87,1333.7026,15
2026-06-18 05:45:00,1728.86,1731.39,1726.95,1730.97,1629.4063,15
2026-06-18 06:00:00,1730.97,1734.5,1726.0,1728.65,2588.1308,15
2026-06-18 06:15:00,1728.64,1730.69,1725.53,1730.49,2012.8969,15
2026-06-18 06:30:00,1730.48,1736.05,1730.18,1735.91,2561.3914,15
2026-06-18 06:45:00,1735.9,1736.79,1733.99,1735.56,2009.4645,15
2026-06-18 07:00:00,1735.56,1736.52,1732.91,1734.81,1535.0606,15
2026-06-18 07:15:00,1734.82,1746.98,1734.47,1745.34,6272.9941,15
2026-06-18 07:30:00,1745.34,1753.29,1743.77,1749.24,3683.1467,15
2026-06-18 07:45:00,1749.25,1750.96,1747.12,1749.79,3008.5046,15
2026-06-18 08:00:00,1749.8,1753.61,1746.07,1748.37,5923.8883,15
2026-06-18 08:15:00,1748.36,1751.14,1748.25,1749.96,1304.9895,15
2026-06-18 08:30:00,1749.96,1753.29,1749.51,1750.67,1472.7407,15
2026-06-18 08:45:00,1750.68,1751.04,1743.7,1747.67,8293.7074,15
2026-06-18 09:00:00,1747.67,1747.79,1743.03,1747.52,5269.450199999999,15
2026-06-18 09:15:00,1747.52,1751.87,1743.36,1743.37,2203.4305,15
2026-06-18 09:30:00,1743.36,1747.29,1742.53,1747.08,989.4355,15
2026-06-18 09:45:00,1747.09,1749.07,1745.71,1746.07,725.7604,15
2026-06-18 10:00:00,1746.07,1747.4,1741.24,1741.3,2253.3126,15
2026-06-18 10:15:00,1741.3,1743.45,1739.46,1742.18,2022.9062,15
2026-06-18 10:30:00,1742.19,1743.17,1739.78,1740.45,2228.8333,15
2026-06-18 10:45:00,1740.45,1752.84,1740.0,1746.9,3788.1678,15
2026-06-18 11:00:00,1746.9,1749.39,1743.85,1745.94,2732.0647,15
2026-06-18 11:15:00,1745.94,1747.56,1741.0,1745.93,2999.2098,15
2026-06-18 11:30:00,1745.93,1747.57,1739.11,1743.34,2418.8017,15
2026-06-18 11:45:00,1743.34,1744.61,1739.52,1743.31,2449.2744,15
2026-06-18 12:00:00,1743.31,1747.15,1741.88,1745.27,2502.549,15
2026-06-18 12:15:00,1745.28,1752.0,1744.05,1751.8,3377.5486,15
2026-06-18 12:30:00,1751.8,1753.06,1747.45,1748.92,2475.0807,15
2026-06-18 12:45:00,1748.91,1751.18,1746.94,1750.41,1323.422,15
2026-06-18 13:00:00,1750.41,1752.29,1748.33,1749.88,1085.4633999999999,15
2026-06-18 13:15:00,1749.87,1752.51,1748.54,1749.73,1647.3189,15
2026-06-18 13:30:00,1749.72,1750.82,1731.27,1731.53,6778.0387,15
2026-06-18 13:45:00,1731.54,1743.19,1729.08,1736.78,4955.4222,15
2026-06-18 14:00:00,1736.78,1740.52,1730.4,1732.26,3791.1584000000003,15
2026-06-18 14:15:00,1732.26,1745.46,1729.66,1733.66,4586.912,15
2026-06-18 14:30:00,1733.66,1744.54,1732.47,1739.05,3669.9314,15
2026-06-18 14:45:00,1739.06,1742.54,1731.74,1739.79,3580.5151,15
2026-06-18 15:00:00,1739.78,1740.09,1732.01,1732.84,3212.3588,15
2026-06-18 15:15:00,1732.84,1734.91,1717.65,1720.5,9782.9892,15
2026-06-18 15:30:00,1720.5,1726.08,1697.39,1698.67,21650.7272,15
2026-06-18 15:45:00,1698.66,1700.18,1680.0,1682.23,20110.1621,15
2026-06-18 16:00:00,1682.23,1692.95,1680.39,1689.72,8418.872299999999,15
2026-06-18 16:15:00,1689.73,1691.53,1683.52,1686.77,5642.1243,15
2026-06-18 16:30:00,1686.77,1688.74,1682.74,1686.86,5458.2954,15
2026-06-18 16:45:00,1686.86,1689.16,1684.01,1686.93,3699.4327,15
2026-06-18 17:00:00,1686.96,1687.68,1681.32,1683.71,3165.9822,15
2026-06-18 17:15:00,1683.71,1686.48,1671.79,1680.21,8027.7917,15
2026-06-18 17:30:00,1680.22,1686.64,1679.5,1681.67,4673.1498,15
2026-06-18 17:45:00,1681.67,1686.4,1676.86,1679.42,2470.1837,15
2026-06-18 18:00:00,1679.41,1682.0,1677.18,1679.9,2645.97,15
2026-06-18 18:15:00,1679.9,1689.4,1676.35,1686.73,4989.7617,15
2026-06-18 18:30:00,1686.73,1687.17,1681.29,1685.25,2314.9162,15
2026-06-18 18:45:00,1685.25,1688.53,1682.41,1685.38,1542.4478,15
2026-06-18 19:00:00,1685.38,1687.21,1682.78,1686.58,1426.4595,15
2026-06-18 19:15:00,1686.57,1692.26,1685.59,1691.68,2594.832,15
2026-06-18 19:30:00,1691.69,1703.67,1690.31,1702.99,3815.5733,15
2026-06-18 19:45:00,1702.98,1707.48,1700.79,1705.39,5135.1582,15
2026-06-18 20:00:00,1705.4,1714.46,1705.4,1712.01,4341.2699,15
2026-06-18 20:15:00,1712.01,1717.23,1708.22,1713.36,3070.5396,15
2026-06-18 20:30:00,1713.36,1715.54,1711.67,1713.19,1966.6786,15
2026-06-18 20:45:00,1713.19,1713.37,1710.03,1710.47,1424.9848,15
2026-06-18 21:00:00,1710.47,1711.96,1702.72,1704.4,2072.4202999999998,15
2026-06-18 21:15:00,1704.39,1706.49,1701.64,1705.79,2293.1124,15
2026-06-18 21:30:00,1705.78,1709.85,1705.0,1706.21,2209.4214,15
2026-06-18 21:45:00,1706.22,1709.73,1705.4,1708.39,1734.8992,15
2026-06-18 22:00:00,1708.39,1708.56,1705.65,1706.89,1627.1659,15
2026-06-18 22:15:00,1706.89,1707.35,1701.99,1703.49,1401.9013,15
2026-06-18 22:30:00,1703.5,1704.79,1700.19,1704.79,1254.3116,15
2026-06-18 22:45:00,1704.79,1708.39,1703.39,1706.81,1104.6474,15
2026-06-18 23:00:00,1706.81,1708.28,1702.96,1702.96,1317.951,15
2026-06-18 23:15:00,1702.96,1709.78,1702.96,1709.09,1342.3495,15
2026-06-18 23:30:00,1709.09,1712.17,1709.06,1709.31,1564.7023,15
2026-06-18 23:45:00,1709.31,1712.38,1708.47,1711.11,1143.0788,15
2026-06-19 00:00:00,1711.11,1711.6,1708.64,1710.48,1395.6169,15
2026-06-19 00:15:00,1710.49,1715.0,1709.55,1712.91,1526.0438,15
2026-06-19 00:30:00,1712.91,1716.0,1712.68,1716.0,1355.1765,15
2026-06-19 00:45:00,1715.99,1716.3,1712.65,1713.84,1421.1227,15
2026-06-19 01:00:00,1713.85,1719.51,1710.4,1711.92,1882.186,15
2026-06-19 01:15:00,1711.91,1716.79,1709.24,1709.31,1059.9022,15
2026-06-19 01:30:00,1709.31,1710.79,1706.19,1709.69,1273.0233,15
2026-06-19 01:45:00,1709.68,1713.95,1709.68,1713.5,764.1817,15
2026-06-19 02:00:00,1713.5,1715.21,1710.55,1710.93,1459.5287,15
2026-06-19 02:15:00,1710.93,1712.01,1704.09,1704.09,1825.8477,15
2026-06-19 02:30:00,1704.09,1706.13,1702.34,1704.44,2082.6364,15
2026-06-19 02:45:00,1704.46,1708.09,1701.29,1707.15,1736.612,15
2026-06-19 03:00:00,1707.15,1708.28,1694.79,1695.39,3658.9745000000003,15
2026-06-19 03:15:00,1695.39,1702.11,1682.35,1699.95,11943.229000000001,15
2026-06-19 03:30:00,1699.94,1700.07,1692.6,1696.79,2258.4239000000002,15
2026-06-19 03:45:00,1696.8,1699.09,1694.77,1697.69,2048.5181,15
2026-06-19 04:00:00,1697.7,1700.72,1689.93,1700.12,2651.3051,15
2026-06-19 04:15:00,1700.13,1702.97,1694.56,1694.91,2087.7947,15
2026-06-19 04:30:00,1694.91,1695.19,1687.35,1692.15,2688.5355,15
2026-06-19 04:45:00,1692.16,1694.11,1686.0,1689.72,1620.0778,15
2026-06-19 05:00:00,1689.72,1697.39,1689.39,1697.31,2703.4359,15
2026-06-19 05:15:00,1697.31,1697.31,1692.08,1693.74,1181.3717,15
2026-06-19 05:30:00,1693.75,1696.11,1691.49,1695.7,1708.3894,15
2026-06-19 05:45:00,1695.7,1697.75,1694.8,1697.51,1158.3641,15
2026-06-19 06:00:00,1697.51,1700.21,1696.18,1699.84,1749.7523,15
2026-06-19 06:15:00,1699.85,1702.08,1697.86,1701.15,1961.6206,15
2026-06-19 06:30:00,1701.16,1703.4,1696.65,1700.49,1153.4884,15
2026-06-19 06:45:00,1700.49,1701.47,1696.67,1700.26,1047.3274,15
2026-06-19 07:00:00,1700.27,1700.98,1696.12,1696.13,1162.2536,15
2026-06-19 07:15:00,1696.13,1698.36,1693.99,1696.15,1332.4868999999999,15
2026-06-19 07:30:00,1696.16,1699.82,1690.09,1693.09,4858.5749,15
2026-06-19 07:45:00,1693.09,1697.56,1691.67,1695.82,3517.7421,15
2026-06-19 08:00:00,1695.82,1697.72,1693.66,1696.67,1790.8744,15
2026-06-19 08:15:00,1696.66,1699.11,1695.28,1696.3,1140.5251,15
2026-06-19 08:30:00,1696.3,1699.11,1693.99,1695.93,1235.5564,15
2026-06-19 08:45:00,1695.93,1698.36,1695.77,1697.94,704.8215,15
2026-06-19 09:00:00,1697.94,1699.82,1690.4,1692.01,1554.1097,15
2026-06-19 09:15:00,1692.01,1694.54,1690.0,1691.89,1088.075,15
2026-06-19 09:30:00,1691.9,1695.03,1691.89,1692.88,1041.6348,15
2026-06-19 09:45:00,1692.87,1693.08,1688.72,1689.2,1863.1541,15
2026-06-19 10:00:00,1689.21,1693.5,1688.72,1691.36,1837.2644,15
2026-06-19 10:15:00,1691.34,1691.51,1687.34,1690.09,1739.9299,15
2026-06-19 10:30:00,1690.09,1690.21,1687.05,1688.17,1498.0031999999999,15
2026-06-19 10:45:00,1688.17,1694.67,1687.69,1692.61,921.1863999999999,15
2026-06-19 11:00:00,1692.6,1693.56,1688.94,1689.99,1149.3333,15
2026-06-19 11:15:00,1689.99,1694.24,1688.84,1692.88,788.0336,15
2026-06-19 11:30:00,1692.88,1693.84,1692.06,1693.21,814.5981,15
2026-06-19 11:45:00,1693.22,1694.2,1691.3,1691.74,577.1089,15
2026-06-19 12:00:00,1691.74,1694.24,1690.5,1690.5,879.4806,15
2026-06-19 12:15:00,1690.5,1690.5,1687.22,1689.49,805.2355,15
2026-06-19 12:30:00,1689.49,1690.76,1683.29,1686.5,2414.5676,15
2026-06-19 12:45:00,1686.5,1696.12,1679.11,1695.36,5487.6673,15
2026-06-19 13:00:00,1695.37,1699.3,1692.2,1693.61,2135.3655,15
2026-06-19 13:15:00,1693.62,1694.59,1687.75,1691.4,1362.6698000000001,15
2026-06-19 13:30:00,1691.4,1703.0,1690.49,1701.16,2707.6145,15
2026-06-19 13:45:00,1701.16,1711.59,1700.77,1703.47,5430.6678999999995,15
2026-06-19 14:00:00,1703.46,1705.62,1697.29,1698.62,2215.2527999999998,15
2026-06-19 14:15:00,1698.62,1705.0,1696.51,1703.84,1585.9317,15
2026-06-19 14:30:00,1703.85,1708.02,1701.77,1704.87,2319.5928,15
2026-06-19 14:45:00,1704.87,1709.98,1704.87,1706.97,2105.6178999999997,15
2026-06-19 15:00:00,1706.96,1707.53,1703.7,1706.05,1119.3347,15
2026-06-19 15:15:00,1706.06,1707.45,1698.37,1699.56,3177.6768,15
2026-06-19 15:30:00,1699.56,1712.06,1699.55,1708.94,3141.3749000000003,15
2026-06-19 15:45:00,1708.94,1709.59,1706.7,1707.86,1652.4293,15
2026-06-19 16:00:00,1707.87,1711.76,1704.78,1711.58,1436.0867,15
2026-06-19 16:15:00,1711.59,1711.59,1707.39,1707.75,1858.9574,15
2026-06-19 16:30:00,1707.74,1708.2,1704.43,1705.44,1724.0368,15
2026-06-19 16:45:00,1705.44,1705.44,1695.09,1696.8,2256.9443,15
2026-06-19 17:00:00,1696.8,1698.05,1693.7,1697.27,1537.6133,15
2026-06-19 17:15:00,1697.27,1702.22,1694.26,1696.69,1705.3881000000001,15
2026-06-19 17:30:00,1696.69,1702.43,1696.51,1702.05,1853.7759,15
2026-06-19 17:45:00,1702.05,1706.25,1700.29,1704.85,2272.8075,15
2026-06-19 18:00:00,1704.85,1705.45,1702.68,1705.05,1002.7899,15
2026-06-19 18:15:00,1705.06,1705.36,1703.01,1703.23,665.4433,15
2026-06-19 18:30:00,1703.22,1704.19,1698.3,1701.15,1333.1769,15
2026-06-19 18:45:00,1701.16,1703.36,1700.83,1702.7,810.7592,15
2026-06-19 19:00:00,1702.69,1704.61,1699.43,1702.22,1089.729,15
2026-06-19 19:15:00,1702.22,1702.48,1698.15,1700.06,803.3948,15
2026-06-19 19:30:00,1700.07,1701.4,1698.67,1700.52,856.7541,15
2026-06-19 19:45:00,1700.52,1704.34,1699.85,1701.2,1237.8679,15
2026-06-19 20:00:00,1701.21,1704.76,1701.21,1703.15,655.1815,15
2026-06-19 20:15:00,1703.16,1703.16,1698.89,1702.79,482.1546,15
2026-06-19 20:30:00,1702.8,1704.29,1701.35,1702.71,676.7645,15
2026-06-19 20:45:00,1702.71,1709.37,1702.71,1708.96,1599.9076,15
2026-06-19 21:00:00,1708.97,1708.97,1705.49,1708.58,902.9168,15
2026-06-19 21:15:00,1708.58,1708.59,1704.64,1704.79,449.4321,15
2026-06-19 21:30:00,1704.79,1705.61,1702.69,1702.69,750.3453,15
2026-06-19 21:45:00,1702.7,1704.19,1701.52,1702.03,745.2447,15
2026-06-19 22:00:00,1702.02,1703.31,1700.45,1703.01,945.1292,15
2026-06-19 22:15:00,1703.0,1710.38,1702.8,1708.39,1492.6780999999999,15
2026-06-19 22:30:00,1708.4,1709.3,1706.07,1708.14,1351.9117,15
2026-06-19 22:45:00,1708.14,1709.32,1706.93,1707.61,703.852,15
2026-06-19 23:00:00,1707.61,1708.28,1704.88,1705.7,636.7665,15
2026-06-19 23:15:00,1705.7,1708.27,1705.37,1707.94,404.8684,15
2026-06-19 23:30:00,1707.94,1708.78,1707.05,1707.8,333.5951,15
2026-06-19 23:45:00,1707.8,1715.0,1706.57,1711.19,1943.6930000000002,15
2026-06-20 00:00:00,1711.18,1713.07,1708.41,1709.79,1880.914,15
2026-06-20 00:15:00,1709.79,1712.55,1708.46,1711.84,694.9629,15
2026-06-20 00:30:00,1711.83,1718.0,1709.22,1710.86,3346.0051,15
2026-06-20 00:45:00,1710.86,1711.08,1708.65,1708.8,546.3481,15
2026-06-20 01:00:00,1708.8,1709.36,1706.62,1708.25,772.4838,15
2026-06-20 01:15:00,1708.24,1710.51,1706.76,1709.21,609.1735,15
2026-06-20 01:30:00,1709.22,1713.36,1708.64,1708.98,1154.3467,15
2026-06-20 01:45:00,1708.98,1710.41,1708.35,1709.89,411.0718,15
2026-06-20 02:00:00,1709.89,1710.52,1706.89,1707.31,681.9842,15
2026-06-20 02:15:00,1707.31,1707.31,1704.06,1704.5,680.9149,15
2026-06-20 02:30:00,1704.5,1708.21,1704.5,1705.96,638.4034,15
2026-06-20 02:45:00,1705.96,1707.56,1704.5,1704.85,1057.2933,15
2026-06-20 03:00:00,1704.85,1707.03,1704.56,1706.7,640.8626,15
2026-06-20 03:15:00,1706.7,1708.61,1706.7,1707.96,699.8209,15
2026-06-20 03:30:00,1707.97,1709.33,1706.34,1708.18,332.7265,15
2026-06-20 03:45:00,1708.18,1708.66,1707.19,1708.17,339.0922,15
2026-06-20 04:00:00,1708.18,1709.4,1706.51,1707.67,707.6534,15
2026-06-20 04:15:00,1707.67,1713.0,1707.56,1712.92,674.1406000000001,15
2026-06-20 04:30:00,1712.93,1715.47,1711.07,1714.94,1514.1491999999998,15
2026-06-20 04:45:00,1714.94,1714.94,1712.55,1713.52,1360.6169,15
2026-06-20 05:00:00,1713.52,1733.89,1712.25,1729.7,9255.239,15
2026-06-20 05:15:00,1729.7,1730.68,1721.42,1722.42,3069.6606,15
2026-06-20 05:30:00,1722.42,1727.56,1722.42,1723.56,1723.5226,15
2026-06-20 05:45:00,1723.56,1726.99,1722.03,1726.1,1377.1459,15
2026-06-20 06:00:00,1726.11,1727.38,1723.98,1726.35,1189.415,15
2026-06-20 06:15:00,1726.35,1729.84,1724.88,1727.77,1279.2348,15
2026-06-20 06:30:00,1727.76,1728.03,1724.44,1726.72,791.849,15
2026-06-20 06:45:00,1726.72,1728.65,1725.34,1727.67,1129.2413000000001,15
2026-06-20 07:00:00,1727.66,1727.83,1723.05,1725.19,1013.2729999999999,15
2026-06-20 07:15:00,1725.2,1728.58,1724.81,1728.28,924.4944,15
2026-06-20 07:30:00,1728.28,1729.56,1727.04,1727.58,1395.0947,15
2026-06-20 07:45:00,1727.57,1728.32,1725.19,1725.82,1234.6151,15
2026-06-20 08:00:00,1725.81,1726.9,1722.5,1725.14,1873.6597,15
2026-06-20 08:15:00,1725.14,1726.79,1723.6,1723.6,613.4083,15
2026-06-20 08:30:00,1723.61,1724.26,1721.77,1723.19,1050.654,15
2026-06-20 08:45:00,1723.19,1723.92,1721.25,1722.83,631.7206,15
2026-06-20 09:00:00,1722.83,1727.05,1722.83,1725.75,931.3676,15
2026-06-20 09:15:00,1725.76,1726.14,1723.51,1723.87,662.3811000000001,15
2026-06-20 09:30:00,1723.86,1730.0,1723.61,1728.78,1634.1382,15
2026-06-20 09:45:00,1728.79,1730.0,1727.52,1728.47,692.4541,15
2026-06-20 10:00:00,1728.46,1728.69,1726.37,1727.57,377.6015,15
2026-06-20 10:15:00,1727.56,1729.53,1726.98,1728.11,645.1702,15
2026-06-20 10:30:00,1728.11,1728.24,1725.26,1726.17,726.7946000000001,15
2026-06-20 10:45:00,1726.17,1728.31,1726.17,1727.62,368.32869999999997,15
2026-06-20 11:00:00,1727.63,1728.93,1725.84,1726.77,536.7848,15
2026-06-20 11:15:00,1726.76,1728.33,1726.31,1726.61,687.7584999999999,15
2026-06-20 11:30:00,1726.61,1728.3,1726.11,1727.92,314.326,15
2026-06-20 11:45:00,1727.92,1731.76,1726.89,1727.18,1563.5047,15
2026-06-20 12:00:00,1727.18,1730.35,1726.92,1729.76,809.2442,15
2026-06-20 12:15:00,1729.76,1729.87,1727.32,1729.08,883.0772,15
2026-06-20 12:30:00,1729.08,1729.08,1724.21,1725.49,765.5925,15
2026-06-20 12:45:00,1725.5,1727.03,1723.61,1726.86,710.6254,15
2026-06-20 13:00:00,1726.86,1727.21,1724.2,1724.2,628.7856,15
2026-06-20 13:15:00,1724.21,1725.91,1712.81,1714.85,4044.1873,15
2026-06-20 13:30:00,1714.84,1719.31,1714.48,1718.37,1382.777,15
2026-06-20 13:45:00,1718.37,1719.64,1716.38,1717.56,1453.0807,15
2026-06-20 14:00:00,1717.56,1717.56,1708.11,1708.85,3058.6628,15
2026-06-20 14:15:00,1708.85,1713.53,1708.85,1713.22,1233.0876,15
2026-06-20 14:30:00,1713.21,1720.26,1712.06,1719.92,1590.3249,15
2026-06-20 14:45:00,1719.91,1746.67,1718.95,1733.48,11419.3223,15
2026-06-20 15:00:00,1733.49,1737.64,1729.44,1735.93,3553.2902,15
2026-06-20 15:15:00,1735.94,1749.55,1733.78,1742.56,9812.0017,15
2026-06-20 15:30:00,1742.56,1743.7,1738.31,1739.16,2471.2541,15
2026-06-20 15:45:00,1739.15,1741.81,1737.49,1740.63,1748.4463,15
2026-06-20 16:00:00,1740.63,1740.91,1735.05,1736.33,1279.7023,15
2026-06-20 16:15:00,1736.32,1738.5,1732.76,1733.45,1366.8153,15
2026-06-20 16:30:00,1733.44,1734.58,1730.9,1732.32,1175.0541,15
2026-06-20 16:45:00,1732.31,1734.7,1732.0,1733.92,850.6717,15
2026-06-20 17:00:00,1733.92,1733.93,1729.28,1730.79,606.2151,15
2026-06-20 17:15:00,1730.79,1730.79,1726.88,1729.88,1025.8853,15
2026-06-20 17:30:00,1729.88,1732.0,1721.03,1726.11,2691.9284,15
2026-06-20 17:45:00,1726.12,1728.18,1725.5,1726.86,563.2121,15
2026-06-20 18:00:00,1726.87,1732.0,1726.49,1727.64,953.5541999999999,15
2026-06-20 18:15:00,1727.64,1730.25,1727.64,1729.7,768.1046,15
2026-06-20 18:30:00,1729.71,1730.5,1726.72,1727.69,1173.7604999999999,15
2026-06-20 18:45:00,1727.7,1728.61,1726.0,1726.63,1150.4311,15
2026-06-20 19:00:00,1726.62,1728.58,1725.24,1727.87,2938.0495,15
2026-06-20 19:15:00,1727.87,1728.55,1725.26,1726.79,5972.4989,15
2026-06-20 19:30:00,1726.79,1730.18,1726.1,1729.77,743.826,15
2026-06-20 19:45:00,1729.76,1730.05,1728.66,1729.27,210.0412,15
2026-06-20 20:00:00,1729.27,1730.94,1728.56,1730.01,1267.6124,15
2026-06-20 20:15:00,1730.0,1731.03,1728.5,1728.99,443.2744,15
2026-06-20 20:30:00,1729.0,1729.03,1726.53,1728.29,372.853,15
2026-06-20 20:45:00,1728.28,1731.34,1728.28,1730.98,477.3222,15
2026-06-20 21:00:00,1730.98,1737.11,1730.38,1735.31,1179.5865999999999,15
2026-06-20 21:15:00,1735.31,1735.31,1732.29,1732.99,1635.5531,15
2026-06-20 21:30:00,1732.98,1737.18,1732.41,1736.35,2856.0708,15
2026-06-20 21:45:00,1736.36,1738.01,1733.21,1735.33,4367.3984,15
2026-06-20 22:00:00,1735.33,1740.26,1732.96,1738.85,4985.125,15
2026-06-20 22:15:00,1738.84,1744.58,1736.34,1743.01,2449.0182,15
2026-06-20 22:30:00,1743.01,1746.17,1740.79,1743.21,3233.5907,15
2026-06-20 22:45:00,1743.21,1745.18,1741.2,1743.32,2589.7951,15
2026-06-20 23:00:00,1743.32,1743.69,1741.65,1741.71,3012.8208,15
2026-06-20 23:15:00,1741.71,1743.76,1740.94,1740.99,2077.5846,15
2026-06-20 23:30:00,1740.99,1743.02,1740.52,1742.23,1800.1174,15
2026-06-20 23:45:00,1742.23,1742.23,1740.7,1741.08,1574.7863,15
2026-06-21 00:00:00,1741.08,1741.09,1737.0,1738.59,1237.1466,15
2026-06-21 00:15:00,1738.59,1739.43,1736.19,1737.36,1052.4974,15
2026-06-21 00:30:00,1737.37,1739.8,1736.76,1738.25,645.8133,15
2026-06-21 00:45:00,1738.25,1739.07,1736.77,1737.92,562.5937,15
2026-06-21 01:00:00,1737.92,1738.25,1735.32,1735.4,652.0784,15
2026-06-21 01:15:00,1735.41,1736.19,1734.5,1735.27,473.9146,15
2026-06-21 01:30:00,1735.27,1738.12,1734.71,1737.38,736.8162,15
2026-06-21 01:45:00,1737.38,1740.0,1737.0,1737.01,419.235,15
2026-06-21 02:00:00,1737.0,1738.18,1735.77,1737.31,375.45910000000003,15
2026-06-21 02:15:00,1737.31,1737.76,1735.66,1736.76,286.2648,15
2026-06-21 02:30:00,1736.76,1737.73,1735.86,1736.7,486.5628,15
2026-06-21 02:45:00,1736.71,1737.82,1735.88,1736.09,485.363,15
2026-06-21 03:00:00,1736.08,1736.54,1733.51,1736.54,1552.9287,15
2026-06-21 03:15:00,1736.54,1741.45,1735.03,1736.63,1344.3283999999999,15
2026-06-21 03:30:00,1736.64,1739.9,1736.01,1739.26,671.4563,15
2026-06-21 03:45:00,1739.26,1739.59,1737.87,1737.87,503.4705,15
2026-06-21 04:00:00,1737.88,1738.2,1735.32,1736.26,739.1421,15
2026-06-21 04:15:00,1736.25,1740.44,1736.25,1739.16,656.2345,15
2026-06-21 04:30:00,1739.15,1741.41,1737.44,1737.77,652.4244,15
2026-06-21 04:45:00,1737.76,1737.77,1731.63,1732.85,1533.0584000000001,15
2026-06-21 05:00:00,1732.85,1733.77,1731.14,1731.87,812.8043,15
2026-06-21 05:15:00,1731.86,1735.4,1729.8,1735.08,1585.0289,15
2026-06-21 05:30:00,1735.08,1736.27,1733.62,1734.17,585.4222,15
2026-06-21 05:45:00,1734.17,1734.18,1732.0,1733.47,467.24399999999997,15
2026-06-21 06:00:00,1733.46,1735.59,1732.52,1734.7,7632.2552,15
2026-06-21 06:15:00,1734.7,1736.82,1734.24,1736.22,473.93600000000004,15
2026-06-21 06:30:00,1736.22,1738.66,1735.21,1737.31,546.7286,15
2026-06-21 06:45:00,1737.31,1737.53,1736.0,1736.14,338.5647,15
2026-06-21 07:00:00,1736.14,1736.44,1734.37,1735.34,766.5685,15
2026-06-21 07:15:00,1735.34,1735.79,1733.0,1733.29,525.9411,15
2026-06-21 07:30:00,1733.29,1734.35,1733.0,1734.15,1252.1857,15
2026-06-21 07:45:00,1734.16,1734.49,1731.79,1732.36,581.1169,15
2026-06-21 08:00:00,1732.36,1733.22,1729.79,1731.04,1126.1659,15
2026-06-21 08:15:00,1731.04,1731.07,1729.0,1729.42,650.8348,15
2026-06-21 08:30:00,1729.41,1730.23,1724.0,1728.55,2074.1739,15
2026-06-21 08:45:00,1728.55,1729.11,1726.61,1729.1,656.3934,15
2026-06-21 09:00:00,1729.11,1730.08,1727.36,1727.36,505.2586,15
2026-06-21 09:15:00,1727.36,1730.92,1725.89,1728.88,706.6306999999999,15
2026-06-21 09:30:00,1728.88,1734.37,1728.88,1731.38,1179.8926,15
2026-06-21 09:45:00,1731.38,1733.66,1731.37,1732.78,689.8658,15
2026-06-21 10:00:00,1732.77,1735.39,1731.57,1734.22,954.4155000000001,15
2026-06-21 10:15:00,1734.22,1737.02,1733.42,1734.53,1018.9907999999999,15
2026-06-21 10:30:00,1734.53,1734.53,1732.43,1732.54,678.6308,15
2026-06-21 10:45:00,1732.54,1733.95,1731.03,1731.38,932.3111,15
2026-06-21 11:00:00,1731.39,1734.81,1729.52,1732.54,1633.7104,15
2026-06-21 11:15:00,1732.53,1732.53,1718.56,1727.7,4742.4116,15
2026-06-21 11:30:00,1727.69,1728.25,1723.86,1726.64,776.046,15
2026-06-21 11:45:00,1726.65,1728.39,1723.36,1725.36,1284.3736,15
2026-06-21 12:00:00,1725.37,1726.58,1721.59,1722.17,1769.5362,15
2026-06-21 12:15:00,1722.17,1722.18,1717.14,1719.28,2926.0299,15
2026-06-21 12:30:00,1719.29,1721.79,1717.33,1720.62,1043.974,15
2026-06-21 12:45:00,1720.62,1726.93,1720.59,1726.0,2273.1830999999997,15
2026-06-21 13:00:00,1725.99,1728.14,1724.0,1726.05,1434.3291,15
2026-06-21 13:15:00,1726.06,1727.77,1724.76,1726.27,878.4293,15
2026-06-21 13:30:00,1726.28,1726.89,1722.12,1722.77,891.3822,15
2026-06-21 13:45:00,1722.77,1725.4,1722.7,1725.15,501.15999999999997,15
2026-06-21 14:00:00,1725.15,1725.99,1722.63,1723.32,541.2104,15
2026-06-21 14:15:00,1723.31,1724.59,1721.78,1722.39,1702.7029,15
2026-06-21 14:30:00,1722.39,1726.29,1722.15,1725.36,448.1021,15
2026-06-21 14:45:00,1725.36,1728.46,1723.89,1728.44,714.0035,15
2026-06-21 15:00:00,1728.45,1732.2,1727.12,1729.06,1883.0602999999999,15
2026-06-21 15:15:00,1729.06,1732.11,1729.0,1731.63,691.6299,15
2026-06-21 15:30:00,1731.63,1732.57,1729.69,1730.98,866.4406,15
2026-06-21 15:45:00,1730.98,1731.17,1730.37,1730.72,434.6884,15
2026-06-21 16:00:00,1730.71,1730.71,1726.04,1727.6,2710.8418,15
2026-06-21 16:15:00,1727.61,1729.11,1726.37,1726.99,662.8269,15
2026-06-21 16:30:00,1726.99,1727.31,1722.21,1725.29,1491.4686000000002,15
2026-06-21 16:45:00,1725.29,1730.0,1725.27,1728.15,748.8306,15
2026-06-21 17:00:00,1728.16,1731.54,1727.71,1730.24,1256.5935,15
2026-06-21 17:15:00,1730.25,1730.58,1726.7,1726.78,1512.5297,15
2026-06-21 17:30:00,1726.78,1727.48,1725.97,1727.07,1569.1262000000002,15
2026-06-21 17:45:00,1727.08,1729.18,1727.08,1727.36,313.7252,15
2026-06-21 18:00:00,1727.37,1727.49,1721.67,1723.56,742.847,15
2026-06-21 18:15:00,1723.56,1726.08,1723.56,1725.85,494.1229,15
2026-06-21 18:30:00,1725.86,1737.56,1725.57,1734.25,4138.1768999999995,15
2026-06-21 18:45:00,1734.25,1737.81,1732.94,1735.39,1707.0185999999999,15
2026-06-21 19:00:00,1735.4,1739.32,1734.59,1736.51,1561.9701,15
2026-06-21 19:15:00,1736.5,1736.62,1733.59,1734.28,498.6546,15
2026-06-21 19:30:00,1734.29,1735.53,1733.75,1734.93,422.3136,15
2026-06-21 19:45:00,1734.93,1736.12,1733.92,1734.14,354.3313,15
2026-06-21 20:00:00,1734.14,1735.34,1731.4,1731.68,553.8154,15
2026-06-21 20:15:00,1731.68,1732.46,1729.28,1730.76,548.7385,15
2026-06-21 20:30:00,1730.77,1731.41,1726.49,1727.88,1278.637,15
2026-06-21 20:45:00,1727.88,1728.11,1717.3,1721.3,3204.6162,15
2026-06-21 21:00:00,1721.32,1722.38,1702.0,1710.31,6598.4888,15
2026-06-21 21:15:00,1710.31,1717.5,1702.51,1714.5,4219.534000000001,15
2026-06-21 21:30:00,1714.5,1724.19,1714.5,1720.65,2461.1061,15
2026-06-21 21:45:00,1720.65,1721.86,1717.13,1718.6,604.4909,15
2026-06-21 22:00:00,1718.59,1721.38,1712.96,1716.33,2285.6193,15
2026-06-21 22:15:00,1716.35,1719.43,1714.44,1714.63,1294.9053000000001,15
2026-06-21 22:30:00,1714.63,1716.76,1708.57,1714.8,2405.0992,15
2026-06-21 22:45:00,1714.79,1719.72,1714.43,1717.65,859.4855,15
2026-06-21 23:00:00,1717.64,1717.64,1710.0,1711.84,1580.3655,15
2026-06-21 23:15:00,1711.84,1716.37,1710.55,1713.54,1263.7705,15
2026-06-21 23:30:00,1713.54,1714.54,1704.25,1706.38,3578.2637999999997,15
2026-06-21 23:45:00,1706.39,1709.34,1704.8,1706.94,1595.6037000000001,15
2026-06-22 00:00:00,1706.94,1715.68,1706.94,1712.72,1991.4699,15
2026-06-22 00:15:00,1712.72,1721.11,1712.48,1720.22,2037.321,15
2026-06-22 00:30:00,1720.23,1732.2,1719.36,1725.89,4115.0572,15
2026-06-22 00:45:00,1725.89,1729.75,1720.54,1726.95,1986.5324,15
2026-06-22 01:00:00,1726.95,1730.49,1724.56,1725.81,1677.0293000000001,15
2026-06-22 01:15:00,1725.82,1759.84,1725.82,1752.43,14616.7417,15
2026-06-22 01:30:00,1752.42,1754.86,1741.74,1744.43,4442.4281,15
2026-06-22 01:45:00,1744.43,1746.82,1743.17,1743.82,1966.7721999999999,15
2026-06-22 02:00:00,1743.83,1745.28,1738.67,1740.73,1892.8472,15
2026-06-22 02:15:00,1740.72,1745.0,1739.17,1741.8,1716.409,15
2026-06-22 02:30:00,1741.81,1745.13,1740.01,1742.99,1096.8125,15
2026-06-22 02:45:00,1742.99,1743.26,1737.28,1737.28,1593.9904,15
2026-06-22 03:00:00,1737.27,1737.33,1726.54,1731.61,3177.9926,15
2026-06-22 03:15:00,1731.62,1740.0,1731.62,1736.59,1326.6578,15
2026-06-22 03:30:00,1736.59,1740.98,1734.21,1734.96,2339.4608,15
2026-06-22 03:45:00,1734.96,1735.53,1727.0,1730.0,2268.4687,15
2026-06-22 04:00:00,1730.0,1733.79,1727.69,1732.24,1210.1926,15
2026-06-22 04:15:00,1732.23,1734.97,1730.87,1734.51,1510.1188,15
2026-06-22 04:30:00,1734.52,1735.55,1731.12,1731.95,2783.6227,15
2026-06-22 04:45:00,1731.95,1735.96,1731.94,1735.31,961.346,15
2026-06-22 05:00:00,1735.3,1738.18,1734.2,1737.02,1480.2838,15
2026-06-22 05:15:00,1737.02,1739.83,1735.89,1737.77,2166.9676,15
2026-06-22 05:30:00,1737.77,1739.51,1736.08,1737.61,1175.3547,15
2026-06-22 05:45:00,1737.6,1738.07,1735.72,1736.85,686.0563,15
2026-06-22 06:00:00,1736.85,1740.21,1733.98,1738.03,1549.5403000000001,15
2026-06-22 06:15:00,1738.03,1739.97,1735.69,1736.52,2348.1101,15
2026-06-22 06:30:00,1736.51,1736.63,1733.24,1734.67,1720.2192,15
2026-06-22 06:45:00,1734.65,1735.86,1733.21,1735.06,1197.2968,15
2026-06-22 07:00:00,1735.07,1746.45,1734.76,1744.39,5866.995199999999,15
2026-06-22 07:15:00,1744.38,1749.25,1743.89,1748.12,2538.6127,15
2026-06-22 07:30:00,1748.12,1751.58,1747.35,1747.82,2719.9329,15
2026-06-22 07:45:00,1747.81,1749.44,1745.15,1746.34,1641.7859,15
2026-06-22 08:00:00,1746.34,1752.23,1743.56,1751.83,1890.1262,15
2026-06-22 08:15:00,1751.82,1752.11,1746.21,1746.39,1861.3529,15
2026-06-22 08:30:00,1746.4,1749.48,1743.93,1749.48,1483.7871,15
2026-06-22 08:45:00,1749.47,1750.8,1746.1,1747.79,1204.8517,15
2026-06-22 09:00:00,1747.8,1750.38,1747.12,1748.72,1947.8493,15
2026-06-22 09:15:00,1748.73,1749.87,1745.45,1746.21,3207.3881,15
2026-06-22 09:30:00,1746.22,1748.95,1743.75,1746.98,1681.2231,15
2026-06-22 09:45:00,1746.98,1747.57,1745.73,1746.2,728.9638,15
2026-06-22 10:00:00,1746.19,1751.58,1745.23,1749.56,1244.8772999999999,15
2026-06-22 10:15:00,1749.56,1750.81,1747.12,1747.51,835.6511,15
2026-06-22 10:30:00,1747.52,1751.39,1747.0,1747.09,960.0713999999999,15
2026-06-22 10:45:00,1747.08,1749.97,1747.08,1748.81,615.8427,15
2026-06-22 11:00:00,1748.81,1757.45,1747.48,1751.91,4980.013999999999,15
2026-06-22 11:15:00,1751.92,1754.97,1748.97,1752.68,2117.6369,15
2026-06-22 11:30:00,1752.69,1765.44,1752.69,1763.68,7348.0447,15
2026-06-22 11:45:00,1763.68,1774.7,1762.65,1767.68,7846.2708999999995,15
2026-06-22 12:00:00,1767.68,1772.0,1764.22,1765.74,5310.561299999999,15
2026-06-22 12:15:00,1765.73,1769.51,1763.77,1767.15,2537.0929,15
2026-06-22 12:30:00,1767.16,1767.37,1761.29,1764.17,3637.6949,15
2026-06-22 12:45:00,1764.17,1767.14,1761.68,1764.0,2044.6181000000001,15
2026-06-22 13:00:00,1764.0,1766.85,1762.93,1764.34,2465.7837,15
2026-06-22 13:15:00,1764.34,1765.95,1762.23,1764.44,1888.001,15
2026-06-22 13:30:00,1764.44,1779.9,1762.06,1774.08,11943.8287,15
2026-06-22 13:45:00,1774.08,1777.51,1771.7,1777.51,4318.7456,15
2026-06-22 14:00:00,1777.52,1778.0,1766.42,1767.9,4283.36,15
2026-06-22 14:15:00,1767.9,1768.19,1754.89,1755.39,4496.6517,15
2026-06-22 14:30:00,1755.38,1759.26,1751.62,1753.58,5046.4807,15
2026-06-22 14:45:00,1753.58,1758.36,1749.85,1754.61,3311.098,15
2026-06-22 15:00:00,1754.62,1758.06,1751.24,1755.59,2259.01,15
2026-06-22 15:15:00,1755.59,1756.55,1751.13,1754.15,3736.7724,15
2026-06-22 15:30:00,1754.16,1756.44,1752.47,1754.46,2819.2659999999996,15
2026-06-22 15:45:00,1754.46,1754.88,1742.41,1744.74,4296.6402,15
2026-06-22 16:00:00,1744.75,1746.29,1737.0,1742.0,5843.3443,15
2026-06-22 16:15:00,1742.01,1745.0,1738.51,1741.93,2558.9119,15
2026-06-22 16:30:00,1741.93,1742.6,1734.66,1738.14,4697.3822,15
2026-06-22 16:45:00,1738.13,1742.86,1733.71,1740.1,3931.3724,15
2026-06-22 17:00:00,1740.1,1743.12,1738.99,1741.43,1405.5393,15
2026-06-22 17:15:00,1741.44,1742.13,1733.92,1734.39,2298.9368,15
2026-06-22 17:30:00,1734.39,1736.14,1731.32,1734.93,3521.2887,15
2026-06-22 17:45:00,1734.94,1742.27,1734.7,1740.93,1859.1786,15
2026-06-22 18:00:00,1740.92,1746.54,1740.92,1745.67,2152.1266,15
2026-06-22 18:15:00,1745.67,1747.7,1740.7,1741.72,1879.7843,15
2026-06-22 18:30:00,1741.72,1743.0,1739.69,1739.91,1870.2821000000001,15
2026-06-22 18:45:00,1739.91,1740.26,1729.42,1733.51,6669.0005,15
2026-06-22 19:00:00,1733.51,1735.64,1729.56,1734.97,3674.0306,15
2026-06-22 19:15:00,1734.96,1736.82,1729.15,1731.38,3637.6322,15
2026-06-22 19:30:00,1731.39,1735.8,1730.96,1733.54,1531.5606,15
2026-06-22 19:45:00,1733.54,1735.46,1730.01,1734.59,2125.7709,15
2026-06-22 20:00:00,1734.59,1740.07,1734.03,1736.67,1956.9712,15
2026-06-22 20:15:00,1736.67,1738.13,1732.04,1733.79,1310.3195,15
2026-06-22 20:30:00,1733.79,1736.49,1733.49,1736.12,919.2873000000001,15
2026-06-22 20:45:00,1736.11,1736.87,1731.14,1734.61,1348.7217,15
2026-06-22 21:00:00,1734.61,1737.53,1733.86,1735.68,1459.1598,15
2026-06-22 21:15:00,1735.67,1735.67,1731.33,1734.01,1020.1463,15
2026-06-22 21:30:00,1734.01,1734.12,1726.83,1729.2,2121.2801,15
2026-06-22 21:45:00,1729.19,1732.76,1728.75,1732.74,1104.7060000000001,15
2026-06-22 22:00:00,1732.74,1735.93,1732.03,1733.28,1065.9699,15
2026-06-22 22:15:00,1733.28,1733.6,1718.0,1722.28,4862.3144,15
2026-06-22 22:30:00,1722.28,1725.42,1717.02,1719.45,3988.7848,15
2026-06-22 22:45:00,1719.45,1724.81,1718.74,1724.15,1424.6041,15
2026-06-22 23:00:00,1724.16,1726.18,1723.05,1723.52,1436.1656,15
2026-06-22 23:15:00,1723.52,1727.56,1721.38,1726.76,1376.3956,15
2026-06-22 23:30:00,1726.76,1730.6,1724.84,1727.18,1998.8316,15
2026-06-22 23:45:00,1727.18,1729.82,1725.9,1728.19,1455.3993,15
2026-06-23 00:00:00,1728.19,1728.57,1724.1,1725.56,1476.5773,15
2026-06-23 00:15:00,1725.56,1727.05,1719.75,1721.8,1511.6624000000002,15
2026-06-23 00:30:00,1721.8,1729.42,1721.8,1729.41,1268.275,15
2026-06-23 00:45:00,1729.41,1731.74,1727.07,1731.27,1370.4952,15
2026-06-23 01:00:00,1731.26,1736.25,1731.26,1732.45,1243.0718,15
2026-06-23 01:15:00,1732.45,1735.44,1731.5,1733.76,756.8486,15
2026-06-23 01:30:00,1733.74,1734.8,1727.5,1728.15,1353.0107,15
2026-06-23 01:45:00,1728.15,1731.62,1721.22,1730.61,2609.0925,15
2026-06-23 02:00:00,1730.61,1732.1,1726.36,1729.28,671.9186,15
2026-06-23 02:15:00,1729.28,1733.35,1729.28,1730.88,903.2587,15
2026-06-23 02:30:00,1730.89,1733.15,1730.4,1732.37,518.7787,15
2026-06-23 02:45:00,1732.37,1735.04,1731.38,1732.65,1043.1865,15
2026-06-23 03:00:00,1732.65,1733.11,1725.98,1728.67,1380.0666,15
2026-06-23 03:15:00,1728.67,1730.72,1727.46,1729.66,681.8705,15
2026-06-23 03:30:00,1729.66,1729.66,1726.69,1727.77,1137.528,15
2026-06-23 03:45:00,1727.77,1730.5,1727.43,1729.9,804.0345,15
2026-06-23 04:00:00,1729.91,1731.25,1728.51,1730.58,629.5182,15
2026-06-23 04:15:00,1730.59,1730.59,1724.85,1727.99,1312.3751,15
2026-06-23 04:30:00,1727.98,1727.99,1722.66,1723.34,1583.6792,15
2026-06-23 04:45:00,1723.35,1724.33,1717.75,1719.07,2457.2216,15
2026-06-23 05:00:00,1719.07,1721.38,1717.35,1719.46,2078.4296,15
2026-06-23 05:15:00,1719.46,1720.0,1710.5,1713.6,3987.9411,15
2026-06-23 05:30:00,1713.59,1714.84,1710.64,1714.57,2509.179,15
2026-06-23 05:45:00,1714.57,1715.03,1712.16,1713.44,1149.2802,15
2026-06-23 06:00:00,1713.51,1713.7,1703.39,1707.48,4218.9334,15
2026-06-23 06:15:00,1707.48,1709.13,1680.52,1687.39,15347.8016,15
2026-06-23 06:30:00,1687.39,1692.91,1683.56,1690.38,4091.3294,15
2026-06-23 06:45:00,1690.39,1693.34,1689.45,1692.29,1707.3769,15
2026-06-23 07:00:00,1692.3,1694.73,1691.21,1694.15,1908.2548,15
2026-06-23 07:15:00,1694.15,1696.47,1692.5,1693.4,1634.6198,15
2026-06-23 07:30:00,1693.4,1693.64,1687.04,1687.62,4207.9978,15
2026-06-23 07:45:00,1687.63,1689.91,1682.34,1683.01,3092.7126,15
2026-06-23 08:00:00,1683.02,1684.8,1673.93,1675.63,6926.4518,15
2026-06-23 08:15:00,1675.65,1675.73,1635.65,1642.16,27073.6043,15
2026-06-23 08:30:00,1642.15,1652.44,1641.84,1649.37,8168.3291,15
2026-06-23 08:45:00,1649.36,1650.36,1646.07,1648.48,3253.1933,15
2026-06-23 09:00:00,1648.47,1652.16,1648.15,1650.86,2195.2511,15
2026-06-23 09:15:00,1650.86,1654.39,1650.3,1653.8,2147.1427,15
2026-06-23 09:30:00,1653.8,1654.31,1648.26,1649.81,3743.1624,15
2026-06-23 09:45:00,1649.8,1652.11,1649.38,1650.97,1580.2837,15
2026-06-23 10:00:00,1650.97,1658.91,1650.91,1656.51,2607.2428,15
2026-06-23 10:15:00,1656.52,1656.52,1652.58,1654.01,2120.2266,15
2026-06-23 10:30:00,1654.0,1654.26,1649.37,1650.46,1608.8427,15
2026-06-23 10:45:00,1650.46,1653.1,1649.45,1652.65,1367.3095,15
2026-06-23 11:00:00,1652.65,1655.93,1652.65,1655.86,1519.9354,15
2026-06-23 11:15:00,1655.85,1663.51,1655.38,1660.65,3301.7509,15
2026-06-23 11:30:00,1660.64,1663.68,1659.32,1661.4,1451.7399,15
2026-06-23 11:45:00,1661.4,1663.9,1657.98,1660.9,2191.6938,15
2026-06-23 12:00:00,1660.9,1662.59,1656.77,1658.35,1925.8789,15
2026-06-23 12:15:00,1658.34,1659.88,1656.21,1658.38,1514.027,15
2026-06-23 12:30:00,1658.38,1660.85,1655.42,1658.02,2115.7986,15
2026-06-23 12:45:00,1658.01,1658.74,1653.6,1654.53,3214.6228,15
2026-06-23 13:00:00,1654.54,1655.0,1649.5,1652.7,3251.3715,15
2026-06-23 13:15:00,1652.69,1652.69,1647.48,1649.19,6026.4777,15
2026-06-23 13:30:00,1649.2,1661.85,1645.52,1659.32,5846.7113,15
2026-06-23 13:45:00,1659.31,1664.13,1656.21,1662.83,3064.0791,15
2026-06-23 14:00:00,1662.82,1668.12,1659.69,1667.71,2586.5190000000002,15
2026-06-23 14:15:00,1667.7,1670.44,1658.04,1662.2,3445.9105,15
2026-06-23 14:30:00,1662.2,1672.0,1659.84,1663.46,3146.3034000000002,15
2026-06-23 14:45:00,1663.46,1666.34,1660.1,1662.1,2721.7052000000003,15
2026-06-23 15:00:00,1662.1,1663.39,1655.0,1656.99,2277.6893,15
2026-06-23 15:15:00,1656.98,1656.98,1651.77,1654.02,2177.7439,15
2026-06-23 15:30:00,1654.02,1660.92,1654.02,1656.04,2637.6457,15
2026-06-23 15:45:00,1656.03,1659.78,1651.39,1659.78,2888.4706,15
2026-06-23 16:00:00,1659.78,1673.89,1656.99,1668.06,11756.8567,15
2026-06-23 16:15:00,1668.07,1668.94,1661.24,1662.14,1801.3083,15
2026-06-23 16:30:00,1662.13,1663.02,1660.64,1662.53,1892.4816,15
2026-06-23 16:45:00,1662.53,1663.06,1658.48,1659.35,1302.6404,15
2026-06-23 17:00:00,1659.34,1661.04,1655.34,1657.95,2120.2164000000002,15
2026-06-23 17:15:00,1657.94,1663.46,1657.76,1662.8,1180.3272,15
2026-06-23 17:30:00,1662.81,1664.87,1657.87,1659.52,1170.4302,15
2026-06-23 17:45:00,1659.52,1660.53,1654.67,1656.85,962.2024,15
2026-06-23 18:00:00,1656.86,1660.64,1655.2,1658.21,1056.9613,15
2026-06-23 18:15:00,1658.21,1660.06,1655.9,1657.67,3467.9144,15
2026-06-23 18:30:00,1657.67,1657.67,1650.17,1650.97,2253.5014,15
2026-06-23 18:45:00,1650.97,1657.42,1650.0,1655.53,2459.2015,15
2026-06-23 19:00:00,1655.53,1661.92,1655.47,1659.93,1971.7801,15
2026-06-23 19:15:00,1659.93,1661.92,1656.56,1661.92,1430.3812,15
2026-06-23 19:30:00,1661.92,1662.82,1658.2,1658.21,1356.9949,15
2026-06-23 19:45:00,1658.21,1663.97,1657.38,1662.58,2498.9188,15
2026-06-23 20:00:00,1662.57,1667.64,1662.57,1664.16,2030.0799,15
2026-06-23 20:15:00,1664.16,1665.5,1662.37,1664.28,1352.2284,15
2026-06-23 20:30:00,1664.28,1664.28,1662.07,1663.14,1200.4862,15
2026-06-23 20:45:00,1663.14,1664.32,1661.42,1664.13,842.4368000000001,15
2026-06-23 21:00:00,1664.12,1667.84,1663.52,1665.25,1274.4069,15
2026-06-23 21:15:00,1665.25,1666.94,1664.44,1666.79,633.9203,15
2026-06-23 21:30:00,1666.8,1667.77,1665.64,1667.0,995.1856,15
2026-06-23 21:45:00,1667.01,1668.37,1666.07,1666.75,981.7609,15
2026-06-23 22:00:00,1666.74,1672.0,1666.31,1671.27,1458.1010999999999,15
2026-06-23 22:15:00,1671.27,1672.92,1664.13,1665.34,1465.6589,15
2026-06-23 22:30:00,1665.34,1666.42,1663.3,1663.51,737.7136,15
2026-06-23 22:45:00,1663.51,1665.8,1663.0,1664.67,715.5894,15
2026-06-23 23:00:00,1664.67,1664.68,1660.27,1661.43,1395.2427,15
2026-06-23 23:15:00,1661.44,1665.74,1661.44,1664.13,1557.2793,15
2026-06-23 23:30:00,1664.14,1664.79,1662.15,1662.79,1068.7409,15
2026-06-23 23:45:00,1662.78,1669.55,1662.5,1667.13,1127.6239,15
2026-06-24 00:00:00,1667.13,1673.11,1666.75,1671.17,1569.5591,15
2026-06-24 00:15:00,1671.17,1672.3,1667.82,1668.78,943.609,15
2026-06-24 00:30:00,1668.78,1674.72,1667.51,1670.75,1263.6149,15
2026-06-24 00:45:00,1670.74,1673.55,1669.0,1671.37,893.9648,15
2026-06-24 01:00:00,1671.37,1672.5,1666.52,1672.3,1397.3992,15
2026-06-24 01:15:00,1672.29,1672.96,1666.12,1671.39,1086.6734999999999,15
2026-06-24 01:30:00,1671.39,1680.46,1671.39,1674.56,2709.7073,15
2026-06-24 01:45:00,1674.56,1677.21,1672.22,1672.71,1699.3007,15
2026-06-24 02:00:00,1672.71,1673.62,1668.93,1671.71,1313.3705,15
2026-06-24 02:15:00,1671.7,1671.7,1664.98,1667.79,966.6095,15
2026-06-24 02:30:00,1667.8,1669.5,1663.53,1667.76,1310.2266,15
2026-06-24 02:45:00,1667.76,1668.07,1663.78,1664.03,974.2993,15
2026-06-24 03:00:00,1664.03,1665.95,1662.22,1663.94,2731.6818,15
2026-06-24 03:15:00,1663.94,1664.17,1658.18,1664.17,1669.8909,15
2026-06-24 03:30:00,1664.16,1669.03,1664.16,1668.4,972.0110000000001,15
2026-06-24 03:45:00,1668.41,1670.09,1666.13,1666.67,888.5862999999999,15
2026-06-24 04:00:00,1666.67,1667.55,1664.29,1664.81,1031.309,15
2026-06-24 04:15:00,1664.82,1666.49,1658.22,1659.58,1428.3545,15
2026-06-24 04:30:00,1659.58,1665.97,1659.56,1664.57,1582.9791,15
2026-06-24 04:45:00,1664.56,1671.01,1664.56,1669.0,2370.5661,15
2026-06-24 05:00:00,1669.0,1671.69,1667.8,1669.36,838.1905,15
2026-06-24 05:15:00,1669.38,1673.39,1669.29,1673.27,1185.5272,15
2026-06-24 05:30:00,1673.27,1679.57,1672.51,1675.84,3259.5672,15
2026-06-24 05:45:00,1675.84,1676.75,1672.82,1674.48,1335.5746,15
2026-06-24 06:00:00,1674.48,1675.0,1670.54,1673.68,1316.7314000000001,15
2026-06-24 06:15:00,1673.68,1676.99,1672.58,1675.22,1898.5417,15
2026-06-24 06:30:00,1675.23,1677.0,1674.42,1674.42,703.8269,15
2026-06-24 06:45:00,1674.42,1676.36,1672.79,1674.89,1119.3681,15
2026-06-24 07:00:00,1674.89,1678.53,1672.93,1678.0,2069.2798000000003,15
2026-06-24 07:15:00,1677.99,1677.99,1673.13,1673.41,974.2359,15
2026-06-24 07:30:00,1673.4,1675.78,1670.94,1672.44,1873.0784999999998,15
2026-06-24 07:45:00,1672.45,1673.97,1671.14,1673.12,1417.3689,15
2026-06-24 08:00:00,1673.13,1674.48,1669.23,1671.09,2181.6831,15
2026-06-24 08:15:00,1671.09,1672.74,1669.48,1670.38,841.874,15
2026-06-24 08:30:00,1670.38,1675.2,1670.0,1674.23,1169.5309,15
2026-06-24 08:45:00,1674.23,1674.68,1672.56,1673.28,1378.5324,15
2026-06-24 09:00:00,1673.28,1673.38,1668.14,1670.8,1906.7545,15
2026-06-24 09:15:00,1670.8,1670.86,1667.51,1667.65,1408.4913999999999,15
2026-06-24 09:30:00,1667.65,1667.95,1665.29,1666.76,1816.3769,15
2026-06-24 09:45:00,1666.76,1668.61,1665.69,1667.15,1022.2403999999999,15
2026-06-24 10:00:00,1667.14,1667.42,1663.87,1666.43,1639.9470000000001,15
2026-06-24 10:15:00,1666.42,1667.81,1662.88,1665.67,2696.4827,15
2026-06-24 10:30:00,1665.67,1668.0,1664.23,1666.84,1998.0337,15
2026-06-24 10:45:00,1666.85,1666.85,1663.15,1663.69,1056.1761,15
2026-06-24 11:00:00,1663.68,1665.2,1658.83,1658.83,1987.1325,15
2026-06-24 11:15:00,1658.84,1660.32,1655.76,1657.89,1748.5206,15
2026-06-24 11:30:00,1657.9,1669.99,1657.9,1669.84,2683.7999,15
2026-06-24 11:45:00,1669.84,1693.67,1668.56,1679.57,8160.4782,15
2026-06-24 12:00:00,1679.57,1681.29,1676.0,1678.25,2710.9476999999997,15
2026-06-24 12:15:00,1678.25,1680.21,1675.76,1676.86,2614.6583,15
2026-06-24 12:30:00,1676.85,1678.3,1674.08,1676.56,1544.8759,15
2026-06-24 12:45:00,1676.56,1676.78,1670.52,1671.53,1325.2129,15
2026-06-24 13:00:00,1671.53,1672.17,1652.9,1655.61,4691.5814,15
2026-06-24 13:15:00,1655.61,1660.9,1642.88,1652.15,8363.3784,15
2026-06-24 13:30:00,1652.14,1664.16,1644.55,1648.31,8040.0197,15
2026-06-24 13:45:00,1648.31,1655.24,1641.44,1645.43,6292.7752,15
2026-06-24 14:00:00,1645.42,1650.83,1638.5,1646.12,7101.1698,15
2026-06-24 14:15:00,1646.12,1650.82,1638.14,1649.18,7162.2384,15
2026-06-24 14:30:00,1649.18,1657.4,1646.0,1650.48,5517.9262,15
2026-06-24 14:45:00,1650.48,1653.29,1643.01,1647.26,3491.9554,15
2026-06-24 15:00:00,1647.27,1647.93,1637.16,1639.65,4414.8493,15
2026-06-24 15:15:00,1639.65,1651.24,1638.61,1644.68,5128.3027,15
2026-06-24 15:30:00,1644.68,1644.69,1624.05,1627.23,10051.9259,15
2026-06-24 15:45:00,1627.24,1627.6,1616.8,1618.08,9948.879,15
2026-06-24 16:00:00,1618.08,1628.34,1616.23,1627.67,7320.8908,15
2026-06-24 16:15:00,1627.67,1636.08,1625.42,1631.78,7369.4882,15
2026-06-24 16:30:00,1631.77,1632.32,1620.01,1623.43,5142.4381,15
2026-06-24 16:45:00,1623.43,1623.43,1585.2,1589.87,28763.971,15
2026-06-24 17:00:00,1589.86,1597.83,1583.0,1588.21,8190.785,15
2026-06-24 17:15:00,1588.2,1590.24,1567.74,1576.67,14586.363800000001,15
2026-06-24 17:30:00,1576.68,1579.01,1564.19,1567.48,9791.5573,15
2026-06-24 17:45:00,1567.47,1569.48,1552.95,1560.66,11781.8771,15
2026-06-24 18:00:00,1560.66,1569.57,1556.86,1568.51,8854.094799999999,15
2026-06-24 18:15:00,1568.51,1585.11,1568.41,1578.4,10711.9194,15
2026-06-24 18:30:00,1578.4,1580.31,1574.66,1575.98,3887.9401,15
2026-06-24 18:45:00,1575.97,1576.27,1568.31,1572.26,4273.0671999999995,15
2026-06-24 19:00:00,1572.27,1576.84,1567.12,1571.45,3635.1669,15
2026-06-24 19:15:00,1571.45,1577.0,1568.68,1576.04,3286.4572,15
2026-06-24 19:30:00,1576.03,1583.62,1572.36,1579.74,3582.6065,15
2026-06-24 19:45:00,1579.74,1585.39,1578.5,1584.58,4128.1196,15
2026-06-24 20:00:00,1584.59,1612.48,1580.0,1610.56,11205.5278,15
2026-06-24 20:15:00,1610.55,1617.22,1608.11,1613.22,4482.5894,15
2026-06-24 20:30:00,1613.22,1617.38,1608.92,1612.31,3790.3623,15
2026-06-24 20:45:00,1612.3,1622.12,1611.48,1613.63,4485.1076,15
2026-06-24 21:00:00,1613.63,1615.11,1606.09,1609.64,3640.4365,15
2026-06-24 21:15:00,1609.63,1612.11,1608.26,1611.77,1902.5003,15
2026-06-24 21:30:00,1611.77,1619.75,1610.2,1618.24,2042.211,15
2026-06-24 21:45:00,1618.24,1621.81,1615.51,1621.37,2736.1279,15
2026-06-24 22:00:00,1621.37,1629.82,1619.69,1619.74,4866.5198,15
2026-06-24 22:15:00,1619.74,1619.74,1615.0,1615.68,2941.1688,15
2026-06-24 22:30:00,1615.67,1618.0,1614.92,1617.49,1784.8337,15
2026-06-24 22:45:00,1617.49,1617.49,1613.65,1615.46,1642.3964,15
2026-06-24 23:00:00,1615.45,1617.67,1613.75,1616.83,1772.6287,15
2026-06-24 23:15:00,1616.83,1622.28,1615.51,1619.56,1400.3909,15
2026-06-24 23:30:00,1619.56,1622.0,1618.0,1619.78,1327.0087,15
2026-06-24 23:45:00,1619.78,1623.46,1618.11,1622.17,1510.0331999999999,15
2026-06-25 00:00:00,1622.18,1626.51,1622.01,1625.29,1921.6655,15
2026-06-25 00:15:00,1625.28,1625.59,1620.15,1620.54,1161.253,15
2026-06-25 00:30:00,1620.55,1622.87,1618.77,1619.04,1680.7423,15
2026-06-25 00:45:00,1619.04,1621.93,1616.56,1619.12,5319.1669,15
2026-06-25 01:00:00,1619.12,1622.0,1615.47,1617.17,1420.7358,15
2026-06-25 01:15:00,1617.16,1622.07,1614.69,1618.99,1405.3002,15
2026-06-25 01:30:00,1618.98,1622.22,1618.6,1619.39,1244.8208,15
2026-06-25 01:45:00,1619.39,1624.24,1618.31,1620.72,988.9687,15
2026-06-25 02:00:00,1620.73,1621.47,1615.04,1616.32,551.7348,15
2026-06-25 02:15:00,1616.32,1620.39,1615.09,1620.35,484.0125,15
2026-06-25 02:30:00,1620.34,1620.35,1615.32,1616.28,810.0866,15
2026-06-25 02:45:00,1616.28,1621.34,1615.83,1621.0,1757.8458,15
2026-06-25 03:00:00,1621.01,1624.12,1618.01,1618.8,1956.6212,15
2026-06-25 03:15:00,1618.79,1621.02,1616.23,1619.21,1319.4678999999999,15
2026-06-25 03:30:00,1619.21,1620.49,1616.5,1616.78,781.7295,15
2026-06-25 03:45:00,1616.77,1620.64,1616.71,1619.6,1132.9439,15
2026-06-25 04:00:00,1619.61,1620.41,1617.71,1618.01,1169.1748,15
2026-06-25 04:15:00,1618.01,1620.97,1617.36,1619.25,941.1515999999999,15
2026-06-25 04:30:00,1619.25,1622.9,1617.12,1622.9,1267.7786,15
2026-06-25 04:45:00,1622.9,1636.52,1622.45,1635.03,7237.9263,15
2026-06-25 05:00:00,1635.04,1650.0,1633.58,1645.38,10611.062,15
2026-06-25 05:15:00,1645.39,1651.41,1641.74,1647.82,7899.6401000000005,15
2026-06-25 05:30:00,1647.82,1652.23,1644.87,1644.88,5691.4773,15
2026-06-25 05:45:00,1644.87,1648.96,1644.1,1645.89,5172.5669,15
2026-06-25 06:00:00,1645.89,1649.66,1644.15,1647.39,2659.292,15
2026-06-25 06:15:00,1647.39,1650.67,1646.12,1648.54,2231.8799,15
2026-06-25 06:30:00,1648.53,1655.23,1647.45,1654.51,3576.8666,15
2026-06-25 06:45:00,1654.5,1660.54,1652.04,1653.95,4621.7393,15
2026-06-25 07:00:00,1653.95,1656.02,1651.22,1653.07,3673.6484,15
2026-06-25 07:15:00,1653.08,1656.54,1652.94,1654.94,2530.2362,15
2026-06-25 07:30:00,1654.93,1659.89,1654.93,1658.01,2440.8783,15
2026-06-25 07:45:00,1658.0,1658.84,1654.63,1657.19,1863.4850000000001,15
2026-06-25 08:00:00,1657.2,1658.98,1654.42,1654.44,1224.9862,15
2026-06-25 08:15:00,1654.44,1654.57,1651.03,1653.42,1250.51,15
2026-06-25 08:30:00,1653.42,1653.7,1651.6,1653.44,1336.5468,15
2026-06-25 08:45:00,1653.44,1654.6,1651.51,1652.92,1325.6827,15
2026-06-25 09:00:00,1652.93,1655.41,1652.1,1653.64,1181.7647,15
2026-06-25 09:15:00,1653.65,1654.09,1647.43,1648.27,1908.0681,15
2026-06-25 09:30:00,1648.28,1650.46,1647.43,1648.23,754.3228,15
2026-06-25 09:45:00,1648.23,1649.36,1646.62,1648.88,1447.7615,15
2026-06-25 10:00:00,1648.89,1649.43,1646.83,1648.47,1441.6977,15
2026-06-25 10:15:00,1648.46,1649.83,1642.88,1643.45,3400.4333,15
2026-06-25 10:30:00,1643.44,1644.19,1636.92,1636.92,3926.7703,15
2026-06-25 10:45:00,1636.92,1638.85,1633.6,1636.58,3511.3761,15
2026-06-25 11:00:00,1636.58,1638.41,1628.05,1636.91,9336.1744,15
2026-06-25 11:15:00,1636.9,1639.17,1630.32,1630.89,4858.9915,15
2026-06-25 11:30:00,1630.89,1635.22,1630.89,1632.11,1689.7583,15
2026-06-25 11:45:00,1632.11,1633.38,1628.54,1633.27,5430.4558,15
2026-06-25 12:00:00,1633.28,1634.72,1629.71,1631.81,1241.5745,15
2026-06-25 12:15:00,1631.81,1632.01,1624.71,1627.11,2718.145,15
2026-06-25 12:30:00,1627.12,1650.38,1627.12,1637.21,8147.1061,15
2026-06-25 12:45:00,1637.2,1640.39,1633.99,1635.81,1975.3155,15
2026-06-25 13:00:00,1635.82,1640.98,1634.59,1638.63,2314.8843,15
2026-06-25 13:15:00,1638.63,1639.16,1633.43,1634.5,2009.5145,15
2026-06-25 13:30:00,1634.5,1637.55,1591.3,1592.67,12423.947400000001,15
2026-06-25 13:45:00,1592.68,1600.75,1532.9,1538.15,53230.3148,15
2026-06-25 14:00:00,1538.15,1575.57,1538.15,1565.18,30281.3555,15
2026-06-25 14:15:00,1565.18,1571.2,1550.77,1563.85,14743.8068,15
2026-06-25 14:30:00,1563.84,1593.07,1559.95,1567.37,20172.4867,15
2026-06-25 14:45:00,1567.38,1578.74,1563.63,1568.37,9041.6095,15
2026-06-25 15:00:00,1568.37,1568.77,1552.25,1554.18,9413.8294,15
2026-06-25 15:15:00,1554.17,1566.19,1544.68,1561.77,15024.1644,15
2026-06-25 15:30:00,1561.78,1567.42,1555.38,1560.06,7092.7078,15
2026-06-25 15:45:00,1560.06,1573.55,1559.3,1570.01,8663.2673,15
2026-06-25 16:00:00,1570.01,1587.7,1568.18,1577.62,14214.2682,15
2026-06-25 16:15:00,1577.62,1578.47,1573.02,1576.52,4215.7904,15
2026-06-25 16:30:00,1576.52,1576.52,1561.89,1563.39,4516.9537,15
2026-06-25 16:45:00,1563.4,1564.12,1558.17,1562.04,4508.5934,15
2026-06-25 17:00:00,1562.04,1569.66,1557.56,1568.09,3654.0603,15
2026-06-25 17:15:00,1568.1,1575.43,1565.08,1570.29,5229.5772,15
2026-06-25 17:30:00,1570.29,1574.51,1568.62,1569.8,2736.8032,15
2026-06-25 17:45:00,1569.79,1574.97,1566.48,1574.92,4552.7666,15
2026-06-25 18:00:00,1574.92,1577.49,1564.75,1565.19,4168.8754,15
2026-06-25 18:15:00,1565.19,1577.0,1564.55,1573.52,4338.6516,15
2026-06-25 18:30:00,1573.52,1573.52,1560.0,1563.76,4312.1119,15
2026-06-25 18:45:00,1563.76,1570.11,1561.07,1567.56,2261.5161,15
2026-06-25 19:00:00,1567.56,1567.83,1557.39,1559.22,2984.9849,15
2026-06-25 19:15:00,1559.21,1560.87,1554.6,1559.97,3731.964,15
2026-06-25 19:30:00,1559.97,1562.75,1557.97,1558.55,2313.3808,15
2026-06-25 19:45:00,1558.54,1560.73,1555.28,1559.42,2580.1187,15
2026-06-25 20:00:00,1559.41,1570.42,1559.41,1567.01,3098.3432000000003,15
2026-06-25 20:15:00,1567.01,1570.74,1566.72,1567.53,1321.1562999999999,15
2026-06-25 20:30:00,1567.54,1568.5,1560.72,1563.39,1709.3085,15
2026-06-25 20:45:00,1563.38,1563.38,1556.73,1560.33,2952.9194,15
2026-06-25 21:00:00,1560.33,1564.99,1560.14,1564.49,2937.0394,15
2026-06-25 21:15:00,1564.49,1568.72,1563.47,1568.19,1439.6312,15
2026-06-25 21:30:00,1568.18,1578.49,1567.83,1575.01,3617.6667,15
2026-06-25 21:45:00,1575.01,1583.09,1573.04,1580.77,3369.0215,15
2026-06-25 22:00:00,1580.76,1583.65,1570.08,1570.08,4271.0034000000005,15
2026-06-25 22:15:00,1570.07,1573.78,1566.62,1568.82,2163.6229,15
2026-06-25 22:30:00,1568.82,1572.79,1568.16,1571.02,2041.9815,15
2026-06-25 22:45:00,1571.02,1573.77,1568.25,1570.3,2118.2008,15
2026-06-25 23:00:00,1570.29,1572.93,1567.81,1572.68,1236.4939,15
2026-06-25 23:15:00,1572.68,1579.08,1572.27,1577.51,3662.4249999999997,15
2026-06-25 23:30:00,1577.52,1579.82,1570.71,1572.31,2152.3112,15
2026-06-25 23:45:00,1572.3,1572.3,1564.57,1567.84,2214.2353,15
2026-06-26 00:00:00,1567.86,1571.78,1567.73,1571.31,1536.8858,15
2026-06-26 00:15:00,1571.31,1571.31,1566.18,1569.0,1058.2216,15
2026-06-26 00:30:00,1568.99,1571.29,1566.61,1569.02,1019.6817,15
2026-06-26 00:45:00,1569.02,1569.7,1563.69,1564.72,1314.6743999999999,15
2026-06-26 01:00:00,1564.73,1568.65,1559.3,1565.01,1562.0597,15
2026-06-26 01:15:00,1565.01,1567.31,1557.42,1557.77,2321.152,15
2026-06-26 01:30:00,1557.77,1561.44,1555.33,1558.86,1997.2217,15
2026-06-26 01:45:00,1558.87,1562.64,1557.88,1560.13,1169.9357,15
2026-06-26 02:00:00,1560.13,1560.94,1521.0,1522.68,13854.583999999999,15
2026-06-26 02:15:00,1522.69,1538.48,1520.0,1537.76,10507.908,15
2026-06-26 02:30:00,1537.75,1542.01,1530.64,1535.91,5264.455,15
2026-06-26 02:45:00,1535.92,1535.92,1522.51,1524.7,5553.4269,15
2026-06-26 03:00:00,1524.7,1534.37,1512.0,1532.6,15111.289,15
2026-06-26 03:15:00,1532.6,1536.19,1525.64,1532.8,5940.5811,15
2026-06-26 03:30:00,1532.81,1540.72,1529.21,1540.22,5084.7096,15
2026-06-26 03:45:00,1540.21,1563.65,1539.85,1557.93,10269.2145,15
2026-06-26 04:00:00,1557.93,1558.88,1552.95,1555.14,3135.6787,15
2026-06-26 04:15:00,1555.13,1560.7,1550.26,1552.75,2794.3845,15
2026-06-26 04:30:00,1552.75,1554.38,1549.23,1552.55,1770.4094,15
2026-06-26 04:45:00,1552.56,1552.97,1547.41,1549.79,1221.2121,15
2026-06-26 05:00:00,1549.8,1553.0,1548.4,1552.93,3260.9715,15
2026-06-26 05:15:00,1552.94,1559.22,1550.68,1557.05,3632.0246,15
2026-06-26 05:30:00,1557.05,1559.16,1554.54,1555.24,2839.7633,15
2026-06-26 05:45:00,1555.24,1557.07,1552.18,1555.69,1667.0366,15
2026-06-26 06:00:00,1555.68,1555.68,1543.43,1546.25,5235.3302,15
2026-06-26 06:15:00,1546.24,1561.18,1545.78,1560.36,3086.058,15
2026-06-26 06:30:00,1560.36,1572.85,1557.86,1572.48,4383.6858,15
2026-06-26 06:45:00,1572.48,1574.02,1567.99,1570.99,2372.3742,15
2026-06-26 07:00:00,1571.0,1578.68,1570.65,1577.57,3930.7449,15
2026-06-26 07:15:00,1577.56,1582.0,1575.92,1578.67,4609.657,15
2026-06-26 07:30:00,1578.67,1586.5,1578.08,1579.66,12279.9845,15
2026-06-26 07:45:00,1579.68,1583.34,1579.68,1581.12,12517.171,15
2026-06-26 08:00:00,1581.12,1582.43,1571.35,1573.47,6980.1762,15
2026-06-26 08:15:00,1573.47,1575.46,1570.4,1572.9,11230.3991,15
2026-06-26 08:30:00,1572.9,1573.39,1566.42,1567.12,5026.675,15
2026-06-26 08:45:00,1567.12,1569.33,1563.55,1566.43,4616.0054,15
2026-06-26 09:00:00,1566.44,1567.05,1560.07,1563.41,4393.9086,15
2026-06-26 09:15:00,1563.42,1563.42,1559.84,1562.68,2300.841,15
2026-06-26 09:30:00,1562.67,1567.28,1560.93,1563.45,4214.6556,15
2026-06-26 09:45:00,1563.46,1564.26,1549.33,1552.99,5816.778600000001,15
2026-06-26 10:00:00,1552.99,1555.04,1549.45,1552.89,2833.33,15
2026-06-26 10:15:00,1552.9,1556.15,1551.6,1553.22,1972.6541,15
2026-06-26 10:30:00,1553.22,1554.99,1545.0,1549.91,2707.9408000000003,15
2026-06-26 10:45:00,1549.9,1550.65,1545.76,1548.37,2892.0465,15
2026-06-26 11:00:00,1548.36,1555.2,1546.99,1551.55,3945.5049,15
2026-06-26 11:15:00,1551.55,1551.55,1545.05,1546.37,5959.2521,15
2026-06-26 11:30:00,1546.37,1549.75,1545.78,1547.26,2099.6695,15
2026-06-26 11:45:00,1547.25,1548.32,1541.01,1545.14,3848.8651,15
2026-06-26 12:00:00,1545.15,1549.48,1542.83,1545.79,2550.3851,15
2026-06-26 12:15:00,1545.79,1552.0,1545.72,1551.8,2660.7394,15
2026-06-26 12:30:00,1551.79,1560.61,1527.81,1530.83,9595.8075,15
2026-06-26 12:45:00,1530.82,1544.48,1528.1,1536.28,5809.6181,15
2026-06-26 13:00:00,1536.29,1541.85,1530.71,1535.19,3679.8014,15
2026-06-26 13:15:00,1535.2,1536.41,1521.54,1534.14,8161.6233999999995,15
2026-06-26 13:30:00,1534.15,1548.55,1529.09,1547.0,9768.8757,15
2026-06-26 13:45:00,1547.0,1571.4,1542.33,1569.4,13822.8379,15
2026-06-26 14:00:00,1569.4,1573.29,1559.1,1566.06,10945.8323,15
2026-06-26 14:15:00,1566.05,1575.36,1561.09,1569.94,7944.0992,15
2026-06-26 14:30:00,1569.94,1571.85,1555.29,1557.89,7403.2319,15
2026-06-26 14:45:00,1557.89,1570.35,1553.66,1559.98,6834.948,15
2026-06-26 15:00:00,1559.98,1576.65,1559.56,1567.18,5549.1638,15
2026-06-26 15:15:00,1567.17,1587.21,1565.48,1580.02,11917.989800000001,15
2026-06-26 15:30:00,1580.02,1588.23,1578.68,1585.28,6495.7382,15
2026-06-26 15:45:00,1585.27,1585.86,1572.79,1580.14,6965.1657,15
2026-06-26 16:00:00,1580.13,1594.7,1578.56,1579.62,8003.6375,15
2026-06-26 16:15:00,1579.63,1582.46,1572.44,1575.81,3885.3706,15
2026-06-26 16:30:00,1575.82,1588.16,1575.82,1579.69,4425.4729,15
2026-06-26 16:45:00,1579.7,1582.44,1576.46,1577.84,2962.6649,15
2026-06-26 17:00:00,1577.83,1587.93,1576.59,1586.05,4485.5297,15
2026-06-26 17:15:00,1586.05,1589.03,1582.43,1586.34,5229.9082,15
2026-06-26 17:30:00,1586.35,1588.06,1579.8,1583.7,2939.5076,15
2026-06-26 17:45:00,1583.7,1586.19,1580.66,1581.92,1958.194,15
2026-06-26 18:00:00,1581.91,1585.51,1581.54,1582.47,1710.43,15
2026-06-26 18:15:00,1582.47,1583.47,1574.75,1575.55,2828.3519,15
2026-06-26 18:30:00,1575.55,1577.78,1574.11,1577.12,1776.2479,15
2026-06-26 18:45:00,1577.11,1577.11,1570.32,1573.34,3334.5122,15
2026-06-26 19:00:00,1573.35,1584.2,1570.5,1581.04,2882.7977,15
2026-06-26 19:15:00,1581.04,1581.49,1577.64,1578.59,1642.0036,15
2026-06-26 19:30:00,1578.59,1583.4,1577.44,1578.79,2607.4494,15
2026-06-26 19:45:00,1578.8,1580.47,1573.43,1574.51,3577.6387,15
2026-06-26 20:00:00,1574.51,1583.4,1574.47,1575.78,3784.839,15
2026-06-26 20:15:00,1575.77,1579.47,1575.77,1578.79,1970.0355,15
2026-06-26 20:30:00,1578.79,1578.92,1568.49,1568.64,4615.8689,15
2026-06-26 20:45:00,1568.64,1573.07,1568.0,1571.03,2430.9632,15
2026-06-26 21:00:00,1571.02,1573.91,1568.43,1573.56,2078.3154,15
2026-06-26 21:15:00,1573.55,1575.0,1572.19,1574.87,887.6134999999999,15
2026-06-26 21:30:00,1574.87,1578.5,1573.5,1577.95,1157.5521,15
2026-06-26 21:45:00,1577.95,1579.4,1575.18,1575.18,1006.0379,15
2026-06-26 22:00:00,1575.17,1575.86,1569.44,1575.31,1494.2737,15
2026-06-26 22:15:00,1575.3,1576.23,1573.17,1573.37,1120.5934,15
2026-06-26 22:30:00,1573.37,1576.98,1571.6,1576.42,1031.2964,15
2026-06-26 22:45:00,1576.43,1579.45,1575.0,1577.95,798.4094,15
2026-06-26 23:00:00,1577.94,1580.34,1577.14,1578.9,1247.8605,15
2026-06-26 23:15:00,1578.91,1579.2,1575.68,1575.69,795.5343,15
2026-06-26 23:30:00,1575.68,1580.76,1574.44,1579.83,1202.86,15
2026-06-26 23:45:00,1579.84,1580.7,1577.72,1578.68,572.6224,15
2026-06-27 00:00:00,1578.68,1582.07,1578.36,1579.71,789.7075,15
2026-06-27 00:15:00,1579.72,1580.29,1577.0,1577.44,747.0861,15
2026-06-27 00:30:00,1577.45,1577.45,1571.55,1573.66,1859.8868,15
2026-06-27 00:45:00,1573.65,1577.71,1572.69,1576.82,481.5634,15
2026-06-27 01:00:00,1576.83,1577.13,1574.0,1574.98,394.0824,15
2026-06-27 01:15:00,1574.99,1577.14,1574.04,1577.13,399.193,15
2026-06-27 01:30:00,1577.13,1577.7,1575.16,1576.31,482.8373,15
2026-06-27 01:45:00,1576.3,1577.33,1575.37,1576.01,303.6837,15
2026-06-27 02:00:00,1576.0,1581.56,1574.64,1581.38,861.6861,15
2026-06-27 02:15:00,1581.37,1587.17,1580.23,1584.93,2168.5078,15
2026-06-27 02:30:00,1584.93,1585.37,1581.83,1583.88,1301.4263,15
2026-06-27 02:45:00,1583.89,1586.0,1582.56,1583.13,1041.3074,15
2026-06-27 03:00:00,1583.13,1585.09,1578.41,1578.76,1266.8897,15
2026-06-27 03:15:00,1578.75,1584.34,1578.75,1582.22,1243.5322,15
2026-06-27 03:30:00,1582.23,1583.53,1580.45,1580.69,4094.2009000000003,15
2026-06-27 03:45:00,1580.68,1581.89,1579.02,1580.62,1692.9521,15
2026-06-27 04:00:00,1580.62,1585.22,1580.52,1583.76,1184.6926,15
2026-06-27 04:15:00,1583.76,1585.22,1582.45,1582.66,1075.1725999999999,15
2026-06-27 04:30:00,1582.66,1584.15,1581.42,1581.84,408.9235,15
2026-06-27 04:45:00,1581.85,1582.27,1579.0,1579.48,1053.2924,15
2026-06-27 05:00:00,1579.48,1581.12,1578.21,1581.11,1412.8487,15
2026-06-27 05:15:00,1581.11,1581.11,1577.13,1577.42,1310.6105,15
2026-06-27 05:30:00,1577.43,1579.59,1577.0,1579.12,861.2207000000001,15
2026-06-27 05:45:00,1579.12,1580.8,1578.38,1578.65,634.6891,15
2026-06-27 06:00:00,1578.66,1578.89,1575.2,1576.1,652.6235,15
2026-06-27 06:15:00,1576.11,1579.63,1575.35,1578.94,703.2692,15
2026-06-27 06:30:00,1578.93,1583.4,1578.93,1582.95,1351.9664,15
2026-06-27 06:45:00,1582.94,1584.61,1581.23,1582.71,913.3876,15
2026-06-27 07:00:00,1582.71,1583.24,1580.71,1581.33,655.9367,15
2026-06-27 07:15:00,1581.34,1583.86,1580.39,1583.18,977.3775,15
2026-06-27 07:30:00,1583.18,1583.9,1582.19,1583.23,869.6121,15
2026-06-27 07:45:00,1583.24,1586.38,1583.23,1585.71,1154.6623,15
2026-06-27 08:00:00,1585.72,1585.95,1583.6,1583.9,889.4114,15
2026-06-27 08:15:00,1583.9,1584.85,1583.26,1583.73,1505.8879,15
2026-06-27 08:30:00,1583.73,1584.09,1582.05,1582.07,752.3552,15
2026-06-27 08:45:00,1582.07,1585.45,1582.07,1584.18,1967.9569999999999,15
2026-06-27 09:00:00,1584.18,1584.91,1580.23,1580.79,1232.9806,15
2026-06-27 09:15:00,1580.8,1581.14,1579.39,1580.78,1062.5044,15
2026-06-27 09:30:00,1580.77,1583.02,1580.77,1581.94,513.9988,15
2026-06-27 09:45:00,1581.94,1582.95,1581.65,1582.93,469.15409999999997,15
2026-06-27 10:00:00,1582.93,1584.0,1582.18,1583.83,517.4051,15
2026-06-27 10:15:00,1583.83,1584.72,1582.75,1583.09,820.916,15
2026-06-27 10:30:00,1583.09,1584.51,1582.23,1584.51,557.1095,15
2026-06-27 10:45:00,1584.52,1584.97,1583.13,1584.31,396.8948,15
2026-06-27 11:00:00,1584.31,1585.12,1582.13,1584.02,555.9857000000001,15
2026-06-27 11:15:00,1584.02,1584.02,1579.55,1580.57,662.7196,15
2026-06-27 11:30:00,1580.57,1581.6,1579.0,1581.19,974.9037999999999,15
2026-06-27 11:45:00,1581.19,1584.93,1581.19,1584.0,575.4077,15
2026-06-27 12:00:00,1584.0,1584.13,1581.62,1582.65,577.9123999999999,15
2026-06-27 12:15:00,1582.64,1584.44,1582.64,1584.01,413.7437,15
2026-06-27 12:30:00,1584.01,1585.59,1581.42,1582.81,1137.2743,15
2026-06-27 12:45:00,1582.82,1586.49,1582.81,1585.95,1342.4932,15
2026-06-27 13:00:00,1585.95,1588.49,1584.98,1586.84,1881.1726,15
2026-06-27 13:15:00,1586.83,1588.4,1585.6,1586.84,1634.1322,15
2026-06-27 13:30:00,1586.84,1592.0,1585.73,1590.61,3336.0803,15
2026-06-27 13:45:00,1590.6,1593.23,1590.0,1592.3,1449.1644000000001,15
2026-06-27 14:00:00,1592.31,1598.88,1589.49,1596.65,2744.7032,15
2026-06-27 14:15:00,1596.65,1596.65,1592.97,1594.19,1219.9558,15
2026-06-27 14:30:00,1594.19,1595.96,1592.06,1595.23,2390.1016,15
2026-06-27 14:45:00,1595.23,1596.59,1593.55,1594.68,1084.5348,15
2026-06-27 15:00:00,1594.68,1608.71,1594.09,1606.96,8272.1512,15
2026-06-27 15:15:00,1606.96,1606.96,1600.29,1602.49,1948.9569,15
2026-06-27 15:30:00,1602.49,1611.02,1602.0,1605.89,3607.5951,15
2026-06-27 15:45:00,1605.89,1606.32,1604.02,1605.68,1148.3905,15
2026-06-27 16:00:00,1605.68,1606.0,1603.1,1603.99,1249.199,15
2026-06-27 16:15:00,1603.98,1603.99,1601.7,1603.18,954.4727,15
2026-06-27 16:30:00,1603.17,1606.39,1602.12,1605.45,1216.5294,15
2026-06-27 16:45:00,1605.44,1607.92,1604.22,1606.97,1236.9402,15
2026-06-27 17:00:00,1606.98,1607.1,1588.6,1595.9,6860.1306,15
2026-06-27 17:15:00,1595.9,1597.53,1592.41,1594.84,1294.0081,15
2026-06-27 17:30:00,1594.85,1596.66,1590.92,1593.9,1482.8988,15
2026-06-27 17:45:00,1593.89,1595.29,1591.41,1591.42,1122.6778,15
2026-06-27 18:00:00,1591.42,1593.41,1589.2,1592.15,1340.112,15
2026-06-27 18:15:00,1592.16,1593.5,1590.73,1592.7,599.6197999999999,15
2026-06-27 18:30:00,1592.7,1594.6,1592.4,1593.94,407.761,15
2026-06-27 18:45:00,1593.95,1594.7,1592.77,1593.92,428.36490000000003,15
2026-06-27 19:00:00,1593.91,1595.25,1593.47,1594.29,373.8725,15
2026-06-27 19:15:00,1594.29,1594.29,1576.95,1581.67,5401.9588,15
2026-06-27 19:30:00,1581.66,1581.67,1573.36,1578.43,4605.9487,15
2026-06-27 19:45:00,1578.42,1579.95,1577.0,1578.51,1049.1118,15
2026-06-27 20:00:00,1578.51,1582.6,1578.48,1581.82,761.8524,15
2026-06-27 20:15:00,1581.81,1583.24,1580.38,1581.36,658.2393,15
2026-06-27 20:30:00,1581.37,1582.08,1580.78,1581.0,544.6551999999999,15
2026-06-27 20:45:00,1581.0,1582.59,1580.37,1581.48,414.9465,15
2026-06-27 21:00:00,1581.48,1584.96,1581.48,1584.43,846.6905,15
2026-06-27 21:15:00,1584.42,1585.07,1581.33,1584.83,1099.9605000000001,15
2026-06-27 21:30:00,1584.84,1585.69,1577.94,1578.78,897.666,15
2026-06-27 21:45:00,1578.79,1580.83,1573.93,1575.38,2925.7304,15
2026-06-27 22:00:00,1575.38,1576.37,1572.4,1574.55,1544.8217,15
2026-06-27 22:15:00,1574.55,1576.15,1562.86,1575.32,4419.1649,15
2026-06-27 22:30:00,1575.33,1579.15,1575.24,1576.37,1148.1635,15
2026-06-27 22:45:00,1576.37,1579.56,1576.11,1578.98,497.0466,15
2026-06-27 23:00:00,1578.98,1581.58,1572.69,1573.3,1733.6385,15
2026-06-27 23:15:00,1573.29,1575.21,1570.55,1572.38,1154.4966,15
2026-06-27 23:30:00,1572.38,1575.37,1571.79,1575.28,693.7659,15
2026-06-27 23:45:00,1575.29,1575.3,1573.4,1573.99,635.1333,15
2026-06-28 00:00:00,1574.0,1576.8,1572.71,1576.04,727.6822,15
2026-06-28 00:15:00,1576.04,1578.08,1576.03,1577.72,517.9898000000001,15
2026-06-28 00:30:00,1577.72,1577.91,1574.86,1576.31,737.2535,15
2026-06-28 00:45:00,1576.31,1577.13,1573.68,1574.75,972.0936,15
2026-06-28 01:00:00,1574.74,1575.27,1570.0,1572.33,1011.9338,15
2026-06-28 01:15:00,1572.34,1576.22,1571.69,1575.56,875.1705999999999,15
2026-06-28 01:30:00,1575.56,1576.95,1574.55,1576.52,974.0198,15
2026-06-28 01:45:00,1576.52,1576.53,1574.84,1575.11,643.0653,15
2026-06-28 02:00:00,1575.11,1579.35,1575.1,1578.7,597.9376,15
2026-06-28 02:15:00,1578.7,1580.05,1569.07,1571.77,2305.3621,15
2026-06-28 02:30:00,1571.78,1572.76,1571.02,1571.94,672.2342,15
2026-06-28 02:45:00,1571.95,1573.1,1570.81,1572.0,451.7712,15
2026-06-28 03:00:00,1572.01,1576.11,1572.01,1575.63,447.9817,15
2026-06-28 03:15:00,1575.64,1575.64,1573.85,1574.7,417.6667,15
2026-06-28 03:30:00,1574.71,1575.04,1573.25,1573.63,342.7526,15
2026-06-28 03:45:00,1573.63,1575.54,1573.0,1575.08,464.353,15
2026-06-28 04:00:00,1575.08,1575.09,1572.49,1573.86,533.9566,15
2026-06-28 04:15:00,1573.87,1575.69,1573.87,1574.37,1080.7245,15
2026-06-28 04:30:00,1574.37,1575.66,1570.64,1575.46,748.225,15
2026-06-28 04:45:00,1575.47,1577.34,1574.04,1574.32,726.4575,15
2026-06-28 05:00:00,1574.32,1574.33,1569.71,1572.04,745.4548,15
2026-06-28 05:15:00,1572.05,1572.87,1564.33,1565.89,3131.4908,15
2026-06-28 05:30:00,1565.89,1569.67,1564.47,1568.83,1898.3697,15
2026-06-28 05:45:00,1568.82,1570.81,1568.49,1569.17,806.2369,15
2026-06-28 06:00:00,1569.18,1570.65,1563.5,1563.57,1705.6755,15
2026-06-28 06:15:00,1563.57,1566.77,1562.41,1565.58,1899.5897,15
2026-06-28 06:30:00,1565.58,1568.12,1565.39,1567.33,571.2538,15
2026-06-28 06:45:00,1567.33,1569.2,1566.73,1567.84,1662.6381999999999,15
2026-06-28 07:00:00,1567.85,1573.76,1567.84,1572.7,2122.5297,15
2026-06-28 07:15:00,1572.7,1572.72,1571.18,1571.4,884.2939,15
2026-06-28 07:30:00,1571.4,1575.95,1570.99,1575.19,1571.8463000000002,15
2026-06-28 07:45:00,1575.2,1577.13,1574.75,1575.96,948.5153,15
2026-06-28 08:00:00,1575.96,1578.68,1573.75,1574.65,909.3115,15
2026-06-28 08:15:00,1574.64,1576.24,1574.2,1575.07,1033.6385,15
2026-06-28 08:30:00,1575.08,1585.32,1575.07,1581.92,3294.4501,15
2026-06-28 08:45:00,1581.93,1584.0,1581.26,1581.58,3102.3095,15
2026-06-28 09:00:00,1581.58,1586.35,1580.05,1582.77,1728.3525,15
2026-06-28 09:15:00,1582.77,1583.24,1581.33,1582.17,672.6863,15
2026-06-28 09:30:00,1582.16,1584.45,1581.46,1583.75,2483.3925,15
2026-06-28 09:45:00,1583.75,1584.41,1578.37,1579.09,1263.8441,15
2026-06-28 10:00:00,1579.08,1581.42,1576.96,1580.73,1595.1671999999999,15
2026-06-28 10:15:00,1580.73,1580.84,1572.23,1573.79,1931.6657,15
2026-06-28 10:30:00,1573.79,1575.99,1573.79,1575.61,644.6304,15
2026-06-28 10:45:00,1575.62,1577.44,1575.56,1577.16,1086.2586,15
2026-06-28 11:00:00,1577.16,1581.16,1575.9,1576.45,1005.3385,15
2026-06-28 11:15:00,1576.46,1583.53,1576.0,1582.05,1080.0043,15
2026-06-28 11:30:00,1582.05,1582.51,1579.15,1581.34,936.7342,15
2026-06-28 11:45:00,1581.35,1584.0,1580.53,1582.87,1100.1464,15
2026-06-28 12:00:00,1582.86,1583.84,1581.11,1581.9,2572.1826,15
2026-06-28 12:15:00,1581.89,1585.0,1578.21,1584.67,2150.8947,15
2026-06-28 12:30:00,1584.67,1588.82,1579.31,1580.67,2370.4853,15
2026-06-28 12:45:00,1580.67,1584.05,1580.67,1583.56,1881.9356,15
2026-06-28 13:00:00,1583.56,1583.85,1575.04,1580.27,1616.747,15
2026-06-28 13:15:00,1580.28,1582.07,1578.38,1580.5,865.1727,15
2026-06-28 13:30:00,1580.5,1583.15,1578.24,1582.68,1276.3266,15
2026-06-28 13:45:00,1582.67,1582.97,1579.38,1579.68,545.0063,15
2026-06-28 14:00:00,1579.68,1582.57,1577.92,1582.07,926.0078,15
2026-06-28 14:15:00,1582.06,1586.36,1580.0,1582.41,1416.7047,15
2026-06-28 14:30:00,1582.42,1584.47,1581.12,1583.11,1229.2312,15
2026-06-28 14:45:00,1583.11,1586.13,1580.97,1581.56,1321.6054,15
2026-06-28 15:00:00,1581.55,1584.82,1577.2,1583.6,2217.8453,15
2026-06-28 15:15:00,1583.61,1585.36,1580.65,1582.38,989.1987,15
2026-06-28 15:30:00,1582.37,1584.75,1579.61,1581.88,1136.7528,15
2026-06-28 15:45:00,1581.88,1583.2,1577.39,1580.89,1158.4586,15
2026-06-28 16:00:00,1580.9,1581.94,1577.57,1578.79,1216.7177,15
2026-06-28 16:15:00,1578.78,1580.08,1573.55,1576.61,1839.2981,15
2026-06-28 16:30:00,1576.62,1577.05,1567.45,1567.79,3939.0195000000003,15
2026-06-28 16:45:00,1567.8,1573.21,1566.62,1572.85,2398.4332,15
2026-06-28 17:00:00,1572.84,1577.36,1568.08,1570.73,1746.8457,15
2026-06-28 17:15:00,1570.73,1571.6,1567.15,1567.74,1237.7417,15
2026-06-28 17:30:00,1567.73,1570.8,1563.53,1569.15,3043.426,15
2026-06-28 17:45:00,1569.14,1573.5,1568.49,1572.35,802.059,15
2026-06-28 18:00:00,1572.34,1575.15,1571.65,1573.35,874.4419,15
2026-06-28 18:15:00,1573.34,1573.48,1569.37,1569.99,1367.0297,15
2026-06-28 18:30:00,1569.99,1572.83,1569.08,1571.18,616.4746,15
2026-06-28 18:45:00,1571.18,1572.81,1569.26,1571.78,779.1072,15
2026-06-28 19:00:00,1571.79,1571.79,1567.47,1569.57,647.488,15
2026-06-28 19:15:00,1569.57,1570.46,1567.62,1570.31,1043.5415,15
2026-06-28 19:30:00,1570.32,1574.55,1567.7,1568.09,717.3649,15
2026-06-28 19:45:00,1568.1,1568.1,1556.81,1564.62,4506.71,15
2026-06-28 20:00:00,1564.61,1573.32,1564.3,1572.92,1907.6676,15
2026-06-28 20:15:00,1572.92,1576.42,1572.21,1574.01,1495.6489000000001,15
2026-06-28 20:30:00,1574.01,1574.94,1572.21,1572.67,697.6504,15
2026-06-28 20:45:00,1572.68,1574.79,1572.08,1573.2,604.0917999999999,15
2026-06-28 21:00:00,1573.2,1573.21,1568.72,1570.84,682.1361,15
2026-06-28 21:15:00,1570.85,1572.11,1569.5,1570.53,610.0856,15
2026-06-28 21:30:00,1570.52,1573.87,1569.78,1570.13,576.3665,15
2026-06-28 21:45:00,1570.13,1570.64,1559.21,1563.62,2215.6258,15
2026-06-28 22:00:00,1563.63,1582.29,1563.62,1571.55,3826.8531,15
2026-06-28 22:15:00,1571.55,1572.47,1559.82,1567.64,3060.3460999999998,15
2026-06-28 22:30:00,1567.64,1570.32,1560.28,1561.25,2337.4863,15
2026-06-28 22:45:00,1561.26,1564.35,1548.37,1557.09,6269.2641,15
2026-06-28 23:00:00,1557.08,1565.43,1555.35,1561.78,2736.0227,15
2026-06-28 23:15:00,1561.78,1571.42,1560.92,1570.05,1691.7872,15
2026-06-28 23:30:00,1570.05,1580.1,1569.67,1575.73,2784.3301,15
2026-06-28 23:45:00,1575.73,1577.25,1571.68,1571.96,1171.0692,15
2026-06-29 00:00:00,1571.96,1574.2,1563.09,1570.15,1884.4993,15
2026-06-29 00:15:00,1570.14,1570.58,1559.64,1560.27,1571.3789,15
2026-06-29 00:30:00,1560.27,1564.69,1552.21,1563.86,3714.3981,15
2026-06-29 00:45:00,1563.86,1574.69,1557.45,1573.53,2190.4441,15
2026-06-29 01:00:00,1573.53,1574.28,1566.1,1567.43,1460.6451,15
2026-06-29 01:15:00,1567.43,1568.79,1560.44,1562.93,1464.1191999999999,15
2026-06-29 01:30:00,1562.93,1573.95,1560.19,1572.22,1637.8771,15
2026-06-29 01:45:00,1572.23,1573.29,1568.6,1568.7,1238.6014,15
2026-06-29 02:00:00,1568.71,1570.57,1550.43,1555.43,2538.5827,15
2026-06-29 02:15:00,1555.44,1575.38,1555.34,1573.06,3785.5494999999996,15
2026-06-29 02:30:00,1573.07,1578.54,1569.71,1576.58,3524.6734,15
2026-06-29 02:45:00,1576.58,1579.15,1575.78,1576.6,2414.7107,15
2026-06-29 03:00:00,1576.6,1588.1,1576.6,1583.81,5005.4109,15
2026-06-29 03:15:00,1583.82,1589.75,1583.16,1587.12,1886.0666,15
2026-06-29 03:30:00,1587.13,1587.86,1577.69,1578.48,1715.5542,15
2026-06-29 03:45:00,1578.47,1585.31,1577.82,1584.78,1307.2613999999999,15
2026-06-29 04:00:00,1584.77,1585.05,1579.99,1580.44,1136.0099,15
2026-06-29 04:15:00,1580.45,1583.6,1578.92,1582.46,895.3823,15
2026-06-29 04:30:00,1582.46,1582.77,1575.23,1577.23,1205.4866,15
2026-06-29 04:45:00,1577.23,1578.1,1574.65,1575.5,1002.0548,15
2026-06-29 05:00:00,1575.5,1576.42,1562.26,1566.93,4178.6072,15
2026-06-29 05:15:00,1566.93,1572.01,1566.92,1570.48,1316.6118,15
2026-06-29 05:30:00,1570.48,1579.37,1568.94,1578.03,1289.6231,15
2026-06-29 05:45:00,1578.03,1583.1,1577.46,1583.1,1769.7033,15
2026-06-29 06:00:00,1583.1,1587.35,1583.1,1585.47,1847.3784,15
2026-06-29 06:15:00,1585.47,1589.08,1583.07,1583.16,1746.7217,15
2026-06-29 06:30:00,1583.17,1584.51,1579.81,1581.48,1170.9882,15
2026-06-29 06:45:00,1581.48,1583.54,1580.76,1582.82,664.0769,15
2026-06-29 07:00:00,1582.82,1583.02,1577.92,1581.35,1202.1121,15
2026-06-29 07:15:00,1581.36,1584.9,1579.25,1581.25,1457.7103,15
2026-06-29 07:30:00,1581.24,1582.33,1579.84,1580.33,1842.6809,15
2026-06-29 07:45:00,1580.34,1582.89,1580.0,1580.16,1436.4447,15
2026-06-29 08:00:00,1580.17,1582.33,1577.06,1579.86,1233.6825,15
2026-06-29 08:15:00,1579.86,1582.16,1572.24,1573.54,2896.5933,15
2026-06-29 08:30:00,1573.54,1576.5,1569.85,1574.01,1980.5558,15
2026-06-29 08:45:00,1574.01,1576.67,1572.26,1572.98,1041.257,15
2026-06-29 09:00:00,1572.98,1574.99,1572.5,1574.8,2359.0739,15
2026-06-29 09:15:00,1574.8,1580.44,1570.49,1576.71,2309.013,15
2026-06-29 09:30:00,1576.72,1578.16,1573.39,1574.55,1358.4086,15
2026-06-29 09:45:00,1574.56,1577.15,1573.52,1576.2,1602.4773,15
2026-06-29 10:00:00,1576.2,1587.0,1576.2,1583.84,3504.4224,15
2026-06-29 10:15:00,1583.83,1584.23,1580.8,1581.76,1342.1317,15
2026-06-29 10:30:00,1581.75,1581.76,1578.51,1579.16,1435.847,15
2026-06-29 10:45:00,1579.17,1579.58,1577.46,1578.6,1387.6018,15
2026-06-29 11:00:00,1578.6,1579.0,1573.14,1573.15,1528.9527,15
2026-06-29 11:15:00,1573.15,1574.36,1570.32,1574.05,3715.2787999999996,15
2026-06-29 11:30:00,1574.05,1582.54,1570.72,1572.2,3449.0279,15
2026-06-29 11:45:00,1572.19,1575.72,1570.58,1574.93,2089.0463,15
2026-06-29 12:00:00,1574.93,1597.28,1566.6,1594.58,12035.6993,15
2026-06-29 12:15:00,1594.58,1596.96,1586.89,1590.57,6620.3152,15
2026-06-29 12:30:00,1590.58,1590.96,1571.87,1575.85,5921.0714,15
2026-06-29 12:45:00,1575.83,1579.45,1570.55,1576.11,4756.6552,15
2026-06-29 13:00:00,1576.12,1588.82,1576.12,1585.17,4487.3858,15
2026-06-29 13:15:00,1585.17,1586.61,1575.25,1575.25,2688.9189,15
2026-06-29 13:30:00,1575.24,1584.87,1566.62,1567.88,8347.5221,15
2026-06-29 13:45:00,1567.87,1575.37,1564.85,1572.74,7363.5121,15
2026-06-29 14:00:00,1572.74,1573.46,1560.0,1560.4,5505.3488,15
2026-06-29 14:15:00,1560.39,1573.7,1557.35,1571.63,9959.1899,15
2026-06-29 14:30:00,1571.62,1579.34,1567.3,1567.68,5963.1114,15
2026-06-29 14:45:00,1567.67,1575.78,1564.75,1572.9,4100.6115,15
2026-06-29 15:00:00,1572.9,1573.2,1561.7,1565.94,5266.2088,15
2026-06-29 15:15:00,1565.94,1574.18,1563.34,1574.18,3487.0124,15
2026-06-29 15:30:00,1574.2,1582.44,1573.44,1579.11,6798.9934,15
2026-06-29 15:45:00,1579.1,1585.41,1576.33,1580.26,7299.526400000001,15
2026-06-29 16:00:00,1580.26,1584.0,1577.12,1577.81,2955.3249,15
2026-06-29 16:15:00,1577.82,1580.31,1574.06,1574.93,2635.4158,15
2026-06-29 16:30:00,1574.93,1587.51,1574.93,1585.49,5272.1588,15
2026-06-29 16:45:00,1585.49,1587.71,1582.47,1585.37,2814.9455,15
2026-06-29 17:00:00,1585.37,1619.1,1585.37,1616.43,15231.6081,15
2026-06-29 17:15:00,1616.44,1632.0,1616.44,1626.92,16865.1135,15
2026-06-29 17:30:00,1626.91,1634.24,1622.26,1630.83,7686.541,15
2026-06-29 17:45:00,1630.83,1637.58,1627.63,1628.03,7793.2226,15
2026-06-29 18:00:00,1628.04,1628.61,1624.08,1628.27,3409.2702999999997,15
2026-06-29 18:15:00,1628.28,1628.61,1618.37,1619.05,3433.5504,15
2026-06-29 18:30:00,1619.06,1624.24,1618.53,1623.59,2337.092,15
2026-06-29 18:45:00,1623.6,1623.87,1620.02,1621.1,1948.6391,15
2026-06-29 19:00:00,1621.1,1621.42,1616.23,1618.31,2212.9209,15
2026-06-29 19:15:00,1618.31,1626.98,1617.54,1625.92,2618.0308,15
2026-06-29 19:30:00,1625.91,1625.97,1621.52,1624.42,1819.8365,15
2026-06-29 19:45:00,1624.42,1627.36,1623.91,1625.6,1890.8220999999999,15
2026-06-29 20:00:00,1625.6,1626.65,1622.31,1622.75,1449.2242,15
2026-06-29 20:15:00,1622.75,1625.31,1621.35,1622.84,2788.8460999999998,15
2026-06-29 20:30:00,1622.84,1625.66,1622.0,1622.51,5493.8425,15
2026-06-29 20:45:00,1622.5,1622.5,1617.37,1617.66,1759.686,15
2026-06-29 21:00:00,1617.66,1621.3,1611.5,1619.62,3999.8853999999997,15
2026-06-29 21:15:00,1619.62,1619.66,1615.04,1616.11,1155.9316,15
2026-06-29 21:30:00,1616.12,1622.0,1616.12,1620.81,2132.701,15
2026-06-29 21:45:00,1620.81,1623.0,1619.48,1619.99,1196.2438,15
2026-06-29 22:00:00,1620.0,1620.74,1617.54,1619.12,1351.4645,15
2026-06-29 22:15:00,1619.13,1622.11,1617.4,1617.89,1327.2253,15
2026-06-29 22:30:00,1617.89,1618.19,1613.7,1615.36,1716.2222,15
2026-06-29 22:45:00,1615.37,1616.41,1610.36,1612.9,3259.5057,15
2026-06-29 23:00:00,1612.9,1613.98,1611.85,1612.15,1139.0133,15
2026-06-29 23:15:00,1612.15,1612.58,1607.41,1608.63,2103.9531,15
2026-06-29 23:30:00,1608.62,1612.32,1607.77,1611.23,1530.1986,15
2026-06-29 23:45:00,1611.23,1613.36,1611.0,1613.07,1304.7218,15
2026-06-30 00:00:00,1613.07,1614.41,1610.0,1612.06,2094.0724999999998,15
2026-06-30 00:15:00,1612.06,1612.97,1602.64,1603.36,2281.1544,15
2026-06-30 00:30:00,1603.36,1603.36,1592.71,1594.52,5920.9496,15
2026-06-30 00:45:00,1594.52,1598.37,1593.65,1594.41,3735.1905,15
2026-06-30 01:00:00,1594.42,1595.64,1590.6,1592.47,3365.7618,15
2026-06-30 01:15:00,1592.46,1599.83,1591.65,1599.35,1552.1468,15
2026-06-30 01:30:00,1599.35,1599.41,1589.0,1591.1,3210.5812,15
2026-06-30 01:45:00,1591.1,1594.27,1591.1,1593.92,1007.8059999999999,15
2026-06-30 02:00:00,1593.92,1593.93,1587.25,1588.26,2376.6375000000003,15
2026-06-30 02:15:00,1588.26,1592.17,1586.49,1591.69,1519.8214,15
2026-06-30 02:30:00,1591.69,1593.39,1589.83,1592.23,965.8340000000001,15
2026-06-30 02:45:00,1592.23,1593.81,1590.51,1590.57,1390.0684,15
2026-06-30 03:00:00,1590.57,1593.54,1590.56,1592.11,2111.2167,15
2026-06-30 03:15:00,1592.1,1596.18,1590.93,1592.17,1201.4643,15
2026-06-30 03:30:00,1592.17,1592.23,1588.6,1590.65,1219.2261,15
2026-06-30 03:45:00,1590.66,1590.66,1586.58,1587.18,848.7787999999999,15
2026-06-30 04:00:00,1587.18,1588.56,1579.79,1588.12,4095.7001,15
2026-06-30 04:15:00,1588.11,1588.3,1583.38,1587.4,1757.9133,15
2026-06-30 04:30:00,1587.4,1590.99,1587.4,1589.07,1368.7708,15
2026-06-30 04:45:00,1589.07,1589.6,1586.86,1588.11,896.3481999999999,15
2026-06-30 05:00:00,1588.1,1590.42,1587.87,1589.48,1968.7248,15
2026-06-30 05:15:00,1589.49,1589.49,1585.6,1585.79,1016.9949,15
2026-06-30 05:30:00,1585.79,1591.11,1585.22,1589.43,1725.8929,15
2026-06-30 05:45:00,1589.44,1592.02,1589.21,1591.6,1497.2522,15
2026-06-30 06:00:00,1591.61,1592.01,1589.8,1590.78,1387.7613,15
2026-06-30 06:15:00,1590.79,1594.42,1589.0,1594.27,1259.3926000000001,15
2026-06-30 06:30:00,1594.27,1594.28,1592.0,1592.97,803.9307,15
2026-06-30 06:45:00,1592.96,1594.65,1592.46,1593.72,747.1507,15
2026-06-30 07:00:00,1593.72,1596.25,1590.07,1591.94,1510.6014,15
2026-06-30 07:15:00,1591.94,1592.99,1590.55,1591.37,1033.9368,15
2026-06-30 07:30:00,1591.37,1594.24,1591.37,1591.75,1485.8582,15
2026-06-30 07:45:00,1591.75,1593.82,1591.15,1592.51,2628.8589,15
2026-06-30 08:00:00,1592.51,1594.28,1589.16,1589.38,2173.7976,15
2026-06-30 08:15:00,1589.38,1590.53,1587.12,1589.42,1601.3227,15
2026-06-30 08:30:00,1589.43,1589.68,1579.54,1583.0,6287.1288,15
2026-06-30 08:45:00,1583.0,1584.93,1579.56,1583.98,2781.8360000000002,15
2026-06-30 09:00:00,1583.97,1587.03,1582.39,1584.88,2001.2622999999999,15
2026-06-30 09:15:00,1584.87,1585.47,1582.29,1583.63,1234.0245,15
2026-06-30 09:30:00,1583.62,1585.68,1581.49,1584.79,2101.0726,15
2026-06-30 09:45:00,1584.8,1586.95,1584.26,1585.35,1371.8725,15
2026-06-30 10:00:00,1585.35,1586.93,1583.09,1585.28,1392.4888,15
2026-06-30 10:15:00,1585.27,1585.97,1583.0,1583.78,1173.506,15
2026-06-30 10:30:00,1583.78,1584.51,1582.23,1584.38,1277.2287999999999,15
2026-06-30 10:45:00,1584.38,1586.57,1582.96,1584.51,1726.0798,15
2026-06-30 11:00:00,1584.52,1586.15,1583.59,1584.66,1880.1267,15
2026-06-30 11:15:00,1584.66,1585.01,1577.76,1578.81,2698.4784,15
2026-06-30 11:30:00,1578.82,1581.05,1575.85,1580.91,2313.2545,15
2026-06-30 11:45:00,1580.92,1583.63,1577.15,1578.58,1784.3862,15
2026-06-30 12:00:00,1578.57,1578.58,1572.63,1572.91,3345.6435,15
2026-06-30 12:15:00,1572.91,1573.98,1563.23,1565.13,4316.2099,15
2026-06-30 12:30:00,1565.14,1566.15,1562.0,1564.2,4455.6282,15
2026-06-30 12:45:00,1564.19,1564.92,1551.33,1552.79,9646.004799999999,15
2026-06-30 13:00:00,1552.8,1562.32,1551.15,1558.99,6852.9604,15
2026-06-30 13:15:00,1558.99,1562.57,1558.99,1560.8,2940.1059999999998,15
2026-06-30 13:30:00,1560.81,1567.44,1550.2,1560.1,9330.1266,15
2026-06-30 13:45:00,1560.09,1567.51,1556.36,1567.29,6126.2739,15
2026-06-30 14:00:00,1567.29,1578.0,1565.03,1572.14,5731.9645,15
2026-06-30 14:15:00,1572.14,1575.33,1569.67,1574.05,2828.6440000000002,15
2026-06-30 14:30:00,1574.04,1575.85,1563.24,1572.63,2746.7952,15
2026-06-30 14:45:00,1572.62,1572.62,1561.33,1563.52,2798.6833,15
2026-06-30 15:00:00,1563.52,1567.39,1557.35,1565.45,3274.8593,15
2026-06-30 15:15:00,1565.44,1568.54,1560.45,1565.95,4051.1597,15
2026-06-30 15:30:00,1565.94,1567.26,1562.56,1565.87,1911.306,15
2026-06-30 15:45:00,1565.86,1576.94,1564.34,1565.18,3683.446,15
2026-06-30 16:00:00,1565.19,1572.32,1564.7,1566.62,1650.0967,15
2026-06-30 16:15:00,1566.62,1567.57,1562.06,1563.53,2123.2696,15
2026-06-30 16:30:00,1563.53,1570.22,1561.84,1566.55,4656.997,15
2026-06-30 16:45:00,1566.55,1575.0,1566.43,1572.38,2036.3213,15
2026-06-30 17:00:00,1572.38,1577.1,1570.32,1570.37,1921.5126,15
2026-06-30 17:15:00,1570.37,1573.44,1570.21,1571.06,1681.5179,15
2026-06-30 17:30:00,1571.07,1572.89,1569.43,1570.48,1473.7784,15
2026-06-30 17:45:00,1570.48,1572.0,1568.64,1570.86,979.5759,15
2026-06-30 18:00:00,1570.87,1573.83,1569.59,1573.23,1191.1326,15
2026-06-30 18:15:00,1573.22,1581.83,1571.7,1576.93,2978.2705,15
2026-06-30 18:30:00,1576.93,1577.43,1573.14,1574.41,2351.0487,15
2026-06-30 18:45:00,1574.41,1580.24,1574.41,1579.11,2592.6165,15
2026-06-30 19:00:00,1579.1,1581.23,1577.49,1578.56,1524.3545,15
2026-06-30 19:15:00,1578.56,1578.8,1575.56,1577.78,1263.056,15
2026-06-30 19:30:00,1577.78,1581.92,1577.28,1579.77,1639.019,15
2026-06-30 19:45:00,1579.78,1581.01,1577.42,1580.53,2467.5835,15
2026-06-30 20:00:00,1580.52,1582.98,1578.09,1581.57,2223.4377,15
2026-06-30 20:15:00,1581.57,1581.57,1575.68,1577.29,990.6884,15
2026-06-30 20:30:00,1577.28,1577.28,1574.08,1574.29,1125.1163000000001,15
2026-06-30 20:45:00,1574.28,1578.57,1573.4,1575.99,2157.3099,15
2026-06-30 21:00:00,1575.99,1577.26,1571.42,1572.93,1603.567,15
2026-06-30 21:15:00,1572.93,1574.24,1570.0,1571.75,1311.0393,15
2026-06-30 21:30:00,1571.75,1573.23,1570.37,1570.69,992.736,15
2026-06-30 21:45:00,1570.69,1572.0,1570.0,1571.68,769.0757,15
2026-06-30 22:00:00,1571.68,1574.91,1570.85,1572.9,1219.7127,15
2026-06-30 22:15:00,1572.89,1575.3,1570.64,1571.02,1565.9993,15
2026-06-30 22:30:00,1571.02,1571.02,1566.81,1568.34,2331.55,15
2026-06-30 22:45:00,1568.34,1569.32,1566.9,1567.64,614.9721,15
2026-06-30 23:00:00,1567.64,1569.5,1566.0,1569.05,1225.6874,15
2026-06-30 23:15:00,1569.04,1570.93,1568.44,1570.09,1321.9592,15
2026-06-30 23:30:00,1570.08,1571.56,1568.8,1570.87,808.6436,15
2026-06-30 23:45:00,1570.87,1572.8,1570.49,1572.01,1442.0836,15
2026-07-01 00:00:00,1572.0,1575.43,1572.0,1574.06,2129.0538,15
2026-07-01 00:15:00,1574.06,1575.39,1566.13,1568.69,1533.3136,15
2026-07-01 00:30:00,1568.7,1574.3,1568.65,1571.96,687.7305,15
2026-07-01 00:45:00,1571.96,1576.7,1571.69,1575.07,820.737,15
2026-07-01 01:00:00,1575.07,1575.3,1552.92,1563.72,6850.1354,15
2026-07-01 01:15:00,1563.73,1572.48,1559.6,1569.81,5064.2314,15
2026-07-01 01:30:00,1569.81,1586.6,1569.05,1581.44,6335.9618,15
2026-07-01 01:45:00,1581.44,1583.7,1576.94,1577.91,2722.6648999999998,15
2026-07-01 02:00:00,1577.91,1581.07,1574.53,1578.91,1688.6114,15
2026-07-01 02:15:00,1578.91,1585.0,1578.26,1582.94,2281.9618,15
2026-07-01 02:30:00,1582.93,1589.4,1581.85,1588.85,3275.5289,15
2026-07-01 02:45:00,1588.85,1589.55,1584.03,1586.3,2601.5824000000002,15
2026-07-01 03:00:00,1586.3,1590.0,1584.53,1585.53,1753.6817,15
2026-07-01 03:15:00,1585.53,1585.68,1582.45,1584.45,1610.8297,15
2026-07-01 03:30:00,1584.44,1597.51,1582.54,1589.33,6804.5425000000005,15
2026-07-01 03:45:00,1589.32,1599.19,1589.03,1594.81,3566.3901,15
2026-07-01 04:00:00,1594.81,1594.81,1590.89,1592.0,1338.3973,15
2026-07-01 04:15:00,1591.99,1595.0,1591.77,1594.14,1360.7566,15
2026-07-01 04:30:00,1594.15,1597.78,1592.52,1597.25,2070.782,15
2026-07-01 04:45:00,1597.25,1604.02,1596.8,1599.35,6080.62,15
2026-07-01 05:00:00,1599.35,1600.83,1595.39,1595.77,2964.5271,15
2026-07-01 05:15:00,1595.78,1598.19,1593.36,1593.74,1492.1204,15
2026-07-01 05:30:00,1593.73,1594.66,1591.53,1593.12,2197.6365,15
2026-07-01 05:45:00,1593.12,1593.56,1591.21,1593.0,755.4846,15
2026-07-01 06:00:00,1593.0,1593.15,1585.29,1587.27,2999.6751,15
2026-07-01 06:15:00,1587.26,1587.79,1577.94,1580.85,3258.2684,15
2026-07-01 06:30:00,1580.85,1581.71,1571.5,1577.31,6447.1824,15
2026-07-01 06:45:00,1577.31,1577.73,1573.12,1575.99,2123.174,15
2026-07-01 07:00:00,1575.99,1577.08,1572.5,1575.55,2137.28,15
2026-07-01 07:15:00,1575.55,1579.96,1573.71,1577.51,1848.3229,15
2026-07-01 07:30:00,1577.5,1579.18,1575.0,1577.57,1413.2853,15
2026-07-01 07:45:00,1577.58,1581.19,1576.6,1578.36,1448.5648,15
2026-07-01 08:00:00,1578.36,1578.85,1574.07,1575.34,1570.0437,15
2026-07-01 08:15:00,1575.33,1575.85,1571.07,1571.93,1416.9061,15
2026-07-01 08:30:00,1571.94,1575.99,1568.51,1575.72,2201.2533,15
2026-07-01 08:45:00,1575.73,1582.37,1574.0,1582.37,1097.1053,15
2026-07-01 09:00:00,1582.36,1585.33,1579.04,1580.56,2972.3241,15
2026-07-01 09:15:00,1580.57,1582.3,1579.7,1580.13,1768.3456,15
2026-07-01 09:30:00,1580.14,1581.73,1579.41,1581.44,823.5502,15
2026-07-01 09:45:00,1581.44,1583.1,1578.68,1581.01,1928.4889,15
2026-07-01 10:00:00,1581.0,1581.52,1574.49,1574.96,1458.5708,15
2026-07-01 10:15:00,1574.96,1576.99,1572.99,1575.53,2074.5839,15
2026-07-01 10:30:00,1575.54,1575.94,1572.11,1572.35,1451.6861,15
2026-07-01 10:45:00,1572.35,1574.72,1572.35,1573.43,717.6383,15
2026-07-01 11:00:00,1573.43,1575.77,1570.64,1574.59,1280.028,15
2026-07-01 11:15:00,1574.59,1575.96,1572.69,1572.79,1544.7576999999999,15
2026-07-01 11:30:00,1572.79,1574.28,1570.77,1573.17,1603.894,15
2026-07-01 11:45:00,1573.18,1574.06,1567.13,1569.89,2259.7307,15
2026-07-01 12:00:00,1569.88,1572.49,1566.29,1568.15,1889.4284,15
2026-07-01 12:15:00,1568.16,1571.96,1568.16,1570.42,1421.9968000000001,15
2026-07-01 12:30:00,1570.41,1571.43,1566.37,1567.4,2113.0826,15
2026-07-01 12:45:00,1567.39,1570.28,1565.26,1570.24,2135.7312,15
2026-07-01 13:00:00,1570.24,1575.43,1570.23,1573.52,3099.6822,15
2026-07-01 13:15:00,1573.53,1579.48,1572.64,1578.44,2860.6905,15
2026-07-01 13:30:00,1578.44,1582.84,1570.0,1582.06,6041.7485,15
2026-07-01 13:45:00,1582.06,1598.0,1580.1,1597.22,8614.8459,15
2026-07-01 14:00:00,1597.22,1613.29,1591.2,1613.16,9376.1759,15
2026-07-01 14:15:00,1613.17,1617.04,1604.42,1605.55,14219.744,15
2026-07-01 14:30:00,1605.55,1606.98,1595.57,1598.8,10762.9164,15
2026-07-01 14:45:00,1598.81,1602.49,1591.42,1601.18,3960.5643,15
2026-07-01 15:00:00,1601.19,1616.38,1600.98,1611.57,4722.0374,15
2026-07-01 15:15:00,1611.57,1631.0,1608.34,1623.83,13448.3473,15
2026-07-01 15:30:00,1623.83,1627.11,1619.82,1622.64,5476.6087,15
2026-07-01 15:45:00,1622.64,1623.18,1617.22,1620.09,4359.7822,15
2026-07-01 16:00:00,1620.1,1620.97,1615.9,1618.99,2717.5545,15
2026-07-01 16:15:00,1619.0,1629.26,1615.04,1623.24,5430.9258,15
2026-07-01 16:30:00,1623.25,1624.03,1617.94,1619.27,2530.339,15
2026-07-01 16:45:00,1619.27,1619.63,1612.77,1614.54,3212.5268,15
2026-07-01 17:00:00,1614.54,1614.81,1607.17,1613.35,2680.5684,15
2026-07-01 17:15:00,1613.36,1624.79,1613.36,1622.6,3171.8540000000003,15
2026-07-01 17:30:00,1622.59,1624.64,1618.11,1621.33,3314.3139,15
2026-07-01 17:45:00,1621.32,1624.53,1621.31,1622.72,1413.349,15
2026-07-01 18:00:00,1622.72,1624.5,1617.11,1619.7,2162.1072,15
2026-07-01 18:15:00,1619.69,1622.74,1617.44,1617.88,1839.6221,15
2026-07-01 18:30:00,1617.88,1620.26,1614.02,1619.7,1927.4311,15
2026-07-01 18:45:00,1619.71,1619.9,1612.01,1616.59,1832.0615,15
2026-07-01 19:00:00,1616.59,1622.68,1616.44,1622.67,1459.1107,15
2026-07-01 19:15:00,1622.67,1624.0,1617.09,1618.83,2555.6248,15
2026-07-01 19:30:00,1618.84,1622.02,1616.62,1619.51,2069.7254000000003,15
2026-07-01 19:45:00,1619.52,1619.77,1614.42,1618.09,2904.0972,15
2026-07-01 20:00:00,1618.07,1618.25,1612.02,1616.54,2493.2255,15
2026-07-01 20:15:00,1616.55,1617.4,1610.38,1615.79,2968.6781,15
2026-07-01 20:30:00,1615.78,1618.91,1614.68,1616.12,1900.1577,15
2026-07-01 20:45:00,1616.13,1620.46,1616.13,1617.68,1206.4771,15
2026-07-01 21:00:00,1617.67,1624.49,1617.55,1623.49,4035.9884,15
2026-07-01 21:15:00,1623.5,1627.28,1621.36,1624.16,4364.7584,15
2026-07-01 21:30:00,1624.16,1630.51,1624.16,1628.0,4292.713,15
2026-07-01 21:45:00,1627.99,1638.63,1627.12,1632.12,5602.5505,15
2026-07-01 22:00:00,1632.11,1632.11,1628.51,1629.47,2884.3593,15
2026-07-01 22:15:00,1629.46,1646.26,1627.21,1627.73,10306.1566,15
2026-07-01 22:30:00,1627.72,1630.76,1623.08,1624.9,3199.4025,15
2026-07-01 22:45:00,1624.9,1625.91,1620.58,1621.63,1432.9165,15
2026-07-01 23:00:00,1621.62,1621.63,1614.87,1615.64,2663.6149,15
2026-07-01 23:15:00,1615.64,1618.64,1614.16,1614.76,2055.3714,15
2026-07-01 23:30:00,1614.76,1616.48,1608.65,1614.03,3454.9456999999998,15
2026-07-01 23:45:00,1614.04,1614.23,1608.35,1609.58,2118.4607,15
2026-07-02 00:00:00,1609.59,1609.8,1603.63,1606.42,2689.651,15
2026-07-02 00:15:00,1606.43,1606.98,1602.0,1603.05,2284.7486,15
2026-07-02 00:30:00,1603.01,1604.66,1597.22,1598.27,3422.4384999999997,15
2026-07-02 00:45:00,1598.26,1605.55,1597.98,1603.42,2015.2948,15
2026-07-02 01:00:00,1603.42,1609.74,1602.63,1609.3,1858.0401000000002,15
2026-07-02 01:15:00,1609.32,1613.02,1608.07,1611.66,2015.993,15
2026-07-02 01:30:00,1611.67,1625.0,1611.67,1621.69,3341.1453,15
2026-07-02 01:45:00,1621.69,1623.87,1617.7,1620.48,1361.9745,15
2026-07-02 02:00:00,1620.47,1621.11,1614.64,1617.63,1150.9795,15
2026-07-02 02:15:00,1617.64,1621.36,1616.25,1618.74,1891.5806,15
2026-07-02 02:30:00,1618.74,1624.28,1617.89,1622.52,1552.0728,15
2026-07-02 02:45:00,1622.52,1624.45,1619.58,1620.68,2081.7856,15
2026-07-02 03:00:00,1620.69,1624.27,1620.4,1623.97,1907.7738,15
2026-07-02 03:15:00,1623.98,1636.25,1618.12,1629.55,5118.9926,15
2026-07-02 03:30:00,1629.54,1634.99,1627.33,1634.49,4721.1519,15
2026-07-02 03:45:00,1634.49,1642.32,1630.71,1639.47,7743.8551,15
2026-07-02 04:00:00,1639.46,1639.94,1634.53,1635.93,5419.4322999999995,15
2026-07-02 04:15:00,1635.94,1637.08,1632.42,1634.36,3010.9896,15
2026-07-02 04:30:00,1634.35,1634.36,1630.44,1632.05,1244.1749,15
2026-07-02 04:45:00,1632.04,1634.33,1631.2,1632.71,996.292,15
2026-07-02 05:00:00,1632.71,1634.84,1628.72,1633.96,1990.7175,15
2026-07-02 05:15:00,1633.96,1634.71,1632.13,1632.42,1195.501,15
2026-07-02 05:30:00,1632.42,1632.42,1626.96,1627.13,1463.9572,15
2026-07-02 05:45:00,1627.13,1628.14,1625.21,1626.5,2115.2386,15
2026-07-02 06:00:00,1626.51,1626.94,1622.26,1622.85,1897.076,15
2026-07-02 06:15:00,1622.85,1629.44,1622.45,1624.5,2336.6415,15
2026-07-02 06:30:00,1624.5,1629.88,1624.29,1626.52,1415.6327999999999,15
2026-07-02 06:45:00,1626.52,1626.52,1617.51,1619.14,2399.9959,15
2026-07-02 07:00:00,1619.14,1619.88,1617.12,1617.92,2112.1508,15
2026-07-02 07:15:00,1617.93,1618.87,1615.34,1616.75,2248.0348,15
2026-07-02 07:30:00,1616.74,1617.98,1615.19,1617.37,4828.7661,15
2026-07-02 07:45:00,1617.37,1618.0,1614.32,1615.97,5160.406300000001,15
2026-07-02 08:00:00,1615.97,1621.91,1615.08,1618.36,2220.8429,15
2026-07-02 08:15:00,1618.36,1621.0,1618.36,1619.55,960.9478,15
2026-07-02 08:30:00,1619.55,1625.89,1618.43,1623.3,3575.2963,15
2026-07-02 08:45:00,1623.29,1626.35,1622.86,1624.92,1486.1359,15
2026-07-02 09:00:00,1624.91,1624.93,1620.34,1623.17,1102.6043,15
2026-07-02 09:15:00,1623.18,1629.81,1622.22,1629.43,1428.9245,15
2026-07-02 09:30:00,1629.43,1651.95,1629.42,1643.03,17066.3057,15
2026-07-02 09:45:00,1643.03,1647.44,1638.27,1643.33,8236.8962,15
2026-07-02 10:00:00,1643.32,1647.0,1641.48,1646.83,5132.3868,15
2026-07-02 10:15:00,1646.83,1647.88,1643.77,1645.8,2154.9822,15
2026-07-02 10:30:00,1645.81,1649.62,1644.48,1644.64,2996.0272999999997,15
2026-07-02 10:45:00,1644.64,1647.8,1643.1,1646.12,1980.692,15
2026-07-02 11:00:00,1646.12,1657.53,1645.12,1650.57,10849.3172,15
2026-07-02 11:15:00,1650.56,1651.11,1647.48,1647.86,5555.0414,15
2026-07-02 11:30:00,1647.86,1648.76,1645.12,1645.77,2436.3752,15
2026-07-02 11:45:00,1645.78,1652.62,1644.53,1650.32,3495.3583,15
2026-07-02 12:00:00,1650.31,1657.14,1647.66,1655.33,2822.9287,15
2026-07-02 12:15:00,1655.34,1665.39,1648.91,1663.84,6531.0373,15
2026-07-02 12:30:00,1663.84,1669.72,1650.5,1659.84,9767.4665,15
2026-07-02 12:45:00,1659.85,1667.82,1659.85,1662.82,6022.0748,15
2026-07-02 13:00:00,1662.81,1672.23,1660.73,1668.86,4393.6303,15
2026-07-02 13:15:00,1668.87,1691.3,1668.87,1682.37,17798.3906,15
2026-07-02 13:30:00,1682.38,1713.0,1678.45,1710.49,33541.2032,15
2026-07-02 13:45:00,1710.48,1713.77,1705.28,1710.72,14583.0479,15
2026-07-02 14:00:00,1710.73,1725.0,1706.07,1716.7,19666.4275,15
2026-07-02 14:15:00,1716.7,1720.95,1696.86,1701.62,10725.072,15
2026-07-02 14:30:00,1701.62,1707.51,1692.96,1695.42,9257.5987,15
2026-07-02 14:45:00,1695.43,1702.18,1695.42,1701.55,6507.8859999999995,15
2026-07-02 15:00:00,1701.55,1703.02,1688.72,1694.45,5017.8187,15
2026-07-02 15:15:00,1694.44,1703.5,1691.88,1699.97,5348.3829,15
2026-07-02 15:30:00,1699.98,1703.17,1697.54,1702.07,2850.4266,15
2026-07-02 15:45:00,1702.06,1703.47,1694.84,1697.05,2589.8118,15
2026-07-02 16:00:00,1697.06,1701.53,1691.48,1699.67,3724.1689,15
2026-07-02 16:15:00,1699.67,1699.73,1686.49,1689.68,3964.0966,15
2026-07-02 16:30:00,1689.68,1697.78,1689.09,1697.29,3521.6547,15
2026-07-02 16:45:00,1697.29,1704.0,1696.17,1699.67,4301.69,15
2026-07-02 17:00:00,1699.66,1702.38,1695.94,1699.04,2510.3315,15
2026-07-02 17:15:00,1699.04,1705.94,1698.22,1704.42,3905.7005,15
2026-07-02 17:30:00,1704.42,1704.43,1695.28,1700.43,2204.0533,15
2026-07-02 17:45:00,1700.44,1701.02,1694.51,1695.89,1396.5753,15
2026-07-02 18:00:00,1695.88,1702.95,1695.45,1702.39,1577.144,15
2026-07-02 18:15:00,1702.39,1704.09,1699.09,1703.89,1639.2018,15
2026-07-02 18:30:00,1703.89,1704.97,1701.64,1704.46,1104.1518999999998,15
2026-07-02 18:45:00,1704.46,1707.14,1700.27,1702.06,1864.6825,15
2026-07-02 19:00:00,1702.05,1703.35,1698.79,1702.47,1512.6197,15
2026-07-02 19:15:00,1702.48,1702.48,1694.75,1699.35,1180.0788,15
2026-07-02 19:30:00,1699.36,1701.78,1697.52,1701.63,1494.826,15
2026-07-02 19:45:00,1701.64,1705.53,1699.95,1700.15,2452.5458,15
2026-07-02 20:00:00,1700.15,1701.25,1697.3,1700.37,1393.2851,15
2026-07-02 20:15:00,1700.37,1702.47,1696.49,1696.75,773.8632,15
2026-07-02 20:30:00,1696.75,1698.65,1696.08,1697.95,1090.583,15
2026-07-02 20:45:00,1697.95,1706.68,1697.94,1705.75,2797.1233,15
2026-07-02 21:00:00,1705.75,1705.89,1703.51,1703.51,1173.232,15
2026-07-02 21:15:00,1703.52,1704.87,1703.51,1703.96,611.5628,15
2026-07-02 21:30:00,1703.96,1703.97,1698.29,1698.72,3712.0497,15
2026-07-02 21:45:00,1698.72,1700.29,1697.36,1700.23,1344.2812,15
2026-07-02 22:00:00,1700.23,1700.68,1696.46,1697.26,1320.2724,15
2026-07-02 22:15:00,1697.26,1698.89,1696.58,1696.58,775.6681,15
2026-07-02 22:30:00,1696.59,1697.77,1695.68,1695.95,753.5347,15
2026-07-02 22:45:00,1695.95,1700.98,1694.2,1696.88,1257.2427,15
2026-07-02 23:00:00,1696.88,1696.88,1692.13,1692.8,1255.6492,15
2026-07-02 23:15:00,1692.81,1699.7,1692.8,1698.37,1366.0086000000001,15
2026-07-02 23:30:00,1698.37,1701.8,1696.0,1696.68,1224.3955,15
2026-07-02 23:45:00,1696.68,1700.58,1696.49,1700.57,1157.4129,15
2026-07-03 00:00:00,1700.57,1702.3,1697.8,1700.51,1509.3887,15
2026-07-03 00:15:00,1700.51,1702.98,1697.34,1697.34,1555.7875,15
2026-07-03 00:30:00,1697.34,1700.55,1694.72,1698.9,1866.6057,15
2026-07-03 00:45:00,1698.9,1699.62,1696.06,1696.75,1344.0751,15
2026-07-03 01:00:00,1696.75,1718.97,1695.34,1714.15,4924.1461,15
2026-07-03 01:15:00,1714.14,1714.79,1705.24,1708.68,3225.2874,15
2026-07-03 01:30:00,1708.68,1718.55,1707.6,1716.41,2257.6142,15
2026-07-03 01:45:00,1716.41,1718.14,1712.18,1712.33,3968.0451,15
2026-07-03 02:00:00,1712.33,1715.33,1708.12,1708.13,1661.5488,15
2026-07-03 02:15:00,1708.13,1712.0,1701.93,1701.93,3749.182,15
2026-07-03 02:30:00,1701.94,1703.81,1696.23,1701.32,2302.1904,15
2026-07-03 02:45:00,1701.33,1705.58,1698.96,1704.76,1133.2332,15
2026-07-03 03:00:00,1704.75,1705.24,1699.53,1700.55,992.315,15
2026-07-03 03:15:00,1700.54,1712.11,1700.54,1711.08,2468.2823,15
2026-07-03 03:30:00,1711.07,1711.34,1704.0,1704.01,724.2758,15
2026-07-03 03:45:00,1704.01,1707.18,1703.82,1706.43,787.1327,15
2026-07-03 04:00:00,1706.43,1708.5,1702.77,1706.36,2031.5044,15
2026-07-03 04:15:00,1706.36,1706.37,1703.34,1705.07,1243.8669,15
2026-07-03 04:30:00,1705.07,1707.43,1703.14,1706.73,838.5903000000001,15
2026-07-03 04:45:00,1706.73,1707.36,1702.34,1703.08,1312.0048,15
2026-07-03 05:00:00,1703.07,1706.92,1702.28,1706.84,998.8352,15
2026-07-03 05:15:00,1706.84,1711.36,1705.02,1709.9,1194.6898,15
2026-07-03 05:30:00,1709.9,1721.8,1709.58,1715.51,4580.0635,15
2026-07-03 05:45:00,1715.5,1718.11,1714.0,1714.92,1277.8741,15
2026-07-03 06:00:00,1714.93,1721.53,1713.95,1717.32,1954.9448,15
2026-07-03 06:15:00,1717.33,1720.41,1715.0,1716.72,1422.0161,15
2026-07-03 06:30:00,1716.71,1719.51,1712.94,1714.78,1490.8576,15
2026-07-03 06:45:00,1714.78,1717.94,1714.61,1716.03,946.9662,15
2026-07-03 07:00:00,1716.03,1718.9,1713.97,1716.04,931.5223,15
2026-07-03 07:15:00,1716.04,1718.34,1716.03,1717.6,1013.2555,15
2026-07-03 07:30:00,1717.6,1721.18,1716.02,1718.12,3454.3441,15
2026-07-03 07:45:00,1718.11,1722.21,1717.34,1717.77,5786.6787,15
2026-07-03 08:00:00,1717.77,1720.27,1716.53,1717.89,2206.4342,15
2026-07-03 08:15:00,1717.88,1723.45,1715.68,1719.87,2318.4347,15
2026-07-03 08:30:00,1719.87,1735.13,1717.67,1731.52,8692.1863,15
2026-07-03 08:45:00,1731.52,1731.59,1718.48,1719.89,3282.816,15
2026-07-03 09:00:00,1719.89,1729.52,1717.03,1728.63,3026.4357999999997,15
2026-07-03 09:15:00,1728.63,1729.85,1725.45,1726.25,1377.2528,15
2026-07-03 09:30:00,1726.25,1726.25,1720.98,1723.26,1012.5558,15
2026-07-03 09:45:00,1723.27,1731.25,1723.26,1726.28,3494.1404,15
2026-07-03 10:00:00,1726.27,1739.19,1726.26,1734.19,7278.918199999999,15
