timestamp,open,high,low,close,volume,source_1m_count
2026-06-03 10:30:00,1.2427,1.244,1.2407,1.2413,451097.1,15
2026-06-03 10:45:00,1.2413,1.2431,1.2405,1.2418,407612.8,15
2026-06-03 11:00:00,1.2419,1.2447,1.2417,1.2447,440405.1,15
2026-06-03 11:15:00,1.2447,1.2449,1.2424,1.2436,661265.9,15
2026-06-03 11:30:00,1.2435,1.2436,1.2394,1.2394,504123.3,15
2026-06-03 11:45:00,1.2395,1.2396,1.2337,1.2369,963201.6,15
2026-06-03 12:00:00,1.2369,1.2374,1.2337,1.2349,627139.4,15
2026-06-03 12:15:00,1.2349,1.2365,1.2296,1.2358,1961462.3,15
2026-06-03 12:30:00,1.2358,1.2378,1.2312,1.2332,818326.3,15
2026-06-03 12:45:00,1.2332,1.2365,1.2319,1.2357,711849.0,15
2026-06-03 13:00:00,1.2357,1.2378,1.2323,1.234,820854.8,15
2026-06-03 13:15:00,1.234,1.237,1.2293,1.2296,841189.8,15
2026-06-03 13:30:00,1.2297,1.2358,1.2267,1.2272,1404257.0,15
2026-06-03 13:45:00,1.2272,1.2324,1.2262,1.2312,1083647.3,15
2026-06-03 14:00:00,1.2312,1.2328,1.228,1.2326,623849.0,15
2026-06-03 14:15:00,1.2327,1.2339,1.2225,1.225,1591915.6,15
2026-06-03 14:30:00,1.225,1.2336,1.2221,1.229,1299230.5999999999,15
2026-06-03 14:45:00,1.229,1.232,1.2273,1.231,683481.6,15
2026-06-03 15:00:00,1.231,1.2319,1.2263,1.2268,871281.8,15
2026-06-03 15:15:00,1.2268,1.2299,1.2214,1.2282,2022911.2,15
2026-06-03 15:30:00,1.2282,1.2297,1.2219,1.2244,856598.2,15
2026-06-03 15:45:00,1.2245,1.227,1.2207,1.2251,759452.9,15
2026-06-03 16:00:00,1.2252,1.2286,1.2195,1.2216,1633412.1,15
2026-06-03 16:15:00,1.2216,1.2245,1.2089,1.2119,2665464.2,15
2026-06-03 16:30:00,1.2118,1.2189,1.2108,1.2184,1753306.1,15
2026-06-03 16:45:00,1.2184,1.2233,1.2163,1.2228,1149771.5,15
2026-06-03 17:00:00,1.2229,1.2248,1.2134,1.2164,1042476.4,15
2026-06-03 17:15:00,1.2163,1.2213,1.2161,1.2206,619402.9,15
2026-06-03 17:30:00,1.2205,1.2287,1.2199,1.2263,878801.6,15
2026-06-03 17:45:00,1.2263,1.2263,1.2196,1.2214,905728.4,15
2026-06-03 18:00:00,1.2214,1.2248,1.2201,1.2216,465398.6,15
2026-06-03 18:15:00,1.2215,1.2215,1.213,1.2167,963468.7999999999,15
2026-06-03 18:30:00,1.2168,1.2203,1.2138,1.2179,549938.2999999999,15
2026-06-03 18:45:00,1.2179,1.2198,1.2164,1.2185,569673.0,15
2026-06-03 19:00:00,1.2185,1.2196,1.2168,1.2185,548861.7,15
2026-06-03 19:15:00,1.2186,1.2188,1.2051,1.207,1804174.5,15
2026-06-03 19:30:00,1.2071,1.2127,1.2037,1.2116,1039055.1,15
2026-06-03 19:45:00,1.2115,1.2134,1.202,1.2043,2627821.6,15
2026-06-03 20:00:00,1.2042,1.2081,1.2,1.2064,1848160.8,15
2026-06-03 20:15:00,1.2063,1.2063,1.1994,1.2048,1448576.5,15
2026-06-03 20:30:00,1.2048,1.2067,1.1968,1.1969,1793636.8,15
2026-06-03 20:45:00,1.1968,1.1983,1.1868,1.1939,2972254.0,15
2026-06-03 21:00:00,1.1939,1.207,1.1917,1.2032,1875945.8,15
2026-06-03 21:15:00,1.2031,1.2088,1.2031,1.2085,736746.4,15
2026-06-03 21:30:00,1.2084,1.2155,1.2077,1.2131,2041419.9,15
2026-06-03 21:45:00,1.2132,1.2203,1.2123,1.2185,919662.3,15
2026-06-03 22:00:00,1.2185,1.2205,1.213,1.2141,970620.0,15
2026-06-03 22:15:00,1.2141,1.2145,1.2092,1.2133,818297.4,15
2026-06-03 22:30:00,1.2133,1.2136,1.2078,1.2105,1030752.7,15
2026-06-03 22:45:00,1.2104,1.2104,1.2041,1.2063,1099077.8,15
2026-06-03 23:00:00,1.2063,1.2075,1.1981,1.2011,1077818.8,15
2026-06-03 23:15:00,1.2011,1.2037,1.1988,1.2028,626618.8,15
2026-06-03 23:30:00,1.2029,1.2062,1.2018,1.2025,714068.4,15
2026-06-03 23:45:00,1.2026,1.2037,1.2006,1.2012,457905.5,15
2026-06-04 00:00:00,1.2012,1.2075,1.2009,1.2071,957528.6,15
2026-06-04 00:15:00,1.207,1.208,1.1875,1.1875,1440942.6,15
2026-06-04 00:30:00,1.1875,1.1987,1.1868,1.1977,4075537.8,15
2026-06-04 00:45:00,1.1977,1.1982,1.1881,1.1936,2330760.1,15
2026-06-04 01:00:00,1.1937,1.1966,1.1862,1.1867,1867688.8,15
2026-06-04 01:15:00,1.1866,1.1874,1.1687,1.1703,7019107.7,15
2026-06-04 01:30:00,1.1703,1.1809,1.1703,1.1734,3234338.2,15
2026-06-04 01:45:00,1.1734,1.174,1.1565,1.1615,7771866.7,15
2026-06-04 02:00:00,1.1615,1.1666,1.1407,1.1645,15633834.5,15
2026-06-04 02:15:00,1.1644,1.1816,1.1592,1.1781,4967202.8,15
2026-06-04 02:30:00,1.1781,1.1843,1.1755,1.183,2953263.0,15
2026-06-04 02:45:00,1.183,1.1872,1.1802,1.1815,2399903.2,15
2026-06-04 03:00:00,1.1816,1.2017,1.1814,1.2007,3007755.4,15
2026-06-04 03:15:00,1.2007,1.2051,1.1985,1.1992,2190624.1,15
2026-06-04 03:30:00,1.1992,1.2098,1.1987,1.2083,2038461.8,15
2026-06-04 03:45:00,1.2083,1.2112,1.206,1.209,2205126.4,15
2026-06-04 04:00:00,1.2091,1.2117,1.206,1.2111,2145519.2,15
2026-06-04 04:15:00,1.2111,1.212,1.207,1.2071,1240060.5,15
2026-06-04 04:30:00,1.2071,1.2081,1.2016,1.2057,2101170.7,15
2026-06-04 04:45:00,1.2058,1.2068,1.2004,1.2018,1616304.3,15
2026-06-04 05:00:00,1.2017,1.2018,1.187,1.1909,2117696.1,15
2026-06-04 05:15:00,1.1909,1.1918,1.1842,1.1861,1640710.5,15
2026-06-04 05:30:00,1.186,1.1968,1.1849,1.1945,1324699.3,15
2026-06-04 05:45:00,1.1946,1.1946,1.1866,1.1879,1087978.8,15
2026-06-04 06:00:00,1.188,1.1946,1.1865,1.1934,1399150.8,15
2026-06-04 06:15:00,1.1933,1.2,1.1929,1.1965,1401195.6,15
2026-06-04 06:30:00,1.1966,1.1994,1.1923,1.1957,1173476.5,15
2026-06-04 06:45:00,1.1956,1.1956,1.1885,1.1892,883048.6,15
2026-06-04 07:00:00,1.1892,1.19,1.1801,1.1821,1504641.8,15
2026-06-04 07:15:00,1.1822,1.183,1.1722,1.1762,1944108.8,15
2026-06-04 07:30:00,1.1763,1.1808,1.1746,1.1765,1300421.9,15
2026-06-04 07:45:00,1.1765,1.1769,1.1676,1.1678,1885654.0999999999,15
2026-06-04 08:00:00,1.1677,1.1722,1.1617,1.1618,2770472.6999999997,15
2026-06-04 08:15:00,1.1619,1.1679,1.1611,1.165,2468481.6999999997,15
2026-06-04 08:30:00,1.165,1.1713,1.1626,1.1637,1465908.8,15
2026-06-04 08:45:00,1.1638,1.1714,1.1638,1.1678,890908.7,15
2026-06-04 09:00:00,1.1679,1.1684,1.1543,1.1565,2012337.9,15
2026-06-04 09:15:00,1.1564,1.1564,1.1472,1.1484,3941894.8000000003,15
2026-06-04 09:30:00,1.1485,1.153,1.1453,1.151,3169286.5,15
2026-06-04 09:45:00,1.151,1.163,1.1507,1.162,2370069.1,15
2026-06-04 10:00:00,1.1621,1.1626,1.1516,1.155,2209076.3,15
2026-06-04 10:15:00,1.1549,1.1581,1.151,1.1523,1576475.4,15
2026-06-04 10:30:00,1.1523,1.1588,1.1511,1.1547,2246419.1,15
2026-06-04 10:45:00,1.1547,1.1551,1.1431,1.1485,4578023.2,15
2026-06-04 11:00:00,1.1485,1.1526,1.1423,1.1431,1883790.5999999999,15
2026-06-04 11:15:00,1.143,1.1562,1.1418,1.154,1615594.0,15
2026-06-04 11:30:00,1.154,1.1599,1.1452,1.1463,1715941.9,15
2026-06-04 11:45:00,1.1463,1.156,1.1463,1.1558,1816230.4,15
2026-06-04 12:00:00,1.1559,1.1608,1.1504,1.1514,2705520.0,15
2026-06-04 12:15:00,1.1515,1.1699,1.1514,1.1696,2898287.0,15
2026-06-04 12:30:00,1.1696,1.1795,1.1689,1.1764,3584461.6,15
2026-06-04 12:45:00,1.1764,1.1824,1.1752,1.1801,1836414.9000000001,15
2026-06-04 13:00:00,1.18,1.1818,1.1762,1.1762,1565547.8,15
2026-06-04 13:15:00,1.1761,1.1774,1.1631,1.1681,2350834.7,15
2026-06-04 13:30:00,1.168,1.1836,1.1665,1.1768,3219639.8000000003,15
2026-06-04 13:45:00,1.1768,1.1805,1.1728,1.1795,1615073.8,15
2026-06-04 14:00:00,1.1796,1.1831,1.1748,1.1802,1687874.5,15
2026-06-04 14:15:00,1.1803,1.1809,1.1717,1.1758,1472040.7,15
2026-06-04 14:30:00,1.1758,1.1759,1.1696,1.173,1219490.2,15
2026-06-04 14:45:00,1.1729,1.1742,1.168,1.173,991756.7,15
2026-06-04 15:00:00,1.173,1.1827,1.1708,1.1821,1653383.0999999999,15
2026-06-04 15:15:00,1.182,1.1826,1.1706,1.1738,1098992.1,15
2026-06-04 15:30:00,1.1738,1.1762,1.1703,1.1714,1050166.3,15
2026-06-04 15:45:00,1.1714,1.1721,1.166,1.1689,1040063.1,15
2026-06-04 16:00:00,1.1689,1.1695,1.1634,1.1641,1224390.7,15
2026-06-04 16:15:00,1.1641,1.1678,1.1617,1.1621,696135.9,15
2026-06-04 16:30:00,1.1621,1.1721,1.1608,1.171,1191999.1,15
2026-06-04 16:45:00,1.171,1.1735,1.1679,1.1702,645498.2,15
2026-06-04 17:00:00,1.1701,1.1755,1.168,1.1741,1124349.5,15
2026-06-04 17:15:00,1.1741,1.1741,1.1655,1.1686,1087082.7,15
2026-06-04 17:30:00,1.1685,1.1702,1.1592,1.1615,956530.6,15
2026-06-04 17:45:00,1.1616,1.1735,1.1599,1.1698,1559826.9,15
2026-06-04 18:00:00,1.1698,1.1709,1.1632,1.1637,637263.1,15
2026-06-04 18:15:00,1.1637,1.1805,1.1637,1.1805,1407630.2999999998,15
2026-06-04 18:30:00,1.1804,1.1828,1.1767,1.1803,1035287.0,15
2026-06-04 18:45:00,1.1803,1.1832,1.179,1.1794,605921.9,15
2026-06-04 19:00:00,1.1793,1.1794,1.1739,1.1779,666371.0,15
2026-06-04 19:15:00,1.1778,1.185,1.1777,1.1833,977305.4,15
2026-06-04 19:30:00,1.1833,1.1841,1.1766,1.1776,536849.2,15
2026-06-04 19:45:00,1.1777,1.178,1.1729,1.1752,793577.2,15
2026-06-04 20:00:00,1.1751,1.1757,1.1667,1.1728,757481.1,15
2026-06-04 20:15:00,1.1727,1.1751,1.171,1.1735,610869.0,15
2026-06-04 20:30:00,1.1735,1.1779,1.173,1.1759,430970.0,15
2026-06-04 20:45:00,1.1758,1.1778,1.1718,1.1759,322220.4,15
2026-06-04 21:00:00,1.1759,1.1789,1.1743,1.1754,498531.8,15
2026-06-04 21:15:00,1.1755,1.1757,1.167,1.1682,639629.3,15
2026-06-04 21:30:00,1.1682,1.1686,1.156,1.1641,1912445.7,15
2026-06-04 21:45:00,1.1641,1.1649,1.1589,1.159,598887.3,15
2026-06-04 22:00:00,1.1589,1.1633,1.1548,1.1588,1641688.1,15
2026-06-04 22:15:00,1.1587,1.1633,1.1587,1.1598,781806.1,15
2026-06-04 22:30:00,1.1598,1.1631,1.1552,1.1587,1327777.1,15
2026-06-04 22:45:00,1.1586,1.1702,1.1568,1.1695,2722387.9,15
2026-06-04 23:00:00,1.1694,1.1722,1.1667,1.1684,750286.2,15
2026-06-04 23:15:00,1.1684,1.1688,1.1585,1.1628,839582.7,15
2026-06-04 23:30:00,1.1629,1.1673,1.162,1.167,928678.4,15
2026-06-04 23:45:00,1.1671,1.1698,1.1641,1.1688,601883.9,15
2026-06-05 00:00:00,1.1687,1.1703,1.1648,1.1651,638267.7000000001,15
2026-06-05 00:15:00,1.1651,1.1741,1.1621,1.1736,1151360.3,15
2026-06-05 00:30:00,1.1737,1.1751,1.167,1.1688,880601.0,15
2026-06-05 00:45:00,1.1687,1.1719,1.1609,1.1617,758541.8,15
2026-06-05 01:00:00,1.1616,1.1616,1.1514,1.156,1498497.2,15
2026-06-05 01:15:00,1.156,1.1595,1.1513,1.156,1259365.6,15
2026-06-05 01:30:00,1.1561,1.1621,1.1529,1.1585,1407223.4,15
2026-06-05 01:45:00,1.1586,1.1602,1.1542,1.1573,1157214.3,15
2026-06-05 02:00:00,1.1574,1.1584,1.1501,1.1501,1154917.5,15
2026-06-05 02:15:00,1.1502,1.1533,1.1437,1.144,2102834.2,15
2026-06-05 02:30:00,1.144,1.1477,1.1369,1.14,3189992.8,15
2026-06-05 02:45:00,1.14,1.1434,1.1348,1.1352,2531902.6999999997,15
2026-06-05 03:00:00,1.1353,1.1388,1.133,1.1385,2490278.0,15
2026-06-05 03:15:00,1.1385,1.1478,1.1385,1.1412,1356365.4,15
2026-06-05 03:30:00,1.1413,1.1458,1.1357,1.1376,1927589.7,15
2026-06-05 03:45:00,1.1377,1.1394,1.134,1.1347,1488160.2,15
2026-06-05 04:00:00,1.1348,1.1457,1.1305,1.1414,3177825.8000000003,15
2026-06-05 04:15:00,1.1415,1.1488,1.1366,1.1463,2159570.7,15
2026-06-05 04:30:00,1.1463,1.1463,1.1368,1.1387,2646066.3000000003,15
2026-06-05 04:45:00,1.1386,1.1486,1.1335,1.1479,2011563.5,15
2026-06-05 05:00:00,1.1479,1.1492,1.1357,1.1368,1266969.0,15
2026-06-05 05:15:00,1.1368,1.1431,1.1348,1.1415,1365155.6,15
2026-06-05 05:30:00,1.1414,1.1428,1.1291,1.1295,3872774.9,15
2026-06-05 05:45:00,1.1295,1.1303,1.1204,1.1208,4434495.0,15
2026-06-05 06:00:00,1.1208,1.1266,1.1148,1.1152,4652493.2,15
2026-06-05 06:15:00,1.1151,1.1176,1.09,1.1036,15270132.3,15
2026-06-05 06:30:00,1.1036,1.1206,1.1021,1.1195,4688013.2,15
2026-06-05 06:45:00,1.1195,1.1209,1.1122,1.1188,3093440.3,15
2026-06-05 07:00:00,1.1188,1.1201,1.1049,1.1053,3231321.7,15
2026-06-05 07:15:00,1.1053,1.1244,1.1052,1.1229,2938685.5,15
2026-06-05 07:30:00,1.1229,1.1372,1.1214,1.1369,4092923.9,15
2026-06-05 07:45:00,1.137,1.1384,1.1324,1.1364,3681386.7,15
2026-06-05 08:00:00,1.1363,1.1364,1.1274,1.1288,1503696.0,15
2026-06-05 08:15:00,1.1287,1.1309,1.1243,1.1284,1249268.8,15
2026-06-05 08:30:00,1.1284,1.1322,1.1186,1.119,1811369.9,15
2026-06-05 08:45:00,1.119,1.1222,1.1168,1.1194,1404069.9,15
2026-06-05 09:00:00,1.1195,1.1381,1.1191,1.1381,4712480.6,15
2026-06-05 09:15:00,1.1381,1.1407,1.1321,1.1381,1712483.6,15
2026-06-05 09:30:00,1.138,1.1382,1.131,1.1313,1372188.1,15
2026-06-05 09:45:00,1.1313,1.1403,1.1307,1.1403,1788112.6,15
2026-06-05 10:00:00,1.1403,1.1461,1.1341,1.1364,2164926.8,15
2026-06-05 10:15:00,1.1364,1.1364,1.1309,1.1342,1160943.9000000001,15
2026-06-05 10:30:00,1.1342,1.1389,1.1326,1.138,1229151.8,15
2026-06-05 10:45:00,1.138,1.138,1.1331,1.1362,1641909.2,15
2026-06-05 11:00:00,1.1361,1.1361,1.1238,1.1253,2194863.7,15
2026-06-05 11:15:00,1.1253,1.1346,1.1241,1.1303,2458519.3,15
2026-06-05 11:30:00,1.1302,1.1311,1.1207,1.1208,1743720.2000000002,15
2026-06-05 11:45:00,1.1208,1.1241,1.1184,1.1189,2195501.7,15
2026-06-05 12:00:00,1.1189,1.1234,1.1107,1.1183,2521977.4,15
2026-06-05 12:15:00,1.1183,1.1262,1.117,1.12,1740876.3,15
2026-06-05 12:30:00,1.12,1.1269,1.1101,1.1179,3093398.8,15
2026-06-05 12:45:00,1.118,1.1202,1.1131,1.1201,1794959.5,15
2026-06-05 13:00:00,1.12,1.1281,1.1198,1.1264,2554457.4,15
2026-06-05 13:15:00,1.1263,1.1371,1.1253,1.1322,2603886.1,15
2026-06-05 13:30:00,1.1322,1.1379,1.1181,1.1203,5638133.6,15
2026-06-05 13:45:00,1.1204,1.122,1.1015,1.1022,6159743.5,15
2026-06-05 14:00:00,1.1023,1.1166,1.0977,1.1121,6658734.8,15
2026-06-05 14:15:00,1.112,1.1176,1.1063,1.1092,3185403.5,15
2026-06-05 14:30:00,1.1092,1.1182,1.1041,1.1098,4746696.7,15
2026-06-05 14:45:00,1.1098,1.1156,1.1011,1.1068,2697135.5,15
2026-06-05 15:00:00,1.1069,1.1087,1.0962,1.0978,3382508.4,15
2026-06-05 15:15:00,1.0978,1.1097,1.0947,1.1047,4793209.9,15
2026-06-05 15:30:00,1.1046,1.1072,1.0937,1.0993,7057091.8,15
2026-06-05 15:45:00,1.0993,1.1041,1.0917,1.0998,6617740.7,15
2026-06-05 16:00:00,1.0998,1.1057,1.0843,1.1023,8273770.0,15
2026-06-05 16:15:00,1.1022,1.117,1.0998,1.1073,5782573.9,15
2026-06-05 16:30:00,1.1072,1.1093,1.0986,1.1,2298541.3,15
2026-06-05 16:45:00,1.0999,1.1234,1.0998,1.1203,3356362.1,15
2026-06-05 17:00:00,1.1203,1.122,1.1085,1.1119,2352795.7,15
2026-06-05 17:15:00,1.1118,1.1125,1.1007,1.1013,1367067.3,15
2026-06-05 17:30:00,1.1014,1.1134,1.1005,1.1036,1067193.3,15
2026-06-05 17:45:00,1.1037,1.1102,1.1037,1.109,1047985.9,15
2026-06-05 18:00:00,1.109,1.1135,1.1066,1.1093,1485424.1,15
2026-06-05 18:15:00,1.1092,1.1098,1.0961,1.0969,3571420.3,15
2026-06-05 18:30:00,1.0968,1.1028,1.09,1.0958,3575732.4,15
2026-06-05 18:45:00,1.0959,1.0964,1.0804,1.0835,7410148.6,15
2026-06-05 19:00:00,1.0835,1.0858,1.072,1.073,5763572.1,15
2026-06-05 19:15:00,1.0729,1.087,1.0692,1.0869,6285555.2,15
2026-06-05 19:30:00,1.0869,1.0897,1.0786,1.085,3463142.0,15
2026-06-05 19:45:00,1.085,1.1042,1.0846,1.0988,5775586.9,15
2026-06-05 20:00:00,1.0987,1.1069,1.0856,1.105,4763309.2,15
2026-06-05 20:15:00,1.1051,1.1115,1.1025,1.108,2572230.4,15
2026-06-05 20:30:00,1.1079,1.1137,1.1059,1.1128,2658271.5,15
2026-06-05 20:45:00,1.1127,1.1185,1.1104,1.1154,2269786.5,15
2026-06-05 21:00:00,1.1154,1.1204,1.1132,1.1175,3384313.7,15
2026-06-05 21:15:00,1.1174,1.1191,1.1131,1.1158,2728176.3000000003,15
2026-06-05 21:30:00,1.1157,1.1192,1.1114,1.1172,1672115.1,15
2026-06-05 21:45:00,1.1171,1.1191,1.1114,1.1117,808368.4,15
2026-06-05 22:00:00,1.1117,1.1117,1.0964,1.1046,2719891.2,15
2026-06-05 22:15:00,1.1045,1.1099,1.0981,1.1019,3017274.4,15
2026-06-05 22:30:00,1.102,1.1098,1.0999,1.1076,996565.5,15
2026-06-05 22:45:00,1.1075,1.1106,1.1041,1.1062,1124039.2,15
2026-06-05 23:00:00,1.1062,1.1157,1.1043,1.1047,1814152.3,15
2026-06-05 23:15:00,1.1048,1.1049,1.0922,1.0957,2225622.1,15
2026-06-05 23:30:00,1.0957,1.0959,1.0873,1.0921,1997613.2,15
2026-06-05 23:45:00,1.0922,1.098,1.0895,1.0978,975890.2,15
2026-06-06 00:00:00,1.0978,1.1083,1.0978,1.1064,1783663.2,15
2026-06-06 00:15:00,1.1064,1.1078,1.1004,1.1048,794837.2999999999,15
2026-06-06 00:30:00,1.1049,1.109,1.104,1.106,593384.7999999999,15
2026-06-06 00:45:00,1.1059,1.1128,1.1056,1.111,1971243.3,15
2026-06-06 01:00:00,1.111,1.1144,1.1069,1.1086,870444.1,15
2026-06-06 01:15:00,1.1086,1.1097,1.1014,1.1094,863270.7,15
2026-06-06 01:30:00,1.1093,1.1116,1.1026,1.1042,779576.8,15
2026-06-06 01:45:00,1.1041,1.1073,1.1003,1.1012,713109.7,15
2026-06-06 02:00:00,1.1011,1.1022,1.0963,1.097,800793.6,15
2026-06-06 02:15:00,1.097,1.0989,1.0917,1.0959,846336.3,15
2026-06-06 02:30:00,1.0958,1.1005,1.0945,1.0978,1320310.5,15
2026-06-06 02:45:00,1.0978,1.1033,1.0952,1.0957,637211.9,15
2026-06-06 03:00:00,1.0957,1.0958,1.0888,1.092,1436882.1,15
2026-06-06 03:15:00,1.0921,1.0933,1.0866,1.0905,1211930.6,15
2026-06-06 03:30:00,1.0906,1.0922,1.0835,1.0889,2314505.6,15
2026-06-06 03:45:00,1.089,1.09,1.0838,1.086,1218080.8,15
2026-06-06 04:00:00,1.0859,1.0904,1.0702,1.0735,3816397.8,15
2026-06-06 04:15:00,1.0735,1.079,1.0605,1.0624,4883029.6,15
2026-06-06 04:30:00,1.0624,1.0635,1.0518,1.0549,6105830.6,15
2026-06-06 04:45:00,1.0549,1.0666,1.0531,1.0582,3683220.1,15
2026-06-06 05:00:00,1.0582,1.0653,1.0501,1.0578,2744339.9,15
2026-06-06 05:15:00,1.0578,1.0911,1.0564,1.0794,8111604.8,15
2026-06-06 05:30:00,1.0793,1.0856,1.0752,1.0851,3523995.4,15
2026-06-06 05:45:00,1.0851,1.0912,1.0835,1.0894,2710317.4,15
2026-06-06 06:00:00,1.0895,1.0971,1.089,1.0963,2711753.4,15
2026-06-06 06:15:00,1.0963,1.1009,1.0937,1.099,1615542.6,15
2026-06-06 06:30:00,1.099,1.0992,1.0862,1.0875,1315545.2,15
2026-06-06 06:45:00,1.0873,1.09,1.081,1.0826,2132151.0,15
2026-06-06 07:00:00,1.0827,1.0946,1.0815,1.0925,1639486.3,15
2026-06-06 07:15:00,1.0925,1.0963,1.0868,1.0888,930700.4,15
2026-06-06 07:30:00,1.0887,1.0997,1.0883,1.097,1849926.7,15
2026-06-06 07:45:00,1.097,1.0983,1.0921,1.0921,1474182.3,15
2026-06-06 08:00:00,1.0922,1.0987,1.0899,1.0971,1534630.0,15
2026-06-06 08:15:00,1.0972,1.1044,1.0948,1.1019,3011368.7,15
2026-06-06 08:30:00,1.1019,1.103,1.0983,1.0996,1447998.0,15
2026-06-06 08:45:00,1.0995,1.1033,1.0973,1.0991,944662.6,15
2026-06-06 09:00:00,1.099,1.1009,1.0954,1.0966,892502.4,15
2026-06-06 09:15:00,1.0965,1.103,1.095,1.1025,988794.1,15
2026-06-06 09:30:00,1.1024,1.1032,1.0974,1.0975,766038.3,15
2026-06-06 09:45:00,1.0975,1.0977,1.0888,1.0916,1408046.3,15
2026-06-06 10:00:00,1.0916,1.0916,1.0792,1.0822,2212379.5,15
2026-06-06 10:15:00,1.0822,1.0853,1.0801,1.0823,1049657.4000000001,15
2026-06-06 10:30:00,1.0823,1.0824,1.0727,1.0783,3290544.2,15
2026-06-06 10:45:00,1.0783,1.0811,1.0748,1.0804,2186612.6,15
2026-06-06 11:00:00,1.0803,1.0862,1.0795,1.0822,877870.4,15
2026-06-06 11:15:00,1.0822,1.0863,1.0803,1.0846,1015825.1,15
2026-06-06 11:30:00,1.0846,1.0866,1.0823,1.0857,471693.10000000003,15
2026-06-06 11:45:00,1.0858,1.0895,1.0853,1.0876,838927.2000000001,15
2026-06-06 12:00:00,1.0877,1.0942,1.0869,1.0893,1227074.2,15
2026-06-06 12:15:00,1.0893,1.09,1.0828,1.0829,1801574.5,15
2026-06-06 12:30:00,1.0828,1.0856,1.0807,1.0847,987794.0,15
2026-06-06 12:45:00,1.0847,1.0988,1.0846,1.0964,4119103.3,15
2026-06-06 13:00:00,1.0964,1.0988,1.0942,1.0959,994948.3,15
2026-06-06 13:15:00,1.0958,1.097,1.0937,1.0947,665198.5,15
2026-06-06 13:30:00,1.0947,1.0975,1.0919,1.0975,836749.8,15
2026-06-06 13:45:00,1.0975,1.1026,1.0967,1.0983,845449.5,15
2026-06-06 14:00:00,1.0983,1.106,1.0977,1.1049,1525639.6,15
2026-06-06 14:15:00,1.1048,1.108,1.1018,1.1035,2208564.3,15
2026-06-06 14:30:00,1.1034,1.1099,1.101,1.1087,3029387.1,15
2026-06-06 14:45:00,1.1086,1.1097,1.1028,1.1031,1017757.4,15
2026-06-06 15:00:00,1.1031,1.1042,1.089,1.0918,3433161.6,15
2026-06-06 15:15:00,1.0917,1.0962,1.0867,1.0944,1402845.5,15
2026-06-06 15:30:00,1.0944,1.0999,1.0916,1.0987,1569662.0,15
2026-06-06 15:45:00,1.0986,1.1011,1.0942,1.0962,827286.6,15
2026-06-06 16:00:00,1.0963,1.1019,1.0941,1.0968,1618981.5,15
2026-06-06 16:15:00,1.0967,1.0973,1.0908,1.0912,859405.0,15
2026-06-06 16:30:00,1.0911,1.0936,1.0877,1.0931,853713.7999999999,15
2026-06-06 16:45:00,1.093,1.101,1.0922,1.0955,2564337.8,15
2026-06-06 17:00:00,1.0955,1.098,1.0895,1.0932,654383.1,15
2026-06-06 17:15:00,1.0931,1.0939,1.0863,1.0885,1450331.4,15
2026-06-06 17:30:00,1.0885,1.0927,1.0838,1.0888,913464.9,15
2026-06-06 17:45:00,1.0889,1.0896,1.081,1.0827,1702157.5,15
2026-06-06 18:00:00,1.0826,1.0834,1.0791,1.081,967019.2,15
2026-06-06 18:15:00,1.0809,1.0886,1.0798,1.0856,1394837.4,15
2026-06-06 18:30:00,1.0856,1.0857,1.0814,1.0841,540686.8,15
2026-06-06 18:45:00,1.0842,1.0861,1.0808,1.0849,564625.0,15
2026-06-06 19:00:00,1.0849,1.0899,1.0832,1.0879,528464.8,15
2026-06-06 19:15:00,1.0879,1.0879,1.0833,1.0841,387117.2,15
2026-06-06 19:30:00,1.0842,1.0849,1.0815,1.0828,444293.6,15
2026-06-06 19:45:00,1.0828,1.084,1.0805,1.0808,351780.3,15
2026-06-06 20:00:00,1.0807,1.0816,1.0776,1.0799,1049072.1,15
2026-06-06 20:15:00,1.0799,1.082,1.0787,1.0798,414987.5,15
2026-06-06 20:30:00,1.0797,1.0852,1.0791,1.0843,605061.0,15
2026-06-06 20:45:00,1.0843,1.0858,1.0823,1.085,511009.7,15
2026-06-06 21:00:00,1.085,1.0943,1.0847,1.0922,1070115.1,15
2026-06-06 21:15:00,1.0921,1.0932,1.0905,1.0915,1192729.5999999999,15
2026-06-06 21:30:00,1.0915,1.0939,1.0896,1.0908,473057.6,15
2026-06-06 21:45:00,1.0908,1.0909,1.0876,1.088,327176.7,15
2026-06-06 22:00:00,1.0879,1.0896,1.0833,1.0848,470720.2,15
2026-06-06 22:15:00,1.0848,1.0879,1.0816,1.0828,475217.8,15
2026-06-06 22:30:00,1.0828,1.0865,1.0819,1.0861,273336.9,15
2026-06-06 22:45:00,1.0861,1.0898,1.0861,1.0866,444259.4,15
2026-06-06 23:00:00,1.0865,1.0912,1.0865,1.09,420921.0,15
2026-06-06 23:15:00,1.09,1.0904,1.086,1.0895,316409.0,15
2026-06-06 23:30:00,1.0896,1.095,1.0896,1.0935,472154.4,15
2026-06-06 23:45:00,1.0936,1.0946,1.093,1.0934,214540.9,15
2026-06-07 00:00:00,1.0935,1.0945,1.0907,1.0915,479927.4,15
2026-06-07 00:15:00,1.0915,1.0946,1.0915,1.0946,297215.5,15
2026-06-07 00:30:00,1.0946,1.0976,1.0925,1.0926,561105.6,15
2026-06-07 00:45:00,1.0925,1.0929,1.0892,1.0892,442161.3,15
2026-06-07 01:00:00,1.0892,1.1044,1.0886,1.103,1918097.0,15
2026-06-07 01:15:00,1.1029,1.1159,1.1015,1.115,3008402.3,15
2026-06-07 01:30:00,1.1149,1.1203,1.1137,1.1155,2394643.3,15
2026-06-07 01:45:00,1.1156,1.1194,1.1136,1.1163,1275643.2,15
2026-06-07 02:00:00,1.1163,1.118,1.1153,1.1168,628831.5,15
2026-06-07 02:15:00,1.1167,1.1172,1.1073,1.1082,1180665.0,15
2026-06-07 02:30:00,1.1081,1.1143,1.1072,1.1143,632344.2,15
2026-06-07 02:45:00,1.1144,1.1235,1.1143,1.1192,1249109.3,15
2026-06-07 03:00:00,1.1192,1.1219,1.1168,1.1208,763306.5,15
2026-06-07 03:15:00,1.1208,1.1246,1.1176,1.1216,1442402.6,15
2026-06-07 03:30:00,1.1216,1.1231,1.115,1.1188,875986.7000000001,15
2026-06-07 03:45:00,1.1188,1.1193,1.1165,1.1185,509279.5,15
2026-06-07 04:00:00,1.1184,1.1191,1.1132,1.1151,412384.3,15
2026-06-07 04:15:00,1.1151,1.1152,1.1104,1.1122,701529.0,15
2026-06-07 04:30:00,1.1121,1.1222,1.1115,1.1209,917629.0,15
2026-06-07 04:45:00,1.1209,1.1219,1.1184,1.1214,664472.5,15
2026-06-07 05:00:00,1.1215,1.1257,1.12,1.1221,965655.3999999999,15
2026-06-07 05:15:00,1.1222,1.127,1.1201,1.122,1599401.0,15
2026-06-07 05:30:00,1.122,1.1245,1.1191,1.1245,717254.4,15
2026-06-07 05:45:00,1.1244,1.1244,1.1195,1.1201,501072.0,15
2026-06-07 06:00:00,1.1201,1.1202,1.116,1.1183,818415.8,15
2026-06-07 06:15:00,1.1183,1.1262,1.1172,1.1252,1206442.7,15
2026-06-07 06:30:00,1.1251,1.1295,1.1246,1.1276,1436028.7,15
2026-06-07 06:45:00,1.1275,1.1293,1.1257,1.1258,717146.3,15
2026-06-07 07:00:00,1.1257,1.1308,1.122,1.1266,2133652.0,15
2026-06-07 07:15:00,1.1267,1.1309,1.1254,1.1306,1448225.2,15
2026-06-07 07:30:00,1.1307,1.1348,1.1301,1.1331,1607572.3,15
2026-06-07 07:45:00,1.133,1.1373,1.1328,1.1371,1473672.3,15
2026-06-07 08:00:00,1.1371,1.1371,1.1304,1.1347,1098552.0,15
2026-06-07 08:15:00,1.1347,1.14,1.1327,1.1389,1208974.8,15
2026-06-07 08:30:00,1.1389,1.1412,1.135,1.1407,1203463.2,15
2026-06-07 08:45:00,1.1406,1.1562,1.1403,1.1555,5015629.6,15
2026-06-07 09:00:00,1.1556,1.1671,1.1544,1.1657,4812410.0,15
2026-06-07 09:15:00,1.1658,1.1702,1.1547,1.1613,3360015.2,15
2026-06-07 09:30:00,1.1612,1.1613,1.1484,1.1505,2556108.3,15
2026-06-07 09:45:00,1.1504,1.1507,1.1456,1.1461,1155256.2,15
2026-06-07 10:00:00,1.1462,1.1473,1.139,1.1411,1623208.0,15
2026-06-07 10:15:00,1.141,1.1441,1.1405,1.1411,603797.1,15
2026-06-07 10:30:00,1.141,1.1412,1.1347,1.137,1322865.1,15
2026-06-07 10:45:00,1.137,1.1373,1.1326,1.1352,746076.8,15
2026-06-07 11:00:00,1.1352,1.1374,1.1341,1.1355,795995.2,15
2026-06-07 11:15:00,1.1354,1.1381,1.1329,1.1379,673926.2999999999,15
2026-06-07 11:30:00,1.1379,1.141,1.1353,1.1388,1200005.9,15
2026-06-07 11:45:00,1.1387,1.1408,1.1367,1.1403,525662.2,15
2026-06-07 12:00:00,1.1403,1.1406,1.1205,1.1232,2533965.9,15
2026-06-07 12:15:00,1.1232,1.128,1.1208,1.124,1824091.4000000001,15
2026-06-07 12:30:00,1.1241,1.125,1.1185,1.1207,1937656.6,15
2026-06-07 12:45:00,1.1208,1.1253,1.1208,1.1237,787106.8,15
2026-06-07 13:00:00,1.1236,1.1243,1.1209,1.1236,599378.1,15
2026-06-07 13:15:00,1.1237,1.125,1.1208,1.1239,581367.1,15
2026-06-07 13:30:00,1.1238,1.1247,1.1213,1.1231,595307.9,15
2026-06-07 13:45:00,1.1231,1.1238,1.121,1.1222,488791.1,15
2026-06-07 14:00:00,1.1222,1.1258,1.1221,1.1245,553375.8,15
2026-06-07 14:15:00,1.1246,1.1343,1.1231,1.1334,1287164.3,15
2026-06-07 14:30:00,1.1334,1.1373,1.129,1.1305,1521184.6,15
2026-06-07 14:45:00,1.1305,1.1336,1.1285,1.1333,732336.5,15
2026-06-07 15:00:00,1.1334,1.1339,1.1285,1.133,781974.6,15
2026-06-07 15:15:00,1.1329,1.1337,1.1286,1.1335,509342.5,15
2026-06-07 15:30:00,1.1336,1.1369,1.1328,1.1352,912363.2999999999,15
2026-06-07 15:45:00,1.1351,1.1356,1.1312,1.1339,624233.5,15
2026-06-07 16:00:00,1.1339,1.1354,1.1307,1.1348,506348.5,15
2026-06-07 16:15:00,1.1349,1.1371,1.1336,1.1352,413131.6,15
2026-06-07 16:30:00,1.1352,1.1393,1.1345,1.1374,503262.8,15
2026-06-07 16:45:00,1.1373,1.1395,1.1346,1.138,555480.3,15
2026-06-07 17:00:00,1.138,1.146,1.1365,1.145,922704.6,15
2026-06-07 17:15:00,1.145,1.1459,1.1421,1.1436,562333.2999999999,15
2026-06-07 17:30:00,1.1436,1.1462,1.1428,1.1452,626619.4,15
2026-06-07 17:45:00,1.1451,1.1454,1.1418,1.1444,516216.2,15
2026-06-07 18:00:00,1.1443,1.151,1.1442,1.1507,517687.5,15
2026-06-07 18:15:00,1.1506,1.1512,1.1456,1.1469,347426.2,15
2026-06-07 18:30:00,1.1469,1.1511,1.1427,1.1441,758210.0,15
2026-06-07 18:45:00,1.1441,1.1459,1.1409,1.1412,599034.8,15
2026-06-07 19:00:00,1.1413,1.1415,1.1288,1.1302,2286803.4,15
2026-06-07 19:15:00,1.1301,1.1301,1.1197,1.1275,3030128.4,15
2026-06-07 19:30:00,1.1274,1.1274,1.1217,1.1237,879785.7,15
2026-06-07 19:45:00,1.1238,1.127,1.1214,1.1247,1185629.1,15
2026-06-07 20:00:00,1.1246,1.132,1.1217,1.129,890935.8,15
2026-06-07 20:15:00,1.129,1.1365,1.1265,1.1332,852538.4,15
2026-06-07 20:30:00,1.1331,1.1351,1.1287,1.1308,686759.1,15
2026-06-07 20:45:00,1.1307,1.1344,1.1304,1.1325,278625.89999999997,15
2026-06-07 21:00:00,1.1324,1.1341,1.1278,1.132,417768.10000000003,15
2026-06-07 21:15:00,1.132,1.1328,1.1282,1.1287,238131.0,15
2026-06-07 21:30:00,1.1286,1.1298,1.1257,1.1262,903230.0,15
2026-06-07 21:45:00,1.1263,1.1308,1.1258,1.1304,335845.7,15
2026-06-07 22:00:00,1.1305,1.1645,1.1283,1.1624,3037503.8,15
2026-06-07 22:15:00,1.1625,1.1719,1.1508,1.1543,4320649.0,15
2026-06-07 22:30:00,1.1543,1.1625,1.148,1.1585,2083179.2,15
2026-06-07 22:45:00,1.1586,1.1623,1.1505,1.1535,1055334.6,15
2026-06-07 23:00:00,1.1534,1.1587,1.1524,1.1562,1231268.2,15
2026-06-07 23:15:00,1.1562,1.1596,1.1507,1.1587,934448.4,15
2026-06-07 23:30:00,1.1587,1.1604,1.1554,1.1564,721151.0,15
2026-06-07 23:45:00,1.1563,1.1604,1.1536,1.1556,1038187.3999999999,15
2026-06-08 00:00:00,1.1556,1.1567,1.1487,1.1507,851036.2,15
2026-06-08 00:15:00,1.1507,1.1597,1.1492,1.1587,1619509.4000000001,15
2026-06-08 00:30:00,1.1587,1.1677,1.1578,1.1646,2489178.9,15
2026-06-08 00:45:00,1.1645,1.1662,1.1594,1.1633,833373.2999999999,15
2026-06-08 01:00:00,1.1634,1.1651,1.1535,1.1536,995344.1,15
2026-06-08 01:15:00,1.1536,1.1538,1.1428,1.1437,2369578.3,15
2026-06-08 01:30:00,1.1438,1.1543,1.1425,1.1542,1419494.9,15
2026-06-08 01:45:00,1.1542,1.1575,1.1506,1.1573,1052078.8,15
2026-06-08 02:00:00,1.1573,1.1606,1.1552,1.1594,999063.5,15
2026-06-08 02:15:00,1.1594,1.1618,1.1545,1.1586,843119.7,15
2026-06-08 02:30:00,1.1586,1.1599,1.1539,1.1565,1367683.7,15
2026-06-08 02:45:00,1.1564,1.1569,1.1523,1.1567,908723.7999999999,15
2026-06-08 03:00:00,1.1566,1.1613,1.1528,1.1585,912422.8,15
2026-06-08 03:15:00,1.1585,1.1592,1.1492,1.1492,708354.5,15
2026-06-08 03:30:00,1.1493,1.1528,1.1492,1.1505,609808.1,15
2026-06-08 03:45:00,1.1505,1.1533,1.1496,1.1517,513627.8,15
2026-06-08 04:00:00,1.1518,1.1528,1.1435,1.1482,1337542.3,15
2026-06-08 04:15:00,1.1482,1.1486,1.1412,1.1447,1747143.7,15
2026-06-08 04:30:00,1.1448,1.147,1.1394,1.1406,1318812.0,15
2026-06-08 04:45:00,1.1406,1.1452,1.14,1.1402,1103400.3,15
2026-06-08 05:00:00,1.1403,1.1435,1.1368,1.1373,1194970.2,15
2026-06-08 05:15:00,1.1374,1.14,1.134,1.1375,1502516.7,15
2026-06-08 05:30:00,1.1374,1.1376,1.1319,1.1338,1417339.2,15
2026-06-08 05:45:00,1.1337,1.1369,1.1326,1.1365,616341.6,15
2026-06-08 06:00:00,1.1365,1.1406,1.1361,1.1392,1097925.9,15
2026-06-08 06:15:00,1.1391,1.1434,1.1373,1.1417,702521.6,15
2026-06-08 06:30:00,1.1416,1.1419,1.139,1.1408,369761.8,15
2026-06-08 06:45:00,1.1409,1.1416,1.1386,1.1411,422966.0,15
2026-06-08 07:00:00,1.141,1.1461,1.1379,1.144,538840.5,15
2026-06-08 07:15:00,1.1441,1.149,1.1414,1.1477,719963.5,15
2026-06-08 07:30:00,1.1476,1.1491,1.1461,1.1478,495173.4,15
2026-06-08 07:45:00,1.1479,1.1509,1.1471,1.1479,839646.7999999999,15
2026-06-08 08:00:00,1.1478,1.1479,1.1421,1.1437,1051206.8,15
2026-06-08 08:15:00,1.1436,1.1443,1.1372,1.1404,558792.7,15
2026-06-08 08:30:00,1.1404,1.1426,1.1382,1.1396,385079.8,15
2026-06-08 08:45:00,1.1396,1.1402,1.1362,1.1397,595189.0,15
2026-06-08 09:00:00,1.1398,1.1443,1.1397,1.1442,531674.1,15
2026-06-08 09:15:00,1.1442,1.1475,1.1432,1.145,515151.39999999997,15
2026-06-08 09:30:00,1.145,1.1479,1.1411,1.1465,1620956.0999999999,15
2026-06-08 09:45:00,1.1465,1.1502,1.1462,1.1501,723012.1,15
2026-06-08 10:00:00,1.1501,1.1524,1.149,1.1506,999391.0,15
2026-06-08 10:15:00,1.1506,1.1507,1.1442,1.1448,1200823.8,15
2026-06-08 10:30:00,1.1448,1.1525,1.1433,1.1473,2024099.8,15
2026-06-08 10:45:00,1.1473,1.1478,1.1432,1.145,800049.7000000001,15
2026-06-08 11:00:00,1.1451,1.1536,1.1432,1.1525,1586410.4,15
2026-06-08 11:15:00,1.1525,1.1624,1.1524,1.1606,2054064.0,15
2026-06-08 11:30:00,1.1607,1.1653,1.1585,1.1599,2533464.3,15
2026-06-08 11:45:00,1.1599,1.1608,1.1562,1.1578,1380966.6,15
2026-06-08 12:00:00,1.1578,1.1621,1.1472,1.1477,3091116.7,15
2026-06-08 12:15:00,1.1477,1.1544,1.1465,1.1544,1852725.1,15
2026-06-08 12:30:00,1.1544,1.1652,1.1535,1.1646,1994091.8,15
2026-06-08 12:45:00,1.1646,1.1703,1.161,1.1701,1730187.5,15
2026-06-08 13:00:00,1.1701,1.1709,1.1623,1.165,1558337.5,15
2026-06-08 13:15:00,1.1649,1.1701,1.1607,1.1613,1481943.9000000001,15
2026-06-08 13:30:00,1.1612,1.166,1.1559,1.1591,2079923.7,15
2026-06-08 13:45:00,1.1591,1.1665,1.1574,1.1625,1356776.7,15
2026-06-08 14:00:00,1.1624,1.1653,1.1572,1.1646,1159145.9,15
2026-06-08 14:15:00,1.1646,1.1671,1.16,1.1655,1319425.7,15
2026-06-08 14:30:00,1.1655,1.1698,1.1648,1.1673,1685667.8,15
2026-06-08 14:45:00,1.1672,1.1752,1.1662,1.1728,2294515.4,15
2026-06-08 15:00:00,1.1728,1.1851,1.1717,1.1832,2932257.5,15
2026-06-08 15:15:00,1.1833,1.1845,1.1733,1.1733,2453542.6,15
2026-06-08 15:30:00,1.1733,1.1736,1.1691,1.1724,1547367.6,15
2026-06-08 15:45:00,1.1725,1.1794,1.1694,1.1711,1426923.7,15
2026-06-08 16:00:00,1.171,1.1746,1.1679,1.1715,1017784.4,15
2026-06-08 16:15:00,1.1715,1.1774,1.1708,1.1708,1072056.5,15
2026-06-08 16:30:00,1.1709,1.1711,1.1651,1.1693,1312781.0999999999,15
2026-06-08 16:45:00,1.1693,1.1697,1.1641,1.1648,654479.0,15
2026-06-08 17:00:00,1.1648,1.1657,1.1581,1.1601,1621702.0,15
2026-06-08 17:15:00,1.1602,1.1685,1.16,1.1679,812492.1,15
2026-06-08 17:30:00,1.1679,1.1679,1.1595,1.165,1034095.1,15
2026-06-08 17:45:00,1.1651,1.1728,1.1651,1.1728,949228.1,15
2026-06-08 18:00:00,1.1729,1.1793,1.1729,1.1743,1269642.8,15
2026-06-08 18:15:00,1.1743,1.1794,1.1739,1.1782,1008976.3,15
2026-06-08 18:30:00,1.1782,1.1799,1.1714,1.1763,750945.1,15
2026-06-08 18:45:00,1.1763,1.1776,1.1726,1.1746,724148.2,15
2026-06-08 19:00:00,1.1745,1.1801,1.1735,1.1774,782133.4,15
2026-06-08 19:15:00,1.1773,1.1847,1.1755,1.1824,1235318.5,15
2026-06-08 19:30:00,1.1824,1.1866,1.1801,1.1801,1240645.5999999999,15
2026-06-08 19:45:00,1.1801,1.1814,1.1736,1.1798,2281303.6,15
2026-06-08 20:00:00,1.1799,1.1816,1.1709,1.1728,1649664.4,15
2026-06-08 20:15:00,1.1728,1.1745,1.1689,1.1716,1478939.8,15
2026-06-08 20:30:00,1.1716,1.1788,1.1715,1.1771,896910.2000000001,15
2026-06-08 20:45:00,1.1771,1.1786,1.1732,1.1773,454649.6,15
2026-06-08 21:00:00,1.1774,1.185,1.1774,1.1837,2019746.3,15
2026-06-08 21:15:00,1.1837,1.1865,1.1806,1.1843,704869.9,15
2026-06-08 21:30:00,1.1844,1.1854,1.1821,1.184,628547.2,15
2026-06-08 21:45:00,1.184,1.1849,1.1808,1.1808,851229.9,15
2026-06-08 22:00:00,1.1807,1.1807,1.1727,1.1737,881332.4,15
2026-06-08 22:15:00,1.1737,1.1794,1.1719,1.1763,756052.6,15
2026-06-08 22:30:00,1.1763,1.1779,1.1742,1.1754,497257.7,15
2026-06-08 22:45:00,1.1754,1.1784,1.1734,1.1777,492736.5,15
2026-06-08 23:00:00,1.1778,1.1817,1.1759,1.1805,1204565.0,15
2026-06-08 23:15:00,1.1805,1.1807,1.17,1.1712,705672.0,15
2026-06-08 23:30:00,1.1712,1.1725,1.1679,1.17,558530.7,15
2026-06-08 23:45:00,1.1701,1.1706,1.1664,1.1683,654812.2000000001,15
2026-06-09 00:00:00,1.1683,1.1709,1.1669,1.1669,486777.8,15
2026-06-09 00:15:00,1.1669,1.1714,1.1581,1.1591,1529153.0,15
2026-06-09 00:30:00,1.1591,1.1606,1.1529,1.1586,3486147.7,15
2026-06-09 00:45:00,1.1585,1.1585,1.152,1.1528,2218014.8,15
2026-06-09 01:00:00,1.1528,1.1566,1.1519,1.1519,1193722.7,15
2026-06-09 01:15:00,1.1518,1.1571,1.1513,1.1554,1026542.9,15
2026-06-09 01:30:00,1.1555,1.1574,1.1516,1.1522,887116.6,15
2026-06-09 01:45:00,1.1522,1.1552,1.1496,1.151,1251587.2,15
2026-06-09 02:00:00,1.151,1.1546,1.1508,1.1514,869323.0,15
2026-06-09 02:15:00,1.1514,1.1515,1.1463,1.1491,1381572.5,15
2026-06-09 02:30:00,1.1491,1.1501,1.1433,1.1473,1364046.4,15
2026-06-09 02:45:00,1.1473,1.1527,1.1462,1.1527,995465.0,15
2026-06-09 03:00:00,1.1526,1.1555,1.1521,1.1543,711897.8,15
2026-06-09 03:15:00,1.1542,1.1563,1.151,1.1531,544253.2999999999,15
2026-06-09 03:30:00,1.1531,1.155,1.1506,1.1545,354714.1,15
2026-06-09 03:45:00,1.1544,1.1555,1.152,1.1548,508300.0,15
2026-06-09 04:00:00,1.1548,1.1563,1.1513,1.1538,856195.1000000001,15
2026-06-09 04:15:00,1.1538,1.1552,1.1523,1.1525,558149.7,15
2026-06-09 04:30:00,1.1525,1.1728,1.1509,1.1679,3121556.2,15
2026-06-09 04:45:00,1.1679,1.1715,1.1665,1.1666,1242307.2,15
2026-06-09 05:00:00,1.1665,1.1683,1.1624,1.1642,854724.1,15
2026-06-09 05:15:00,1.1643,1.1684,1.1643,1.1675,762118.1,15
2026-06-09 05:30:00,1.1675,1.1763,1.1669,1.1729,1515409.0999999999,15
2026-06-09 05:45:00,1.1728,1.1752,1.1713,1.173,1529242.1,15
2026-06-09 06:00:00,1.173,1.1757,1.1721,1.175,696819.4,15
2026-06-09 06:15:00,1.175,1.1769,1.1722,1.1745,1026225.9,15
2026-06-09 06:30:00,1.1745,1.1751,1.1717,1.1723,819683.6,15
2026-06-09 06:45:00,1.1724,1.1733,1.1712,1.1726,661835.5,15
2026-06-09 07:00:00,1.1727,1.1765,1.1716,1.1718,887255.1,15
2026-06-09 07:15:00,1.1717,1.1737,1.1664,1.1666,1734724.6,15
2026-06-09 07:30:00,1.1667,1.1718,1.1667,1.1711,540424.9,15
2026-06-09 07:45:00,1.1712,1.1731,1.1691,1.1714,856179.8,15
2026-06-09 08:00:00,1.1714,1.1724,1.1646,1.1676,1270213.9,15
2026-06-09 08:15:00,1.1676,1.1691,1.166,1.1673,450001.1,15
2026-06-09 08:30:00,1.1672,1.1703,1.1663,1.1691,645906.2999999999,15
2026-06-09 08:45:00,1.169,1.1703,1.1669,1.1675,623330.7,15
2026-06-09 09:00:00,1.1676,1.1682,1.1653,1.1681,431670.9,15
2026-06-09 09:15:00,1.1682,1.1702,1.1655,1.1655,890540.6,15
2026-06-09 09:30:00,1.1654,1.1654,1.1594,1.1605,1179366.0,15
2026-06-09 09:45:00,1.1605,1.162,1.1585,1.1596,1038181.3999999999,15
2026-06-09 10:00:00,1.1596,1.1612,1.1563,1.1594,1154580.8,15
2026-06-09 10:15:00,1.1593,1.1593,1.1572,1.158,381363.3,15
2026-06-09 10:30:00,1.1579,1.1581,1.1551,1.1575,422120.3,15
2026-06-09 10:45:00,1.1574,1.1605,1.1564,1.1592,787199.0,15
2026-06-09 11:00:00,1.1592,1.1594,1.1528,1.1529,839101.0,15
2026-06-09 11:15:00,1.1528,1.155,1.1528,1.1542,682221.3,15
2026-06-09 11:30:00,1.1541,1.1569,1.153,1.1543,578737.7,15
2026-06-09 11:45:00,1.1543,1.1565,1.1534,1.1554,706086.3,15
2026-06-09 12:00:00,1.1554,1.1637,1.1547,1.1626,2498154.5,15
2026-06-09 12:15:00,1.1626,1.1628,1.1594,1.1619,419566.4,15
2026-06-09 12:30:00,1.1618,1.1623,1.1588,1.1601,616911.4,15
2026-06-09 12:45:00,1.1601,1.1641,1.1577,1.1631,779017.4,15
2026-06-09 13:00:00,1.1631,1.1666,1.1628,1.1633,1108145.7,15
2026-06-09 13:15:00,1.1634,1.1636,1.1561,1.1586,1622249.9,15
2026-06-09 13:30:00,1.1586,1.1623,1.1543,1.1623,1317428.5,15
2026-06-09 13:45:00,1.1624,1.1634,1.1576,1.1578,769476.3,15
2026-06-09 14:00:00,1.1577,1.1602,1.1511,1.1511,1500537.2,15
2026-06-09 14:15:00,1.151,1.152,1.1396,1.1406,3637608.2,15
2026-06-09 14:30:00,1.1407,1.1417,1.1343,1.135,2753089.1,15
2026-06-09 14:45:00,1.1349,1.1378,1.1307,1.1373,3111249.2,15
2026-06-09 15:00:00,1.1373,1.1423,1.1348,1.1399,2836860.2,15
2026-06-09 15:15:00,1.1398,1.141,1.1342,1.1342,1643834.8,15
2026-06-09 15:30:00,1.1342,1.1366,1.131,1.1344,1669007.8,15
2026-06-09 15:45:00,1.1344,1.1353,1.127,1.1277,1707188.1,15
2026-06-09 16:00:00,1.1276,1.1318,1.1257,1.1271,1807441.7,15
2026-06-09 16:15:00,1.1271,1.1284,1.1229,1.1274,977099.6,15
2026-06-09 16:30:00,1.1274,1.1311,1.1187,1.1273,2384175.0,15
2026-06-09 16:45:00,1.1272,1.1299,1.1234,1.128,1269640.0,15
2026-06-09 17:00:00,1.1281,1.137,1.1281,1.1353,2544983.7,15
2026-06-09 17:15:00,1.1353,1.1435,1.1353,1.1422,2568204.9,15
2026-06-09 17:30:00,1.1421,1.1474,1.141,1.1418,1446307.7,15
2026-06-09 17:45:00,1.1418,1.1422,1.138,1.1384,1149040.0,15
2026-06-09 18:00:00,1.1384,1.1404,1.1358,1.139,539650.6,15
2026-06-09 18:15:00,1.1389,1.1464,1.1376,1.139,995308.8,15
2026-06-09 18:30:00,1.139,1.1429,1.1374,1.1374,620439.5,15
2026-06-09 18:45:00,1.1375,1.1399,1.1369,1.139,899146.9,15
2026-06-09 19:00:00,1.1389,1.144,1.1374,1.1381,676492.6,15
2026-06-09 19:15:00,1.1382,1.1401,1.1361,1.1401,696422.8,15
2026-06-09 19:30:00,1.1402,1.1445,1.1379,1.1399,478755.0,15
2026-06-09 19:45:00,1.1398,1.1452,1.1378,1.1402,1733380.6,15
2026-06-09 20:00:00,1.1403,1.1438,1.139,1.1436,1166923.2,15
2026-06-09 20:15:00,1.1436,1.1457,1.1392,1.1414,535545.3,15
2026-06-09 20:30:00,1.1413,1.1443,1.1397,1.1432,537408.2,15
2026-06-09 20:45:00,1.1433,1.1439,1.1418,1.1439,393605.2,15
2026-06-09 21:00:00,1.1439,1.1446,1.1409,1.1433,557222.8,15
2026-06-09 21:15:00,1.1434,1.1436,1.1362,1.1372,1016094.7000000001,15
2026-06-09 21:30:00,1.1372,1.1386,1.1356,1.1367,767220.4,15
2026-06-09 21:45:00,1.1367,1.1373,1.1349,1.1371,262509.4,15
2026-06-09 22:00:00,1.137,1.1375,1.134,1.1375,744481.8,15
2026-06-09 22:15:00,1.1375,1.1414,1.1368,1.1387,573213.0,15
2026-06-09 22:30:00,1.1388,1.1414,1.1367,1.1377,410386.1,15
2026-06-09 22:45:00,1.1377,1.1387,1.1348,1.1356,443314.7,15
2026-06-09 23:00:00,1.1356,1.1372,1.1338,1.1354,706526.7,15
2026-06-09 23:15:00,1.1353,1.1386,1.135,1.1361,335658.0,15
2026-06-09 23:30:00,1.1361,1.1384,1.1343,1.1377,341344.60000000003,15
2026-06-09 23:45:00,1.1377,1.1396,1.1368,1.1375,826359.3,15
2026-06-10 00:00:00,1.1376,1.1412,1.1366,1.1384,624658.8,15
2026-06-10 00:15:00,1.1383,1.1388,1.1339,1.1362,829748.9,15
2026-06-10 00:30:00,1.1362,1.1366,1.1272,1.128,1377168.2,15
2026-06-10 00:45:00,1.128,1.1375,1.1278,1.137,936146.6,15
2026-06-10 01:00:00,1.1371,1.1374,1.1312,1.1339,693278.2,15
2026-06-10 01:15:00,1.134,1.137,1.1315,1.1334,921139.7,15
2026-06-10 01:30:00,1.1334,1.1346,1.1274,1.1286,1058000.4,15
2026-06-10 01:45:00,1.1285,1.1325,1.1277,1.1291,2214293.3,15
2026-06-10 02:00:00,1.1292,1.1311,1.1248,1.1251,909523.5,15
2026-06-10 02:15:00,1.1251,1.1254,1.1196,1.1237,1234012.1,15
2026-06-10 02:30:00,1.1237,1.125,1.1158,1.1189,1985790.2,15
2026-06-10 02:45:00,1.1189,1.1189,1.1155,1.1174,1015345.7999999999,15
2026-06-10 03:00:00,1.1173,1.1225,1.1166,1.1198,2177627.3,15
2026-06-10 03:15:00,1.1199,1.1238,1.1183,1.1235,679945.6,15
2026-06-10 03:30:00,1.1234,1.1234,1.1197,1.1212,647094.3,15
2026-06-10 03:45:00,1.1211,1.1222,1.1186,1.1191,571720.4,15
2026-06-10 04:00:00,1.1192,1.121,1.118,1.1205,539071.0,15
2026-06-10 04:15:00,1.1204,1.1225,1.1185,1.1188,776039.7,15
2026-06-10 04:30:00,1.1187,1.1191,1.1138,1.1142,562150.0,15
2026-06-10 04:45:00,1.1141,1.1166,1.1134,1.116,382290.2,15
2026-06-10 05:00:00,1.1161,1.1175,1.1141,1.1145,884356.1,15
2026-06-10 05:15:00,1.1145,1.1145,1.111,1.1144,1378288.9000000001,15
2026-06-10 05:30:00,1.1144,1.1156,1.1114,1.1119,848734.0,15
2026-06-10 05:45:00,1.112,1.1136,1.1096,1.1119,1196004.2,15
2026-06-10 06:00:00,1.112,1.1136,1.1101,1.1117,906401.4,15
2026-06-10 06:15:00,1.1118,1.1137,1.11,1.1106,1376325.6,15
2026-06-10 06:30:00,1.1105,1.1148,1.1066,1.1121,1451895.3,15
2026-06-10 06:45:00,1.1121,1.1132,1.111,1.1118,1202981.4,15
2026-06-10 07:00:00,1.1117,1.1153,1.1117,1.1143,953960.3,15
2026-06-10 07:15:00,1.1142,1.1188,1.1133,1.1174,1140821.7,15
2026-06-10 07:30:00,1.1174,1.1198,1.116,1.1179,1053817.2,15
2026-06-10 07:45:00,1.1179,1.1188,1.1166,1.1166,1288300.4,15
2026-06-10 08:00:00,1.1167,1.1169,1.1103,1.113,1136732.6,15
2026-06-10 08:15:00,1.1131,1.1158,1.1108,1.1113,1000582.9,15
2026-06-10 08:30:00,1.1114,1.1125,1.1051,1.106,1706096.9000000001,15
2026-06-10 08:45:00,1.106,1.1089,1.1056,1.1076,757984.7,15
2026-06-10 09:00:00,1.1077,1.109,1.1034,1.1035,1135522.2,15
2026-06-10 09:15:00,1.1035,1.1078,1.0994,1.107,2170445.0,15
2026-06-10 09:30:00,1.107,1.1103,1.1065,1.1077,551781.3,15
2026-06-10 09:45:00,1.1076,1.1105,1.106,1.1098,630442.3,15
2026-06-10 10:00:00,1.1099,1.1102,1.1069,1.1083,702738.1,15
2026-06-10 10:15:00,1.1083,1.1096,1.1054,1.1092,695113.9,15
2026-06-10 10:30:00,1.1091,1.1115,1.1085,1.1106,450354.2,15
2026-06-10 10:45:00,1.1105,1.1115,1.1081,1.111,633850.7,15
2026-06-10 11:00:00,1.1111,1.1114,1.1022,1.1073,1888527.7999999998,15
2026-06-10 11:15:00,1.1073,1.1079,1.1018,1.1027,1359750.7,15
2026-06-10 11:30:00,1.1027,1.1042,1.1017,1.1033,572698.9,15
2026-06-10 11:45:00,1.1033,1.1071,1.1022,1.1043,866422.7,15
2026-06-10 12:00:00,1.1043,1.1064,1.1029,1.1054,688841.3,15
2026-06-10 12:15:00,1.1053,1.1071,1.1022,1.1071,1121526.9,15
2026-06-10 12:30:00,1.1071,1.1247,1.1063,1.1197,5892134.4,15
2026-06-10 12:45:00,1.1196,1.1221,1.1179,1.1179,829299.0,15
2026-06-10 13:00:00,1.1178,1.1186,1.1161,1.1175,1062286.2,15
2026-06-10 13:15:00,1.1174,1.1203,1.1158,1.1197,2152198.8,15
2026-06-10 13:30:00,1.1196,1.1374,1.1183,1.137,4036749.0,15
2026-06-10 13:45:00,1.1371,1.1376,1.1293,1.1302,2054611.6,15
2026-06-10 14:00:00,1.1303,1.1305,1.1246,1.1254,1273584.0,15
2026-06-10 14:15:00,1.1255,1.1283,1.1195,1.1239,1647854.7,15
2026-06-10 14:30:00,1.1238,1.1269,1.1192,1.1219,1187228.8,15
2026-06-10 14:45:00,1.1218,1.1251,1.1181,1.1248,1452799.5,15
2026-06-10 15:00:00,1.1248,1.1294,1.1185,1.1209,1508823.2,15
2026-06-10 15:15:00,1.1208,1.129,1.1187,1.1263,1280659.8,15
2026-06-10 15:30:00,1.1263,1.1285,1.1226,1.1279,1087220.4,15
2026-06-10 15:45:00,1.128,1.1335,1.1193,1.1287,2658199.4,15
2026-06-10 16:00:00,1.1287,1.13,1.1227,1.1234,1293691.1,15
2026-06-10 16:15:00,1.1234,1.1262,1.1175,1.1214,1344959.1,15
2026-06-10 16:30:00,1.1214,1.1226,1.1163,1.1164,1310962.3,15
2026-06-10 16:45:00,1.1163,1.1163,1.1083,1.114,1988977.8,15
2026-06-10 17:00:00,1.1141,1.1185,1.1117,1.1132,703846.1,15
2026-06-10 17:15:00,1.1132,1.1155,1.1087,1.1089,795520.9,15
2026-06-10 17:30:00,1.1089,1.1102,1.1038,1.1051,1403956.3,15
2026-06-10 17:45:00,1.1052,1.1118,1.1046,1.1102,2182342.5,15
2026-06-10 18:00:00,1.1103,1.1114,1.1057,1.1068,821706.6,15
2026-06-10 18:15:00,1.1068,1.1084,1.1038,1.1084,1017534.5,15
2026-06-10 18:30:00,1.1084,1.1085,1.1005,1.1014,1085280.4,15
2026-06-10 18:45:00,1.1014,1.1076,1.099,1.1073,2337406.5,15
2026-06-10 19:00:00,1.1073,1.1075,1.1001,1.1003,721085.2,15
2026-06-10 19:15:00,1.1003,1.1023,1.0977,1.1011,1232415.0,15
2026-06-10 19:30:00,1.1011,1.1035,1.0999,1.1011,1000811.7,15
2026-06-10 19:45:00,1.1011,1.1016,1.0958,1.0981,1997969.7000000002,15
2026-06-10 20:00:00,1.0981,1.1014,1.0941,1.0997,1110461.0,15
2026-06-10 20:15:00,1.0997,1.1038,1.0972,1.1011,477169.4,15
2026-06-10 20:30:00,1.101,1.1019,1.0986,1.0989,595270.0,15
2026-06-10 20:45:00,1.0989,1.1003,1.0963,1.0993,479044.2,15
2026-06-10 21:00:00,1.0992,1.0993,1.0897,1.0922,1815494.6,15
2026-06-10 21:15:00,1.0923,1.0959,1.0913,1.0944,532471.8,15
2026-06-10 21:30:00,1.0944,1.0966,1.0939,1.0956,681905.5,15
2026-06-10 21:45:00,1.0956,1.0971,1.0884,1.0927,1510392.8,15
2026-06-10 22:00:00,1.0927,1.0946,1.0907,1.0939,560287.3,15
2026-06-10 22:15:00,1.0938,1.0941,1.0903,1.0919,1055840.9,15
2026-06-10 22:30:00,1.0918,1.0998,1.0917,1.0977,1202541.6,15
2026-06-10 22:45:00,1.0978,1.0985,1.0949,1.095,561079.2,15
2026-06-10 23:00:00,1.0949,1.095,1.0903,1.0912,717978.9,15
2026-06-10 23:15:00,1.0911,1.0992,1.0896,1.0974,1552181.4,15
2026-06-10 23:30:00,1.0974,1.099,1.095,1.0978,683114.5,15
2026-06-10 23:45:00,1.0979,1.1001,1.0958,1.097,1895953.2,15
2026-06-11 00:00:00,1.0971,1.1001,1.0965,1.0999,894620.4,15
2026-06-11 00:15:00,1.0999,1.104,1.0999,1.1035,1158668.0,15
2026-06-11 00:30:00,1.1035,1.1037,1.0994,1.1002,602149.9,15
2026-06-11 00:45:00,1.1003,1.1042,1.1003,1.1019,317579.6,15
2026-06-11 01:00:00,1.102,1.1071,1.102,1.1064,801427.3,15
2026-06-11 01:15:00,1.1064,1.1087,1.106,1.1076,653842.5,15
2026-06-11 01:30:00,1.1077,1.1185,1.106,1.1173,3629517.4,15
2026-06-11 01:45:00,1.1173,1.1199,1.1149,1.1158,1682463.3,15
2026-06-11 02:00:00,1.1158,1.1179,1.1124,1.1127,635509.1,15
2026-06-11 02:15:00,1.1128,1.1149,1.1086,1.1088,440925.2,15
2026-06-11 02:30:00,1.1089,1.1092,1.1058,1.1069,760260.1,15
2026-06-11 02:45:00,1.1069,1.1115,1.1051,1.1093,666975.5,15
2026-06-11 03:00:00,1.1093,1.1097,1.1061,1.1069,576160.7999999999,15
2026-06-11 03:15:00,1.107,1.1088,1.1058,1.1081,207201.4,15
2026-06-11 03:30:00,1.1082,1.1153,1.1082,1.1133,1604760.0,15
2026-06-11 03:45:00,1.1133,1.1236,1.1131,1.12,2442894.6,15
2026-06-11 04:00:00,1.1201,1.1203,1.1154,1.1173,722017.3,15
2026-06-11 04:15:00,1.1173,1.1188,1.1162,1.1163,646698.8,15
2026-06-11 04:30:00,1.1162,1.118,1.1146,1.1176,650808.6,15
2026-06-11 04:45:00,1.1177,1.1217,1.1177,1.1198,1698505.1,15
2026-06-11 05:00:00,1.1197,1.1199,1.1166,1.1174,231664.1,15
2026-06-11 05:15:00,1.1174,1.1185,1.1149,1.116,642200.0,15
2026-06-11 05:30:00,1.116,1.1169,1.1152,1.1168,533288.7,15
2026-06-11 05:45:00,1.1168,1.1171,1.1145,1.1146,651505.3,15
2026-06-11 06:00:00,1.1146,1.1168,1.1121,1.1158,848282.4,15
2026-06-11 06:15:00,1.1158,1.121,1.1158,1.1184,1419454.0,15
2026-06-11 06:30:00,1.1183,1.1196,1.1168,1.1172,860096.4,15
2026-06-11 06:45:00,1.1173,1.1179,1.1144,1.1148,819626.3,15
2026-06-11 07:00:00,1.1148,1.1152,1.1132,1.1144,730232.9,15
2026-06-11 07:15:00,1.1143,1.1174,1.1141,1.1166,592106.4,15
2026-06-11 07:30:00,1.1166,1.1174,1.1118,1.1128,761000.1,15
2026-06-11 07:45:00,1.1128,1.1154,1.1128,1.1151,419715.60000000003,15
2026-06-11 08:00:00,1.1151,1.1195,1.115,1.1189,931035.7000000001,15
2026-06-11 08:15:00,1.1188,1.1233,1.1182,1.1232,764871.0,15
2026-06-11 08:30:00,1.1233,1.1237,1.121,1.1217,710841.5,15
2026-06-11 08:45:00,1.1217,1.1234,1.1209,1.1211,893881.0,15
2026-06-11 09:00:00,1.1212,1.1218,1.1181,1.1187,714664.2,15
2026-06-11 09:15:00,1.1187,1.1187,1.1166,1.1174,379220.1,15
2026-06-11 09:30:00,1.1173,1.1191,1.1173,1.1177,600404.2,15
2026-06-11 09:45:00,1.1178,1.1193,1.1171,1.1172,285349.3,15
2026-06-11 10:00:00,1.1172,1.1189,1.1159,1.1167,760526.4,15
2026-06-11 10:15:00,1.1167,1.12,1.1148,1.1199,516665.5,15
2026-06-11 10:30:00,1.1199,1.1203,1.1172,1.1176,421357.1,15
2026-06-11 10:45:00,1.1177,1.1254,1.1177,1.1216,2264218.0,15
2026-06-11 11:00:00,1.1216,1.1232,1.1189,1.1225,851082.1,15
2026-06-11 11:15:00,1.1224,1.1227,1.1195,1.1213,527194.8,15
2026-06-11 11:30:00,1.1212,1.1223,1.119,1.1203,788403.5,15
2026-06-11 11:45:00,1.1202,1.1257,1.1198,1.1223,538346.7,15
2026-06-11 12:00:00,1.1224,1.1224,1.1188,1.1198,667197.0,15
2026-06-11 12:15:00,1.1197,1.1205,1.1102,1.1122,1569188.6,15
2026-06-11 12:30:00,1.1121,1.1163,1.1089,1.1157,2947023.1999999997,15
2026-06-11 12:45:00,1.1156,1.1159,1.1129,1.1139,704033.8,15
2026-06-11 13:00:00,1.1138,1.115,1.1117,1.1145,671677.7,15
2026-06-11 13:15:00,1.1145,1.1165,1.1105,1.111,710152.5,15
2026-06-11 13:30:00,1.111,1.1145,1.108,1.1144,983509.3,15
2026-06-11 13:45:00,1.1145,1.1205,1.1141,1.1165,1193463.0,15
2026-06-11 14:00:00,1.1166,1.1182,1.1119,1.1125,462293.7,15
2026-06-11 14:15:00,1.1124,1.1165,1.1107,1.1151,612596.9,15
2026-06-11 14:30:00,1.115,1.1165,1.112,1.1146,585514.9,15
2026-06-11 14:45:00,1.1147,1.1187,1.113,1.113,674712.7999999999,15
2026-06-11 15:00:00,1.113,1.1152,1.1073,1.1121,1389373.2,15
2026-06-11 15:15:00,1.112,1.1166,1.1106,1.1146,1200101.6,15
2026-06-11 15:30:00,1.1145,1.1182,1.1108,1.1114,1160508.0,15
2026-06-11 15:45:00,1.1113,1.1128,1.108,1.1128,860642.9,15
2026-06-11 16:00:00,1.1129,1.1154,1.1115,1.114,530266.0,15
2026-06-11 16:15:00,1.1141,1.1144,1.1066,1.1087,1134372.4,15
2026-06-11 16:30:00,1.1086,1.1127,1.1065,1.1097,778489.5,15
2026-06-11 16:45:00,1.1096,1.1099,1.1071,1.1079,308276.5,15
2026-06-11 17:00:00,1.108,1.1104,1.1055,1.1067,1648974.4,15
2026-06-11 17:15:00,1.1067,1.1199,1.1042,1.1186,2034281.5,15
2026-06-11 17:30:00,1.1186,1.1338,1.1183,1.1334,5895178.8,15
2026-06-11 17:45:00,1.1334,1.1445,1.1315,1.1394,3491575.5,15
2026-06-11 18:00:00,1.1394,1.1427,1.1339,1.1395,1711054.8,15
2026-06-11 18:15:00,1.1396,1.1464,1.1358,1.1368,2346060.3,15
2026-06-11 18:30:00,1.1369,1.139,1.1346,1.139,522440.0,15
2026-06-11 18:45:00,1.1389,1.1408,1.1375,1.138,626224.6000000001,15
2026-06-11 19:00:00,1.1379,1.1408,1.1342,1.1376,957849.5,15
2026-06-11 19:15:00,1.1375,1.1453,1.137,1.1423,944026.4,15
2026-06-11 19:30:00,1.1422,1.15,1.1415,1.145,1554452.1,15
2026-06-11 19:45:00,1.145,1.1453,1.1404,1.1434,1385855.5,15
2026-06-11 20:00:00,1.1435,1.1443,1.1385,1.1396,714641.4,15
2026-06-11 20:15:00,1.1396,1.1407,1.1339,1.1344,1297287.2,15
2026-06-11 20:30:00,1.1343,1.1358,1.1321,1.1333,1403522.9,15
2026-06-11 20:45:00,1.1334,1.1369,1.1322,1.1359,628121.6,15
2026-06-11 21:00:00,1.1359,1.143,1.1353,1.1421,602436.6,15
2026-06-11 21:15:00,1.142,1.142,1.1389,1.1396,473083.7,15
2026-06-11 21:30:00,1.1397,1.1417,1.1392,1.1411,383770.3,15
2026-06-11 21:45:00,1.1411,1.1425,1.1389,1.1412,532413.8,15
2026-06-11 22:00:00,1.1413,1.1445,1.1402,1.144,729799.4,15
2026-06-11 22:15:00,1.144,1.1459,1.143,1.1442,414235.3,15
2026-06-11 22:30:00,1.1442,1.1467,1.1419,1.1423,892409.6,15
2026-06-11 22:45:00,1.1423,1.145,1.1406,1.1432,553879.5,15
2026-06-11 23:00:00,1.1432,1.1433,1.1401,1.141,475913.5,15
2026-06-11 23:15:00,1.141,1.1413,1.1388,1.1389,374280.3,15
2026-06-11 23:30:00,1.139,1.1445,1.1389,1.1428,620423.7,15
2026-06-11 23:45:00,1.1428,1.1439,1.1408,1.1428,616478.3,15
2026-06-12 00:00:00,1.1427,1.1451,1.1408,1.1419,473496.7,15
2026-06-12 00:15:00,1.1419,1.1425,1.139,1.1415,495730.7,15
2026-06-12 00:30:00,1.1415,1.1439,1.1405,1.1427,348450.7,15
2026-06-12 00:45:00,1.1427,1.1454,1.1415,1.1424,1103589.5,15
2026-06-12 01:00:00,1.1423,1.1423,1.1391,1.1411,572658.9,15
2026-06-12 01:15:00,1.1411,1.142,1.1359,1.1371,518476.2,15
2026-06-12 01:30:00,1.137,1.1398,1.1364,1.1387,395168.8,15
2026-06-12 01:45:00,1.1388,1.14,1.1381,1.1399,329059.9,15
2026-06-12 02:00:00,1.1399,1.15,1.1398,1.1465,814244.3,15
2026-06-12 02:15:00,1.1465,1.1468,1.143,1.1437,420446.4,15
2026-06-12 02:30:00,1.1438,1.148,1.1437,1.1478,359187.5,15
2026-06-12 02:45:00,1.1478,1.1484,1.1457,1.1461,399708.5,15
2026-06-12 03:00:00,1.1461,1.1467,1.1436,1.1451,571598.7,15
2026-06-12 03:15:00,1.1451,1.1454,1.1408,1.1431,644270.8,15
2026-06-12 03:30:00,1.143,1.1456,1.1413,1.1424,717437.6,15
2026-06-12 03:45:00,1.1425,1.1444,1.1425,1.1442,527714.3,15
2026-06-12 04:00:00,1.1442,1.1464,1.1421,1.1434,587460.7999999999,15
2026-06-12 04:15:00,1.1434,1.149,1.1434,1.1482,756085.0,15
2026-06-12 04:30:00,1.1482,1.1509,1.1471,1.148,474521.2,15
2026-06-12 04:45:00,1.148,1.1486,1.1464,1.1465,293358.7,15
2026-06-12 05:00:00,1.1466,1.1467,1.1418,1.1424,459835.39999999997,15
2026-06-12 05:15:00,1.1424,1.1444,1.1421,1.1423,299137.8,15
2026-06-12 05:30:00,1.1423,1.1431,1.1394,1.1405,1183552.7,15
2026-06-12 05:45:00,1.1404,1.1414,1.1388,1.14,587786.5,15
2026-06-12 06:00:00,1.1399,1.1415,1.138,1.139,482428.6,15
2026-06-12 06:15:00,1.139,1.139,1.134,1.1344,584839.2,15
2026-06-12 06:30:00,1.1343,1.1343,1.1275,1.1286,1189843.0999999999,15
2026-06-12 06:45:00,1.1286,1.1312,1.1286,1.1299,388245.6,15
2026-06-12 07:00:00,1.13,1.1345,1.13,1.1313,592746.6,15
2026-06-12 07:15:00,1.1312,1.1338,1.1307,1.1324,248577.9,15
2026-06-12 07:30:00,1.1323,1.1337,1.1315,1.1324,263682.7,15
2026-06-12 07:45:00,1.1323,1.1363,1.1313,1.1336,784473.2,15
2026-06-12 08:00:00,1.1337,1.139,1.1337,1.1374,483823.39999999997,15
2026-06-12 08:15:00,1.1375,1.1449,1.137,1.1429,739444.3,15
2026-06-12 08:30:00,1.1429,1.1437,1.1404,1.1407,487731.8,15
2026-06-12 08:45:00,1.1407,1.1435,1.1402,1.1426,513629.30000000005,15
2026-06-12 09:00:00,1.1426,1.1429,1.1393,1.1419,870869.9,15
2026-06-12 09:15:00,1.142,1.1488,1.1417,1.1477,710030.1,15
2026-06-12 09:30:00,1.1478,1.1519,1.1478,1.1498,2010457.5999999999,15
2026-06-12 09:45:00,1.1497,1.1518,1.1466,1.1466,496156.4,15
2026-06-12 10:00:00,1.1467,1.149,1.1451,1.1457,875558.3,15
2026-06-12 10:15:00,1.1457,1.1468,1.1403,1.1413,764508.2000000001,15
2026-06-12 10:30:00,1.1414,1.1446,1.1414,1.1428,497914.1,15
2026-06-12 10:45:00,1.1428,1.1449,1.1422,1.1432,660259.0,15
2026-06-12 11:00:00,1.1432,1.145,1.1424,1.1447,757695.7,15
2026-06-12 11:15:00,1.1448,1.1454,1.143,1.1438,558380.4,15
2026-06-12 11:30:00,1.1438,1.144,1.1407,1.1423,606188.8,15
2026-06-12 11:45:00,1.1424,1.1441,1.1412,1.1413,494239.6,15
2026-06-12 12:00:00,1.1414,1.1423,1.1392,1.1402,463166.9,15
2026-06-12 12:15:00,1.1402,1.1409,1.1356,1.1358,916708.6,15
2026-06-12 12:30:00,1.1357,1.1381,1.1352,1.1363,950050.0,15
2026-06-12 12:45:00,1.1363,1.1384,1.1345,1.1358,914165.1,15
2026-06-12 13:00:00,1.1359,1.1374,1.1349,1.1361,445620.4,15
2026-06-12 13:15:00,1.1362,1.1371,1.1333,1.135,556437.3,15
2026-06-12 13:30:00,1.135,1.1363,1.1261,1.1292,2209340.5,15
2026-06-12 13:45:00,1.1292,1.1316,1.1274,1.1302,1216211.0,15
2026-06-12 14:00:00,1.1302,1.1357,1.1292,1.1348,1289382.4000000001,15
2026-06-12 14:15:00,1.1347,1.1391,1.1317,1.1385,949336.3,15
2026-06-12 14:30:00,1.1384,1.1446,1.136,1.1385,1343249.9,15
2026-06-12 14:45:00,1.1386,1.1509,1.1378,1.1487,3241817.9000000004,15
2026-06-12 15:00:00,1.1487,1.1571,1.1467,1.1571,2583505.1,15
2026-06-12 15:15:00,1.1571,1.1577,1.1479,1.1481,1858020.1,15
2026-06-12 15:30:00,1.1481,1.1481,1.139,1.1412,2230026.2,15
2026-06-12 15:45:00,1.1412,1.1416,1.1274,1.1288,3019413.0,15
2026-06-12 16:00:00,1.1287,1.1371,1.1261,1.1349,2417065.3000000003,15
2026-06-12 16:15:00,1.1349,1.1363,1.1294,1.1327,1011315.2000000001,15
2026-06-12 16:30:00,1.1326,1.1358,1.1299,1.1316,1058184.2,15
2026-06-12 16:45:00,1.1317,1.1358,1.1311,1.1358,750371.4,15
2026-06-12 17:00:00,1.1357,1.139,1.1325,1.1338,761326.9,15
2026-06-12 17:15:00,1.1338,1.134,1.1305,1.1327,515170.9,15
2026-06-12 17:30:00,1.1327,1.1345,1.1306,1.1315,548847.7,15
2026-06-12 17:45:00,1.1314,1.1333,1.1305,1.1321,551678.3,15
2026-06-12 18:00:00,1.1322,1.134,1.128,1.1309,1538181.9000000001,15
2026-06-12 18:15:00,1.1309,1.132,1.1283,1.1313,359950.1,15
2026-06-12 18:30:00,1.1314,1.1348,1.1303,1.1329,446166.9,15
2026-06-12 18:45:00,1.1329,1.1341,1.1303,1.1303,351413.6,15
2026-06-12 19:00:00,1.1303,1.1339,1.1302,1.1335,349072.7,15
2026-06-12 19:15:00,1.1334,1.1353,1.1318,1.1342,292251.0,15
2026-06-12 19:30:00,1.1342,1.1369,1.131,1.1314,951944.1000000001,15
2026-06-12 19:45:00,1.1314,1.1334,1.1302,1.1314,1194873.9000000001,15
2026-06-12 20:00:00,1.1314,1.1335,1.1303,1.1326,592860.3,15
2026-06-12 20:15:00,1.1326,1.1335,1.13,1.1334,360592.5,15
2026-06-12 20:30:00,1.1333,1.1351,1.1328,1.134,409633.7,15
2026-06-12 20:45:00,1.134,1.1346,1.1311,1.133,394479.6,15
2026-06-12 21:00:00,1.133,1.1347,1.1318,1.134,268483.9,15
2026-06-12 21:15:00,1.134,1.1351,1.1328,1.1339,307995.7,15
2026-06-12 21:30:00,1.1339,1.1351,1.1325,1.1333,371233.5,15
2026-06-12 21:45:00,1.1334,1.1341,1.13,1.13,438089.5,15
2026-06-12 22:00:00,1.1299,1.1309,1.1283,1.1307,393271.5,15
2026-06-12 22:15:00,1.1307,1.1324,1.1304,1.1311,193952.0,15
2026-06-12 22:30:00,1.1312,1.1315,1.1291,1.1297,306015.9,15
2026-06-12 22:45:00,1.1297,1.1312,1.1294,1.1309,424102.3,15
2026-06-12 23:00:00,1.1309,1.131,1.1294,1.1298,234853.9,15
2026-06-12 23:15:00,1.1299,1.1307,1.1285,1.1296,441723.8,15
2026-06-12 23:30:00,1.1296,1.132,1.129,1.1302,572131.7,15
2026-06-12 23:45:00,1.1303,1.1331,1.1303,1.1325,194527.9,15
2026-06-13 00:00:00,1.1325,1.1339,1.1314,1.1336,241629.3,15
2026-06-13 00:15:00,1.1337,1.1349,1.1331,1.1336,146965.8,15
2026-06-13 00:30:00,1.1336,1.1349,1.1331,1.1335,345544.0,15
2026-06-13 00:45:00,1.1335,1.1356,1.1327,1.1346,283653.3,15
2026-06-13 01:00:00,1.1346,1.138,1.1345,1.1377,407478.8,15
2026-06-13 01:15:00,1.1377,1.1389,1.1364,1.1375,377752.8,15
2026-06-13 01:30:00,1.1376,1.1409,1.136,1.1384,774845.2999999999,15
2026-06-13 01:45:00,1.1384,1.1407,1.1384,1.14,390609.9,15
2026-06-13 02:00:00,1.1399,1.14,1.1366,1.1367,436630.69999999995,15
2026-06-13 02:15:00,1.1367,1.137,1.1349,1.1363,291614.0,15
2026-06-13 02:30:00,1.1364,1.1365,1.1338,1.134,314207.8,15
2026-06-13 02:45:00,1.134,1.1348,1.1331,1.1344,311525.1,15
2026-06-13 03:00:00,1.1345,1.1369,1.1345,1.1346,287652.0,15
2026-06-13 03:15:00,1.1346,1.1352,1.1308,1.1326,422944.5,15
2026-06-13 03:30:00,1.1326,1.1341,1.1323,1.1333,205735.5,15
2026-06-13 03:45:00,1.1334,1.1351,1.1333,1.1337,129312.0,15
2026-06-13 04:00:00,1.1337,1.1346,1.1329,1.1338,226434.2,15
2026-06-13 04:15:00,1.1338,1.1357,1.1333,1.1342,151245.9,15
2026-06-13 04:30:00,1.1342,1.1369,1.1342,1.1351,100875.3,15
2026-06-13 04:45:00,1.1352,1.1362,1.1332,1.1333,205190.1,15
2026-06-13 05:00:00,1.1334,1.134,1.1323,1.1332,316140.5,15
2026-06-13 05:15:00,1.1331,1.1339,1.1316,1.1319,332419.7,15
2026-06-13 05:30:00,1.1318,1.1335,1.1314,1.1328,207947.7,15
2026-06-13 05:45:00,1.1327,1.1329,1.1299,1.1326,281937.0,15
2026-06-13 06:00:00,1.1325,1.1335,1.1317,1.1324,211217.5,15
2026-06-13 06:15:00,1.1323,1.1335,1.1311,1.1335,188768.1,15
2026-06-13 06:30:00,1.1335,1.1352,1.1331,1.1346,102180.5,15
2026-06-13 06:45:00,1.1346,1.1384,1.1346,1.1373,278420.0,15
2026-06-13 07:00:00,1.1374,1.1375,1.1351,1.136,242167.0,15
2026-06-13 07:15:00,1.136,1.1433,1.135,1.1421,2444742.9,15
2026-06-13 07:30:00,1.1421,1.1423,1.1406,1.1416,919016.9,15
2026-06-13 07:45:00,1.1416,1.1448,1.141,1.1415,1083367.2,15
2026-06-13 08:00:00,1.1415,1.1434,1.1405,1.1416,826513.6,15
2026-06-13 08:15:00,1.1415,1.1443,1.1414,1.144,637210.4,15
2026-06-13 08:30:00,1.1439,1.1465,1.1427,1.1446,948374.8,15
2026-06-13 08:45:00,1.1447,1.1447,1.143,1.1431,244833.5,15
2026-06-13 09:00:00,1.1432,1.1453,1.1428,1.1439,346509.2,15
2026-06-13 09:15:00,1.1439,1.1448,1.1428,1.1432,184707.2,15
2026-06-13 09:30:00,1.1431,1.1434,1.142,1.1427,296804.2,15
2026-06-13 09:45:00,1.1428,1.1436,1.1419,1.143,369742.5,15
2026-06-13 10:00:00,1.1431,1.1449,1.1422,1.1446,271276.4,15
2026-06-13 10:15:00,1.1445,1.1454,1.1438,1.1449,344754.8,15
2026-06-13 10:30:00,1.145,1.1464,1.1443,1.1453,678648.9,15
2026-06-13 10:45:00,1.1452,1.1462,1.1437,1.1445,317958.89999999997,15
2026-06-13 11:00:00,1.1446,1.148,1.1443,1.1478,613470.5,15
2026-06-13 11:15:00,1.1479,1.1496,1.1478,1.149,544541.0,15
2026-06-13 11:30:00,1.1489,1.149,1.1465,1.1475,397313.60000000003,15
2026-06-13 11:45:00,1.1475,1.1487,1.1473,1.1485,231382.3,15
2026-06-13 12:00:00,1.1486,1.149,1.147,1.1486,289735.5,15
2026-06-13 12:15:00,1.1486,1.1506,1.1483,1.1499,447943.4,15
2026-06-13 12:30:00,1.1499,1.152,1.149,1.1494,556280.5,15
2026-06-13 12:45:00,1.1495,1.1559,1.1494,1.1541,927196.4,15
2026-06-13 13:00:00,1.1541,1.1548,1.1531,1.1538,784874.8,15
2026-06-13 13:15:00,1.1539,1.1546,1.1508,1.1531,625887.5,15
2026-06-13 13:30:00,1.1531,1.1537,1.1511,1.1521,530360.9,15
2026-06-13 13:45:00,1.1521,1.1534,1.1501,1.1512,797114.3,15
2026-06-13 14:00:00,1.1511,1.1561,1.1511,1.1548,653213.5,15
2026-06-13 14:15:00,1.1547,1.1575,1.1532,1.1538,521477.1,15
2026-06-13 14:30:00,1.1537,1.1545,1.1524,1.1526,275988.2,15
2026-06-13 14:45:00,1.1527,1.1553,1.1526,1.1551,365949.9,15
2026-06-13 15:00:00,1.1551,1.1555,1.1522,1.1549,466025.7,15
2026-06-13 15:15:00,1.155,1.1564,1.1544,1.1563,788715.7,15
2026-06-13 15:30:00,1.1562,1.161,1.1562,1.1565,1656287.3,15
2026-06-13 15:45:00,1.1564,1.1584,1.1557,1.1567,476740.3,15
2026-06-13 16:00:00,1.1567,1.157,1.1511,1.1522,1516297.5,15
2026-06-13 16:15:00,1.1522,1.1522,1.1471,1.1485,1032829.1,15
2026-06-13 16:30:00,1.1484,1.1493,1.146,1.1485,1155784.4,15
2026-06-13 16:45:00,1.1485,1.1504,1.144,1.1472,765508.6,15
2026-06-13 17:00:00,1.1471,1.1478,1.1452,1.1466,420192.3,15
2026-06-13 17:15:00,1.1467,1.1491,1.1451,1.1491,823568.3,15
2026-06-13 17:30:00,1.1491,1.1493,1.1474,1.1479,222267.6,15
2026-06-13 17:45:00,1.1478,1.148,1.1428,1.1442,465661.2,15
2026-06-13 18:00:00,1.1441,1.1456,1.1438,1.1452,192410.1,15
2026-06-13 18:15:00,1.1452,1.1468,1.1449,1.1463,541199.7999999999,15
2026-06-13 18:30:00,1.1464,1.1482,1.1462,1.1473,384858.8,15
2026-06-13 18:45:00,1.1474,1.1476,1.1444,1.146,363428.6,15
2026-06-13 19:00:00,1.146,1.1468,1.1445,1.1464,571182.4,15
2026-06-13 19:15:00,1.1464,1.1469,1.1446,1.1453,179964.2,15
2026-06-13 19:30:00,1.1453,1.1483,1.1448,1.148,433015.1,15
2026-06-13 19:45:00,1.148,1.1491,1.1472,1.1476,344782.2,15
2026-06-13 20:00:00,1.1476,1.1476,1.1451,1.1471,667297.1,15
2026-06-13 20:15:00,1.1472,1.1477,1.1459,1.1465,241230.6,15
2026-06-13 20:30:00,1.1466,1.1473,1.1458,1.1465,139296.0,15
2026-06-13 20:45:00,1.1465,1.1472,1.146,1.1468,124395.3,15
2026-06-13 21:00:00,1.1469,1.1479,1.1451,1.1453,267418.5,15
2026-06-13 21:15:00,1.1454,1.1464,1.1453,1.1457,145308.7,15
2026-06-13 21:30:00,1.1456,1.1568,1.1456,1.1539,605794.7,15
2026-06-13 21:45:00,1.1539,1.1555,1.152,1.1528,1132662.0,15
2026-06-13 22:00:00,1.1528,1.1532,1.1497,1.1507,520199.19999999995,15
2026-06-13 22:15:00,1.1507,1.1521,1.1497,1.1521,324471.4,15
2026-06-13 22:30:00,1.152,1.1522,1.1502,1.151,264614.5,15
2026-06-13 22:45:00,1.1511,1.1515,1.1493,1.1501,252830.1,15
2026-06-13 23:00:00,1.1502,1.1514,1.1493,1.1512,124573.9,15
2026-06-13 23:15:00,1.1511,1.1531,1.15,1.1507,267259.8,15
2026-06-13 23:30:00,1.1507,1.152,1.1502,1.1503,210695.6,15
2026-06-13 23:45:00,1.1503,1.151,1.149,1.1507,231005.5,15
2026-06-14 00:00:00,1.1507,1.1507,1.1489,1.149,217161.3,15
2026-06-14 00:15:00,1.1491,1.1505,1.1484,1.1492,208389.2,15
2026-06-14 00:30:00,1.1491,1.151,1.1491,1.1501,119386.1,15
2026-06-14 00:45:00,1.15,1.1507,1.1483,1.1494,212924.6,15
2026-06-14 01:00:00,1.1493,1.1535,1.1486,1.153,284159.7,15
2026-06-14 01:15:00,1.153,1.1565,1.1527,1.1553,434677.9,15
2026-06-14 01:30:00,1.1553,1.1554,1.1527,1.1539,457186.2,15
2026-06-14 01:45:00,1.1538,1.1548,1.152,1.1521,174490.9,15
2026-06-14 02:00:00,1.1522,1.1549,1.1513,1.1548,211767.7,15
2026-06-14 02:15:00,1.1547,1.156,1.1524,1.153,252029.1,15
2026-06-14 02:30:00,1.1531,1.1541,1.1514,1.1517,219501.8,15
2026-06-14 02:45:00,1.1518,1.1522,1.1512,1.1519,169007.8,15
2026-06-14 03:00:00,1.1518,1.1526,1.1507,1.1513,411117.1,15
2026-06-14 03:15:00,1.1514,1.1537,1.151,1.1532,163733.1,15
2026-06-14 03:30:00,1.1533,1.1538,1.1515,1.1517,288505.3,15
2026-06-14 03:45:00,1.1518,1.1545,1.1512,1.1536,301841.3,15
2026-06-14 04:00:00,1.1537,1.1544,1.1517,1.1525,109106.4,15
2026-06-14 04:15:00,1.1525,1.1531,1.1497,1.1497,227492.0,15
2026-06-14 04:30:00,1.1497,1.1501,1.1477,1.1479,404213.5,15
2026-06-14 04:45:00,1.1479,1.1494,1.1468,1.1484,529129.1,15
2026-06-14 05:00:00,1.1484,1.1507,1.1474,1.1482,335876.2,15
2026-06-14 05:15:00,1.1482,1.1482,1.1455,1.1464,174125.5,15
2026-06-14 05:30:00,1.1464,1.1486,1.1445,1.1474,422717.89999999997,15
2026-06-14 05:45:00,1.1474,1.1492,1.1474,1.1481,435551.1,15
2026-06-14 06:00:00,1.1482,1.153,1.1482,1.1524,458223.1,15
2026-06-14 06:15:00,1.1524,1.1531,1.1507,1.153,382055.9,15
2026-06-14 06:30:00,1.1531,1.1537,1.1485,1.1488,343342.2,15
2026-06-14 06:45:00,1.1487,1.1488,1.1459,1.1468,565477.9,15
2026-06-14 07:00:00,1.1468,1.1469,1.1445,1.1446,607536.0,15
2026-06-14 07:15:00,1.1447,1.1465,1.1441,1.1457,594388.7,15
2026-06-14 07:30:00,1.1457,1.1458,1.1427,1.1439,698106.4,15
2026-06-14 07:45:00,1.1439,1.1468,1.1439,1.1463,271237.8,15
2026-06-14 08:00:00,1.1464,1.1465,1.1443,1.1455,311806.7,15
2026-06-14 08:15:00,1.1455,1.1482,1.1455,1.1474,362074.7,15
2026-06-14 08:30:00,1.1474,1.1478,1.1455,1.1466,217333.5,15
2026-06-14 08:45:00,1.1466,1.1471,1.145,1.1454,152054.4,15
2026-06-14 09:00:00,1.1455,1.1456,1.1435,1.144,351238.8,15
2026-06-14 09:15:00,1.144,1.1444,1.1412,1.144,599920.5,15
2026-06-14 09:30:00,1.144,1.1491,1.1435,1.1491,448261.0,15
2026-06-14 09:45:00,1.1491,1.1491,1.1476,1.1487,241832.3,15
2026-06-14 10:00:00,1.1486,1.1487,1.1465,1.1474,380773.4,15
2026-06-14 10:15:00,1.1475,1.1489,1.1464,1.1465,260439.59999999998,15
2026-06-14 10:30:00,1.1464,1.148,1.1453,1.1459,270470.7,15
2026-06-14 10:45:00,1.1459,1.1459,1.143,1.143,382884.80000000005,15
2026-06-14 11:00:00,1.1431,1.1438,1.1418,1.1432,416071.3,15
2026-06-14 11:15:00,1.1432,1.1447,1.1423,1.1444,185155.4,15
2026-06-14 11:30:00,1.1444,1.1457,1.1439,1.1447,202693.6,15
2026-06-14 11:45:00,1.1447,1.1451,1.1437,1.1439,149761.1,15
2026-06-14 12:00:00,1.144,1.1445,1.1422,1.1425,294961.1,15
2026-06-14 12:15:00,1.1424,1.1438,1.1423,1.1424,361071.5,15
2026-06-14 12:30:00,1.1424,1.143,1.1376,1.139,800439.3,15
2026-06-14 12:45:00,1.1391,1.1397,1.1374,1.1377,400789.6,15
2026-06-14 13:00:00,1.1377,1.1389,1.137,1.1385,351041.1,15
2026-06-14 13:15:00,1.1385,1.1397,1.1358,1.136,496789.9,15
2026-06-14 13:30:00,1.136,1.1376,1.134,1.1374,1684240.1,15
2026-06-14 13:45:00,1.1373,1.1385,1.1334,1.135,672571.8,15
2026-06-14 14:00:00,1.1351,1.1355,1.1333,1.135,473519.6,15
2026-06-14 14:15:00,1.135,1.1369,1.1326,1.1328,575700.2,15
2026-06-14 14:30:00,1.1327,1.1329,1.1268,1.1286,1348835.7,15
2026-06-14 14:45:00,1.1286,1.1319,1.128,1.1319,418849.2,15
2026-06-14 15:00:00,1.1318,1.134,1.1318,1.1339,516076.6,15
2026-06-14 15:15:00,1.1339,1.1348,1.1326,1.1346,465902.1,15
2026-06-14 15:30:00,1.1345,1.1359,1.1336,1.1337,277254.5,15
2026-06-14 15:45:00,1.1337,1.1353,1.133,1.135,317489.8,15
2026-06-14 16:00:00,1.135,1.1373,1.1346,1.1368,283739.2,15
2026-06-14 16:15:00,1.1368,1.1393,1.1365,1.1384,348414.3,15
2026-06-14 16:30:00,1.1384,1.1392,1.1378,1.1385,160114.0,15
2026-06-14 16:45:00,1.1386,1.1387,1.1359,1.1368,342760.8,15
2026-06-14 17:00:00,1.1369,1.1388,1.1365,1.1384,462451.0,15
2026-06-14 17:15:00,1.1384,1.1389,1.1364,1.1367,136790.2,15
2026-06-14 17:30:00,1.1367,1.1378,1.1347,1.1367,267301.3,15
2026-06-14 17:45:00,1.1366,1.1367,1.1327,1.1331,501714.0,15
2026-06-14 18:00:00,1.133,1.1351,1.1323,1.1349,168102.6,15
2026-06-14 18:15:00,1.1349,1.1355,1.1307,1.1322,356750.9,15
2026-06-14 18:30:00,1.1322,1.134,1.1319,1.1334,131081.5,15
2026-06-14 18:45:00,1.1335,1.1339,1.1324,1.1326,137536.4,15
2026-06-14 19:00:00,1.1326,1.1344,1.1307,1.1336,192228.1,15
2026-06-14 19:15:00,1.1336,1.135,1.1335,1.1342,88981.8,15
2026-06-14 19:30:00,1.1342,1.1355,1.1327,1.1333,219673.6,15
2026-06-14 19:45:00,1.1334,1.1335,1.1323,1.1331,164603.8,15
2026-06-14 20:00:00,1.1332,1.1345,1.1317,1.1325,251241.2,15
2026-06-14 20:15:00,1.1326,1.1362,1.1325,1.1357,266602.4,15
2026-06-14 20:30:00,1.1357,1.1405,1.1353,1.1388,373395.4,15
2026-06-14 20:45:00,1.1387,1.1395,1.1376,1.1382,150290.9,15
2026-06-14 21:00:00,1.1383,1.1404,1.138,1.1404,187575.0,15
2026-06-14 21:15:00,1.1403,1.1638,1.1403,1.1567,5366158.7,15
2026-06-14 21:30:00,1.1567,1.1705,1.1558,1.1674,3264835.5,15
2026-06-14 21:45:00,1.1675,1.1757,1.1675,1.1682,2710681.4,15
2026-06-14 22:00:00,1.1682,1.1731,1.1626,1.171,2976059.9,15
2026-06-14 22:15:00,1.1709,1.176,1.1676,1.1723,2451908.0,15
2026-06-14 22:30:00,1.1723,1.1777,1.1717,1.1751,2095540.8,15
2026-06-14 22:45:00,1.1751,1.1763,1.1725,1.1738,910561.4,15
2026-06-14 23:00:00,1.1738,1.1761,1.1687,1.1736,1615777.5,15
2026-06-14 23:15:00,1.1737,1.1808,1.1735,1.1791,1458369.6,15
2026-06-14 23:30:00,1.1792,1.1826,1.1775,1.18,1663808.7,15
2026-06-14 23:45:00,1.1801,1.1878,1.1797,1.1861,1641175.0,15
2026-06-15 00:00:00,1.186,1.1888,1.182,1.1883,1869595.5,15
2026-06-15 00:15:00,1.1883,1.1883,1.1822,1.1864,1676522.5,15
2026-06-15 00:30:00,1.1863,1.1863,1.181,1.182,1186631.9,15
2026-06-15 00:45:00,1.182,1.1857,1.1812,1.1848,722504.1,15
2026-06-15 01:00:00,1.1849,1.1854,1.1787,1.1835,1062610.6,15
2026-06-15 01:15:00,1.1835,1.1838,1.1782,1.1788,1147308.4,15
2026-06-15 01:30:00,1.1788,1.1886,1.1778,1.1886,1724644.3,15
2026-06-15 01:45:00,1.1886,1.1916,1.182,1.1825,1800827.5,15
2026-06-15 02:00:00,1.1825,1.1896,1.1805,1.1887,805349.1,15
2026-06-15 02:15:00,1.1887,1.1936,1.1877,1.1877,1689784.9000000001,15
2026-06-15 02:30:00,1.1876,1.1882,1.185,1.1851,898542.1,15
2026-06-15 02:45:00,1.1851,1.1851,1.1814,1.1825,722700.9,15
2026-06-15 03:00:00,1.1825,1.1883,1.1812,1.1873,1116682.8,15
2026-06-15 03:15:00,1.1873,1.1883,1.1851,1.1862,807160.6,15
2026-06-15 03:30:00,1.1862,1.19,1.1854,1.19,898079.5,15
2026-06-15 03:45:00,1.1899,1.1912,1.1867,1.187,923585.9,15
2026-06-15 04:00:00,1.1869,1.1875,1.1845,1.1861,818276.8,15
2026-06-15 04:15:00,1.1861,1.1887,1.1853,1.1857,483870.9,15
2026-06-15 04:30:00,1.1858,1.1861,1.1826,1.1839,387804.5,15
2026-06-15 04:45:00,1.1839,1.1857,1.1836,1.184,386294.1,15
2026-06-15 05:00:00,1.1841,1.1852,1.1818,1.1839,637676.3,15
2026-06-15 05:15:00,1.184,1.1883,1.184,1.1879,603676.2999999999,15
2026-06-15 05:30:00,1.188,1.1881,1.182,1.182,686415.4,15
2026-06-15 05:45:00,1.182,1.1848,1.1817,1.1842,724813.3,15
2026-06-15 06:00:00,1.1843,1.1862,1.1833,1.1857,716516.1,15
2026-06-15 06:15:00,1.1857,1.1873,1.1843,1.1858,577057.7,15
2026-06-15 06:30:00,1.1857,1.1864,1.1817,1.1822,790864.9,15
2026-06-15 06:45:00,1.1822,1.1856,1.1813,1.1829,661940.1,15
2026-06-15 07:00:00,1.183,1.1846,1.1801,1.1836,1077530.9,15
2026-06-15 07:15:00,1.1837,1.1869,1.1836,1.1856,526986.4,15
2026-06-15 07:30:00,1.1856,1.1857,1.1818,1.1828,1536368.9000000001,15
2026-06-15 07:45:00,1.1829,1.1838,1.1804,1.1815,600465.1,15
2026-06-15 08:00:00,1.1814,1.1836,1.1792,1.182,680726.8,15
2026-06-15 08:15:00,1.182,1.1834,1.1791,1.1803,694850.8,15
2026-06-15 08:30:00,1.1804,1.1831,1.1797,1.1824,358950.89999999997,15
2026-06-15 08:45:00,1.1824,1.1836,1.1808,1.1811,412847.1,15
2026-06-15 09:00:00,1.1811,1.1827,1.1811,1.1816,464196.7,15
2026-06-15 09:15:00,1.1816,1.1877,1.1816,1.1853,1867029.9000000001,15
2026-06-15 09:30:00,1.1853,1.1853,1.1791,1.1825,607073.9,15
2026-06-15 09:45:00,1.1825,1.1858,1.1812,1.1855,704875.0,15
2026-06-15 10:00:00,1.1855,1.189,1.1854,1.1871,878473.6,15
2026-06-15 10:15:00,1.1872,1.1883,1.1845,1.1846,713401.5,15
2026-06-15 10:30:00,1.1846,1.1877,1.1841,1.1868,606416.8,15
2026-06-15 10:45:00,1.1868,1.2001,1.1857,1.1995,4367807.3,15
2026-06-15 11:00:00,1.1995,1.2113,1.1956,1.2071,6258210.4,15
2026-06-15 11:15:00,1.207,1.2282,1.206,1.2229,6771425.1,15
2026-06-15 11:30:00,1.223,1.228,1.2171,1.221,4008325.0,15
2026-06-15 11:45:00,1.221,1.2333,1.2189,1.2324,3955616.1999999997,15
2026-06-15 12:00:00,1.2325,1.2348,1.227,1.2307,3417757.8,15
2026-06-15 12:15:00,1.2308,1.2382,1.2263,1.2346,2951149.4,15
2026-06-15 12:30:00,1.2346,1.2486,1.2316,1.2459,4357693.7,15
2026-06-15 12:45:00,1.246,1.2481,1.2356,1.239,3743854.3,15
2026-06-15 13:00:00,1.2391,1.2417,1.2338,1.2347,4617046.8,15
2026-06-15 13:15:00,1.2348,1.2495,1.2348,1.2436,4140608.9,15
2026-06-15 13:30:00,1.2437,1.2496,1.2376,1.2456,3824254.0,15
2026-06-15 13:45:00,1.2456,1.2465,1.2375,1.24,2005174.8,15
2026-06-15 14:00:00,1.2399,1.2408,1.2344,1.2388,2353826.1,15
2026-06-15 14:15:00,1.2387,1.2402,1.2344,1.2389,1207584.7,15
2026-06-15 14:30:00,1.2389,1.2455,1.2373,1.2423,1476255.2,15
2026-06-15 14:45:00,1.2424,1.2475,1.2422,1.2445,1940405.5,15
2026-06-15 15:00:00,1.2444,1.2483,1.2444,1.2476,1630656.4,15
2026-06-15 15:15:00,1.2475,1.2664,1.246,1.2615,5180677.9,15
2026-06-15 15:30:00,1.2615,1.2689,1.2511,1.2676,5443796.3,15
2026-06-15 15:45:00,1.2675,1.2706,1.2625,1.2688,3878210.0,15
2026-06-15 16:00:00,1.2687,1.2713,1.19,1.2674,8028887.7,15
2026-06-15 16:15:00,1.2673,1.2892,1.2659,1.2889,8035360.8,15
2026-06-15 16:30:00,1.289,1.2935,1.2764,1.286,3328621.7,15
2026-06-15 16:45:00,1.286,1.2869,1.2793,1.28,2586380.5,15
2026-06-15 17:00:00,1.2801,1.2831,1.2727,1.2831,4261568.0,15
2026-06-15 17:15:00,1.283,1.2876,1.2777,1.2808,4193906.8000000003,15
2026-06-15 17:30:00,1.2808,1.2808,1.2692,1.2763,3841763.6,15
2026-06-15 17:45:00,1.2762,1.2839,1.275,1.282,1608111.2,15
2026-06-15 18:00:00,1.282,1.2844,1.2775,1.2832,2070294.3,15
2026-06-15 18:15:00,1.2833,1.2853,1.2764,1.2765,1491341.1,15
2026-06-15 18:30:00,1.2764,1.2834,1.2744,1.2818,1269446.0,15
2026-06-15 18:45:00,1.2818,1.2887,1.2814,1.2817,1974452.7,15
2026-06-15 19:00:00,1.2817,1.2904,1.2803,1.2896,1894643.5999999999,15
2026-06-15 19:15:00,1.2897,1.2916,1.2715,1.2754,2691870.7,15
2026-06-15 19:30:00,1.2755,1.2822,1.2704,1.282,2099049.0,15
2026-06-15 19:45:00,1.2821,1.2831,1.267,1.2757,3375000.1,15
2026-06-15 20:00:00,1.2757,1.2785,1.2709,1.2766,1718983.8,15
2026-06-15 20:15:00,1.2766,1.277,1.2701,1.2722,1327046.9000000001,15
2026-06-15 20:30:00,1.2721,1.2764,1.2705,1.2709,1228421.4000000001,15
2026-06-15 20:45:00,1.271,1.271,1.263,1.2642,2562418.1,15
2026-06-15 21:00:00,1.2642,1.265,1.2547,1.2588,3997997.9,15
2026-06-15 21:15:00,1.2587,1.2593,1.2518,1.2519,1813937.6,15
2026-06-15 21:30:00,1.2518,1.2544,1.2487,1.2524,2143555.8,15
2026-06-15 21:45:00,1.2525,1.2526,1.2488,1.25,837326.1,15
2026-06-15 22:00:00,1.25,1.2555,1.2486,1.249,1105100.1,15
2026-06-15 22:15:00,1.2491,1.2515,1.2422,1.2428,2062096.6,15
2026-06-15 22:30:00,1.2427,1.2473,1.2382,1.2423,2429406.2,15
2026-06-15 22:45:00,1.2423,1.243,1.2379,1.2402,1861904.6,15
2026-06-15 23:00:00,1.2402,1.2424,1.2379,1.2414,1284889.5,15
2026-06-15 23:15:00,1.2415,1.2423,1.236,1.2386,1039119.3,15
2026-06-15 23:30:00,1.2386,1.239,1.2333,1.2377,812442.1,15
2026-06-15 23:45:00,1.2377,1.24,1.2367,1.2382,1082405.3,15
2026-06-16 00:00:00,1.2382,1.241,1.236,1.2407,929940.3,15
2026-06-16 00:15:00,1.2408,1.243,1.2363,1.2375,1215921.4,15
2026-06-16 00:30:00,1.2374,1.242,1.237,1.2403,985931.5,15
2026-06-16 00:45:00,1.2403,1.2411,1.233,1.2347,960633.7999999999,15
2026-06-16 01:00:00,1.2347,1.2384,1.2319,1.2328,788721.9,15
2026-06-16 01:15:00,1.2329,1.2337,1.2306,1.2322,751626.0,15
2026-06-16 01:30:00,1.2323,1.2332,1.2307,1.2312,686983.1,15
2026-06-16 01:45:00,1.2313,1.2329,1.2282,1.2285,853920.5,15
2026-06-16 02:00:00,1.2286,1.229,1.2222,1.2226,1484412.4,15
2026-06-16 02:15:00,1.2226,1.2254,1.2141,1.215,1833730.7,15
2026-06-16 02:30:00,1.2149,1.2197,1.2144,1.2191,1379951.7,15
2026-06-16 02:45:00,1.219,1.22,1.216,1.2178,943448.8,15
2026-06-16 03:00:00,1.2177,1.2213,1.2168,1.2204,832279.6,15
2026-06-16 03:15:00,1.2205,1.2256,1.2163,1.2251,1365871.5,15
2026-06-16 03:30:00,1.225,1.2266,1.2237,1.2254,1213493.2,15
2026-06-16 03:45:00,1.2254,1.2277,1.2247,1.2273,858851.9,15
2026-06-16 04:00:00,1.2273,1.2317,1.227,1.2283,1218066.5,15
2026-06-16 04:15:00,1.2282,1.2292,1.2242,1.2242,469109.0,15
2026-06-16 04:30:00,1.2242,1.2244,1.2214,1.2228,715594.4,15
2026-06-16 04:45:00,1.2228,1.2237,1.2205,1.2224,674071.3,15
2026-06-16 05:00:00,1.2225,1.227,1.2225,1.2247,532880.4,15
2026-06-16 05:15:00,1.2247,1.228,1.224,1.2258,581152.0,15
2026-06-16 05:30:00,1.2258,1.2264,1.2232,1.2255,615903.1,15
2026-06-16 05:45:00,1.2254,1.2277,1.2254,1.2255,989336.9,15
2026-06-16 06:00:00,1.2254,1.2285,1.2254,1.2284,839138.8,15
2026-06-16 06:15:00,1.2284,1.2306,1.2276,1.2304,840559.7,15
2026-06-16 06:30:00,1.2304,1.2355,1.2291,1.2342,1514340.7,15
2026-06-16 06:45:00,1.2342,1.2368,1.2342,1.2356,1243033.2,15
2026-06-16 07:00:00,1.2357,1.239,1.2326,1.2329,1531748.3,15
2026-06-16 07:15:00,1.2328,1.2332,1.2302,1.2317,721698.1,15
2026-06-16 07:30:00,1.2317,1.2351,1.2311,1.2319,822704.3,15
2026-06-16 07:45:00,1.2319,1.2359,1.2316,1.2353,1109452.7,15
2026-06-16 08:00:00,1.2353,1.2386,1.2331,1.2384,1350153.6,15
2026-06-16 08:15:00,1.2384,1.242,1.2368,1.241,1713280.3,15
2026-06-16 08:30:00,1.2411,1.2432,1.2392,1.2431,960507.6,15
2026-06-16 08:45:00,1.2432,1.2522,1.2419,1.248,2976991.8,15
2026-06-16 09:00:00,1.2479,1.248,1.244,1.2459,1217533.1,15
2026-06-16 09:15:00,1.2459,1.2459,1.2378,1.238,1041313.1,15
2026-06-16 09:30:00,1.238,1.2405,1.2369,1.2404,796368.7000000001,15
2026-06-16 09:45:00,1.2404,1.2412,1.2378,1.2389,722272.6,15
2026-06-16 10:00:00,1.2389,1.2399,1.2368,1.238,563236.2,15
2026-06-16 10:15:00,1.238,1.2428,1.238,1.2416,1551741.5,15
2026-06-16 10:30:00,1.2416,1.243,1.239,1.2424,936349.7,15
2026-06-16 10:45:00,1.2425,1.2434,1.2381,1.2397,771534.1,15
2026-06-16 11:00:00,1.2397,1.2416,1.238,1.2396,655705.7,15
2026-06-16 11:15:00,1.2395,1.2425,1.2361,1.2374,821646.9,15
2026-06-16 11:30:00,1.2375,1.2384,1.2339,1.2373,978010.3,15
2026-06-16 11:45:00,1.2373,1.2382,1.2362,1.238,568088.2,15
2026-06-16 12:00:00,1.2381,1.2425,1.2368,1.2424,635865.0,15
2026-06-16 12:15:00,1.2425,1.2493,1.2425,1.2478,1400433.9,15
2026-06-16 12:30:00,1.2477,1.256,1.2465,1.2485,2263796.5,15
2026-06-16 12:45:00,1.2484,1.2484,1.2421,1.2446,900168.6,15
2026-06-16 13:00:00,1.2447,1.2459,1.2305,1.2362,1947912.1,15
2026-06-16 13:15:00,1.2361,1.2381,1.2303,1.2314,1073238.1,15
2026-06-16 13:30:00,1.2314,1.2354,1.227,1.2303,2545929.6,15
2026-06-16 13:45:00,1.2304,1.2312,1.2246,1.2257,1190539.5,15
2026-06-16 14:00:00,1.2257,1.2303,1.2251,1.2262,1853891.5,15
2026-06-16 14:15:00,1.2262,1.2277,1.2122,1.2122,2692538.8,15
2026-06-16 14:30:00,1.2122,1.2144,1.2053,1.2104,2856700.4,15
2026-06-16 14:45:00,1.2105,1.2136,1.2081,1.2095,1154942.4,15
2026-06-16 15:00:00,1.2095,1.2156,1.2081,1.2154,1220196.6,15
2026-06-16 15:15:00,1.2154,1.2171,1.2107,1.214,825428.9,15
2026-06-16 15:30:00,1.2141,1.2176,1.2111,1.2114,843519.3,15
2026-06-16 15:45:00,1.2114,1.2147,1.2072,1.2098,1584110.8,15
2026-06-16 16:00:00,1.2098,1.2145,1.2098,1.212,619998.9,15
2026-06-16 16:15:00,1.212,1.2143,1.2104,1.2133,671971.4,15
2026-06-16 16:30:00,1.2132,1.2139,1.2086,1.2134,1237362.9,15
2026-06-16 16:45:00,1.2135,1.2142,1.2108,1.2129,543788.9,15
2026-06-16 17:00:00,1.213,1.218,1.213,1.2173,895899.3,15
2026-06-16 17:15:00,1.2174,1.2214,1.2152,1.2161,660692.9,15
2026-06-16 17:30:00,1.2161,1.2167,1.2118,1.2143,429781.1,15
2026-06-16 17:45:00,1.2143,1.2223,1.2136,1.2211,847659.0,15
2026-06-16 18:00:00,1.2211,1.2311,1.2206,1.2308,1585024.0999999999,15
2026-06-16 18:15:00,1.2309,1.231,1.2222,1.2246,758922.2,15
2026-06-16 18:30:00,1.2246,1.2284,1.2245,1.2276,560788.5,15
2026-06-16 18:45:00,1.2276,1.2302,1.2262,1.2266,321199.2,15
2026-06-16 19:00:00,1.2266,1.2266,1.2193,1.2197,871035.2,15
2026-06-16 19:15:00,1.2197,1.2227,1.2172,1.222,666468.4,15
2026-06-16 19:30:00,1.2221,1.2246,1.2209,1.2229,497814.60000000003,15
2026-06-16 19:45:00,1.223,1.225,1.2191,1.2205,1023734.5,15
2026-06-16 20:00:00,1.2205,1.2239,1.2163,1.2226,574145.3,15
2026-06-16 20:15:00,1.2227,1.2239,1.2184,1.2187,404461.1,15
2026-06-16 20:30:00,1.2187,1.2222,1.2185,1.2219,614208.1,15
2026-06-16 20:45:00,1.2219,1.2245,1.22,1.2231,543555.7,15
2026-06-16 21:00:00,1.2231,1.2259,1.2222,1.2224,634211.7,15
2026-06-16 21:15:00,1.2225,1.2227,1.2174,1.2182,638561.9,15
2026-06-16 21:30:00,1.2182,1.2202,1.2156,1.2188,784778.7,15
2026-06-16 21:45:00,1.2188,1.2204,1.2181,1.2198,366002.7,15
2026-06-16 22:00:00,1.2199,1.222,1.2175,1.2205,390461.1,15
2026-06-16 22:15:00,1.2205,1.2216,1.2171,1.2204,562727.1,15
2026-06-16 22:30:00,1.2204,1.2219,1.2196,1.2198,336473.7,15
2026-06-16 22:45:00,1.2198,1.2221,1.2168,1.2219,521022.8,15
2026-06-16 23:00:00,1.222,1.2241,1.2191,1.2206,489484.80000000005,15
2026-06-16 23:15:00,1.2207,1.2211,1.216,1.2193,556762.5,15
2026-06-16 23:30:00,1.2194,1.2203,1.2185,1.219,194218.2,15
2026-06-16 23:45:00,1.2189,1.2189,1.2163,1.2173,407540.10000000003,15
2026-06-17 00:00:00,1.2174,1.2201,1.2161,1.2166,430290.3,15
2026-06-17 00:15:00,1.2165,1.2184,1.2152,1.2153,766275.9,15
2026-06-17 00:30:00,1.2153,1.2175,1.2136,1.2168,1015641.1,15
2026-06-17 00:45:00,1.2168,1.2186,1.2141,1.2151,772841.0,15
2026-06-17 01:00:00,1.2151,1.2186,1.2142,1.2158,733825.2,15
2026-06-17 01:15:00,1.2158,1.2158,1.2083,1.2113,1250054.7,15
2026-06-17 01:30:00,1.2114,1.2159,1.2083,1.2143,771697.2,15
2026-06-17 01:45:00,1.2143,1.2228,1.2143,1.2217,1006093.7999999999,15
2026-06-17 02:00:00,1.2216,1.2236,1.2202,1.2224,970547.3,15
2026-06-17 02:15:00,1.2224,1.2283,1.2214,1.2257,1320101.8,15
2026-06-17 02:30:00,1.2257,1.2257,1.2157,1.2191,945895.3,15
2026-06-17 02:45:00,1.219,1.22,1.2169,1.2192,738790.2,15
2026-06-17 03:00:00,1.2192,1.2192,1.2156,1.2157,722481.7,15
2026-06-17 03:15:00,1.2156,1.2157,1.2126,1.2149,875837.2,15
2026-06-17 03:30:00,1.215,1.2177,1.2136,1.214,566478.0,15
2026-06-17 03:45:00,1.2141,1.2173,1.2129,1.2161,619674.7,15
2026-06-17 04:00:00,1.2162,1.2188,1.2142,1.217,924556.2,15
2026-06-17 04:15:00,1.2169,1.2181,1.2151,1.2175,638777.4,15
2026-06-17 04:30:00,1.2174,1.22,1.2171,1.2181,819453.4,15
2026-06-17 04:45:00,1.2181,1.2213,1.2172,1.2172,632040.2,15
2026-06-17 05:00:00,1.2172,1.2227,1.2163,1.2171,346200.6,15
2026-06-17 05:15:00,1.217,1.2191,1.2144,1.2186,501857.9,15
2026-06-17 05:30:00,1.2186,1.2216,1.2177,1.2203,898431.2,15
2026-06-17 05:45:00,1.2203,1.221,1.2163,1.2181,730334.0,15
2026-06-17 06:00:00,1.2181,1.2202,1.2173,1.2195,794336.1,15
2026-06-17 06:15:00,1.2195,1.2205,1.2129,1.2133,978296.9,15
2026-06-17 06:30:00,1.2133,1.2139,1.2099,1.2118,1457863.1,15
2026-06-17 06:45:00,1.2118,1.2136,1.2095,1.2119,1811481.5,15
2026-06-17 07:00:00,1.2118,1.2145,1.2091,1.2142,2070512.8,15
2026-06-17 07:15:00,1.2141,1.216,1.2096,1.21,1245604.6,15
2026-06-17 07:30:00,1.2101,1.2111,1.208,1.2105,919667.7,15
2026-06-17 07:45:00,1.2105,1.2113,1.2054,1.2095,1349395.0,15
2026-06-17 08:00:00,1.2095,1.2107,1.2046,1.2048,718680.1,15
2026-06-17 08:15:00,1.2048,1.2049,1.2016,1.2026,1274919.5999999999,15
2026-06-17 08:30:00,1.2025,1.2028,1.1971,1.1974,2165434.6,15
2026-06-17 08:45:00,1.1974,1.1984,1.1951,1.1962,1094628.4,15
2026-06-17 09:00:00,1.1962,1.1984,1.1953,1.1965,1261037.7,15
2026-06-17 09:15:00,1.1966,1.1981,1.1944,1.1967,913982.6,15
2026-06-17 09:30:00,1.1967,1.199,1.196,1.1982,512303.7,15
2026-06-17 09:45:00,1.1983,1.1993,1.1953,1.1977,611249.9,15
2026-06-17 10:00:00,1.1978,1.1987,1.1945,1.1971,828223.1,15
2026-06-17 10:15:00,1.197,1.1982,1.1946,1.1967,709522.1,15
2026-06-17 10:30:00,1.1968,1.1979,1.1955,1.1977,611498.4,15
2026-06-17 10:45:00,1.1977,1.1989,1.1956,1.1961,556397.9,15
2026-06-17 11:00:00,1.1961,1.1976,1.1886,1.1917,1796944.6,15
2026-06-17 11:15:00,1.1918,1.193,1.1883,1.1914,1185417.1,15
2026-06-17 11:30:00,1.1913,1.1952,1.19,1.1944,695416.1,15
2026-06-17 11:45:00,1.1945,1.1955,1.1925,1.1928,550316.4,15
2026-06-17 12:00:00,1.1929,1.1971,1.1921,1.1965,846782.6,15
2026-06-17 12:15:00,1.1966,1.1968,1.19,1.1914,978720.8,15
2026-06-17 12:30:00,1.1913,1.1967,1.1892,1.1965,1080302.0,15
2026-06-17 12:45:00,1.1964,1.1984,1.1956,1.1977,882921.5,15
2026-06-17 13:00:00,1.1976,1.202,1.1966,1.2018,1524338.0,15
2026-06-17 13:15:00,1.2017,1.202,1.1976,1.1998,1023230.9999999999,15
2026-06-17 13:30:00,1.1997,1.2072,1.1983,1.2053,1405524.8,15
2026-06-17 13:45:00,1.2053,1.2061,1.2004,1.201,744630.7999999999,15
2026-06-17 14:00:00,1.2009,1.2031,1.1987,1.2016,1390583.6,15
2026-06-17 14:15:00,1.2016,1.2041,1.1985,1.2008,998048.2,15
2026-06-17 14:30:00,1.2008,1.2014,1.1934,1.1953,610559.6,15
2026-06-17 14:45:00,1.1954,1.1994,1.1889,1.195,2657497.1,15
2026-06-17 15:00:00,1.1951,1.1994,1.1934,1.199,682517.7999999999,15
2026-06-17 15:15:00,1.1989,1.2038,1.1984,1.2029,844591.5,15
2026-06-17 15:30:00,1.203,1.2094,1.2019,1.2077,1017347.5,15
2026-06-17 15:45:00,1.2078,1.2137,1.2073,1.2136,972713.3,15
2026-06-17 16:00:00,1.2136,1.2155,1.2117,1.2141,764126.0,15
2026-06-17 16:15:00,1.214,1.2251,1.2135,1.2223,1640666.3,15
2026-06-17 16:30:00,1.2224,1.2226,1.2165,1.2179,1051074.3,15
2026-06-17 16:45:00,1.2179,1.2184,1.2122,1.2126,803307.8,15
2026-06-17 17:00:00,1.2127,1.2135,1.2086,1.2097,1210490.4000000001,15
2026-06-17 17:15:00,1.2097,1.2147,1.2097,1.2139,575474.2,15
2026-06-17 17:30:00,1.2139,1.2151,1.2107,1.2115,332592.7,15
2026-06-17 17:45:00,1.2116,1.2192,1.2103,1.2184,636893.7,15
2026-06-17 18:00:00,1.2183,1.2183,1.1934,1.204,4813102.399999999,15
2026-06-17 18:15:00,1.2041,1.2073,1.1995,1.2013,1041827.6,15
2026-06-17 18:30:00,1.2014,1.2183,1.1984,1.2167,3448971.4,15
2026-06-17 18:45:00,1.2166,1.2196,1.208,1.2089,1180745.4,15
2026-06-17 19:00:00,1.2089,1.213,1.2016,1.2086,1449332.1,15
2026-06-17 19:15:00,1.2086,1.2086,1.1815,1.1867,4407111.0,15
2026-06-17 19:30:00,1.1867,1.1908,1.1775,1.1804,4013697.1,15
2026-06-17 19:45:00,1.1803,1.1842,1.1774,1.1808,3082570.0,15
2026-06-17 20:00:00,1.1807,1.1824,1.1782,1.1801,1339862.5,15
2026-06-17 20:15:00,1.1802,1.1866,1.1791,1.1846,1391816.7,15
2026-06-17 20:30:00,1.1846,1.191,1.184,1.1844,897050.5,15
2026-06-17 20:45:00,1.1844,1.1911,1.1832,1.1903,817478.3,15
2026-06-17 21:00:00,1.1904,1.1908,1.1875,1.1883,889587.7,15
2026-06-17 21:15:00,1.1883,1.1896,1.1862,1.1863,437749.2,15
2026-06-17 21:30:00,1.1864,1.1888,1.1813,1.1826,749911.5,15
2026-06-17 21:45:00,1.1825,1.1828,1.1791,1.1823,711807.3,15
2026-06-17 22:00:00,1.1822,1.1836,1.1715,1.1804,3231120.4,15
2026-06-17 22:15:00,1.1805,1.188,1.1798,1.1877,503103.1,15
2026-06-17 22:30:00,1.1876,1.1888,1.185,1.185,511563.39999999997,15
2026-06-17 22:45:00,1.185,1.1881,1.184,1.184,530383.7,15
2026-06-17 23:00:00,1.1839,1.1876,1.1839,1.1847,850711.9,15
2026-06-17 23:15:00,1.1848,1.1888,1.1847,1.1873,722414.0,15
2026-06-17 23:30:00,1.1873,1.1879,1.1852,1.1853,454098.2,15
2026-06-17 23:45:00,1.1852,1.1875,1.1839,1.1868,259858.1,15
2026-06-18 00:00:00,1.1868,1.1892,1.186,1.189,553998.7,15
2026-06-18 00:15:00,1.189,1.1899,1.1871,1.1892,354918.5,15
2026-06-18 00:30:00,1.1892,1.1915,1.1878,1.1895,337405.0,15
2026-06-18 00:45:00,1.1895,1.1907,1.1867,1.1871,422549.8,15
2026-06-18 01:00:00,1.1871,1.1923,1.1869,1.1896,1225979.7,15
2026-06-18 01:15:00,1.1896,1.1911,1.1885,1.1902,649068.5,15
2026-06-18 01:30:00,1.1903,1.1913,1.189,1.1892,735320.3,15
2026-06-18 01:45:00,1.1891,1.1892,1.1854,1.1889,552711.2,15
2026-06-18 02:00:00,1.189,1.1911,1.1887,1.1892,385920.7,15
2026-06-18 02:15:00,1.1892,1.1914,1.1887,1.1906,490227.9,15
2026-06-18 02:30:00,1.1907,1.191,1.189,1.1903,682540.8,15
2026-06-18 02:45:00,1.1904,1.1908,1.1891,1.1897,287391.10000000003,15
2026-06-18 03:00:00,1.1897,1.1898,1.1857,1.1857,323661.9,15
2026-06-18 03:15:00,1.1858,1.186,1.1805,1.1806,490622.0,15
2026-06-18 03:30:00,1.1805,1.1819,1.1782,1.179,938616.5,15
2026-06-18 03:45:00,1.1789,1.1806,1.1786,1.1788,1630386.1,15
2026-06-18 04:00:00,1.1788,1.1791,1.1716,1.1736,2220463.5,15
2026-06-18 04:15:00,1.1736,1.1758,1.1704,1.1722,1068634.4,15
2026-06-18 04:30:00,1.1722,1.1728,1.1691,1.1694,1103097.3,15
2026-06-18 04:45:00,1.1693,1.1713,1.1672,1.1695,1175647.1,15
2026-06-18 05:00:00,1.1694,1.1694,1.1628,1.1654,1758008.2,15
2026-06-18 05:15:00,1.1655,1.1669,1.1642,1.1643,1327009.3,15
2026-06-18 05:30:00,1.1643,1.1678,1.1631,1.1659,905812.8,15
2026-06-18 05:45:00,1.166,1.168,1.165,1.1677,696549.7,15
2026-06-18 06:00:00,1.1677,1.1699,1.1644,1.1661,1133424.7,15
2026-06-18 06:15:00,1.1661,1.1677,1.1639,1.1665,605755.4,15
2026-06-18 06:30:00,1.1665,1.1691,1.1656,1.1691,386093.5,15
2026-06-18 06:45:00,1.1692,1.1716,1.1686,1.1708,533198.9,15
2026-06-18 07:00:00,1.1708,1.1715,1.1686,1.1712,600175.8999999999,15
2026-06-18 07:15:00,1.1712,1.1801,1.171,1.1789,1681247.1,15
2026-06-18 07:30:00,1.1789,1.1815,1.1779,1.1792,808135.1,15
2026-06-18 07:45:00,1.1791,1.1803,1.1779,1.1787,776513.8,15
2026-06-18 08:00:00,1.1788,1.1812,1.1766,1.179,1131878.7,15
2026-06-18 08:15:00,1.1791,1.1801,1.1776,1.1791,814672.0,15
2026-06-18 08:30:00,1.179,1.1819,1.1789,1.1801,938862.2,15
2026-06-18 08:45:00,1.1802,1.1807,1.178,1.1784,906511.4,15
2026-06-18 09:00:00,1.1784,1.1789,1.1765,1.1778,588571.0,15
2026-06-18 09:15:00,1.1778,1.1802,1.177,1.1776,733564.4,15
2026-06-18 09:30:00,1.1776,1.1825,1.1776,1.1808,1152181.9,15
2026-06-18 09:45:00,1.1808,1.182,1.1785,1.1786,860848.8,15
2026-06-18 10:00:00,1.1787,1.1787,1.172,1.1723,1444073.5,15
2026-06-18 10:15:00,1.1723,1.1733,1.1674,1.1683,1688318.7,15
2026-06-18 10:30:00,1.1682,1.171,1.1679,1.1688,1278881.4,15
2026-06-18 10:45:00,1.1688,1.1718,1.1683,1.1691,894872.7999999999,15
2026-06-18 11:00:00,1.1691,1.1712,1.1664,1.1678,814580.6,15
2026-06-18 11:15:00,1.1679,1.1682,1.1634,1.1679,643222.4,15
2026-06-18 11:30:00,1.1679,1.1682,1.1615,1.1638,1284645.5,15
2026-06-18 11:45:00,1.1638,1.1661,1.1619,1.1645,1410108.4000000001,15
2026-06-18 12:00:00,1.1645,1.1661,1.1635,1.1648,698804.5,15
2026-06-18 12:15:00,1.1648,1.1692,1.1645,1.1691,1127757.8,15
2026-06-18 12:30:00,1.1692,1.1702,1.1661,1.1683,1192792.6,15
2026-06-18 12:45:00,1.1682,1.1709,1.1677,1.1689,1138137.0,15
2026-06-18 13:00:00,1.1689,1.1699,1.1667,1.1693,872221.9,15
2026-06-18 13:15:00,1.1693,1.1726,1.1682,1.1703,1150629.8,15
2026-06-18 13:30:00,1.1703,1.1705,1.1571,1.1576,3294080.6,15
2026-06-18 13:45:00,1.1575,1.1656,1.1557,1.1611,2242374.0,15
2026-06-18 14:00:00,1.1611,1.1629,1.1582,1.1593,1518130.6,15
2026-06-18 14:15:00,1.1594,1.17,1.1568,1.1622,1076165.7,15
2026-06-18 14:30:00,1.1622,1.166,1.16,1.1602,746122.6,15
2026-06-18 14:45:00,1.1602,1.1633,1.1556,1.16,1314751.9,15
2026-06-18 15:00:00,1.16,1.1605,1.1555,1.157,1059750.2,15
2026-06-18 15:15:00,1.1569,1.1573,1.1458,1.1481,5073002.399999999,15
2026-06-18 15:30:00,1.148,1.1508,1.138,1.138,3696059.9,15
2026-06-18 15:45:00,1.1381,1.1414,1.1329,1.1379,6455553.8,15
2026-06-18 16:00:00,1.1379,1.1448,1.1369,1.1428,2459963.9,15
2026-06-18 16:15:00,1.1428,1.1465,1.138,1.1434,1592741.8,15
2026-06-18 16:30:00,1.1434,1.1461,1.1407,1.1456,1934582.7,15
2026-06-18 16:45:00,1.1457,1.1484,1.1444,1.1476,836201.9,15
2026-06-18 17:00:00,1.1477,1.1488,1.143,1.1447,792652.3,15
2026-06-18 17:15:00,1.1446,1.1456,1.1379,1.1431,1330563.8,15
2026-06-18 17:30:00,1.1431,1.149,1.1427,1.1445,1324822.0,15
2026-06-18 17:45:00,1.1444,1.1456,1.1405,1.1433,479339.60000000003,15
2026-06-18 18:00:00,1.1434,1.1438,1.1403,1.1417,540230.6,15
2026-06-18 18:15:00,1.1417,1.1469,1.1388,1.1443,1291577.6,15
2026-06-18 18:30:00,1.1442,1.1444,1.1382,1.1414,1217164.0,15
2026-06-18 18:45:00,1.1415,1.142,1.1367,1.1384,1022998.0,15
2026-06-18 19:00:00,1.1384,1.1384,1.1357,1.1378,1276689.4,15
2026-06-18 19:15:00,1.1377,1.1389,1.1352,1.1375,1317453.5,15
2026-06-18 19:30:00,1.1375,1.1446,1.1366,1.1438,1198825.6,15
2026-06-18 19:45:00,1.1437,1.1466,1.1431,1.1436,1383265.9,15
2026-06-18 20:00:00,1.1437,1.15,1.1437,1.1491,1752190.0,15
2026-06-18 20:15:00,1.149,1.1524,1.1483,1.1515,1507333.4000000001,15
2026-06-18 20:30:00,1.1515,1.1548,1.1506,1.1541,1278354.3,15
2026-06-18 20:45:00,1.1541,1.1547,1.1513,1.1522,1315530.2,15
2026-06-18 21:00:00,1.1523,1.1523,1.1465,1.1466,881155.1,15
2026-06-18 21:15:00,1.1466,1.1473,1.1446,1.1459,894473.6,15
2026-06-18 21:30:00,1.1459,1.147,1.1423,1.1435,1376562.8,15
2026-06-18 21:45:00,1.1436,1.1451,1.1428,1.145,883427.7,15
2026-06-18 22:00:00,1.1449,1.1458,1.1431,1.145,1451466.0,15
2026-06-18 22:15:00,1.145,1.1484,1.1419,1.1466,1443949.5,15
2026-06-18 22:30:00,1.1467,1.1481,1.1456,1.1479,1112193.7,15
2026-06-18 22:45:00,1.1479,1.1483,1.1451,1.1472,1029965.5,15
2026-06-18 23:00:00,1.1471,1.1474,1.1427,1.1428,763593.8,15
2026-06-18 23:15:00,1.1428,1.1454,1.1426,1.1453,729950.6,15
2026-06-18 23:30:00,1.1453,1.147,1.1444,1.1455,905067.1,15
2026-06-18 23:45:00,1.1455,1.1477,1.1439,1.1465,770815.5,15
2026-06-19 00:00:00,1.1466,1.1466,1.1433,1.1447,1026622.9,15
2026-06-19 00:15:00,1.1447,1.1484,1.1439,1.1475,754667.3,15
2026-06-19 00:30:00,1.1475,1.15,1.1475,1.1499,319995.8,15
2026-06-19 00:45:00,1.15,1.1502,1.1473,1.149,504937.2,15
2026-06-19 01:00:00,1.1491,1.1519,1.1464,1.1479,746829.2,15
2026-06-19 01:15:00,1.1478,1.1508,1.1462,1.1469,874164.4,15
2026-06-19 01:30:00,1.1468,1.1487,1.1446,1.1483,809236.5,15
2026-06-19 01:45:00,1.1483,1.1522,1.1483,1.1513,689734.6,15
2026-06-19 02:00:00,1.1512,1.153,1.1496,1.15,753968.3,15
2026-06-19 02:15:00,1.1499,1.1505,1.146,1.1463,720153.8,15
2026-06-19 02:30:00,1.1462,1.1478,1.1453,1.1469,673137.4,15
2026-06-19 02:45:00,1.147,1.1489,1.1455,1.1483,708925.5,15
2026-06-19 03:00:00,1.1484,1.1499,1.1443,1.1446,1252317.6,15
2026-06-19 03:15:00,1.1446,1.1462,1.1366,1.1453,3513270.1,15
2026-06-19 03:30:00,1.1453,1.1453,1.138,1.1391,976825.0,15
2026-06-19 03:45:00,1.139,1.1399,1.1374,1.1391,862568.7000000001,15
2026-06-19 04:00:00,1.139,1.1392,1.133,1.1383,1517199.9,15
2026-06-19 04:15:00,1.1383,1.1404,1.1322,1.1325,1246925.5,15
2026-06-19 04:30:00,1.1325,1.1327,1.1274,1.1297,2505368.0999999996,15
2026-06-19 04:45:00,1.1298,1.131,1.1256,1.1275,1201482.0,15
2026-06-19 05:00:00,1.1275,1.1336,1.1273,1.1322,766701.1,15
2026-06-19 05:15:00,1.1322,1.1322,1.1276,1.1302,596386.8,15
2026-06-19 05:30:00,1.1303,1.1318,1.1275,1.1303,585858.7,15
2026-06-19 05:45:00,1.1302,1.1336,1.1294,1.1335,349270.7,15
2026-06-19 06:00:00,1.1334,1.1362,1.1325,1.1341,842838.4,15
2026-06-19 06:15:00,1.1341,1.1344,1.1324,1.1333,619801.5,15
2026-06-19 06:30:00,1.1332,1.134,1.1296,1.1325,1461802.8,15
2026-06-19 06:45:00,1.1324,1.1342,1.1282,1.1341,1043400.3,15
2026-06-19 07:00:00,1.134,1.134,1.1282,1.1286,986305.3,15
2026-06-19 07:15:00,1.1287,1.1318,1.1276,1.1282,655361.6,15
2026-06-19 07:30:00,1.1282,1.1306,1.1214,1.1236,2557552.8,15
2026-06-19 07:45:00,1.1236,1.1267,1.1215,1.1254,902802.6,15
2026-06-19 08:00:00,1.1255,1.1284,1.1245,1.1282,751521.0,15
2026-06-19 08:15:00,1.1281,1.1296,1.1263,1.1278,513945.6,15
2026-06-19 08:30:00,1.1279,1.1311,1.1267,1.1287,734594.6,15
2026-06-19 08:45:00,1.1287,1.1293,1.125,1.1268,872240.1,15
2026-06-19 09:00:00,1.1268,1.1277,1.1223,1.1239,725827.2000000001,15
2026-06-19 09:15:00,1.1239,1.126,1.1223,1.1251,379165.2,15
2026-06-19 09:30:00,1.1251,1.1284,1.1251,1.1262,566823.5,15
2026-06-19 09:45:00,1.1261,1.1266,1.1246,1.1249,735973.9,15
2026-06-19 10:00:00,1.1248,1.1267,1.1239,1.1262,521763.0,15
2026-06-19 10:15:00,1.1261,1.1263,1.1225,1.1257,733388.2,15
2026-06-19 10:30:00,1.1258,1.1258,1.1211,1.1227,540412.5,15
2026-06-19 10:45:00,1.1227,1.127,1.1223,1.1252,784610.9,15
2026-06-19 11:00:00,1.1252,1.1265,1.1223,1.1247,801261.7000000001,15
2026-06-19 11:15:00,1.1246,1.1291,1.1242,1.1264,999192.3,15
2026-06-19 11:30:00,1.1264,1.1287,1.1262,1.1276,561462.7,15
2026-06-19 11:45:00,1.1276,1.1288,1.126,1.1274,500586.8,15
2026-06-19 12:00:00,1.1274,1.1286,1.1261,1.1261,439492.5,15
2026-06-19 12:15:00,1.126,1.126,1.1228,1.1237,586673.7,15
2026-06-19 12:30:00,1.1238,1.1265,1.1215,1.1241,1096766.2,15
2026-06-19 12:45:00,1.1241,1.1322,1.1187,1.1314,2331531.5,15
2026-06-19 13:00:00,1.1315,1.1339,1.1301,1.131,927572.1,15
2026-06-19 13:15:00,1.1311,1.1318,1.129,1.1314,478719.2,15
2026-06-19 13:30:00,1.1313,1.1378,1.1311,1.1371,996018.6,15
2026-06-19 13:45:00,1.1371,1.144,1.137,1.1397,2875188.7,15
2026-06-19 14:00:00,1.1397,1.1407,1.1355,1.1365,1359678.4,15
2026-06-19 14:15:00,1.1365,1.1402,1.1344,1.1396,807800.4,15
2026-06-19 14:30:00,1.1397,1.142,1.1367,1.1394,888590.7999999999,15
2026-06-19 14:45:00,1.1394,1.1401,1.1362,1.1366,390857.5,15
2026-06-19 15:00:00,1.1365,1.1366,1.1333,1.1349,606946.3,15
2026-06-19 15:15:00,1.1349,1.1357,1.1328,1.1332,508092.89999999997,15
2026-06-19 15:30:00,1.1332,1.1383,1.1332,1.1372,468495.6,15
2026-06-19 15:45:00,1.1373,1.1378,1.1359,1.137,320542.0,15
2026-06-19 16:00:00,1.1371,1.1391,1.1351,1.139,426879.60000000003,15
2026-06-19 16:15:00,1.139,1.139,1.1353,1.1366,777198.7,15
2026-06-19 16:30:00,1.1365,1.1369,1.1348,1.1352,494309.1,15
2026-06-19 16:45:00,1.1351,1.1351,1.1292,1.1304,742636.7,15
2026-06-19 17:00:00,1.1304,1.1321,1.1287,1.1321,507882.5,15
2026-06-19 17:15:00,1.1322,1.1358,1.1318,1.1326,320117.6,15
2026-06-19 17:30:00,1.1327,1.1378,1.1325,1.1367,670917.4,15
2026-06-19 17:45:00,1.1367,1.1389,1.1346,1.1362,737391.4,15
2026-06-19 18:00:00,1.1362,1.1362,1.1322,1.1342,412465.8,15
2026-06-19 18:15:00,1.1341,1.1344,1.1319,1.1332,600770.1,15
2026-06-19 18:30:00,1.1333,1.1338,1.1296,1.1306,469342.3,15
2026-06-19 18:45:00,1.1306,1.133,1.1303,1.1327,563526.5,15
2026-06-19 19:00:00,1.1327,1.1341,1.1302,1.132,488259.6,15
2026-06-19 19:15:00,1.1319,1.132,1.1284,1.1297,367586.3,15
2026-06-19 19:30:00,1.1297,1.1305,1.1287,1.1298,226574.5,15
2026-06-19 19:45:00,1.1297,1.1332,1.1294,1.1315,342967.2,15
2026-06-19 20:00:00,1.1316,1.1331,1.1307,1.1315,157619.0,15
2026-06-19 20:15:00,1.1315,1.1324,1.1275,1.1323,485386.7,15
2026-06-19 20:30:00,1.1323,1.1331,1.1294,1.1306,244721.2,15
2026-06-19 20:45:00,1.1305,1.1355,1.1304,1.1348,451585.1,15
2026-06-19 21:00:00,1.1348,1.1348,1.1328,1.1343,204025.8,15
2026-06-19 21:15:00,1.1343,1.1345,1.13,1.1307,504938.60000000003,15
2026-06-19 21:30:00,1.1307,1.1314,1.1291,1.13,288231.8,15
2026-06-19 21:45:00,1.13,1.1312,1.1293,1.1301,271781.3,15
2026-06-19 22:00:00,1.13,1.1318,1.1296,1.1318,313919.3,15
2026-06-19 22:15:00,1.1318,1.135,1.1317,1.1334,363357.1,15
2026-06-19 22:30:00,1.1335,1.1352,1.1331,1.135,294365.0,15
2026-06-19 22:45:00,1.135,1.136,1.1338,1.1342,235347.9,15
2026-06-19 23:00:00,1.1342,1.1344,1.1328,1.1335,188497.8,15
2026-06-19 23:15:00,1.1336,1.1351,1.133,1.1351,167239.5,15
2026-06-19 23:30:00,1.1351,1.1366,1.1344,1.1347,364793.10000000003,15
2026-06-19 23:45:00,1.1346,1.1387,1.1332,1.1359,1147633.4,15
2026-06-20 00:00:00,1.1358,1.139,1.1354,1.1384,464087.0,15
2026-06-20 00:15:00,1.1383,1.14,1.1373,1.1398,580617.2,15
2026-06-20 00:30:00,1.1399,1.1428,1.1386,1.1395,919911.2,15
2026-06-20 00:45:00,1.1395,1.1399,1.1373,1.1373,435771.7,15
2026-06-20 01:00:00,1.1374,1.139,1.1365,1.1377,687020.8,15
2026-06-20 01:15:00,1.1377,1.1399,1.1374,1.1391,375795.0,15
2026-06-20 01:30:00,1.139,1.1423,1.1389,1.1405,314940.3,15
2026-06-20 01:45:00,1.1405,1.142,1.1402,1.1419,192948.2,15
2026-06-20 02:00:00,1.1418,1.1421,1.1385,1.1385,733392.8,15
2026-06-20 02:15:00,1.1384,1.1384,1.1361,1.1375,321662.7,15
2026-06-20 02:30:00,1.1376,1.1411,1.1376,1.1389,288220.2,15
2026-06-20 02:45:00,1.1388,1.1411,1.1388,1.1391,368619.4,15
2026-06-20 03:00:00,1.1391,1.1399,1.1375,1.1383,231110.6,15
2026-06-20 03:15:00,1.1383,1.1402,1.1383,1.1391,392992.4,15
2026-06-20 03:30:00,1.1391,1.1409,1.1386,1.1397,434026.8,15
2026-06-20 03:45:00,1.1398,1.1401,1.1388,1.14,164299.6,15
2026-06-20 04:00:00,1.1399,1.1405,1.1389,1.1396,301686.10000000003,15
2026-06-20 04:15:00,1.1397,1.1444,1.1394,1.1435,1660196.5,15
2026-06-20 04:30:00,1.1435,1.1457,1.142,1.1452,814765.3,15
2026-06-20 04:45:00,1.1453,1.1453,1.1434,1.1444,386977.4,15
2026-06-20 05:00:00,1.1444,1.1551,1.1429,1.1531,1605902.9000000001,15
2026-06-20 05:15:00,1.1531,1.1535,1.148,1.1493,836954.4,15
2026-06-20 05:30:00,1.1493,1.1505,1.1489,1.149,227359.8,15
2026-06-20 05:45:00,1.149,1.1496,1.1462,1.1479,388146.3,15
2026-06-20 06:00:00,1.1479,1.1494,1.1475,1.1487,344229.4,15
2026-06-20 06:15:00,1.1487,1.1512,1.1475,1.1507,591106.1,15
2026-06-20 06:30:00,1.1507,1.1512,1.1495,1.1507,387917.6,15
2026-06-20 06:45:00,1.1508,1.1515,1.1496,1.1497,526617.6,15
2026-06-20 07:00:00,1.1497,1.1501,1.145,1.1464,803666.4,15
2026-06-20 07:15:00,1.1465,1.1497,1.1464,1.1495,232974.5,15
2026-06-20 07:30:00,1.1495,1.1499,1.1475,1.148,301082.60000000003,15
2026-06-20 07:45:00,1.148,1.1491,1.147,1.1473,199670.3,15
2026-06-20 08:00:00,1.1474,1.1477,1.1446,1.147,482514.6,15
2026-06-20 08:15:00,1.1469,1.1478,1.1462,1.1464,230748.3,15
2026-06-20 08:30:00,1.1464,1.1477,1.1456,1.147,250976.2,15
2026-06-20 08:45:00,1.147,1.1474,1.1459,1.1469,621431.1,15
2026-06-20 09:00:00,1.1469,1.1489,1.1469,1.1479,280038.8,15
2026-06-20 09:15:00,1.1479,1.1506,1.1478,1.15,279506.4,15
2026-06-20 09:30:00,1.1499,1.1514,1.1495,1.1509,309655.4,15
2026-06-20 09:45:00,1.1509,1.153,1.1504,1.1522,255191.7,15
2026-06-20 10:00:00,1.1523,1.1523,1.1501,1.1502,410045.10000000003,15
2026-06-20 10:15:00,1.1502,1.1519,1.1502,1.1511,471864.4,15
2026-06-20 10:30:00,1.1511,1.1515,1.1476,1.1478,178705.0,15
2026-06-20 10:45:00,1.1479,1.1497,1.1478,1.1494,254532.9,15
2026-06-20 11:00:00,1.1495,1.1501,1.1464,1.1474,290427.0,15
2026-06-20 11:15:00,1.1473,1.1491,1.1469,1.1483,281558.8,15
2026-06-20 11:30:00,1.1483,1.149,1.1479,1.1489,380506.4,15
2026-06-20 11:45:00,1.1488,1.1501,1.1472,1.1472,409759.7,15
2026-06-20 12:00:00,1.1473,1.1498,1.1473,1.1489,376834.0,15
2026-06-20 12:15:00,1.149,1.1493,1.1473,1.1488,181392.1,15
2026-06-20 12:30:00,1.1489,1.1489,1.1461,1.1464,219295.5,15
2026-06-20 12:45:00,1.1465,1.1465,1.1451,1.1462,403923.5,15
2026-06-20 13:00:00,1.1461,1.1467,1.1457,1.1462,178622.1,15
2026-06-20 13:15:00,1.1462,1.1472,1.1382,1.1399,1657660.0,15
2026-06-20 13:30:00,1.1398,1.1424,1.1397,1.1424,459583.5,15
2026-06-20 13:45:00,1.1423,1.1427,1.1407,1.1411,394816.9,15
2026-06-20 14:00:00,1.141,1.1413,1.1342,1.1345,1218454.6,15
2026-06-20 14:15:00,1.1346,1.1371,1.1346,1.1366,501282.8,15
2026-06-20 14:30:00,1.1366,1.1391,1.1358,1.139,243192.6,15
2026-06-20 14:45:00,1.139,1.1519,1.1388,1.1463,1636462.0,15
2026-06-20 15:00:00,1.1464,1.1494,1.1446,1.1478,518165.7,15
2026-06-20 15:15:00,1.1478,1.156,1.1451,1.1502,2386819.8,15
2026-06-20 15:30:00,1.1502,1.1507,1.1465,1.1474,638571.0,15
2026-06-20 15:45:00,1.1474,1.1514,1.1474,1.1508,619051.6,15
2026-06-20 16:00:00,1.1509,1.151,1.1467,1.1475,1089794.3,15
2026-06-20 16:15:00,1.1476,1.1489,1.1454,1.1459,319997.9,15
2026-06-20 16:30:00,1.1458,1.1476,1.1442,1.1472,273589.2,15
2026-06-20 16:45:00,1.1473,1.149,1.1464,1.1489,137381.1,15
2026-06-20 17:00:00,1.1489,1.1489,1.1452,1.1466,252016.5,15
2026-06-20 17:15:00,1.1465,1.1465,1.143,1.1461,442234.8,15
2026-06-20 17:30:00,1.146,1.1461,1.139,1.1425,958487.2000000001,15
2026-06-20 17:45:00,1.1426,1.1448,1.1419,1.1435,198991.5,15
2026-06-20 18:00:00,1.1435,1.1455,1.1431,1.1435,198346.8,15
2026-06-20 18:15:00,1.1436,1.1459,1.1436,1.1459,173976.0,15
2026-06-20 18:30:00,1.1459,1.1464,1.143,1.1434,333177.5,15
2026-06-20 18:45:00,1.1434,1.144,1.1412,1.1419,277633.9,15
2026-06-20 19:00:00,1.1418,1.1432,1.1412,1.1422,308493.8,15
2026-06-20 19:15:00,1.1422,1.1425,1.1397,1.1409,388872.1,15
2026-06-20 19:30:00,1.141,1.1445,1.1406,1.1439,118928.3,15
2026-06-20 19:45:00,1.1439,1.1441,1.1432,1.1441,135314.8,15
2026-06-20 20:00:00,1.1441,1.1461,1.144,1.1447,157517.1,15
2026-06-20 20:15:00,1.1448,1.1458,1.1442,1.1447,144087.4,15
2026-06-20 20:30:00,1.1448,1.1454,1.1436,1.1446,99388.1,15
2026-06-20 20:45:00,1.1446,1.1466,1.1445,1.1453,137995.4,15
2026-06-20 21:00:00,1.1454,1.1497,1.1447,1.1478,368684.60000000003,15
2026-06-20 21:15:00,1.1479,1.1479,1.1464,1.1464,162391.8,15
2026-06-20 21:30:00,1.1464,1.1488,1.1463,1.1488,228693.0,15
2026-06-20 21:45:00,1.1487,1.1491,1.1467,1.1473,220777.5,15
2026-06-20 22:00:00,1.1473,1.1535,1.1468,1.1528,1774547.8,15
2026-06-20 22:15:00,1.1528,1.1545,1.1503,1.1537,415234.3,15
2026-06-20 22:30:00,1.1536,1.1555,1.1526,1.1539,956864.8,15
2026-06-20 22:45:00,1.1539,1.1541,1.152,1.1526,291744.0,15
2026-06-20 23:00:00,1.1527,1.1537,1.1522,1.1529,191528.4,15
2026-06-20 23:15:00,1.153,1.154,1.1514,1.1515,233046.3,15
2026-06-20 23:30:00,1.1515,1.154,1.1515,1.1528,325941.8,15
2026-06-20 23:45:00,1.1527,1.1527,1.1495,1.1499,433731.4,15
2026-06-21 00:00:00,1.15,1.1506,1.1492,1.1493,313715.4,15
2026-06-21 00:15:00,1.1493,1.1505,1.1486,1.149,225875.8,15
2026-06-21 00:30:00,1.149,1.15,1.1485,1.1487,150306.3,15
2026-06-21 00:45:00,1.1487,1.1496,1.1484,1.1493,248375.6,15
2026-06-21 01:00:00,1.1494,1.1498,1.1469,1.1471,396430.4,15
2026-06-21 01:15:00,1.1471,1.1477,1.1469,1.1475,127243.8,15
2026-06-21 01:30:00,1.1474,1.1499,1.1472,1.1492,206647.8,15
2026-06-21 01:45:00,1.1492,1.15,1.1487,1.1497,122934.3,15
2026-06-21 02:00:00,1.1497,1.1501,1.1494,1.15,111074.8,15
2026-06-21 02:15:00,1.15,1.15,1.1485,1.1488,225258.2,15
2026-06-21 02:30:00,1.1487,1.1487,1.147,1.1471,280592.1,15
2026-06-21 02:45:00,1.1471,1.1484,1.147,1.1474,104102.8,15
2026-06-21 03:00:00,1.1475,1.1489,1.1463,1.1489,155879.0,15
2026-06-21 03:15:00,1.1489,1.1516,1.1474,1.1491,358411.4,15
2026-06-21 03:30:00,1.1491,1.1502,1.1477,1.1499,220481.6,15
2026-06-21 03:45:00,1.1499,1.1503,1.1489,1.1495,108714.1,15
2026-06-21 04:00:00,1.1495,1.1504,1.1483,1.1489,177474.7,15
2026-06-21 04:15:00,1.149,1.1507,1.149,1.1501,158021.8,15
2026-06-21 04:30:00,1.1502,1.1524,1.1501,1.1503,174831.5,15
2026-06-21 04:45:00,1.1503,1.1503,1.145,1.1454,393931.5,15
2026-06-21 05:00:00,1.1454,1.1456,1.1445,1.145,220060.8,15
2026-06-21 05:15:00,1.145,1.1461,1.1442,1.146,299422.3,15
2026-06-21 05:30:00,1.1461,1.1464,1.1446,1.1452,792857.3,15
2026-06-21 05:45:00,1.1451,1.1451,1.1431,1.1445,354046.7,15
2026-06-21 06:00:00,1.1444,1.1448,1.1439,1.1445,191637.1,15
2026-06-21 06:15:00,1.1445,1.1465,1.1445,1.1462,175341.4,15
2026-06-21 06:30:00,1.1462,1.1476,1.1458,1.1474,110361.9,15
2026-06-21 06:45:00,1.1474,1.1476,1.1469,1.147,129571.8,15
2026-06-21 07:00:00,1.1471,1.1477,1.1467,1.1475,168501.3,15
2026-06-21 07:15:00,1.1474,1.1478,1.1462,1.147,208218.6,15
2026-06-21 07:30:00,1.1471,1.1499,1.147,1.1499,216339.3,15
2026-06-21 07:45:00,1.15,1.1504,1.1472,1.1474,244366.2,15
2026-06-21 08:00:00,1.1473,1.148,1.1469,1.1471,275538.60000000003,15
2026-06-21 08:15:00,1.1471,1.1472,1.1451,1.1452,124377.5,15
2026-06-21 08:30:00,1.1453,1.1456,1.1413,1.1441,451246.8,15
2026-06-21 08:45:00,1.1441,1.1447,1.1429,1.1446,100663.1,15
2026-06-21 09:00:00,1.1447,1.1451,1.144,1.1449,214197.1,15
2026-06-21 09:15:00,1.1449,1.1467,1.1445,1.1459,205666.1,15
2026-06-21 09:30:00,1.1459,1.1504,1.1458,1.1484,485787.0,15
2026-06-21 09:45:00,1.1485,1.1497,1.1484,1.1491,208152.5,15
2026-06-21 10:00:00,1.1491,1.1525,1.1488,1.1515,868297.5,15
2026-06-21 10:15:00,1.1515,1.1535,1.1505,1.152,544520.6,15
2026-06-21 10:30:00,1.152,1.1523,1.1512,1.1513,430098.8,15
2026-06-21 10:45:00,1.1513,1.152,1.1482,1.1485,533994.4,15
2026-06-21 11:00:00,1.1484,1.1508,1.1467,1.1497,813434.1,15
2026-06-21 11:15:00,1.1496,1.1496,1.143,1.1467,1072675.9,15
2026-06-21 11:30:00,1.1468,1.1469,1.1435,1.1451,329780.1,15
2026-06-21 11:45:00,1.1452,1.146,1.1418,1.1427,381291.3,15
2026-06-21 12:00:00,1.1428,1.1439,1.1401,1.141,493319.5,15
2026-06-21 12:15:00,1.141,1.1427,1.14,1.1416,529805.8,15
2026-06-21 12:30:00,1.1417,1.1424,1.1406,1.1419,281805.8,15
2026-06-21 12:45:00,1.1419,1.1449,1.1409,1.1445,614240.6,15
2026-06-21 13:00:00,1.1445,1.145,1.143,1.1441,448636.1,15
2026-06-21 13:15:00,1.1441,1.1469,1.1437,1.1441,505947.6,15
2026-06-21 13:30:00,1.1442,1.1446,1.1416,1.1421,201513.1,15
2026-06-21 13:45:00,1.1421,1.1456,1.142,1.1451,417789.7,15
2026-06-21 14:00:00,1.1451,1.1451,1.1433,1.1436,207873.2,15
2026-06-21 14:15:00,1.1436,1.1445,1.1419,1.1429,184204.9,15
2026-06-21 14:30:00,1.1429,1.1464,1.1428,1.1461,341919.0,15
2026-06-21 14:45:00,1.1462,1.1476,1.1446,1.1476,326842.3,15
2026-06-21 15:00:00,1.1475,1.1506,1.147,1.1487,475033.10000000003,15
2026-06-21 15:15:00,1.1486,1.1512,1.1485,1.1509,222951.6,15
2026-06-21 15:30:00,1.1509,1.1516,1.1494,1.1507,480630.10000000003,15
2026-06-21 15:45:00,1.1507,1.1512,1.149,1.1497,545541.8,15
2026-06-21 16:00:00,1.1497,1.1497,1.1459,1.1464,330139.3,15
2026-06-21 16:15:00,1.1465,1.1482,1.1459,1.1459,944047.1,15
2026-06-21 16:30:00,1.1458,1.1459,1.1422,1.1442,477002.3,15
2026-06-21 16:45:00,1.1442,1.1469,1.1441,1.145,381009.39999999997,15
2026-06-21 17:00:00,1.1451,1.1472,1.1444,1.1466,200275.4,15
2026-06-21 17:15:00,1.1466,1.1468,1.1448,1.1452,168250.19999999998,15
2026-06-21 17:30:00,1.1453,1.1456,1.1411,1.1428,979352.4,15
2026-06-21 17:45:00,1.1429,1.1442,1.1424,1.1424,903298.5,15
2026-06-21 18:00:00,1.1425,1.143,1.1389,1.1414,628146.9,15
2026-06-21 18:15:00,1.1414,1.1437,1.1413,1.1426,321987.60000000003,15
2026-06-21 18:30:00,1.1426,1.1467,1.1418,1.1452,428857.39999999997,15
2026-06-21 18:45:00,1.1452,1.1458,1.1437,1.1456,185807.3,15
2026-06-21 19:00:00,1.1457,1.1482,1.1445,1.146,416171.5,15
2026-06-21 19:15:00,1.1459,1.1465,1.1445,1.1457,151391.0,15
2026-06-21 19:30:00,1.1457,1.1477,1.1447,1.1475,142026.4,15
2026-06-21 19:45:00,1.1476,1.1477,1.1451,1.1456,507630.4,15
2026-06-21 20:00:00,1.1455,1.1473,1.1449,1.1457,192571.7,15
2026-06-21 20:15:00,1.1456,1.1461,1.1416,1.1423,404022.2,15
2026-06-21 20:30:00,1.1424,1.1433,1.1406,1.1416,465822.39999999997,15
2026-06-21 20:45:00,1.1416,1.1418,1.1364,1.1396,786677.3,15
2026-06-21 21:00:00,1.1396,1.1399,1.1225,1.1318,7266993.7,15
2026-06-21 21:15:00,1.1319,1.1346,1.1288,1.1308,1875514.6,15
2026-06-21 21:30:00,1.1308,1.1368,1.1307,1.1355,1766737.2,15
2026-06-21 21:45:00,1.1355,1.1372,1.1344,1.1349,478012.1,15
2026-06-21 22:00:00,1.1348,1.1373,1.1314,1.1336,1235237.6,15
2026-06-21 22:15:00,1.1335,1.1349,1.1314,1.1321,483159.8,15
2026-06-21 22:30:00,1.1321,1.1321,1.1275,1.1298,885124.0,15
2026-06-21 22:45:00,1.1297,1.1334,1.1296,1.1319,241236.5,15
2026-06-21 23:00:00,1.1318,1.1318,1.127,1.1276,504580.39999999997,15
2026-06-21 23:15:00,1.1275,1.1317,1.127,1.1299,516988.4,15
2026-06-21 23:30:00,1.1299,1.1304,1.1237,1.124,2045600.7999999998,15
2026-06-21 23:45:00,1.124,1.1268,1.1235,1.1248,591579.3,15
2026-06-22 00:00:00,1.1249,1.1296,1.1249,1.1287,430391.3,15
2026-06-22 00:15:00,1.1288,1.1346,1.1286,1.1328,810680.9,15
2026-06-22 00:30:00,1.1328,1.1407,1.1326,1.1386,1005522.0,15
2026-06-22 00:45:00,1.1385,1.1405,1.1359,1.1391,639726.2,15
2026-06-22 01:00:00,1.1392,1.1425,1.1342,1.1349,723972.5,15
2026-06-22 01:15:00,1.135,1.1522,1.135,1.1479,3069966.4,15
2026-06-22 01:30:00,1.1478,1.1488,1.1411,1.1441,1795990.9,15
2026-06-22 01:45:00,1.1442,1.1466,1.1428,1.1454,778438.6,15
2026-06-22 02:00:00,1.1454,1.1463,1.1411,1.1411,847892.9,15
2026-06-22 02:15:00,1.141,1.1442,1.1393,1.1415,918796.2,15
2026-06-22 02:30:00,1.1415,1.1425,1.1393,1.141,630919.3,15
2026-06-22 02:45:00,1.1411,1.1412,1.1362,1.1363,743187.8,15
2026-06-22 03:00:00,1.1363,1.1363,1.1301,1.1327,1193867.3,15
2026-06-22 03:15:00,1.1327,1.1378,1.1327,1.1347,685267.3,15
2026-06-22 03:30:00,1.1347,1.1385,1.1332,1.1336,678048.3,15
2026-06-22 03:45:00,1.1336,1.134,1.1283,1.1301,1140981.8,15
2026-06-22 04:00:00,1.1301,1.1335,1.1292,1.1322,714924.9,15
2026-06-22 04:15:00,1.1321,1.1331,1.1306,1.1321,683433.6,15
2026-06-22 04:30:00,1.1322,1.1339,1.1312,1.1314,599261.5,15
2026-06-22 04:45:00,1.1315,1.1345,1.1314,1.1342,474518.7,15
2026-06-22 05:00:00,1.1342,1.1375,1.1339,1.1373,676345.7999999999,15
2026-06-22 05:15:00,1.1373,1.1387,1.1365,1.1367,412774.10000000003,15
2026-06-22 05:30:00,1.1367,1.138,1.1355,1.1362,387904.3,15
2026-06-22 05:45:00,1.1362,1.1367,1.1338,1.1353,700914.1,15
2026-06-22 06:00:00,1.1353,1.1378,1.1334,1.1347,743070.1,15
2026-06-22 06:15:00,1.1348,1.1359,1.1333,1.1348,741280.1,15
2026-06-22 06:30:00,1.1347,1.1349,1.1318,1.1318,638544.0,15
2026-06-22 06:45:00,1.1317,1.1323,1.1294,1.131,849620.7000000001,15
2026-06-22 07:00:00,1.131,1.1386,1.1304,1.1371,3006207.2,15
2026-06-22 07:15:00,1.137,1.1395,1.1368,1.1374,1630284.6,15
2026-06-22 07:30:00,1.1374,1.14,1.1366,1.1376,700025.3,15
2026-06-22 07:45:00,1.1376,1.1385,1.1366,1.1374,498741.2,15
2026-06-22 08:00:00,1.1374,1.1378,1.1336,1.1369,753696.4,15
2026-06-22 08:15:00,1.1368,1.1381,1.1342,1.1346,957687.7,15
2026-06-22 08:30:00,1.1347,1.1351,1.1322,1.135,696782.7,15
2026-06-22 08:45:00,1.135,1.1361,1.1331,1.135,481181.5,15
2026-06-22 09:00:00,1.135,1.1375,1.134,1.1367,805950.7,15
2026-06-22 09:15:00,1.1367,1.1372,1.1338,1.1341,644548.6,15
2026-06-22 09:30:00,1.1341,1.135,1.1328,1.1343,717351.9,15
2026-06-22 09:45:00,1.1344,1.1352,1.1337,1.1348,475242.39999999997,15
2026-06-22 10:00:00,1.1348,1.1384,1.1345,1.1376,661718.5,15
2026-06-22 10:15:00,1.1375,1.1383,1.1363,1.1363,360510.8,15
2026-06-22 10:30:00,1.1363,1.1378,1.1359,1.1361,325108.3,15
2026-06-22 10:45:00,1.1361,1.1389,1.1361,1.1373,336521.8,15
2026-06-22 11:00:00,1.1374,1.1449,1.1364,1.1422,1089599.0,15
2026-06-22 11:15:00,1.1422,1.1452,1.1407,1.1425,986367.2000000001,15
2026-06-22 11:30:00,1.1426,1.149,1.1425,1.1468,933512.2,15
2026-06-22 11:45:00,1.1467,1.1502,1.146,1.1479,1063271.5,15
2026-06-22 12:00:00,1.148,1.1505,1.1464,1.1481,859328.8,15
2026-06-22 12:15:00,1.1481,1.1503,1.1464,1.1487,464012.0,15
2026-06-22 12:30:00,1.1488,1.1527,1.1465,1.1524,971066.7,15
2026-06-22 12:45:00,1.1524,1.1593,1.1511,1.1577,1506622.5999999999,15
2026-06-22 13:00:00,1.1578,1.1581,1.1534,1.1555,1763945.5999999999,15
2026-06-22 13:15:00,1.1555,1.1559,1.1524,1.1531,1209690.5,15
2026-06-22 13:30:00,1.1532,1.1605,1.1523,1.1587,1513916.3,15
2026-06-22 13:45:00,1.1587,1.1638,1.1585,1.1637,1738615.8,15
2026-06-22 14:00:00,1.1638,1.1639,1.1548,1.1552,1259188.3,15
2026-06-22 14:15:00,1.1552,1.1556,1.1476,1.1477,979415.2,15
2026-06-22 14:30:00,1.1477,1.1478,1.1406,1.1429,1844010.8,15
2026-06-22 14:45:00,1.1428,1.1456,1.1407,1.143,1203227.0,15
2026-06-22 15:00:00,1.1431,1.1475,1.1416,1.1458,969831.8,15
2026-06-22 15:15:00,1.1458,1.1468,1.1433,1.1451,1145494.6,15
2026-06-22 15:30:00,1.1452,1.148,1.1444,1.1451,744360.8,15
2026-06-22 15:45:00,1.145,1.1461,1.1379,1.1401,1450560.2,15
2026-06-22 16:00:00,1.1401,1.1408,1.1376,1.1396,782204.9,15
2026-06-22 16:15:00,1.1396,1.1432,1.138,1.1397,558020.4,15
2026-06-22 16:30:00,1.1397,1.1397,1.1365,1.1378,767497.0,15
2026-06-22 16:45:00,1.1378,1.1405,1.1353,1.1387,942236.7,15
2026-06-22 17:00:00,1.1387,1.1397,1.1368,1.1378,459114.0,15
2026-06-22 17:15:00,1.1379,1.1386,1.1339,1.134,713913.3,15
2026-06-22 17:30:00,1.134,1.1357,1.1328,1.135,766525.3,15
2026-06-22 17:45:00,1.1351,1.1405,1.1351,1.1395,546182.7,15
2026-06-22 18:00:00,1.1395,1.143,1.1395,1.1423,357369.4,15
2026-06-22 18:15:00,1.1423,1.1438,1.1409,1.1412,539525.2,15
2026-06-22 18:30:00,1.1412,1.1416,1.139,1.1394,390195.0,15
2026-06-22 18:45:00,1.1394,1.1396,1.1318,1.1331,1412662.1,15
2026-06-22 19:00:00,1.133,1.133,1.1304,1.1328,1248996.5999999999,15
2026-06-22 19:15:00,1.1328,1.1334,1.1304,1.1315,823906.6,15
2026-06-22 19:30:00,1.1315,1.1347,1.1311,1.1328,366234.7,15
2026-06-22 19:45:00,1.1328,1.1353,1.13,1.1344,990626.4,15
2026-06-22 20:00:00,1.1344,1.1375,1.1333,1.1337,486743.9,15
2026-06-22 20:15:00,1.1338,1.1338,1.13,1.1317,618493.6,15
2026-06-22 20:30:00,1.1318,1.1339,1.1317,1.1323,469720.7,15
2026-06-22 20:45:00,1.1323,1.1327,1.1296,1.1318,575798.8,15
2026-06-22 21:00:00,1.1318,1.1332,1.1296,1.1314,505643.4,15
2026-06-22 21:15:00,1.1315,1.1316,1.1292,1.1304,768361.8,15
2026-06-22 21:30:00,1.1305,1.1309,1.1258,1.1276,1067777.2,15
2026-06-22 21:45:00,1.1276,1.1316,1.1276,1.1316,543507.1,15
2026-06-22 22:00:00,1.1316,1.1344,1.1307,1.1314,569177.2999999999,15
2026-06-22 22:15:00,1.1315,1.1319,1.1229,1.1243,2437172.8,15
2026-06-22 22:30:00,1.1243,1.1267,1.1216,1.1244,1458913.7,15
2026-06-22 22:45:00,1.1244,1.1281,1.1236,1.1276,464489.0,15
2026-06-22 23:00:00,1.1275,1.1286,1.1264,1.1272,394811.60000000003,15
2026-06-22 23:15:00,1.1272,1.1307,1.1266,1.1302,389916.6,15
2026-06-22 23:30:00,1.1301,1.1308,1.1284,1.1298,225126.30000000002,15
2026-06-22 23:45:00,1.1297,1.1304,1.1282,1.1295,216790.1,15
2026-06-23 00:00:00,1.1296,1.1312,1.1282,1.131,570465.9,15
2026-06-23 00:15:00,1.1311,1.1322,1.1265,1.127,394741.5,15
2026-06-23 00:30:00,1.1271,1.1319,1.1269,1.1317,373415.6,15
2026-06-23 00:45:00,1.1318,1.1322,1.1301,1.1314,301807.2,15
2026-06-23 01:00:00,1.1314,1.1339,1.1306,1.1307,450938.80000000005,15
2026-06-23 01:15:00,1.1307,1.1323,1.1298,1.1318,569563.0,15
2026-06-23 01:30:00,1.1317,1.1333,1.1276,1.1283,753073.7,15
2026-06-23 01:45:00,1.1282,1.1297,1.1224,1.1289,1211497.0,15
2026-06-23 02:00:00,1.1289,1.1298,1.1252,1.1269,671273.3,15
2026-06-23 02:15:00,1.1269,1.1292,1.1269,1.1275,659498.8,15
2026-06-23 02:30:00,1.1275,1.1296,1.127,1.1288,463119.6,15
2026-06-23 02:45:00,1.1287,1.1306,1.1279,1.1296,517578.3,15
2026-06-23 03:00:00,1.1297,1.1297,1.1258,1.1269,1077848.5,15
2026-06-23 03:15:00,1.1269,1.1296,1.1267,1.1292,574883.7,15
2026-06-23 03:30:00,1.1291,1.1291,1.1267,1.1269,692759.7,15
2026-06-23 03:45:00,1.1268,1.1285,1.1267,1.1274,414380.6,15
2026-06-23 04:00:00,1.1274,1.1281,1.1249,1.1281,873831.7,15
2026-06-23 04:15:00,1.128,1.128,1.1239,1.1262,497298.8,15
2026-06-23 04:30:00,1.1262,1.1262,1.122,1.1227,782834.2,15
2026-06-23 04:45:00,1.1227,1.1232,1.1167,1.1175,2433494.5,15
2026-06-23 05:00:00,1.1175,1.1194,1.1154,1.1174,1191172.0,15
2026-06-23 05:15:00,1.1174,1.1189,1.114,1.1156,1048113.8,15
2026-06-23 05:30:00,1.1156,1.1161,1.1139,1.1147,645503.8,15
2026-06-23 05:45:00,1.1147,1.1169,1.1139,1.1158,821504.3,15
2026-06-23 06:00:00,1.1158,1.1164,1.1121,1.1153,1350077.1,15
2026-06-23 06:15:00,1.1152,1.1161,1.1076,1.1118,4541599.100000001,15
2026-06-23 06:30:00,1.1118,1.1151,1.1098,1.1129,954172.2,15
2026-06-23 06:45:00,1.1128,1.1163,1.1127,1.1132,561610.4,15
2026-06-23 07:00:00,1.1132,1.1161,1.113,1.1155,338620.0,15
2026-06-23 07:15:00,1.1155,1.1174,1.1152,1.1164,485080.4,15
2026-06-23 07:30:00,1.1163,1.1166,1.1133,1.1133,379388.7,15
2026-06-23 07:45:00,1.1134,1.1157,1.1126,1.1129,341708.4,15
2026-06-23 08:00:00,1.1129,1.1155,1.1106,1.1112,1277749.8,15
2026-06-23 08:15:00,1.1112,1.1113,1.0946,1.0974,5714338.3,15
2026-06-23 08:30:00,1.0974,1.1034,1.0972,1.102,1613221.7,15
2026-06-23 08:45:00,1.1021,1.1021,1.0989,1.1003,966099.9,15
2026-06-23 09:00:00,1.1004,1.1043,1.1004,1.1031,555500.1,15
2026-06-23 09:15:00,1.1032,1.1049,1.103,1.1047,327957.3,15
2026-06-23 09:30:00,1.1047,1.1056,1.1019,1.1028,757819.4,15
2026-06-23 09:45:00,1.1028,1.1051,1.1025,1.1037,475765.6,15
2026-06-23 10:00:00,1.1037,1.1075,1.1037,1.1059,589501.5,15
2026-06-23 10:15:00,1.1058,1.1059,1.1035,1.104,783512.2,15
2026-06-23 10:30:00,1.104,1.104,1.1021,1.1023,971242.2,15
2026-06-23 10:45:00,1.1022,1.1046,1.1014,1.1043,788225.2,15
2026-06-23 11:00:00,1.1044,1.1067,1.1041,1.1062,465644.5,15
2026-06-23 11:15:00,1.1062,1.1106,1.1059,1.1089,1117903.3,15
2026-06-23 11:30:00,1.109,1.1103,1.1085,1.1094,1048467.7,15
2026-06-23 11:45:00,1.1094,1.1102,1.1078,1.1093,347061.7,15
2026-06-23 12:00:00,1.1094,1.1098,1.1081,1.1084,448978.6,15
2026-06-23 12:15:00,1.1085,1.1085,1.105,1.1057,716964.7000000001,15
2026-06-23 12:30:00,1.1057,1.1068,1.1025,1.1035,614660.8,15
2026-06-23 12:45:00,1.1035,1.1035,1.0997,1.1012,935582.9,15
2026-06-23 13:00:00,1.1012,1.1017,1.099,1.1016,835098.2,15
2026-06-23 13:15:00,1.1016,1.1016,1.0993,1.0997,731325.0,15
2026-06-23 13:30:00,1.0996,1.1061,1.0963,1.1013,2057805.9,15
2026-06-23 13:45:00,1.1012,1.1053,1.0984,1.1029,1208664.7,15
2026-06-23 14:00:00,1.1029,1.1074,1.1017,1.1074,1021155.1,15
2026-06-23 14:15:00,1.1073,1.1086,1.1024,1.1051,1159117.8,15
2026-06-23 14:30:00,1.1052,1.1083,1.1021,1.1025,697404.8,15
2026-06-23 14:45:00,1.1026,1.1045,1.1004,1.1016,1062796.7,15
2026-06-23 15:00:00,1.1016,1.1017,1.0967,1.0986,1224043.6,15
2026-06-23 15:15:00,1.0987,1.0987,1.0928,1.0933,1388012.0,15
2026-06-23 15:30:00,1.0934,1.0982,1.0934,1.0963,962503.1,15
2026-06-23 15:45:00,1.0962,1.0994,1.092,1.0993,1077706.4,15
2026-06-23 16:00:00,1.0993,1.1041,1.0984,1.1039,1817395.2,15
2026-06-23 16:15:00,1.1039,1.1044,1.0971,1.0977,736972.7,15
2026-06-23 16:30:00,1.0976,1.1012,1.0973,1.1009,367331.3,15
2026-06-23 16:45:00,1.101,1.1017,1.0996,1.101,289729.2,15
2026-06-23 17:00:00,1.101,1.1011,1.097,1.0991,379372.5,15
2026-06-23 17:15:00,1.099,1.1037,1.099,1.1024,290011.2,15
2026-06-23 17:30:00,1.1025,1.1048,1.0998,1.1004,366200.8,15
2026-06-23 17:45:00,1.1004,1.1015,1.0964,1.098,541172.2,15
2026-06-23 18:00:00,1.098,1.0994,1.0959,1.0983,556264.3,15
2026-06-23 18:15:00,1.0984,1.1018,1.0977,1.1,328916.3,15
2026-06-23 18:30:00,1.0999,1.1001,1.0961,1.0966,573654.4,15
2026-06-23 18:45:00,1.0966,1.0993,1.0961,1.0987,361963.6,15
2026-06-23 19:00:00,1.0986,1.102,1.0983,1.0999,292630.1,15
2026-06-23 19:15:00,1.1,1.1009,1.0971,1.1008,476847.3,15
2026-06-23 19:30:00,1.1007,1.1026,1.0996,1.1001,316437.0,15
2026-06-23 19:45:00,1.1001,1.1051,1.0999,1.102,557297.7,15
2026-06-23 20:00:00,1.102,1.1053,1.1019,1.1043,433090.9,15
2026-06-23 20:15:00,1.1044,1.1053,1.1034,1.1049,311753.4,15
2026-06-23 20:30:00,1.1048,1.1049,1.1034,1.1042,591644.3,15
2026-06-23 20:45:00,1.1041,1.1046,1.1033,1.1044,551430.2,15
2026-06-23 21:00:00,1.1044,1.1068,1.1033,1.1042,480992.5,15
2026-06-23 21:15:00,1.1042,1.106,1.1035,1.1056,282208.4,15
2026-06-23 21:30:00,1.1056,1.1065,1.1045,1.1053,191137.6,15
2026-06-23 21:45:00,1.1053,1.1059,1.1041,1.1049,126151.8,15
2026-06-23 22:00:00,1.1049,1.1105,1.1047,1.1094,818637.4,15
2026-06-23 22:15:00,1.1093,1.1127,1.106,1.1068,657485.4,15
2026-06-23 22:30:00,1.1068,1.1083,1.1063,1.1079,199847.0,15
2026-06-23 22:45:00,1.1079,1.1098,1.1072,1.109,302130.3,15
2026-06-23 23:00:00,1.1091,1.1091,1.1058,1.1067,427209.0,15
2026-06-23 23:15:00,1.1068,1.1096,1.1068,1.1085,205118.6,15
2026-06-23 23:30:00,1.1085,1.1089,1.1071,1.1082,266954.5,15
2026-06-23 23:45:00,1.1082,1.1121,1.1081,1.1103,609354.4,15
2026-06-24 00:00:00,1.1102,1.1127,1.1088,1.1125,995428.7,15
2026-06-24 00:15:00,1.1125,1.1132,1.1109,1.1118,1753837.0,15
2026-06-24 00:30:00,1.1118,1.1124,1.1103,1.111,884761.9,15
2026-06-24 00:45:00,1.1109,1.112,1.1098,1.1112,296115.0,15
2026-06-24 01:00:00,1.1113,1.1116,1.1078,1.11,598232.4,15
2026-06-24 01:15:00,1.11,1.1103,1.1072,1.1095,610623.0,15
2026-06-24 01:30:00,1.1096,1.1139,1.1094,1.1097,628063.8,15
2026-06-24 01:45:00,1.1097,1.1111,1.1088,1.1088,610667.2999999999,15
2026-06-24 02:00:00,1.1088,1.1096,1.1067,1.108,687793.5,15
2026-06-24 02:15:00,1.1079,1.108,1.1053,1.1078,828378.0,15
2026-06-24 02:30:00,1.1078,1.1091,1.1048,1.1081,878195.9,15
2026-06-24 02:45:00,1.1081,1.1083,1.1054,1.1055,710953.5,15
2026-06-24 03:00:00,1.1055,1.1061,1.1019,1.1021,783134.3,15
2026-06-24 03:15:00,1.1021,1.1027,1.0991,1.1027,1091991.3,15
2026-06-24 03:30:00,1.1027,1.1061,1.1027,1.1051,311171.3,15
2026-06-24 03:45:00,1.105,1.1057,1.1036,1.104,181422.9,15
2026-06-24 04:00:00,1.104,1.1042,1.1022,1.1031,358011.9,15
2026-06-24 04:15:00,1.1031,1.1039,1.0945,1.0974,2002282.9,15
2026-06-24 04:30:00,1.0974,1.1023,1.0974,1.1003,755891.9,15
2026-06-24 04:45:00,1.1002,1.1038,1.1002,1.1017,468445.6,15
2026-06-24 05:00:00,1.1017,1.1047,1.1014,1.1036,500219.7,15
2026-06-24 05:15:00,1.1036,1.1051,1.1026,1.1045,467454.4,15
2026-06-24 05:30:00,1.1045,1.107,1.1037,1.1055,442827.7,15
2026-06-24 05:45:00,1.1056,1.1064,1.1048,1.1052,416755.6,15
2026-06-24 06:00:00,1.1052,1.1068,1.1028,1.1059,346796.6,15
2026-06-24 06:15:00,1.1058,1.1059,1.1034,1.1037,254933.7,15
2026-06-24 06:30:00,1.1038,1.1049,1.1029,1.1035,418351.4,15
2026-06-24 06:45:00,1.1034,1.1038,1.1024,1.1026,176976.30000000002,15
2026-06-24 07:00:00,1.1026,1.103,1.1003,1.1023,517463.9,15
2026-06-24 07:15:00,1.1023,1.1023,1.1001,1.1002,278080.3,15
2026-06-24 07:30:00,1.1002,1.1007,1.0978,1.0993,348775.7,15
2026-06-24 07:45:00,1.0993,1.0999,1.0972,1.0987,460459.89999999997,15
2026-06-24 08:00:00,1.0987,1.0999,1.0978,1.0991,408645.7,15
2026-06-24 08:15:00,1.0992,1.1003,1.0984,1.0999,384897.8,15
2026-06-24 08:30:00,1.1,1.1036,1.0999,1.1036,611612.2,15
2026-06-24 08:45:00,1.1036,1.1036,1.1013,1.1024,532013.2,15
2026-06-24 09:00:00,1.1023,1.1023,1.0985,1.0995,539062.8,15
2026-06-24 09:15:00,1.0994,1.0997,1.0978,1.0981,436094.7,15
2026-06-24 09:30:00,1.098,1.0993,1.0973,1.0985,482786.4,15
2026-06-24 09:45:00,1.0984,1.0995,1.0977,1.0986,291262.4,15
2026-06-24 10:00:00,1.0985,1.0988,1.0962,1.0976,614009.3999999999,15
2026-06-24 10:15:00,1.0975,1.0975,1.0842,1.0876,7685599.899999999,15
2026-06-24 10:30:00,1.0877,1.088,1.0853,1.0876,1430809.0,15
2026-06-24 10:45:00,1.0877,1.0879,1.0862,1.0867,716445.5,15
2026-06-24 11:00:00,1.0867,1.0882,1.0823,1.0843,1543031.9,15
2026-06-24 11:15:00,1.0843,1.0855,1.0827,1.0841,485031.3,15
2026-06-24 11:30:00,1.0841,1.0904,1.0841,1.0903,882121.5,15
2026-06-24 11:45:00,1.0902,1.1026,1.0901,1.0958,1705038.8,15
2026-06-24 12:00:00,1.0958,1.0959,1.0925,1.0943,809293.8,15
2026-06-24 12:15:00,1.0943,1.0951,1.0903,1.0922,915934.7999999999,15
2026-06-24 12:30:00,1.0922,1.0943,1.0911,1.0931,632632.4,15
2026-06-24 12:45:00,1.0931,1.0935,1.0901,1.0902,377156.0,15
2026-06-24 13:00:00,1.0903,1.0909,1.0803,1.083,1456981.0,15
2026-06-24 13:15:00,1.083,1.0841,1.0754,1.0806,3961412.5,15
2026-06-24 13:30:00,1.0805,1.0876,1.0769,1.0785,3044331.4,15
2026-06-24 13:45:00,1.0784,1.0829,1.0752,1.0762,2834431.9,15
2026-06-24 14:00:00,1.0761,1.0808,1.0739,1.0782,2863621.5,15
2026-06-24 14:15:00,1.0782,1.0804,1.0747,1.0792,1466285.2,15
2026-06-24 14:30:00,1.0791,1.0824,1.0752,1.0774,1591355.3,15
2026-06-24 14:45:00,1.0773,1.0782,1.0734,1.0754,1110858.1,15
2026-06-24 15:00:00,1.0754,1.0757,1.0709,1.0717,1646669.5,15
2026-06-24 15:15:00,1.0718,1.0725,1.0665,1.0673,2566090.7,15
2026-06-24 15:30:00,1.0673,1.0679,1.0608,1.0622,2745375.7,15
2026-06-24 15:45:00,1.0622,1.0624,1.0566,1.0585,3217299.9,15
2026-06-24 16:00:00,1.0584,1.0639,1.0579,1.0634,1794307.7,15
2026-06-24 16:15:00,1.0634,1.0678,1.0627,1.066,2507978.9,15
2026-06-24 16:30:00,1.0659,1.0669,1.0601,1.0619,934534.4,15
2026-06-24 16:45:00,1.0618,1.0618,1.0519,1.0569,6106200.0,15
2026-06-24 17:00:00,1.0569,1.0612,1.056,1.0588,1920779.9,15
2026-06-24 17:15:00,1.0589,1.0596,1.0496,1.0557,3317723.7,15
2026-06-24 17:30:00,1.0556,1.0567,1.0506,1.0513,1582356.9,15
2026-06-24 17:45:00,1.0512,1.0535,1.0462,1.0513,3000090.4,15
2026-06-24 18:00:00,1.0514,1.0588,1.0496,1.0587,1280591.6,15
2026-06-24 18:15:00,1.0586,1.0708,1.0585,1.0677,3999362.2,15
2026-06-24 18:30:00,1.0677,1.0679,1.0633,1.0646,1074053.2,15
2026-06-24 18:45:00,1.0645,1.0648,1.0589,1.0603,820768.2,15
2026-06-24 19:00:00,1.0604,1.062,1.0545,1.0581,1027712.1,15
2026-06-24 19:15:00,1.058,1.058,1.0529,1.0556,1205450.6,15
2026-06-24 19:30:00,1.0555,1.0589,1.0542,1.0551,1614550.4,15
2026-06-24 19:45:00,1.0552,1.0622,1.0539,1.0575,1884693.7,15
2026-06-24 20:00:00,1.0575,1.0697,1.0545,1.068,2844676.1,15
2026-06-24 20:15:00,1.0679,1.0698,1.0664,1.0686,796571.9,15
2026-06-24 20:30:00,1.0687,1.0739,1.0685,1.0725,883964.5,15
2026-06-24 20:45:00,1.0725,1.0787,1.0723,1.0748,1847928.0,15
2026-06-24 21:00:00,1.0749,1.0752,1.0671,1.0689,1319522.7,15
2026-06-24 21:15:00,1.0688,1.0731,1.0672,1.0728,577220.5,15
2026-06-24 21:30:00,1.0729,1.0763,1.0705,1.0756,713321.9,15
2026-06-24 21:45:00,1.0756,1.0775,1.073,1.0766,917174.8,15
2026-06-24 22:00:00,1.0765,1.081,1.0756,1.0757,1019475.2,15
2026-06-24 22:15:00,1.0757,1.0757,1.0741,1.0746,444022.7,15
2026-06-24 22:30:00,1.0746,1.0755,1.0718,1.0728,443747.4,15
2026-06-24 22:45:00,1.0729,1.0729,1.0702,1.0715,366251.8,15
2026-06-24 23:00:00,1.0715,1.072,1.0702,1.0709,716979.6,15
2026-06-24 23:15:00,1.0709,1.0754,1.0699,1.0741,509760.5,15
2026-06-24 23:30:00,1.074,1.0761,1.0737,1.0752,496789.8,15
2026-06-24 23:45:00,1.0752,1.076,1.0718,1.0736,348121.3,15
2026-06-25 00:00:00,1.0736,1.0771,1.0732,1.0761,595436.1,15
2026-06-25 00:15:00,1.076,1.0773,1.0732,1.074,766860.5,15
2026-06-25 00:30:00,1.074,1.0744,1.0725,1.0735,791447.0,15
2026-06-25 00:45:00,1.0735,1.0761,1.0721,1.0742,830598.9,15
2026-06-25 01:00:00,1.0741,1.078,1.0741,1.0765,1386651.7,15
2026-06-25 01:15:00,1.0766,1.0781,1.0749,1.0751,953318.2000000001,15
2026-06-25 01:30:00,1.0751,1.0766,1.0728,1.0732,1006404.3,15
2026-06-25 01:45:00,1.0731,1.0765,1.073,1.0755,923207.3,15
2026-06-25 02:00:00,1.0755,1.0775,1.0725,1.0739,916557.8,15
2026-06-25 02:15:00,1.0739,1.0757,1.0731,1.0749,680676.9,15
2026-06-25 02:30:00,1.0749,1.0749,1.0694,1.0694,1329288.0,15
2026-06-25 02:45:00,1.0694,1.0719,1.0694,1.0716,1566708.2,15
2026-06-25 03:00:00,1.0716,1.0737,1.0703,1.0705,963101.2,15
2026-06-25 03:15:00,1.0705,1.0711,1.0689,1.0701,1037293.7999999999,15
2026-06-25 03:30:00,1.07,1.0717,1.0698,1.0699,435429.5,15
2026-06-25 03:45:00,1.0699,1.0723,1.0696,1.0719,437269.5,15
2026-06-25 04:00:00,1.072,1.0725,1.0709,1.0715,438405.39999999997,15
2026-06-25 04:15:00,1.0714,1.0725,1.0709,1.0717,308490.5,15
2026-06-25 04:30:00,1.0717,1.0725,1.07,1.0724,560639.5,15
2026-06-25 04:45:00,1.0724,1.0827,1.0723,1.0804,2292552.8,15
2026-06-25 05:00:00,1.0804,1.0852,1.0788,1.0847,1717835.7,15
2026-06-25 05:15:00,1.0847,1.0883,1.0834,1.086,1312178.2,15
2026-06-25 05:30:00,1.086,1.0869,1.0837,1.0838,467066.3,15
2026-06-25 05:45:00,1.0838,1.0862,1.0833,1.0847,460745.7,15
2026-06-25 06:00:00,1.0846,1.0884,1.084,1.0873,751363.3,15
2026-06-25 06:15:00,1.0873,1.0899,1.0859,1.0865,948420.2000000001,15
2026-06-25 06:30:00,1.0864,1.0883,1.0855,1.0883,776551.7,15
2026-06-25 06:45:00,1.0883,1.0897,1.0874,1.0882,919549.3,15
2026-06-25 07:00:00,1.0883,1.0886,1.0847,1.0852,711495.8,15
2026-06-25 07:15:00,1.0853,1.0871,1.0849,1.0859,743219.5,15
2026-06-25 07:30:00,1.0859,1.0881,1.0857,1.0877,306643.7,15
2026-06-25 07:45:00,1.0876,1.0876,1.0857,1.087,427691.7,15
2026-06-25 08:00:00,1.0869,1.087,1.0839,1.0842,595230.7,15
2026-06-25 08:15:00,1.0841,1.0842,1.0823,1.0831,717070.7,15
2026-06-25 08:30:00,1.0831,1.0842,1.0824,1.0842,399560.7,15
2026-06-25 08:45:00,1.0841,1.0843,1.0827,1.083,297736.2,15
2026-06-25 09:00:00,1.0831,1.0839,1.0825,1.0834,344849.4,15
2026-06-25 09:15:00,1.0834,1.0839,1.0808,1.0819,474446.7,15
2026-06-25 09:30:00,1.082,1.0826,1.0803,1.0808,521707.10000000003,15
2026-06-25 09:45:00,1.0808,1.0818,1.0806,1.0814,322307.9,15
2026-06-25 10:00:00,1.0815,1.0819,1.0793,1.0807,318226.9,15
2026-06-25 10:15:00,1.0807,1.0814,1.0782,1.0784,640473.2,15
2026-06-25 10:30:00,1.0785,1.0786,1.0745,1.0745,1348018.5,15
2026-06-25 10:45:00,1.0746,1.0756,1.0731,1.0737,790624.7,15
2026-06-25 11:00:00,1.0738,1.0744,1.068,1.0721,1081150.5,15
2026-06-25 11:15:00,1.0721,1.0732,1.0699,1.0704,571397.8,15
2026-06-25 11:30:00,1.0704,1.0712,1.0692,1.0709,587083.6,15
2026-06-25 11:45:00,1.0709,1.0721,1.0694,1.0721,485385.4,15
2026-06-25 12:00:00,1.0721,1.0732,1.0702,1.0708,460288.4,15
2026-06-25 12:15:00,1.0707,1.0708,1.0672,1.0678,671281.7,15
2026-06-25 12:30:00,1.0678,1.0799,1.0677,1.0747,2866431.6,15
2026-06-25 12:45:00,1.0747,1.0762,1.0732,1.0749,680573.5,15
2026-06-25 13:00:00,1.075,1.0766,1.0738,1.0756,622403.1,15
2026-06-25 13:15:00,1.0755,1.076,1.0736,1.0743,364053.5,15
2026-06-25 13:30:00,1.0742,1.0766,1.0544,1.0549,3255760.0,15
2026-06-25 13:45:00,1.0549,1.059,1.0122,1.0156,23353886.5,15
2026-06-25 14:00:00,1.0156,1.0436,1.0154,1.0367,11128004.1,15
2026-06-25 14:15:00,1.0367,1.0429,1.028,1.0333,5495749.8,15
2026-06-25 14:30:00,1.0332,1.0494,1.0301,1.0341,4992896.4,15
2026-06-25 14:45:00,1.0341,1.0397,1.0318,1.0334,2904985.3,15
2026-06-25 15:00:00,1.0335,1.0338,1.0254,1.0269,2381409.5,15
2026-06-25 15:15:00,1.0268,1.0354,1.0236,1.0327,2614967.2,15
2026-06-25 15:30:00,1.0327,1.0368,1.0295,1.031,1726134.6,15
2026-06-25 15:45:00,1.031,1.0381,1.03,1.0351,1233378.2,15
2026-06-25 16:00:00,1.0352,1.0447,1.034,1.0407,1444430.1,15
2026-06-25 16:15:00,1.0407,1.0414,1.037,1.0383,1981537.1,15
2026-06-25 16:30:00,1.0383,1.0383,1.0293,1.0295,3593961.8,15
2026-06-25 16:45:00,1.0295,1.0312,1.0266,1.0309,1943100.5,15
2026-06-25 17:00:00,1.0308,1.0388,1.0302,1.0384,1715277.7,15
2026-06-25 17:15:00,1.0385,1.045,1.0378,1.0439,1488379.8,15
2026-06-25 17:30:00,1.044,1.045,1.0413,1.0419,797345.9,15
2026-06-25 17:45:00,1.042,1.0462,1.0396,1.0461,1493048.5,15
2026-06-25 18:00:00,1.0462,1.048,1.0386,1.0391,1783092.3,15
2026-06-25 18:15:00,1.0392,1.0459,1.0391,1.0431,1526447.2,15
2026-06-25 18:30:00,1.043,1.043,1.035,1.0362,681978.2000000001,15
2026-06-25 18:45:00,1.0361,1.0368,1.0337,1.0346,539331.1,15
2026-06-25 19:00:00,1.0347,1.0348,1.0292,1.0298,776431.5,15
2026-06-25 19:15:00,1.0297,1.0317,1.0282,1.0311,1267898.2,15
2026-06-25 19:30:00,1.031,1.0341,1.0303,1.0332,418389.1,15
2026-06-25 19:45:00,1.0332,1.0349,1.0304,1.0344,799684.8,15
2026-06-25 20:00:00,1.0344,1.0403,1.0344,1.0361,717872.7,15
2026-06-25 20:15:00,1.0362,1.0399,1.0361,1.0388,521846.9,15
2026-06-25 20:30:00,1.0388,1.0391,1.0328,1.0333,728386.8,15
2026-06-25 20:45:00,1.0334,1.0336,1.0315,1.0334,400989.0,15
2026-06-25 21:00:00,1.0334,1.0354,1.0329,1.0345,563213.9,15
2026-06-25 21:15:00,1.0345,1.0364,1.0334,1.0358,383304.7,15
2026-06-25 21:30:00,1.0358,1.0427,1.0355,1.0398,1176357.0,15
2026-06-25 21:45:00,1.0399,1.044,1.0388,1.0438,821950.7,15
2026-06-25 22:00:00,1.0437,1.0444,1.0388,1.0406,1020111.7,15
2026-06-25 22:15:00,1.0406,1.0419,1.0386,1.0393,574772.1,15
2026-06-25 22:30:00,1.0393,1.0425,1.039,1.0411,503801.3,15
2026-06-25 22:45:00,1.041,1.0425,1.0399,1.0409,558701.5,15
2026-06-25 23:00:00,1.041,1.0416,1.0373,1.0403,775460.0,15
2026-06-25 23:15:00,1.0403,1.0482,1.04,1.0468,1704080.0,15
2026-06-25 23:30:00,1.0468,1.0486,1.0447,1.0456,804988.7,15
2026-06-25 23:45:00,1.0456,1.0456,1.0422,1.0435,680957.5,15
2026-06-26 00:00:00,1.0436,1.0457,1.0432,1.0453,1135410.5,15
2026-06-26 00:15:00,1.0452,1.0463,1.0424,1.0434,918313.5,15
2026-06-26 00:30:00,1.0434,1.045,1.042,1.0433,1119916.9,15
2026-06-26 00:45:00,1.0434,1.0439,1.0407,1.0411,909056.0,15
2026-06-26 01:00:00,1.0411,1.043,1.0376,1.0382,964335.6,15
2026-06-26 01:15:00,1.0382,1.0389,1.0309,1.031,786004.1,15
2026-06-26 01:30:00,1.0309,1.0319,1.029,1.0314,1011584.2,15
2026-06-26 01:45:00,1.0313,1.0333,1.0308,1.032,419212.5,15
2026-06-26 02:00:00,1.0321,1.0325,1.0166,1.0176,3502052.4000000004,15
2026-06-26 02:15:00,1.0176,1.0222,1.0119,1.0215,4530261.8,15
2026-06-26 02:30:00,1.0215,1.0234,1.0163,1.0189,3717839.7,15
2026-06-26 02:45:00,1.0189,1.0193,1.0116,1.0146,3255611.4,15
2026-06-26 03:00:00,1.0147,1.0224,1.0092,1.0213,3681825.6,15
2026-06-26 03:15:00,1.0212,1.0229,1.0168,1.0211,1879692.2,15
2026-06-26 03:30:00,1.0211,1.025,1.018,1.0247,1731389.9,15
2026-06-26 03:45:00,1.0246,1.0359,1.0245,1.0345,2591128.4,15
2026-06-26 04:00:00,1.0345,1.0348,1.0306,1.0317,1089572.2,15
2026-06-26 04:15:00,1.0317,1.0357,1.0288,1.0306,1312591.6,15
2026-06-26 04:30:00,1.0306,1.0313,1.0288,1.0304,796311.3,15
2026-06-26 04:45:00,1.0304,1.0306,1.0271,1.0283,804277.6,15
2026-06-26 05:00:00,1.0284,1.0295,1.0269,1.0295,1043752.3,15
2026-06-26 05:15:00,1.0295,1.0335,1.0285,1.0323,886036.1,15
2026-06-26 05:30:00,1.0323,1.0355,1.0323,1.0325,1671740.0,15
2026-06-26 05:45:00,1.0326,1.0345,1.0309,1.0334,628057.6,15
2026-06-26 06:00:00,1.0333,1.0333,1.0297,1.0305,814626.4,15
2026-06-26 06:15:00,1.0305,1.039,1.0301,1.0372,1303675.8,15
2026-06-26 06:30:00,1.0373,1.0449,1.0356,1.0446,1376473.6,15
2026-06-26 06:45:00,1.0446,1.046,1.0424,1.0447,1173146.6,15
2026-06-26 07:00:00,1.0446,1.05,1.0442,1.0494,1130906.8,15
2026-06-26 07:15:00,1.0494,1.0505,1.0469,1.0485,1441003.5,15
2026-06-26 07:30:00,1.0484,1.0529,1.048,1.0496,1516839.4,15
2026-06-26 07:45:00,1.0496,1.0507,1.0473,1.0499,2212227.0,15
2026-06-26 08:00:00,1.0498,1.0508,1.041,1.0413,1681290.5,15
2026-06-26 08:15:00,1.0413,1.0435,1.0401,1.0405,1646702.3,15
2026-06-26 08:30:00,1.0405,1.0408,1.0374,1.0385,916523.4,15
2026-06-26 08:45:00,1.0385,1.0402,1.0378,1.0394,785477.2999999999,15
2026-06-26 09:00:00,1.0394,1.0396,1.0363,1.0383,661413.4,15
2026-06-26 09:15:00,1.0384,1.039,1.0368,1.0371,778270.1,15
2026-06-26 09:30:00,1.0371,1.0378,1.0346,1.0354,586493.7999999999,15
2026-06-26 09:45:00,1.0353,1.0364,1.029,1.0317,1528920.4,15
2026-06-26 10:00:00,1.0318,1.0342,1.0305,1.0331,677323.5,15
2026-06-26 10:15:00,1.0331,1.0341,1.0324,1.0328,399495.5,15
2026-06-26 10:30:00,1.0329,1.0335,1.0269,1.0281,1061574.2,15
2026-06-26 10:45:00,1.0281,1.0286,1.0259,1.0275,997835.7,15
2026-06-26 11:00:00,1.0276,1.0313,1.0258,1.0271,679398.4,15
2026-06-26 11:15:00,1.0271,1.0271,1.0238,1.0243,920367.5,15
2026-06-26 11:30:00,1.0244,1.0269,1.023,1.0234,638577.1,15
2026-06-26 11:45:00,1.0233,1.0238,1.0199,1.0227,1143579.0,15
2026-06-26 12:00:00,1.0227,1.025,1.0222,1.0238,1189157.4,15
2026-06-26 12:15:00,1.0238,1.0304,1.0237,1.0295,1659013.6,15
2026-06-26 12:30:00,1.0296,1.0339,1.0164,1.0194,2263006.4,15
2026-06-26 12:45:00,1.0195,1.0262,1.0182,1.0198,2098862.9,15
2026-06-26 13:00:00,1.0199,1.0227,1.0164,1.0193,1387454.5,15
2026-06-26 13:15:00,1.0194,1.0207,1.0113,1.0181,2743684.2,15
2026-06-26 13:30:00,1.0181,1.0273,1.0168,1.0267,2751766.6,15
2026-06-26 13:45:00,1.0266,1.0391,1.024,1.039,2263437.0,15
2026-06-26 14:00:00,1.039,1.044,1.0351,1.0416,5173520.0,15
2026-06-26 14:15:00,1.0416,1.0484,1.0365,1.0462,7162861.6,15
2026-06-26 14:30:00,1.0461,1.0467,1.0348,1.0392,6167679.2,15
2026-06-26 14:45:00,1.0393,1.0447,1.0363,1.037,5431544.8,15
2026-06-26 15:00:00,1.037,1.0441,1.0349,1.0381,1797270.2,15
2026-06-26 15:15:00,1.0381,1.0455,1.0374,1.0422,2356389.5,15
2026-06-26 15:30:00,1.0422,1.0496,1.0408,1.0488,2200629.1,15
2026-06-26 15:45:00,1.0489,1.049,1.04,1.0451,1732710.7,15
2026-06-26 16:00:00,1.0452,1.0537,1.0452,1.0458,2332923.3,15
2026-06-26 16:15:00,1.0459,1.0477,1.0401,1.0443,2086219.0999999999,15
2026-06-26 16:30:00,1.0443,1.0517,1.0443,1.0459,1857525.8,15
2026-06-26 16:45:00,1.0459,1.0485,1.0444,1.0448,1359455.3,15
2026-06-26 17:00:00,1.0448,1.0508,1.0444,1.0494,644386.7,15
2026-06-26 17:15:00,1.0495,1.0507,1.0465,1.0495,917896.3,15
2026-06-26 17:30:00,1.0495,1.0513,1.045,1.0492,1769352.5,15
2026-06-26 17:45:00,1.0492,1.0503,1.0472,1.0475,969259.0,15
2026-06-26 18:00:00,1.0476,1.0501,1.0465,1.0473,563710.9,15
2026-06-26 18:15:00,1.0474,1.0482,1.0426,1.0427,592827.4,15
2026-06-26 18:30:00,1.0427,1.0447,1.0417,1.0444,628255.7000000001,15
2026-06-26 18:45:00,1.0444,1.0444,1.0396,1.0408,565145.1,15
2026-06-26 19:00:00,1.0408,1.0468,1.0393,1.0442,630988.9,15
2026-06-26 19:15:00,1.0442,1.0476,1.0426,1.0439,1680279.6,15
2026-06-26 19:30:00,1.0439,1.0492,1.0437,1.0482,1003497.1,15
2026-06-26 19:45:00,1.0482,1.0537,1.0462,1.0478,1631414.9,15
2026-06-26 20:00:00,1.0479,1.0558,1.0467,1.0474,2995844.2,15
2026-06-26 20:15:00,1.0475,1.0505,1.047,1.0503,450942.2,15
2026-06-26 20:30:00,1.0503,1.0504,1.0433,1.0451,1001747.6,15
2026-06-26 20:45:00,1.0451,1.0474,1.0441,1.0447,645946.6,15
2026-06-26 21:00:00,1.0447,1.045,1.0407,1.0427,513592.2,15
2026-06-26 21:15:00,1.0427,1.0444,1.0409,1.0442,537637.8,15
2026-06-26 21:30:00,1.0441,1.0471,1.0436,1.0468,766552.6,15
2026-06-26 21:45:00,1.0469,1.0471,1.0425,1.0425,436115.6,15
2026-06-26 22:00:00,1.0425,1.0434,1.0382,1.0423,831748.9,15
2026-06-26 22:15:00,1.0423,1.044,1.0422,1.0435,352258.4,15
2026-06-26 22:30:00,1.0434,1.0465,1.0424,1.0458,465576.8,15
2026-06-26 22:45:00,1.0459,1.0483,1.0452,1.0483,379536.5,15
2026-06-26 23:00:00,1.0483,1.0496,1.0477,1.0496,420629.6,15
2026-06-26 23:15:00,1.0495,1.0496,1.0456,1.0456,583471.1,15
2026-06-26 23:30:00,1.0457,1.0499,1.0456,1.0493,375104.0,15
2026-06-26 23:45:00,1.0493,1.0499,1.0477,1.049,329636.4,15
2026-06-27 00:00:00,1.049,1.0523,1.0488,1.0509,775598.0,15
2026-06-27 00:15:00,1.0509,1.051,1.0472,1.0476,464970.5,15
2026-06-27 00:30:00,1.0476,1.0476,1.0441,1.045,714585.5,15
2026-06-27 00:45:00,1.0451,1.0481,1.0448,1.0479,191300.5,15
2026-06-27 01:00:00,1.0479,1.0493,1.046,1.049,253347.7,15
2026-06-27 01:15:00,1.0491,1.0512,1.048,1.0508,322905.3,15
2026-06-27 01:30:00,1.0508,1.0521,1.0494,1.0516,562420.5,15
2026-06-27 01:45:00,1.0517,1.0527,1.0505,1.0521,311119.2,15
2026-06-27 02:00:00,1.0522,1.0555,1.0511,1.0554,713233.9,15
2026-06-27 02:15:00,1.0555,1.0671,1.0555,1.0627,2312769.1,15
2026-06-27 02:30:00,1.0627,1.0667,1.0599,1.0636,2336986.9,15
2026-06-27 02:45:00,1.0635,1.0656,1.0618,1.0618,997971.0,15
2026-06-27 03:00:00,1.0618,1.0625,1.0566,1.0586,890403.7999999999,15
2026-06-27 03:15:00,1.0586,1.0627,1.0581,1.0615,639063.3,15
2026-06-27 03:30:00,1.0615,1.0619,1.0591,1.0605,897349.9,15
2026-06-27 03:45:00,1.0605,1.0609,1.0581,1.0591,534566.1,15
2026-06-27 04:00:00,1.0591,1.0624,1.059,1.062,680597.9,15
2026-06-27 04:15:00,1.062,1.0641,1.0609,1.0617,551902.2000000001,15
2026-06-27 04:30:00,1.0617,1.062,1.0596,1.0601,290543.7,15
2026-06-27 04:45:00,1.0601,1.0619,1.0593,1.0601,337326.2,15
2026-06-27 05:00:00,1.0602,1.0607,1.0566,1.0589,1175785.9,15
2026-06-27 05:15:00,1.0588,1.0588,1.053,1.054,726743.8,15
2026-06-27 05:30:00,1.054,1.0567,1.0539,1.0562,364905.6,15
2026-06-27 05:45:00,1.0562,1.0582,1.0556,1.058,632827.3,15
2026-06-27 06:00:00,1.058,1.0585,1.0541,1.0548,556341.6,15
2026-06-27 06:15:00,1.0548,1.0569,1.0543,1.0562,340046.2,15
2026-06-27 06:30:00,1.0563,1.0609,1.0562,1.0598,579780.4,15
2026-06-27 06:45:00,1.0598,1.0614,1.058,1.0599,1001095.9,15
2026-06-27 07:00:00,1.0599,1.0604,1.0579,1.0592,412508.3,15
2026-06-27 07:15:00,1.0592,1.0635,1.0588,1.0615,1173392.1,15
2026-06-27 07:30:00,1.0616,1.0616,1.0588,1.0595,341920.4,15
2026-06-27 07:45:00,1.0594,1.061,1.0578,1.0602,416763.2,15
2026-06-27 08:00:00,1.0603,1.0603,1.0575,1.058,277148.8,15
2026-06-27 08:15:00,1.058,1.0586,1.0564,1.057,361573.3,15
2026-06-27 08:30:00,1.057,1.0575,1.0553,1.0557,242108.1,15
2026-06-27 08:45:00,1.0557,1.0588,1.0556,1.0573,426154.1,15
2026-06-27 09:00:00,1.0574,1.0579,1.0547,1.0553,489307.7,15
2026-06-27 09:15:00,1.0553,1.0565,1.0543,1.0558,439560.0,15
2026-06-27 09:30:00,1.0558,1.0572,1.0556,1.0571,287728.8,15
2026-06-27 09:45:00,1.0572,1.0586,1.057,1.0584,369550.7,15
2026-06-27 10:00:00,1.0584,1.0592,1.0574,1.0588,183382.1,15
2026-06-27 10:15:00,1.0588,1.0597,1.0584,1.0584,262007.3,15
2026-06-27 10:30:00,1.0585,1.0585,1.0568,1.0573,347195.8,15
2026-06-27 10:45:00,1.0574,1.0595,1.057,1.0594,348071.3,15
2026-06-27 11:00:00,1.0594,1.0602,1.058,1.0591,315732.0,15
2026-06-27 11:15:00,1.0591,1.0591,1.0545,1.0551,328340.0,15
2026-06-27 11:30:00,1.0552,1.0576,1.0547,1.0574,386306.2,15
2026-06-27 11:45:00,1.0575,1.0605,1.0574,1.0594,486464.1,15
2026-06-27 12:00:00,1.0593,1.0596,1.0576,1.0584,491202.6,15
2026-06-27 12:15:00,1.0584,1.0601,1.0581,1.0588,160548.3,15
2026-06-27 12:30:00,1.0588,1.0598,1.0577,1.0589,273367.4,15
2026-06-27 12:45:00,1.059,1.0618,1.0584,1.061,382046.3,15
2026-06-27 13:00:00,1.0609,1.0634,1.06,1.0622,727277.2,15
2026-06-27 13:15:00,1.0622,1.0623,1.0606,1.0616,523055.0,15
2026-06-27 13:30:00,1.0615,1.0642,1.0607,1.0635,843644.5,15
2026-06-27 13:45:00,1.0634,1.0653,1.0622,1.0648,640438.5,15
2026-06-27 14:00:00,1.0648,1.0686,1.0631,1.0672,1526971.3,15
2026-06-27 14:15:00,1.0671,1.0675,1.0655,1.0664,483126.9,15
2026-06-27 14:30:00,1.0663,1.0668,1.0648,1.0666,355533.4,15
2026-06-27 14:45:00,1.0666,1.069,1.0664,1.0689,688631.9,15
2026-06-27 15:00:00,1.0689,1.0745,1.0683,1.0735,1653486.1,15
2026-06-27 15:15:00,1.0734,1.0743,1.0716,1.0741,1144115.8,15
2026-06-27 15:30:00,1.074,1.0762,1.0727,1.0759,748918.2,15
2026-06-27 15:45:00,1.076,1.0763,1.074,1.0752,1627420.5,15
2026-06-27 16:00:00,1.0753,1.0777,1.074,1.0764,1271243.2,15
2026-06-27 16:15:00,1.0764,1.0764,1.071,1.0724,671523.7,15
2026-06-27 16:30:00,1.0724,1.073,1.0709,1.0713,499049.3,15
2026-06-27 16:45:00,1.0713,1.0716,1.0693,1.0702,976096.4999999999,15
2026-06-27 17:00:00,1.0702,1.0708,1.0613,1.0636,1949975.4,15
2026-06-27 17:15:00,1.0637,1.0644,1.0616,1.063,505433.4,15
2026-06-27 17:30:00,1.063,1.0645,1.0615,1.063,751668.2000000001,15
2026-06-27 17:45:00,1.0629,1.063,1.0604,1.0605,442962.6,15
2026-06-27 18:00:00,1.0606,1.0609,1.0572,1.0591,987542.7,15
2026-06-27 18:15:00,1.0591,1.0599,1.0574,1.0583,515582.3,15
2026-06-27 18:30:00,1.0583,1.0596,1.0582,1.0589,156223.2,15
2026-06-27 18:45:00,1.0588,1.0602,1.0582,1.059,207672.1,15
2026-06-27 19:00:00,1.059,1.0601,1.0584,1.0594,568899.7,15
2026-06-27 19:15:00,1.0595,1.0595,1.0535,1.0557,1682187.6,15
2026-06-27 19:30:00,1.0556,1.0558,1.0525,1.0552,888735.1000000001,15
2026-06-27 19:45:00,1.0551,1.0563,1.0542,1.0544,345988.80000000005,15
2026-06-27 20:00:00,1.0545,1.0565,1.0542,1.0564,242084.2,15
2026-06-27 20:15:00,1.0564,1.0568,1.0552,1.0556,400423.2,15
2026-06-27 20:30:00,1.0555,1.0559,1.0541,1.0543,533280.8,15
2026-06-27 20:45:00,1.0542,1.0558,1.0542,1.0552,322107.3,15
2026-06-27 21:00:00,1.0552,1.0565,1.0549,1.0555,704260.9,15
2026-06-27 21:15:00,1.0555,1.0574,1.0552,1.0573,433517.1,15
2026-06-27 21:30:00,1.0574,1.0579,1.0527,1.053,614377.3,15
2026-06-27 21:45:00,1.053,1.055,1.0516,1.0531,423109.7,15
2026-06-27 22:00:00,1.0531,1.0531,1.0499,1.0512,630594.7000000001,15
2026-06-27 22:15:00,1.0511,1.0511,1.0455,1.0504,894207.1,15
2026-06-27 22:30:00,1.0503,1.0538,1.0502,1.0523,498470.0,15
2026-06-27 22:45:00,1.0523,1.054,1.0517,1.0536,319939.4,15
2026-06-27 23:00:00,1.0537,1.0555,1.0509,1.0509,644078.7,15
2026-06-27 23:15:00,1.0509,1.0521,1.0479,1.0485,615559.0,15
2026-06-27 23:30:00,1.0484,1.0502,1.0479,1.0496,494416.9,15
2026-06-27 23:45:00,1.0495,1.0497,1.047,1.0475,590020.2,15
2026-06-28 00:00:00,1.0474,1.0503,1.0469,1.049,686966.8,15
2026-06-28 00:15:00,1.049,1.0513,1.0485,1.051,338849.2,15
2026-06-28 00:30:00,1.051,1.051,1.0484,1.0499,322158.0,15
2026-06-28 00:45:00,1.0498,1.0506,1.0491,1.0499,247131.6,15
2026-06-28 01:00:00,1.05,1.0502,1.0459,1.0471,477300.6,15
2026-06-28 01:15:00,1.0471,1.0499,1.0469,1.0493,282076.3,15
2026-06-28 01:30:00,1.0494,1.0507,1.0492,1.0506,201471.0,15
2026-06-28 01:45:00,1.0506,1.0514,1.05,1.0513,211988.5,15
2026-06-28 02:00:00,1.0513,1.0535,1.0513,1.0528,974837.2,15
2026-06-28 02:15:00,1.0528,1.0533,1.0455,1.0477,525316.1,15
2026-06-28 02:30:00,1.0477,1.0487,1.0464,1.0469,252838.5,15
2026-06-28 02:45:00,1.0469,1.0473,1.046,1.0466,265034.5,15
2026-06-28 03:00:00,1.0467,1.0509,1.0467,1.05,236917.0,15
2026-06-28 03:15:00,1.0499,1.05,1.0482,1.049,348834.3,15
2026-06-28 03:30:00,1.0489,1.0498,1.0477,1.0484,161157.5,15
2026-06-28 03:45:00,1.0484,1.0503,1.0481,1.0499,132988.3,15
2026-06-28 04:00:00,1.05,1.0502,1.0479,1.0485,200150.59999999998,15
2026-06-28 04:15:00,1.0486,1.0504,1.0486,1.0492,123932.7,15
2026-06-28 04:30:00,1.0492,1.0498,1.0463,1.0496,287678.0,15
2026-06-28 04:45:00,1.0497,1.0506,1.0482,1.0486,217096.7,15
2026-06-28 05:00:00,1.0487,1.0487,1.0451,1.0465,272427.5,15
2026-06-28 05:15:00,1.0464,1.0477,1.0427,1.0436,843534.8999999999,15
2026-06-28 05:30:00,1.0436,1.0463,1.0427,1.0462,304985.6,15
2026-06-28 05:45:00,1.0462,1.0484,1.0458,1.0478,146278.9,15
2026-06-28 06:00:00,1.0478,1.0488,1.0422,1.0427,324912.1,15
2026-06-28 06:15:00,1.0427,1.0452,1.0419,1.0438,489161.7,15
2026-06-28 06:30:00,1.0438,1.0451,1.0437,1.0439,246633.3,15
2026-06-28 06:45:00,1.0439,1.0455,1.0431,1.0449,172328.3,15
2026-06-28 07:00:00,1.0449,1.0499,1.0448,1.0478,247195.6,15
2026-06-28 07:15:00,1.0479,1.0483,1.0468,1.0477,141360.6,15
2026-06-28 07:30:00,1.0477,1.0515,1.0476,1.0496,441153.2,15
2026-06-28 07:45:00,1.0496,1.0514,1.0483,1.0512,680715.5,15
2026-06-28 08:00:00,1.0512,1.0526,1.0506,1.0509,461919.5,15
2026-06-28 08:15:00,1.051,1.052,1.0503,1.0511,299685.5,15
2026-06-28 08:30:00,1.0511,1.0591,1.051,1.0567,1104107.8,15
2026-06-28 08:45:00,1.0568,1.058,1.0547,1.0547,603397.5,15
2026-06-28 09:00:00,1.0547,1.0555,1.0514,1.0527,1163611.5,15
2026-06-28 09:15:00,1.0527,1.0543,1.0526,1.0533,343633.7,15
2026-06-28 09:30:00,1.0533,1.0549,1.0529,1.0548,281098.3,15
2026-06-28 09:45:00,1.0547,1.0551,1.0488,1.0501,511662.6,15
2026-06-28 10:00:00,1.05,1.0513,1.0485,1.0496,273199.7,15
2026-06-28 10:15:00,1.0495,1.0508,1.046,1.0466,329228.39999999997,15
2026-06-28 10:30:00,1.0467,1.0481,1.0461,1.0479,317849.4,15
2026-06-28 10:45:00,1.0478,1.049,1.0476,1.0487,155669.8,15
2026-06-28 11:00:00,1.0487,1.0514,1.0474,1.0475,276018.2,15
2026-06-28 11:15:00,1.0476,1.0527,1.0468,1.0518,272199.9,15
2026-06-28 11:30:00,1.0518,1.0525,1.0495,1.0523,391081.6,15
2026-06-28 11:45:00,1.0523,1.0536,1.0509,1.0527,279100.0,15
2026-06-28 12:00:00,1.0528,1.0532,1.0507,1.0515,277186.4,15
2026-06-28 12:15:00,1.0516,1.0543,1.0491,1.0537,541188.1,15
2026-06-28 12:30:00,1.0536,1.0561,1.0504,1.0511,476242.5,15
2026-06-28 12:45:00,1.0512,1.0523,1.051,1.052,256497.5,15
2026-06-28 13:00:00,1.052,1.0526,1.0462,1.0496,729318.3,15
2026-06-28 13:15:00,1.0496,1.0506,1.0484,1.0495,289384.8,15
2026-06-28 13:30:00,1.0496,1.0525,1.0491,1.0525,344009.6,15
2026-06-28 13:45:00,1.0525,1.0527,1.0489,1.0496,160053.4,15
2026-06-28 14:00:00,1.0496,1.0532,1.0487,1.0532,418437.1,15
2026-06-28 14:15:00,1.0532,1.0574,1.0523,1.0542,713510.1,15
2026-06-28 14:30:00,1.0542,1.0554,1.0532,1.0539,503147.69999999995,15
2026-06-28 14:45:00,1.054,1.0559,1.0525,1.0525,497207.3,15
2026-06-28 15:00:00,1.0525,1.0556,1.0498,1.0547,524016.1,15
2026-06-28 15:15:00,1.0547,1.056,1.0532,1.0548,338313.0,15
2026-06-28 15:30:00,1.0548,1.0576,1.0529,1.0541,712626.5,15
2026-06-28 15:45:00,1.0541,1.0541,1.0501,1.0526,484276.4,15
2026-06-28 16:00:00,1.0526,1.0535,1.0509,1.0513,338266.2,15
2026-06-28 16:15:00,1.0513,1.053,1.0476,1.049,463913.5,15
2026-06-28 16:30:00,1.0489,1.0493,1.0441,1.0449,964704.6,15
2026-06-28 16:45:00,1.0449,1.0474,1.044,1.0473,275466.6,15
2026-06-28 17:00:00,1.0474,1.0498,1.0438,1.0452,535789.8,15
2026-06-28 17:15:00,1.0452,1.0457,1.0435,1.0446,528885.7,15
2026-06-28 17:30:00,1.0446,1.0462,1.0413,1.0454,576190.3,15
2026-06-28 17:45:00,1.0454,1.0483,1.0451,1.0474,123928.1,15
2026-06-28 18:00:00,1.0473,1.0486,1.0462,1.0464,509711.89999999997,15
2026-06-28 18:15:00,1.0464,1.0465,1.0439,1.0443,151813.69999999998,15
2026-06-28 18:30:00,1.0444,1.0463,1.0434,1.0457,346439.2,15
2026-06-28 18:45:00,1.0456,1.0477,1.0444,1.0468,111927.3,15
2026-06-28 19:00:00,1.0468,1.0468,1.0435,1.0447,222813.9,15
2026-06-28 19:15:00,1.0448,1.0464,1.0435,1.0462,150735.5,15
2026-06-28 19:30:00,1.0462,1.0494,1.0439,1.0439,404351.8,15
2026-06-28 19:45:00,1.0439,1.0449,1.0391,1.0446,1388998.7999999998,15
2026-06-28 20:00:00,1.0445,1.0483,1.0439,1.0477,412203.9,15
2026-06-28 20:15:00,1.0476,1.0501,1.0468,1.0478,930632.3,15
2026-06-28 20:30:00,1.0478,1.0486,1.0465,1.0468,512274.50000000006,15
2026-06-28 20:45:00,1.0468,1.0486,1.0461,1.0468,380041.3,15
2026-06-28 21:00:00,1.0468,1.0468,1.0436,1.0451,492994.2,15
2026-06-28 21:15:00,1.045,1.0451,1.0426,1.0437,318752.60000000003,15
2026-06-28 21:30:00,1.0437,1.0458,1.0436,1.0448,358218.5,15
2026-06-28 21:45:00,1.0448,1.045,1.0383,1.041,719368.8,15
2026-06-28 22:00:00,1.041,1.0524,1.041,1.0465,1699069.5,15
2026-06-28 22:15:00,1.0464,1.0465,1.0392,1.0436,1098895.5,15
2026-06-28 22:30:00,1.0436,1.0456,1.0391,1.0397,870165.3,15
2026-06-28 22:45:00,1.0398,1.0414,1.0333,1.0382,2292840.4000000004,15
2026-06-28 23:00:00,1.0381,1.0446,1.0372,1.042,933418.5,15
2026-06-28 23:15:00,1.0419,1.0467,1.0414,1.0461,564430.3,15
2026-06-28 23:30:00,1.046,1.0523,1.0458,1.05,1210536.4,15
2026-06-28 23:45:00,1.05,1.0517,1.0483,1.0485,521768.0,15
2026-06-29 00:00:00,1.0485,1.0495,1.0419,1.0469,1129568.1,15
2026-06-29 00:15:00,1.0469,1.0474,1.0374,1.0374,1098378.2,15
2026-06-29 00:30:00,1.0375,1.0436,1.0338,1.0433,1647047.1,15
2026-06-29 00:45:00,1.0433,1.0481,1.0381,1.0476,1127234.1,15
2026-06-29 01:00:00,1.0476,1.0485,1.0431,1.0442,715674.4,15
2026-06-29 01:15:00,1.0443,1.0451,1.0397,1.0413,686512.5,15
2026-06-29 01:30:00,1.0412,1.0464,1.0394,1.0451,784299.1,15
2026-06-29 01:45:00,1.0451,1.0459,1.0433,1.0434,956610.1,15
2026-06-29 02:00:00,1.0433,1.0439,1.0322,1.035,1439103.4000000001,15
2026-06-29 02:15:00,1.0351,1.046,1.0342,1.045,1310346.5,15
2026-06-29 02:30:00,1.045,1.0479,1.0432,1.0469,1617745.7,15
2026-06-29 02:45:00,1.047,1.0485,1.0457,1.0464,1314020.7,15
2026-06-29 03:00:00,1.0464,1.0554,1.0463,1.0528,2162619.2,15
2026-06-29 03:15:00,1.0527,1.056,1.0508,1.0555,1277981.8,15
2026-06-29 03:30:00,1.0555,1.0557,1.0484,1.0487,824433.6,15
2026-06-29 03:45:00,1.0486,1.0512,1.0477,1.0508,760255.8,15
2026-06-29 04:00:00,1.0509,1.0509,1.0458,1.0465,822424.5,15
2026-06-29 04:15:00,1.0465,1.0478,1.0443,1.047,659223.6,15
2026-06-29 04:30:00,1.047,1.0472,1.0421,1.0434,865705.0,15
2026-06-29 04:45:00,1.0435,1.0458,1.0425,1.0434,622248.3,15
2026-06-29 05:00:00,1.0435,1.0441,1.0361,1.0394,1319660.1,15
2026-06-29 05:15:00,1.0394,1.043,1.0391,1.042,901416.7,15
2026-06-29 05:30:00,1.0421,1.046,1.0407,1.0457,423391.6,15
2026-06-29 05:45:00,1.0456,1.0487,1.0436,1.0486,423359.2,15
2026-06-29 06:00:00,1.0487,1.0547,1.0485,1.0527,1915654.0,15
2026-06-29 06:15:00,1.0527,1.0549,1.0519,1.052,1217245.1,15
2026-06-29 06:30:00,1.0521,1.053,1.0475,1.0485,671393.2,15
2026-06-29 06:45:00,1.0485,1.0503,1.0485,1.0495,385594.5,15
2026-06-29 07:00:00,1.0495,1.0497,1.0457,1.0496,375624.5,15
2026-06-29 07:15:00,1.0497,1.0525,1.0482,1.0505,346705.8,15
2026-06-29 07:30:00,1.0505,1.0518,1.0476,1.0484,540028.1,15
2026-06-29 07:45:00,1.0484,1.0517,1.0478,1.0493,466615.9,15
2026-06-29 08:00:00,1.0492,1.0511,1.047,1.048,330976.0,15
2026-06-29 08:15:00,1.0479,1.05,1.0432,1.044,687571.1,15
2026-06-29 08:30:00,1.044,1.0458,1.0421,1.0451,456632.60000000003,15
2026-06-29 08:45:00,1.045,1.0467,1.0438,1.0439,791275.4,15
2026-06-29 09:00:00,1.0439,1.0471,1.0433,1.0469,341829.2,15
2026-06-29 09:15:00,1.0468,1.0504,1.0446,1.0487,620326.6,15
2026-06-29 09:30:00,1.0488,1.0497,1.047,1.0491,395472.3,15
2026-06-29 09:45:00,1.0491,1.0504,1.0466,1.0494,946893.8,15
2026-06-29 10:00:00,1.0495,1.0555,1.0495,1.0549,976537.2,15
2026-06-29 10:15:00,1.0549,1.0554,1.0533,1.0536,733197.2000000001,15
2026-06-29 10:30:00,1.0535,1.0542,1.0509,1.054,664250.9,15
2026-06-29 10:45:00,1.0539,1.0545,1.0516,1.052,913489.0,15
2026-06-29 11:00:00,1.0519,1.053,1.0493,1.0495,653618.9,15
2026-06-29 11:15:00,1.0494,1.055,1.048,1.0544,1139808.5,15
2026-06-29 11:30:00,1.0544,1.0612,1.0525,1.0535,2264169.2,15
2026-06-29 11:45:00,1.0535,1.0544,1.0514,1.0536,717954.3,15
2026-06-29 12:00:00,1.0535,1.0663,1.0484,1.0639,3594836.3,15
2026-06-29 12:15:00,1.0639,1.0653,1.0599,1.0632,1392411.1,15
2026-06-29 12:30:00,1.0633,1.0642,1.0538,1.0552,1820569.2,15
2026-06-29 12:45:00,1.0553,1.0573,1.0523,1.0554,1045360.7,15
2026-06-29 13:00:00,1.0554,1.0625,1.0554,1.0609,1068677.8,15
2026-06-29 13:15:00,1.0609,1.0619,1.0556,1.0557,918392.5,15
2026-06-29 13:30:00,1.0556,1.0611,1.046,1.0465,3250586.5,15
2026-06-29 13:45:00,1.0464,1.051,1.0446,1.0506,1773419.0,15
2026-06-29 14:00:00,1.0506,1.0515,1.0425,1.0426,1892918.8,15
2026-06-29 14:15:00,1.0426,1.0472,1.0402,1.0452,1978141.8,15
2026-06-29 14:30:00,1.0452,1.0482,1.0425,1.044,1185764.1,15
2026-06-29 14:45:00,1.0439,1.0498,1.0425,1.0496,759830.3,15
2026-06-29 15:00:00,1.0497,1.0498,1.0411,1.043,890893.8,15
2026-06-29 15:15:00,1.043,1.0473,1.0421,1.0465,888319.5,15
2026-06-29 15:30:00,1.0466,1.0519,1.0461,1.051,1450324.2,15
2026-06-29 15:45:00,1.051,1.0522,1.049,1.0494,989573.4,15
2026-06-29 16:00:00,1.0495,1.0512,1.0471,1.0478,478002.7,15
2026-06-29 16:15:00,1.0479,1.0489,1.0431,1.0433,420289.8,15
2026-06-29 16:30:00,1.0433,1.0499,1.0433,1.0497,890970.9,15
2026-06-29 16:45:00,1.0498,1.0537,1.049,1.051,822016.1,15
2026-06-29 17:00:00,1.0509,1.0648,1.0507,1.0634,2390812.6,15
2026-06-29 17:15:00,1.0635,1.0679,1.0616,1.0656,2503555.6,15
2026-06-29 17:30:00,1.0655,1.069,1.0641,1.0682,1658733.5,15
2026-06-29 17:45:00,1.0682,1.069,1.0655,1.0657,1094257.8,15
2026-06-29 18:00:00,1.0657,1.0695,1.0642,1.0689,710405.1,15
2026-06-29 18:15:00,1.069,1.0695,1.0643,1.0648,829920.7,15
2026-06-29 18:30:00,1.0648,1.0672,1.0628,1.0664,612723.7,15
2026-06-29 18:45:00,1.0664,1.0665,1.0637,1.0649,216142.7,15
2026-06-29 19:00:00,1.065,1.0674,1.0638,1.0652,672294.0,15
2026-06-29 19:15:00,1.0652,1.0723,1.0648,1.0709,792386.6,15
2026-06-29 19:30:00,1.0709,1.0762,1.0696,1.0758,1553720.9,15
2026-06-29 19:45:00,1.0757,1.0768,1.0706,1.0753,2063455.1,15
2026-06-29 20:00:00,1.0753,1.0755,1.0692,1.0698,645918.5,15
2026-06-29 20:15:00,1.0697,1.0702,1.0677,1.068,540702.4,15
2026-06-29 20:30:00,1.068,1.0689,1.0657,1.0667,442074.7,15
2026-06-29 20:45:00,1.0667,1.0667,1.063,1.0638,666565.1,15
2026-06-29 21:00:00,1.0638,1.0645,1.0601,1.0636,1380099.8,15
2026-06-29 21:15:00,1.0635,1.0636,1.061,1.0634,510960.0,15
2026-06-29 21:30:00,1.0633,1.0645,1.0626,1.0641,582322.8,15
2026-06-29 21:45:00,1.0641,1.066,1.0639,1.0648,623800.3,15
2026-06-29 22:00:00,1.0649,1.0656,1.0621,1.0627,318437.2,15
2026-06-29 22:15:00,1.0628,1.064,1.0612,1.0624,302103.7,15
2026-06-29 22:30:00,1.0624,1.0625,1.0595,1.0615,375551.1,15
2026-06-29 22:45:00,1.0616,1.0619,1.0594,1.0595,396959.1,15
2026-06-29 23:00:00,1.0595,1.0598,1.0581,1.0587,398404.7,15
2026-06-29 23:15:00,1.0587,1.059,1.0558,1.0563,746078.2,15
2026-06-29 23:30:00,1.0562,1.0589,1.0556,1.0583,451549.6,15
2026-06-29 23:45:00,1.0584,1.06,1.0583,1.059,326059.0,15
2026-06-30 00:00:00,1.0589,1.0595,1.0561,1.0576,945411.2000000001,15
2026-06-30 00:15:00,1.0576,1.0585,1.0528,1.0531,424495.4,15
2026-06-30 00:30:00,1.0531,1.0531,1.0486,1.0501,1115483.5,15
2026-06-30 00:45:00,1.0501,1.0519,1.0487,1.0489,607544.8,15
2026-06-30 01:00:00,1.0489,1.0502,1.0475,1.0495,381087.7,15
2026-06-30 01:15:00,1.0496,1.0522,1.049,1.0522,386463.7,15
2026-06-30 01:30:00,1.0522,1.0522,1.0478,1.0489,627537.0,15
2026-06-30 01:45:00,1.0489,1.0502,1.0488,1.0501,421589.89999999997,15
2026-06-30 02:00:00,1.0502,1.0504,1.0471,1.0474,292012.9,15
2026-06-30 02:15:00,1.0474,1.0503,1.0463,1.05,444951.9,15
2026-06-30 02:30:00,1.05,1.0507,1.0489,1.0506,667365.8,15
2026-06-30 02:45:00,1.0506,1.0525,1.0502,1.0507,364563.0,15
2026-06-30 03:00:00,1.0506,1.0517,1.05,1.0502,474189.0,15
2026-06-30 03:15:00,1.0503,1.0529,1.0493,1.0507,432628.9,15
2026-06-30 03:30:00,1.0508,1.051,1.0495,1.0503,297542.8,15
2026-06-30 03:45:00,1.0503,1.0503,1.0441,1.0455,3457719.0,15
2026-06-30 04:00:00,1.0455,1.0458,1.0428,1.0453,573997.4,15
2026-06-30 04:15:00,1.0454,1.0458,1.0433,1.0456,385713.3,15
2026-06-30 04:30:00,1.0455,1.048,1.0455,1.0479,434396.1,15
2026-06-30 04:45:00,1.048,1.048,1.046,1.0465,256646.6,15
2026-06-30 05:00:00,1.0465,1.0477,1.0462,1.0475,326026.6,15
2026-06-30 05:15:00,1.0475,1.0476,1.0457,1.0459,359431.8,15
2026-06-30 05:30:00,1.0459,1.0486,1.0454,1.0472,485772.1,15
2026-06-30 05:45:00,1.0471,1.0495,1.0471,1.0494,287214.3,15
2026-06-30 06:00:00,1.0495,1.0498,1.0478,1.0486,255480.1,15
2026-06-30 06:15:00,1.0485,1.0512,1.0477,1.0512,425462.1,15
2026-06-30 06:30:00,1.0511,1.0514,1.049,1.0495,395742.2,15
2026-06-30 06:45:00,1.0495,1.0507,1.0493,1.0498,288300.9,15
2026-06-30 07:00:00,1.0498,1.0507,1.0468,1.0474,613049.5,15
2026-06-30 07:15:00,1.0475,1.0489,1.0471,1.0476,543238.8,15
2026-06-30 07:30:00,1.0477,1.0487,1.0473,1.0474,420552.3,15
2026-06-30 07:45:00,1.0473,1.0481,1.0467,1.0474,357136.6,15
2026-06-30 08:00:00,1.0474,1.0483,1.0462,1.0462,446535.4,15
2026-06-30 08:15:00,1.0462,1.0462,1.0447,1.0454,657525.7999999999,15
2026-06-30 08:30:00,1.0455,1.0456,1.041,1.0435,2110236.2,15
2026-06-30 08:45:00,1.0436,1.0458,1.0417,1.045,849229.1,15
2026-06-30 09:00:00,1.0449,1.0462,1.0444,1.0451,392314.7,15
2026-06-30 09:15:00,1.0451,1.0451,1.0428,1.0433,323504.0,15
2026-06-30 09:30:00,1.0433,1.0445,1.0422,1.0437,381058.5,15
2026-06-30 09:45:00,1.0438,1.0446,1.0431,1.044,302631.0,15
2026-06-30 10:00:00,1.0441,1.0444,1.042,1.0429,498542.3,15
2026-06-30 10:15:00,1.0429,1.044,1.0423,1.0427,489017.4,15
2026-06-30 10:30:00,1.0427,1.0428,1.0415,1.0425,381204.3,15
2026-06-30 10:45:00,1.0426,1.0438,1.0419,1.0421,630991.5,15
2026-06-30 11:00:00,1.0421,1.0433,1.0411,1.043,489824.3,15
2026-06-30 11:15:00,1.0431,1.0438,1.0407,1.0411,575292.3,15
2026-06-30 11:30:00,1.0411,1.0415,1.0385,1.041,916768.7,15
2026-06-30 11:45:00,1.041,1.0422,1.0371,1.0389,949195.7,15
2026-06-30 12:00:00,1.0389,1.0389,1.0341,1.0344,978538.8,15
2026-06-30 12:15:00,1.0344,1.0353,1.0302,1.0321,1517497.5,15
2026-06-30 12:30:00,1.032,1.033,1.0308,1.0316,683161.8,15
2026-06-30 12:45:00,1.0317,1.0321,1.0274,1.0278,1930155.6,15
2026-06-30 13:00:00,1.0279,1.0333,1.0275,1.0311,1576616.4,15
2026-06-30 13:15:00,1.0312,1.0323,1.0306,1.032,676136.7,15
2026-06-30 13:30:00,1.032,1.0361,1.0279,1.0321,1713312.2,15
2026-06-30 13:45:00,1.032,1.0357,1.0294,1.0354,1768081.4000000001,15
2026-06-30 14:00:00,1.0354,1.0432,1.0341,1.0405,2197143.7,15
2026-06-30 14:15:00,1.0404,1.0449,1.0394,1.044,1552005.4000000001,15
2026-06-30 14:30:00,1.044,1.0453,1.0379,1.0426,1187893.5,15
2026-06-30 14:45:00,1.0426,1.0426,1.033,1.0346,1076174.8,15
2026-06-30 15:00:00,1.0346,1.0364,1.0302,1.0342,1113960.3,15
2026-06-30 15:15:00,1.0343,1.0348,1.0297,1.0328,998805.6,15
2026-06-30 15:30:00,1.0327,1.0364,1.032,1.0352,1034774.2,15
2026-06-30 15:45:00,1.0353,1.0411,1.0337,1.034,804203.1,15
2026-06-30 16:00:00,1.034,1.0386,1.0331,1.0337,823713.0,15
2026-06-30 16:15:00,1.0338,1.0353,1.0318,1.0334,742663.4,15
2026-06-30 16:30:00,1.0335,1.041,1.0322,1.0375,1244146.8,15
2026-06-30 16:45:00,1.0374,1.044,1.0373,1.0414,904113.5,15
2026-06-30 17:00:00,1.0414,1.0445,1.04,1.0403,531412.2,15
2026-06-30 17:15:00,1.0403,1.0422,1.0388,1.039,648388.8,15
2026-06-30 17:30:00,1.039,1.0408,1.038,1.0399,589375.9,15
2026-06-30 17:45:00,1.0398,1.0407,1.0386,1.0386,295919.0,15
2026-06-30 18:00:00,1.0387,1.0422,1.0376,1.0418,381237.2,15
2026-06-30 18:15:00,1.0419,1.0478,1.0408,1.0433,715724.1,15
2026-06-30 18:30:00,1.0433,1.0437,1.0401,1.0418,312322.8,15
2026-06-30 18:45:00,1.0418,1.045,1.0415,1.0434,497669.5,15
2026-06-30 19:00:00,1.0433,1.044,1.0406,1.0412,338318.5,15
2026-06-30 19:15:00,1.0412,1.0414,1.0387,1.0414,462147.19999999995,15
2026-06-30 19:30:00,1.0414,1.0462,1.0411,1.0453,374779.8,15
2026-06-30 19:45:00,1.0453,1.05,1.0428,1.0449,1692106.9,15
2026-06-30 20:00:00,1.0448,1.0468,1.044,1.0451,454144.39999999997,15
2026-06-30 20:15:00,1.0452,1.0454,1.042,1.0428,363725.2,15
2026-06-30 20:30:00,1.0427,1.0442,1.0411,1.0426,246865.6,15
2026-06-30 20:45:00,1.0425,1.0455,1.0416,1.0418,526629.2,15
2026-06-30 21:00:00,1.0419,1.0428,1.0387,1.0413,894317.1000000001,15
2026-06-30 21:15:00,1.0412,1.0421,1.0394,1.0409,459901.0,15
2026-06-30 21:30:00,1.0409,1.0423,1.0405,1.0406,228727.4,15
2026-06-30 21:45:00,1.0406,1.0416,1.0397,1.0415,287542.1,15
2026-06-30 22:00:00,1.0415,1.0437,1.0411,1.0423,483527.4,15
2026-06-30 22:15:00,1.0423,1.0445,1.0419,1.0423,416125.3,15
2026-06-30 22:30:00,1.0422,1.0423,1.0391,1.0397,701014.2,15
2026-06-30 22:45:00,1.0397,1.0408,1.0389,1.0406,355711.3,15
2026-06-30 23:00:00,1.0407,1.0409,1.0388,1.0394,343312.1,15
2026-06-30 23:15:00,1.0393,1.0405,1.0388,1.0393,358710.0,15
2026-06-30 23:30:00,1.0393,1.04,1.0382,1.0397,439690.4,15
2026-06-30 23:45:00,1.0396,1.0408,1.0396,1.0401,287725.2,15
2026-07-01 00:00:00,1.0401,1.0412,1.0384,1.0399,695832.5,15
2026-07-01 00:15:00,1.0399,1.0404,1.0353,1.0367,1427326.8,15
2026-07-01 00:30:00,1.0367,1.04,1.0352,1.0357,764994.6,15
2026-07-01 00:45:00,1.0356,1.0382,1.0354,1.0373,435466.2,15
2026-07-01 01:00:00,1.0373,1.0379,1.022,1.0304,4502108.5,15
2026-07-01 01:15:00,1.0305,1.035,1.0281,1.033,2013885.7,15
2026-07-01 01:30:00,1.0329,1.0434,1.0325,1.0413,1496008.2,15
2026-07-01 01:45:00,1.0414,1.0435,1.0399,1.0414,1073742.5,15
2026-07-01 02:00:00,1.0414,1.0428,1.0383,1.0412,1396282.4,15
2026-07-01 02:15:00,1.0412,1.0463,1.0407,1.0448,778046.5,15
2026-07-01 02:30:00,1.0449,1.0479,1.0436,1.0477,1153953.0,15
2026-07-01 02:45:00,1.0476,1.0477,1.0449,1.046,789320.5,15
2026-07-01 03:00:00,1.0461,1.0486,1.045,1.045,864965.7,15
2026-07-01 03:15:00,1.0451,1.0458,1.0424,1.0458,836628.5,15
2026-07-01 03:30:00,1.0459,1.0521,1.0451,1.0487,1559940.3,15
2026-07-01 03:45:00,1.0486,1.0531,1.0486,1.0509,1219259.7,15
2026-07-01 04:00:00,1.051,1.0514,1.0488,1.0493,599150.9,15
2026-07-01 04:15:00,1.0494,1.0518,1.0494,1.0514,553282.6,15
2026-07-01 04:30:00,1.0515,1.0528,1.0498,1.0522,688583.5,15
2026-07-01 04:45:00,1.0523,1.0544,1.0513,1.0516,890753.0,15
2026-07-01 05:00:00,1.0517,1.0534,1.0502,1.0509,405416.2,15
2026-07-01 05:15:00,1.0508,1.0522,1.0492,1.0494,649752.6,15
2026-07-01 05:30:00,1.0494,1.0502,1.0485,1.0497,595656.9,15
2026-07-01 05:45:00,1.0498,1.0513,1.0496,1.0508,374964.3,15
2026-07-01 06:00:00,1.0509,1.051,1.0482,1.0492,395839.60000000003,15
2026-07-01 06:15:00,1.0491,1.0497,1.045,1.0476,708803.6,15
2026-07-01 06:30:00,1.0476,1.0485,1.0402,1.0423,2999482.4,15
2026-07-01 06:45:00,1.0423,1.0427,1.0394,1.0423,378647.1,15
2026-07-01 07:00:00,1.0424,1.043,1.0392,1.0419,646833.4,15
2026-07-01 07:15:00,1.0418,1.0443,1.0409,1.0422,374493.60000000003,15
2026-07-01 07:30:00,1.0422,1.0428,1.0404,1.0419,468491.3,15
2026-07-01 07:45:00,1.0419,1.0444,1.0411,1.0441,525921.5,15
2026-07-01 08:00:00,1.044,1.0445,1.0417,1.0423,525320.9,15
2026-07-01 08:15:00,1.0422,1.0425,1.0396,1.0403,745276.1,15
2026-07-01 08:30:00,1.0402,1.0428,1.0382,1.0427,711059.7,15
2026-07-01 08:45:00,1.0426,1.048,1.0415,1.0475,602674.2,15
2026-07-01 09:00:00,1.0476,1.0492,1.0458,1.0467,494000.0,15
2026-07-01 09:15:00,1.0468,1.0479,1.0455,1.0468,431580.7,15
2026-07-01 09:30:00,1.0469,1.0474,1.046,1.0464,686323.2,15
2026-07-01 09:45:00,1.0465,1.0472,1.0445,1.046,978205.7,15
2026-07-01 10:00:00,1.046,1.0467,1.0426,1.0429,626385.8,15
2026-07-01 10:15:00,1.043,1.0432,1.0397,1.0412,601204.4,15
2026-07-01 10:30:00,1.0412,1.0421,1.0394,1.0396,417672.6,15
2026-07-01 10:45:00,1.0395,1.0422,1.0395,1.0403,462725.19999999995,15
2026-07-01 11:00:00,1.0403,1.0428,1.0381,1.0416,919677.9,15
2026-07-01 11:15:00,1.0416,1.0424,1.0391,1.0398,979262.7000000001,15
2026-07-01 11:30:00,1.0399,1.0403,1.0382,1.0397,648514.5,15
2026-07-01 11:45:00,1.0398,1.0403,1.0367,1.0386,822242.3,15
2026-07-01 12:00:00,1.0386,1.0399,1.0353,1.0362,943046.2,15
2026-07-01 12:15:00,1.0363,1.0381,1.0361,1.0374,609157.3,15
2026-07-01 12:30:00,1.0373,1.039,1.0349,1.0357,874738.1,15
2026-07-01 12:45:00,1.0357,1.0377,1.0345,1.0373,943787.8,15
2026-07-01 13:00:00,1.0374,1.0416,1.0373,1.0408,600238.9,15
2026-07-01 13:15:00,1.0407,1.0437,1.0405,1.043,795070.3,15
2026-07-01 13:30:00,1.0429,1.0448,1.0367,1.0442,2184289.1,15
2026-07-01 13:45:00,1.0442,1.0496,1.043,1.0494,2036581.5999999999,15
2026-07-01 14:00:00,1.0494,1.0565,1.0466,1.056,1935472.9,15
2026-07-01 14:15:00,1.056,1.0606,1.0546,1.0549,2336399.4,15
2026-07-01 14:30:00,1.0548,1.0555,1.0496,1.0502,1230466.3,15
2026-07-01 14:45:00,1.0503,1.0535,1.0469,1.0522,957384.2000000001,15
2026-07-01 15:00:00,1.0521,1.0585,1.0516,1.0567,1019963.5,15
2026-07-01 15:15:00,1.0568,1.0654,1.0556,1.063,3096238.6999999997,15
2026-07-01 15:30:00,1.0631,1.0635,1.0602,1.063,1016027.9,15
2026-07-01 15:45:00,1.063,1.0632,1.0597,1.0606,644898.0,15
2026-07-01 16:00:00,1.0606,1.0609,1.0585,1.0591,575986.7,15
2026-07-01 16:15:00,1.0592,1.0648,1.0588,1.0626,1162296.2,15
2026-07-01 16:30:00,1.0626,1.0629,1.0588,1.0602,605597.6,15
2026-07-01 16:45:00,1.0601,1.0601,1.0556,1.0572,908978.3,15
2026-07-01 17:00:00,1.0572,1.0576,1.0547,1.0576,461856.0,15
2026-07-01 17:15:00,1.0575,1.0629,1.0569,1.0611,569004.5,15
2026-07-01 17:30:00,1.061,1.0624,1.0596,1.0607,362403.4,15
2026-07-01 17:45:00,1.0607,1.0629,1.0606,1.0619,447315.2,15
2026-07-01 18:00:00,1.062,1.0638,1.0606,1.0624,529469.0,15
2026-07-01 18:15:00,1.0623,1.0642,1.0615,1.0625,507562.0,15
2026-07-01 18:30:00,1.0624,1.0626,1.0603,1.0622,470342.3,15
2026-07-01 18:45:00,1.0622,1.0623,1.0581,1.0603,386108.0,15
2026-07-01 19:00:00,1.0602,1.0647,1.0601,1.0644,467474.1,15
2026-07-01 19:15:00,1.0644,1.0656,1.0614,1.0614,394305.2,15
2026-07-01 19:30:00,1.0614,1.0642,1.0613,1.0623,489140.4,15
2026-07-01 19:45:00,1.0623,1.0627,1.059,1.0614,1400111.9,15
2026-07-01 20:00:00,1.0614,1.0617,1.057,1.0588,555878.2,15
2026-07-01 20:15:00,1.0588,1.0592,1.0561,1.0578,355566.2,15
2026-07-01 20:30:00,1.0577,1.0589,1.0562,1.0571,449694.9,15
2026-07-01 20:45:00,1.0571,1.0602,1.0571,1.0583,456725.4,15
2026-07-01 21:00:00,1.0583,1.0631,1.058,1.063,899072.8,15
2026-07-01 21:15:00,1.0631,1.0643,1.0617,1.063,863403.7,15
2026-07-01 21:30:00,1.0631,1.0692,1.063,1.0663,1513707.7,15
2026-07-01 21:45:00,1.0662,1.0688,1.0662,1.0665,586630.6,15
2026-07-01 22:00:00,1.0664,1.0684,1.0657,1.0671,887385.5,15
2026-07-01 22:15:00,1.0672,1.0738,1.0664,1.0666,2470757.4,15
2026-07-01 22:30:00,1.0666,1.0679,1.0634,1.0635,627410.3,15
2026-07-01 22:45:00,1.0635,1.0635,1.0601,1.0616,1193443.3,15
2026-07-01 23:00:00,1.0615,1.0615,1.0556,1.056,1011603.0,15
2026-07-01 23:15:00,1.0561,1.0574,1.0545,1.055,1034454.2,15
2026-07-01 23:30:00,1.055,1.0561,1.0526,1.0546,681871.4,15
2026-07-01 23:45:00,1.0546,1.0551,1.0521,1.053,503399.5,15
2026-07-02 00:00:00,1.0531,1.0531,1.0505,1.0515,709444.9,15
2026-07-02 00:15:00,1.0515,1.0519,1.0479,1.0479,557769.2,15
2026-07-02 00:30:00,1.0478,1.0482,1.0451,1.0462,1203326.0,15
2026-07-02 00:45:00,1.0462,1.0484,1.0462,1.0478,662465.4,15
2026-07-02 01:00:00,1.0479,1.0512,1.0469,1.0512,482206.8,15
2026-07-02 01:15:00,1.0512,1.0539,1.0503,1.0539,309366.8,15
2026-07-02 01:30:00,1.054,1.06,1.054,1.0575,765124.9,15
2026-07-02 01:45:00,1.0576,1.0591,1.0557,1.0574,310204.3,15
2026-07-02 02:00:00,1.0574,1.0587,1.055,1.0564,524625.1,15
2026-07-02 02:15:00,1.0565,1.0591,1.0565,1.0583,419423.5,15
2026-07-02 02:30:00,1.0583,1.0612,1.0577,1.0606,243447.0,15
2026-07-02 02:45:00,1.0605,1.0614,1.058,1.0601,312311.6,15
2026-07-02 03:00:00,1.0602,1.0607,1.0582,1.0592,275463.7,15
2026-07-02 03:15:00,1.0592,1.0645,1.0564,1.0627,1186418.5,15
2026-07-02 03:30:00,1.0627,1.0666,1.0617,1.066,1008661.8,15
2026-07-02 03:45:00,1.0659,1.0703,1.0645,1.0678,1815982.5,15
2026-07-02 04:00:00,1.0679,1.0682,1.0639,1.0653,559973.8,15
2026-07-02 04:15:00,1.0652,1.0661,1.0625,1.0636,619914.0,15
2026-07-02 04:30:00,1.0636,1.0643,1.0616,1.0643,849753.2999999999,15
2026-07-02 04:45:00,1.0643,1.0662,1.064,1.0648,348182.60000000003,15
2026-07-02 05:00:00,1.0647,1.0665,1.063,1.0658,338154.8,15
2026-07-02 05:15:00,1.0658,1.0664,1.0636,1.0637,477016.2,15
2026-07-02 05:30:00,1.0637,1.0642,1.0602,1.0603,519491.9,15
2026-07-02 05:45:00,1.0602,1.0604,1.0587,1.0599,264813.3,15
2026-07-02 06:00:00,1.0598,1.0601,1.0575,1.0578,266582.8,15
2026-07-02 06:15:00,1.0577,1.0613,1.0574,1.0591,344376.7,15
2026-07-02 06:30:00,1.0592,1.062,1.0589,1.0595,400979.4,15
2026-07-02 06:45:00,1.0595,1.0596,1.0557,1.0565,809411.3,15
2026-07-02 07:00:00,1.0564,1.058,1.0557,1.0573,314208.3,15
2026-07-02 07:15:00,1.0573,1.0585,1.0562,1.0566,285031.7,15
2026-07-02 07:30:00,1.0566,1.0592,1.0563,1.059,676802.8,15
2026-07-02 07:45:00,1.059,1.06,1.058,1.0587,289186.7,15
2026-07-02 08:00:00,1.0587,1.0607,1.0585,1.0593,211333.3,15
2026-07-02 08:15:00,1.0593,1.0634,1.0592,1.062,493435.3,15
2026-07-02 08:30:00,1.062,1.0641,1.0613,1.064,578656.5,15
2026-07-02 08:45:00,1.0639,1.065,1.0632,1.0642,420163.5,15
2026-07-02 09:00:00,1.0643,1.0648,1.0622,1.0637,883619.1000000001,15
2026-07-02 09:15:00,1.0638,1.0682,1.0634,1.0679,873460.4,15
2026-07-02 09:30:00,1.0679,1.0816,1.0677,1.079,6944114.899999999,15
2026-07-02 09:45:00,1.079,1.079,1.0732,1.0735,2023729.4,15
2026-07-02 10:00:00,1.0735,1.0753,1.0727,1.0744,2578391.3,15
2026-07-02 10:15:00,1.0743,1.0761,1.0727,1.076,792928.6,15
2026-07-02 10:30:00,1.0761,1.082,1.076,1.0797,1329635.1,15
2026-07-02 10:45:00,1.0797,1.0824,1.079,1.0814,1018844.6,15
2026-07-02 11:00:00,1.0815,1.0851,1.0772,1.0833,1873101.4000000001,15
2026-07-02 11:15:00,1.0833,1.0858,1.0824,1.0834,1632797.5,15
2026-07-02 11:30:00,1.0834,1.0862,1.0818,1.0846,1395733.4,15
2026-07-02 11:45:00,1.0846,1.0856,1.0813,1.0841,970129.4,15
2026-07-02 12:00:00,1.084,1.092,1.0834,1.0908,1720715.3,15
2026-07-02 12:15:00,1.0908,1.092,1.0862,1.0916,1487615.3,15
2026-07-02 12:30:00,1.0916,1.0972,1.0895,1.0902,4089116.0,15
2026-07-02 12:45:00,1.0902,1.0964,1.0886,1.0929,1574886.5,15
2026-07-02 13:00:00,1.0929,1.0967,1.0919,1.0953,1600905.7,15
2026-07-02 13:15:00,1.0954,1.1046,1.0943,1.0984,2223739.4,15
2026-07-02 13:30:00,1.0984,1.1123,1.0951,1.1113,4035875.1,15
2026-07-02 13:45:00,1.1114,1.1125,1.1025,1.1041,2406122.6999999997,15
2026-07-02 14:00:00,1.1042,1.1077,1.1004,1.1031,1813730.8,15
2026-07-02 14:15:00,1.1031,1.1053,1.0914,1.0915,2462992.9,15
2026-07-02 14:30:00,1.0916,1.0941,1.0882,1.0903,2180890.2,15
2026-07-02 14:45:00,1.0903,1.0929,1.0881,1.0921,1253490.2,15
2026-07-02 15:00:00,1.0921,1.0926,1.0863,1.0895,1177835.5,15
2026-07-02 15:15:00,1.0896,1.0944,1.0881,1.0922,1039941.8999999999,15
2026-07-02 15:30:00,1.0922,1.0958,1.0921,1.0952,1023713.9,15
2026-07-02 15:45:00,1.0952,1.0967,1.0928,1.0938,689429.6,15
2026-07-02 16:00:00,1.0939,1.0965,1.0921,1.0948,661703.2,15
2026-07-02 16:15:00,1.0948,1.0948,1.0866,1.0873,1372419.6,15
2026-07-02 16:30:00,1.0874,1.0908,1.0871,1.0907,753510.4,15
2026-07-02 16:45:00,1.0907,1.0941,1.0904,1.091,544956.2,15
2026-07-02 17:00:00,1.0909,1.0927,1.0898,1.0911,308333.7,15
2026-07-02 17:15:00,1.0912,1.0942,1.0902,1.0942,436461.4,15
2026-07-02 17:30:00,1.0942,1.0942,1.0886,1.0908,1449373.4,15
2026-07-02 17:45:00,1.0908,1.0913,1.0881,1.0884,177093.2,15
2026-07-02 18:00:00,1.0885,1.0914,1.0881,1.0906,217125.0,15
2026-07-02 18:15:00,1.0907,1.0917,1.0886,1.0915,331887.80000000005,15
2026-07-02 18:30:00,1.0914,1.0916,1.0896,1.0899,319214.9,15
2026-07-02 18:45:00,1.0898,1.091,1.0872,1.0893,365573.5,15
2026-07-02 19:00:00,1.0894,1.0897,1.0868,1.0878,472277.8,15
2026-07-02 19:15:00,1.0877,1.0877,1.0837,1.0841,700877.7000000001,15
2026-07-02 19:30:00,1.0841,1.086,1.0837,1.0851,281810.7,15
2026-07-02 19:45:00,1.0851,1.0887,1.0849,1.0854,982974.6,15
2026-07-02 20:00:00,1.0854,1.0858,1.0837,1.0841,326983.7,15
2026-07-02 20:15:00,1.0842,1.0855,1.0819,1.0823,604749.0,15
2026-07-02 20:30:00,1.0822,1.0835,1.0814,1.0818,497630.5,15
2026-07-02 20:45:00,1.0819,1.0849,1.0818,1.0834,483420.39999999997,15
2026-07-02 21:00:00,1.0833,1.0845,1.0825,1.0833,552475.6,15
2026-07-02 21:15:00,1.0833,1.0835,1.082,1.082,228737.5,15
2026-07-02 21:30:00,1.0821,1.0826,1.0801,1.0804,663644.0,15
2026-07-02 21:45:00,1.0803,1.0819,1.0791,1.0816,474345.5,15
2026-07-02 22:00:00,1.0815,1.0817,1.0789,1.0797,513131.8,15
2026-07-02 22:15:00,1.0797,1.0805,1.079,1.08,327717.8,15
2026-07-02 22:30:00,1.0799,1.0815,1.0794,1.0803,443635.3,15
2026-07-02 22:45:00,1.0804,1.085,1.0801,1.0839,912451.0,15
2026-07-02 23:00:00,1.0839,1.0849,1.0824,1.0825,421518.7,15
2026-07-02 23:15:00,1.0825,1.0865,1.0824,1.0863,314020.10000000003,15
2026-07-02 23:30:00,1.0863,1.0876,1.0855,1.0867,503362.3,15
2026-07-02 23:45:00,1.0868,1.0883,1.0867,1.0881,301697.1,15
2026-07-03 00:00:00,1.0882,1.0887,1.0851,1.0869,639913.7,15
2026-07-03 00:15:00,1.0869,1.0877,1.0849,1.0849,360638.5,15
2026-07-03 00:30:00,1.0849,1.0855,1.0828,1.0849,424933.5,15
2026-07-03 00:45:00,1.085,1.0856,1.0838,1.0841,238778.2,15
2026-07-03 01:00:00,1.084,1.0918,1.0836,1.0908,589942.7,15
2026-07-03 01:15:00,1.0907,1.0935,1.0889,1.092,325625.9,15
2026-07-03 01:30:00,1.092,1.0959,1.0914,1.0945,321823.2,15
2026-07-03 01:45:00,1.0945,1.0954,1.0929,1.0941,282113.9,15
2026-07-03 02:00:00,1.0942,1.0954,1.091,1.0911,684889.8,15
2026-07-03 02:15:00,1.0912,1.0934,1.0892,1.0895,569045.1,15
2026-07-03 02:30:00,1.0895,1.0907,1.0871,1.0892,640871.4,15
2026-07-03 02:45:00,1.0892,1.0915,1.0873,1.0914,395644.4,15
2026-07-03 03:00:00,1.0913,1.0913,1.0865,1.087,436975.0,15
2026-07-03 03:15:00,1.087,1.0927,1.087,1.092,435963.9,15
2026-07-03 03:30:00,1.092,1.0927,1.0884,1.0892,274521.0,15
2026-07-03 03:45:00,1.0891,1.0916,1.089,1.0907,298807.5,15
2026-07-03 04:00:00,1.0907,1.0914,1.0887,1.091,711125.8,15
2026-07-03 04:15:00,1.091,1.092,1.0887,1.0919,181677.5,15
2026-07-03 04:30:00,1.092,1.0942,1.0907,1.0937,345902.10000000003,15
2026-07-03 04:45:00,1.0938,1.094,1.0911,1.0926,307322.7,15
2026-07-03 05:00:00,1.0926,1.0952,1.0916,1.0947,328193.7,15
2026-07-03 05:15:00,1.0948,1.0978,1.0936,1.097,766451.7,15
2026-07-03 05:30:00,1.097,1.1017,1.0966,1.0988,1021751.8,15
2026-07-03 05:45:00,1.0988,1.1005,1.0982,1.1001,341274.3,15
2026-07-03 06:00:00,1.1,1.1044,1.0992,1.103,847623.8,15
2026-07-03 06:15:00,1.1031,1.1068,1.103,1.1039,939610.6,15
2026-07-03 06:30:00,1.1038,1.1053,1.1007,1.1024,849948.2,15
2026-07-03 06:45:00,1.1024,1.1034,1.1008,1.101,441130.9,15
2026-07-03 07:00:00,1.101,1.1015,1.0978,1.0986,1058411.6,15
2026-07-03 07:15:00,1.0987,1.1016,1.0986,1.1011,596199.9,15
2026-07-03 07:30:00,1.1012,1.1034,1.0996,1.1033,497860.6,15
2026-07-03 07:45:00,1.1033,1.1051,1.1023,1.1025,640417.6,15
2026-07-03 08:00:00,1.1026,1.1035,1.1002,1.1002,298644.8,15
2026-07-03 08:15:00,1.1003,1.1035,1.1,1.102,496687.5,15
2026-07-03 08:30:00,1.1021,1.1075,1.1,1.1075,902852.6,15
2026-07-03 08:45:00,1.1074,1.1074,1.0991,1.1001,415707.8,15
2026-07-03 09:00:00,1.1001,1.1041,1.0981,1.1041,409851.89999999997,15
2026-07-03 09:15:00,1.104,1.1044,1.1016,1.1022,405501.9,15
2026-07-03 09:30:00,1.1021,1.1023,1.0993,1.1007,764824.0,15
2026-07-03 09:45:00,1.1007,1.104,1.1007,1.1012,641419.2,15
2026-07-03 10:00:00,1.1012,1.1025,1.0993,1.1007,1360192.5,15
