timestamp,open,high,low,close,volume,source_1m_count
2026-06-03 10:30:00,0.09434,0.09449,0.09422,0.09426,2521276.0,15
2026-06-03 10:45:00,0.09426,0.09435,0.09417,0.0943,1841801.0,15
2026-06-03 11:00:00,0.09431,0.09454,0.09425,0.09445,2973967.0,15
2026-06-03 11:15:00,0.09445,0.09451,0.09432,0.0945,3124784.0,15
2026-06-03 11:30:00,0.0945,0.0945,0.09412,0.09415,2991310.0,15
2026-06-03 11:45:00,0.09414,0.09416,0.09372,0.09398,5032399.0,15
2026-06-03 12:00:00,0.09399,0.09414,0.09379,0.09403,7264679.0,15
2026-06-03 12:15:00,0.09402,0.09426,0.0937,0.09418,5704576.0,15
2026-06-03 12:30:00,0.09418,0.09434,0.09393,0.09407,2100951.0,15
2026-06-03 12:45:00,0.09407,0.09417,0.09398,0.09411,3734245.0,15
2026-06-03 13:00:00,0.09412,0.09431,0.09395,0.09416,3900035.0,15
2026-06-03 13:15:00,0.09415,0.09439,0.09392,0.09398,2465838.0,15
2026-06-03 13:30:00,0.09398,0.0944,0.09385,0.09388,6110580.0,15
2026-06-03 13:45:00,0.09388,0.09427,0.09378,0.09422,5317846.0,15
2026-06-03 14:00:00,0.09421,0.09427,0.09395,0.09412,8003802.0,15
2026-06-03 14:15:00,0.09412,0.09421,0.09322,0.09342,20224813.0,15
2026-06-03 14:30:00,0.09342,0.0937,0.09314,0.09336,6795650.0,15
2026-06-03 14:45:00,0.09335,0.09376,0.09335,0.0937,4108348.0,15
2026-06-03 15:00:00,0.09371,0.09379,0.09322,0.09339,7001278.0,15
2026-06-03 15:15:00,0.0934,0.09377,0.09297,0.0937,11814539.0,15
2026-06-03 15:30:00,0.09369,0.09387,0.093,0.09314,12244470.0,15
2026-06-03 15:45:00,0.09313,0.09316,0.09276,0.0928,4681792.0,15
2026-06-03 16:00:00,0.09281,0.09306,0.09232,0.09263,24265134.0,15
2026-06-03 16:15:00,0.09263,0.09277,0.09159,0.09193,21892038.0,15
2026-06-03 16:30:00,0.09194,0.09238,0.09174,0.09224,5475969.0,15
2026-06-03 16:45:00,0.09224,0.09244,0.092,0.09244,6063533.0,15
2026-06-03 17:00:00,0.09244,0.09253,0.09162,0.09181,6304370.0,15
2026-06-03 17:15:00,0.09181,0.09253,0.09181,0.0925,7160007.0,15
2026-06-03 17:30:00,0.09251,0.09308,0.09241,0.09281,7188118.0,15
2026-06-03 17:45:00,0.09281,0.09285,0.09234,0.09261,6826164.0,15
2026-06-03 18:00:00,0.09262,0.09287,0.09242,0.09253,4923441.0,15
2026-06-03 18:15:00,0.09253,0.09253,0.09204,0.09226,4786225.0,15
2026-06-03 18:30:00,0.09226,0.09269,0.09217,0.09254,2565104.0,15
2026-06-03 18:45:00,0.09254,0.09303,0.09252,0.09291,3496400.0,15
2026-06-03 19:00:00,0.0929,0.09298,0.09262,0.09267,5381824.0,15
2026-06-03 19:15:00,0.09268,0.09273,0.09199,0.0921,9953587.0,15
2026-06-03 19:30:00,0.09211,0.0926,0.09191,0.09251,4468027.0,15
2026-06-03 19:45:00,0.0925,0.09268,0.0916,0.0918,13939392.0,15
2026-06-03 20:00:00,0.09179,0.09237,0.09131,0.09229,7695764.0,15
2026-06-03 20:15:00,0.09228,0.09238,0.09163,0.09233,8446292.0,15
2026-06-03 20:30:00,0.09234,0.09238,0.09148,0.09151,8865642.0,15
2026-06-03 20:45:00,0.09152,0.09164,0.09057,0.09114,26697733.0,15
2026-06-03 21:00:00,0.09115,0.09225,0.0909,0.09183,12659016.0,15
2026-06-03 21:15:00,0.09182,0.09215,0.09181,0.09204,5381009.0,15
2026-06-03 21:30:00,0.09203,0.09267,0.09194,0.09252,10859031.0,15
2026-06-03 21:45:00,0.09252,0.09311,0.09246,0.09297,6781625.0,15
2026-06-03 22:00:00,0.09296,0.09327,0.09255,0.09266,6911400.0,15
2026-06-03 22:15:00,0.09265,0.09265,0.0921,0.09226,5593123.0,15
2026-06-03 22:30:00,0.09225,0.09236,0.09185,0.09228,7101369.0,15
2026-06-03 22:45:00,0.09227,0.09232,0.09189,0.0921,4744049.0,15
2026-06-03 23:00:00,0.09211,0.09213,0.09134,0.09166,11568189.0,15
2026-06-03 23:15:00,0.09165,0.09171,0.09114,0.09147,5500479.0,15
2026-06-03 23:30:00,0.09148,0.09175,0.09135,0.09153,8999865.0,15
2026-06-03 23:45:00,0.09154,0.09169,0.09133,0.09139,5820377.0,15
2026-06-04 00:00:00,0.09139,0.09188,0.09136,0.09174,7245060.0,15
2026-06-04 00:15:00,0.09174,0.09184,0.08993,0.08995,42066413.0,15
2026-06-04 00:30:00,0.08996,0.09118,0.08985,0.09108,37793559.0,15
2026-06-04 00:45:00,0.09107,0.09109,0.09033,0.0907,10997516.0,15
2026-06-04 01:00:00,0.09071,0.09112,0.09023,0.09033,8715967.0,15
2026-06-04 01:15:00,0.09034,0.09037,0.08894,0.08927,45548118.0,15
2026-06-04 01:30:00,0.08928,0.0903,0.08928,0.08985,11231412.0,15
2026-06-04 01:45:00,0.08984,0.08987,0.08824,0.08852,56335905.0,15
2026-06-04 02:00:00,0.08852,0.08865,0.08579,0.0879,205544386.0,15
2026-06-04 02:15:00,0.08791,0.08924,0.0874,0.08901,31997981.0,15
2026-06-04 02:30:00,0.089,0.0897,0.0888,0.0896,17539786.0,15
2026-06-04 02:45:00,0.08959,0.08995,0.08935,0.08938,17064847.0,15
2026-06-04 03:00:00,0.08939,0.09079,0.08938,0.09065,20994195.0,15
2026-06-04 03:15:00,0.09065,0.091,0.09063,0.09073,14253425.0,15
2026-06-04 03:30:00,0.09073,0.09154,0.09068,0.09143,16262561.0,15
2026-06-04 03:45:00,0.09143,0.09153,0.0912,0.09133,8930963.0,15
2026-06-04 04:00:00,0.09134,0.09158,0.09124,0.09148,10432804.0,15
2026-06-04 04:15:00,0.09148,0.09156,0.09123,0.09138,8901510.0,15
2026-06-04 04:30:00,0.09137,0.09144,0.09082,0.09107,9888445.0,15
2026-06-04 04:45:00,0.09106,0.09124,0.09066,0.09076,11360445.0,15
2026-06-04 05:00:00,0.09076,0.09076,0.08957,0.08991,24481602.0,15
2026-06-04 05:15:00,0.08991,0.0901,0.08955,0.08969,8329849.0,15
2026-06-04 05:30:00,0.08968,0.09052,0.08953,0.09041,7887587.0,15
2026-06-04 05:45:00,0.0904,0.0904,0.08992,0.09008,8827095.0,15
2026-06-04 06:00:00,0.09007,0.0905,0.08992,0.09043,3915335.0,15
2026-06-04 06:15:00,0.09043,0.09096,0.09036,0.09051,11871734.0,15
2026-06-04 06:30:00,0.09051,0.0907,0.0901,0.09055,5866217.0,15
2026-06-04 06:45:00,0.09054,0.09054,0.08967,0.08979,9679122.0,15
2026-06-04 07:00:00,0.0898,0.08988,0.08925,0.08949,20297734.0,15
2026-06-04 07:15:00,0.08949,0.0896,0.0889,0.08921,13287931.0,15
2026-06-04 07:30:00,0.08921,0.08962,0.08918,0.08941,13256797.0,15
2026-06-04 07:45:00,0.08942,0.08944,0.08876,0.08877,5804500.0,15
2026-06-04 08:00:00,0.08877,0.08922,0.08825,0.08825,13203547.0,15
2026-06-04 08:15:00,0.08826,0.08884,0.08798,0.0888,14455443.0,15
2026-06-04 08:30:00,0.08881,0.08919,0.08845,0.08853,6719561.0,15
2026-06-04 08:45:00,0.08853,0.08907,0.08851,0.0888,8229261.0,15
2026-06-04 09:00:00,0.0888,0.08882,0.08782,0.08805,8966761.0,15
2026-06-04 09:15:00,0.08804,0.08804,0.0871,0.08722,20476394.0,15
2026-06-04 09:30:00,0.08722,0.0875,0.08692,0.08739,19373478.0,15
2026-06-04 09:45:00,0.08739,0.08804,0.08737,0.08802,11541772.0,15
2026-06-04 10:00:00,0.08803,0.08805,0.08719,0.08737,11918799.0,15
2026-06-04 10:15:00,0.08738,0.08782,0.08719,0.08735,9005715.0,15
2026-06-04 10:30:00,0.08735,0.08782,0.08721,0.08759,19607037.0,15
2026-06-04 10:45:00,0.08759,0.0876,0.08667,0.08707,46670116.0,15
2026-06-04 11:00:00,0.08707,0.0875,0.0869,0.08692,15636897.0,15
2026-06-04 11:15:00,0.08692,0.08785,0.08682,0.08776,8318367.0,15
2026-06-04 11:30:00,0.08777,0.0881,0.087,0.08711,13152797.0,15
2026-06-04 11:45:00,0.08712,0.08794,0.08703,0.08793,7125611.0,15
2026-06-04 12:00:00,0.08794,0.08839,0.08766,0.08774,9687810.0,15
2026-06-04 12:15:00,0.08775,0.08904,0.08775,0.08895,11994454.0,15
2026-06-04 12:30:00,0.08895,0.08961,0.08889,0.08927,11671364.0,15
2026-06-04 12:45:00,0.08926,0.0897,0.08915,0.08953,8442144.0,15
2026-06-04 13:00:00,0.08953,0.0896,0.08895,0.08895,8965101.0,15
2026-06-04 13:15:00,0.08895,0.08911,0.08803,0.08841,10969993.0,15
2026-06-04 13:30:00,0.0884,0.08962,0.08832,0.08909,16680928.0,15
2026-06-04 13:45:00,0.08908,0.08948,0.08877,0.08944,8423635.0,15
2026-06-04 14:00:00,0.08943,0.08971,0.08904,0.08954,10323990.0,15
2026-06-04 14:15:00,0.08955,0.08966,0.0891,0.08939,16739087.0,15
2026-06-04 14:30:00,0.08938,0.0894,0.089,0.08919,10793945.0,15
2026-06-04 14:45:00,0.08919,0.08936,0.08895,0.08935,7845632.0,15
2026-06-04 15:00:00,0.08934,0.09017,0.08914,0.09012,13082999.0,15
2026-06-04 15:15:00,0.09011,0.09018,0.08919,0.08953,7645579.0,15
2026-06-04 15:30:00,0.08954,0.08962,0.08934,0.08943,7101167.0,15
2026-06-04 15:45:00,0.08942,0.0897,0.08925,0.08953,5640759.0,15
2026-06-04 16:00:00,0.08953,0.08958,0.08901,0.08906,9526280.0,15
2026-06-04 16:15:00,0.08906,0.08951,0.08892,0.08894,4885593.0,15
2026-06-04 16:30:00,0.08895,0.08955,0.08875,0.08938,4835504.0,15
2026-06-04 16:45:00,0.08938,0.08958,0.08905,0.08921,3070202.0,15
2026-06-04 17:00:00,0.08921,0.08948,0.08898,0.08939,6392996.0,15
2026-06-04 17:15:00,0.08938,0.08938,0.0889,0.08911,7128791.0,15
2026-06-04 17:30:00,0.08912,0.08924,0.08845,0.08866,3872213.0,15
2026-06-04 17:45:00,0.08867,0.0896,0.08847,0.08937,10961141.0,15
2026-06-04 18:00:00,0.08937,0.08949,0.08856,0.08859,5895703.0,15
2026-06-04 18:15:00,0.0886,0.0897,0.0886,0.0897,11675314.0,15
2026-06-04 18:30:00,0.0897,0.09003,0.08949,0.08956,16878671.0,15
2026-06-04 18:45:00,0.08956,0.08973,0.08943,0.08949,4867076.0,15
2026-06-04 19:00:00,0.08948,0.08968,0.08914,0.08943,6469197.0,15
2026-06-04 19:15:00,0.08942,0.08984,0.08937,0.08969,6114150.0,15
2026-06-04 19:30:00,0.08969,0.0897,0.08913,0.08913,3106601.0,15
2026-06-04 19:45:00,0.08914,0.08914,0.08881,0.08907,4168025.0,15
2026-06-04 20:00:00,0.08906,0.0891,0.08837,0.0888,5532271.0,15
2026-06-04 20:15:00,0.0888,0.08898,0.08858,0.08872,10470733.0,15
2026-06-04 20:30:00,0.08872,0.08896,0.08866,0.08877,3454072.0,15
2026-06-04 20:45:00,0.08877,0.08889,0.08847,0.08875,5227655.0,15
2026-06-04 21:00:00,0.08876,0.08906,0.08858,0.0888,4852765.0,15
2026-06-04 21:15:00,0.0888,0.08885,0.08795,0.08806,4721552.0,15
2026-06-04 21:30:00,0.08806,0.08811,0.08703,0.08782,10888707.0,15
2026-06-04 21:45:00,0.08783,0.08793,0.08725,0.08729,5657177.0,15
2026-06-04 22:00:00,0.08728,0.08784,0.087,0.08735,15112366.0,15
2026-06-04 22:15:00,0.08735,0.08765,0.08728,0.08743,4978445.0,15
2026-06-04 22:30:00,0.08742,0.08757,0.087,0.0873,10415982.0,15
2026-06-04 22:45:00,0.0873,0.08822,0.08715,0.08811,6317929.0,15
2026-06-04 23:00:00,0.08811,0.08859,0.08805,0.08824,5252025.0,15
2026-06-04 23:15:00,0.08824,0.08831,0.08753,0.08786,7619077.0,15
2026-06-04 23:30:00,0.08787,0.08838,0.08784,0.08836,3408557.0,15
2026-06-04 23:45:00,0.08837,0.08867,0.08818,0.08858,3727777.0,15
2026-06-05 00:00:00,0.08857,0.08857,0.08803,0.08806,5847258.0,15
2026-06-05 00:15:00,0.08806,0.08876,0.08786,0.08874,6435594.0,15
2026-06-05 00:30:00,0.08875,0.0888,0.08827,0.08837,3214610.0,15
2026-06-05 00:45:00,0.08837,0.0886,0.08773,0.08782,6432560.0,15
2026-06-05 01:00:00,0.08781,0.08781,0.087,0.08767,11725237.0,15
2026-06-05 01:15:00,0.08767,0.08798,0.08742,0.08793,8367244.0,15
2026-06-05 01:30:00,0.08794,0.08832,0.08764,0.08801,9173662.0,15
2026-06-05 01:45:00,0.08802,0.08807,0.08762,0.08795,5396688.0,15
2026-06-05 02:00:00,0.08795,0.088,0.08747,0.0875,4184217.0,15
2026-06-05 02:15:00,0.0875,0.08772,0.08687,0.08688,16893230.0,15
2026-06-05 02:30:00,0.08688,0.08728,0.08626,0.08658,17176865.0,15
2026-06-05 02:45:00,0.08659,0.08689,0.08611,0.08622,11258931.0,15
2026-06-05 03:00:00,0.08622,0.08637,0.08589,0.0861,20096540.0,15
2026-06-05 03:15:00,0.0861,0.08694,0.08604,0.08629,12867223.0,15
2026-06-05 03:30:00,0.0863,0.0867,0.08606,0.08627,8686162.0,15
2026-06-05 03:45:00,0.08627,0.08645,0.08588,0.08594,9755784.0,15
2026-06-05 04:00:00,0.08594,0.08684,0.08569,0.08666,21144932.0,15
2026-06-05 04:15:00,0.08666,0.08719,0.08632,0.08703,15530706.0,15
2026-06-05 04:30:00,0.08702,0.08702,0.08612,0.08622,9856559.0,15
2026-06-05 04:45:00,0.08622,0.08692,0.086,0.08685,18248314.0,15
2026-06-05 05:00:00,0.08685,0.08706,0.08628,0.08636,8389445.0,15
2026-06-05 05:15:00,0.08636,0.0868,0.08628,0.08675,8684312.0,15
2026-06-05 05:30:00,0.08674,0.08686,0.08529,0.08534,32592881.0,15
2026-06-05 05:45:00,0.08534,0.08576,0.08488,0.08509,60027100.0,15
2026-06-05 06:00:00,0.08509,0.08528,0.08439,0.08444,61358110.0,15
2026-06-05 06:15:00,0.08445,0.0847,0.08203,0.08344,135057150.0,15
2026-06-05 06:30:00,0.08344,0.08452,0.08309,0.08436,42673878.0,15
2026-06-05 06:45:00,0.08435,0.08445,0.08347,0.08375,22323010.0,15
2026-06-05 07:00:00,0.08375,0.08382,0.0823,0.08238,31594431.0,15
2026-06-05 07:15:00,0.08237,0.08398,0.08237,0.08383,37383034.0,15
2026-06-05 07:30:00,0.08383,0.08481,0.08365,0.08481,23613885.0,15
2026-06-05 07:45:00,0.0848,0.08507,0.08452,0.085,18045714.0,15
2026-06-05 08:00:00,0.085,0.085,0.08425,0.08437,13128533.0,15
2026-06-05 08:15:00,0.08438,0.08442,0.08385,0.08423,11144499.0,15
2026-06-05 08:30:00,0.08424,0.08435,0.0836,0.08362,8108949.0,15
2026-06-05 08:45:00,0.08361,0.08386,0.08331,0.08359,9549200.0,15
2026-06-05 09:00:00,0.0836,0.0847,0.08359,0.08466,33149265.0,15
2026-06-05 09:15:00,0.08467,0.08489,0.08426,0.08472,11621071.0,15
2026-06-05 09:30:00,0.08473,0.08475,0.0842,0.08437,8653610.0,15
2026-06-05 09:45:00,0.08438,0.08502,0.08434,0.08499,10961012.0,15
2026-06-05 10:00:00,0.08499,0.08544,0.08458,0.08484,22416207.0,15
2026-06-05 10:15:00,0.08485,0.08488,0.08452,0.08478,4568789.0,15
2026-06-05 10:30:00,0.08477,0.08506,0.08454,0.08495,5486866.0,15
2026-06-05 10:45:00,0.08495,0.08495,0.08444,0.08473,5570842.0,15
2026-06-05 11:00:00,0.08473,0.08474,0.08415,0.0843,7745157.0,15
2026-06-05 11:15:00,0.0843,0.08497,0.08422,0.0847,11258564.0,15
2026-06-05 11:30:00,0.08471,0.08475,0.08424,0.08425,8272151.0,15
2026-06-05 11:45:00,0.08424,0.08445,0.084,0.08402,12316388.0,15
2026-06-05 12:00:00,0.08401,0.0842,0.08335,0.08376,21609256.0,15
2026-06-05 12:15:00,0.08377,0.08426,0.08354,0.08373,10617574.0,15
2026-06-05 12:30:00,0.08373,0.08423,0.08286,0.08359,26660221.0,15
2026-06-05 12:45:00,0.08359,0.08375,0.08306,0.08362,13537157.0,15
2026-06-05 13:00:00,0.08361,0.08431,0.0836,0.08417,15815586.0,15
2026-06-05 13:15:00,0.08416,0.0848,0.08404,0.08441,26348752.0,15
2026-06-05 13:30:00,0.0844,0.08491,0.08368,0.0838,27361121.0,15
2026-06-05 13:45:00,0.08381,0.0839,0.082,0.08202,48902783.0,15
2026-06-05 14:00:00,0.08203,0.08318,0.08139,0.08292,82184587.0,15
2026-06-05 14:15:00,0.08292,0.08336,0.08261,0.08292,20805648.0,15
2026-06-05 14:30:00,0.08293,0.08359,0.0826,0.08301,25001687.0,15
2026-06-05 14:45:00,0.08301,0.08345,0.08228,0.08274,17695224.0,15
2026-06-05 15:00:00,0.08275,0.08286,0.08157,0.08167,43907105.0,15
2026-06-05 15:15:00,0.08166,0.08224,0.08144,0.08175,36777859.0,15
2026-06-05 15:30:00,0.08174,0.082,0.081,0.08159,41022289.0,15
2026-06-05 15:45:00,0.08159,0.08176,0.08097,0.08155,39023362.0,15
2026-06-05 16:00:00,0.08154,0.08206,0.08023,0.08182,81349084.0,15
2026-06-05 16:15:00,0.08181,0.08294,0.08159,0.08218,49320418.0,15
2026-06-05 16:30:00,0.08217,0.08237,0.08137,0.08165,12727384.0,15
2026-06-05 16:45:00,0.08165,0.08344,0.08165,0.08322,21939723.0,15
2026-06-05 17:00:00,0.08322,0.08346,0.08268,0.08301,13028968.0,15
2026-06-05 17:15:00,0.08301,0.08305,0.08219,0.08224,13201699.0,15
2026-06-05 17:30:00,0.08224,0.08303,0.08219,0.08245,10054894.0,15
2026-06-05 17:45:00,0.08246,0.08267,0.08231,0.08261,9044777.0,15
2026-06-05 18:00:00,0.08262,0.08299,0.08243,0.08247,11979501.0,15
2026-06-05 18:15:00,0.08246,0.0825,0.08125,0.08134,13343186.0,15
2026-06-05 18:30:00,0.08133,0.08162,0.08058,0.08114,18844559.0,15
2026-06-05 18:45:00,0.08115,0.08118,0.07968,0.08001,91786436.0,15
2026-06-05 19:00:00,0.08002,0.08014,0.0792,0.07952,34894350.0,15
2026-06-05 19:15:00,0.07952,0.08023,0.079,0.08021,23017767.0,15
2026-06-05 19:30:00,0.08021,0.08036,0.07959,0.08021,17563880.0,15
2026-06-05 19:45:00,0.0802,0.08185,0.08019,0.08104,23768860.0,15
2026-06-05 20:00:00,0.08103,0.08178,0.08009,0.08149,29168759.0,15
2026-06-05 20:15:00,0.08149,0.08221,0.08129,0.08191,20982625.0,15
2026-06-05 20:30:00,0.08191,0.08226,0.08171,0.08215,9826954.0,15
2026-06-05 20:45:00,0.08214,0.08285,0.082,0.08251,17160432.0,15
2026-06-05 21:00:00,0.0825,0.08307,0.0824,0.08296,45160300.0,15
2026-06-05 21:15:00,0.08295,0.08321,0.08281,0.08313,13783295.0,15
2026-06-05 21:30:00,0.08313,0.08362,0.08288,0.08342,11351658.0,15
2026-06-05 21:45:00,0.08341,0.0835,0.08311,0.08314,5715068.0,15
2026-06-05 22:00:00,0.08314,0.08314,0.08202,0.08254,20909320.0,15
2026-06-05 22:15:00,0.08254,0.08312,0.08237,0.08271,13720638.0,15
2026-06-05 22:30:00,0.08271,0.08316,0.08254,0.08284,6733951.0,15
2026-06-05 22:45:00,0.08283,0.0831,0.0826,0.08282,7138486.0,15
2026-06-05 23:00:00,0.08282,0.08315,0.08215,0.08216,10329235.0,15
2026-06-05 23:15:00,0.08217,0.08217,0.08124,0.08135,13329648.0,15
2026-06-05 23:30:00,0.08135,0.08135,0.0805,0.0809,19958576.0,15
2026-06-05 23:45:00,0.0809,0.08156,0.08064,0.08148,9996922.0,15
2026-06-06 00:00:00,0.08149,0.08263,0.08146,0.08257,14184016.0,15
2026-06-06 00:15:00,0.08256,0.08267,0.08221,0.08248,7761364.0,15
2026-06-06 00:30:00,0.08249,0.08279,0.08242,0.08259,4541969.0,15
2026-06-06 00:45:00,0.08259,0.08304,0.08255,0.0828,10174002.0,15
2026-06-06 01:00:00,0.0828,0.08301,0.08226,0.08234,5910456.0,15
2026-06-06 01:15:00,0.08234,0.0826,0.08187,0.08258,5078560.0,15
2026-06-06 01:30:00,0.08257,0.08268,0.08204,0.08217,3067840.0,15
2026-06-06 01:45:00,0.08217,0.08238,0.08182,0.08191,4760130.0,15
2026-06-06 02:00:00,0.0819,0.08195,0.08151,0.08157,6374581.0,15
2026-06-06 02:15:00,0.08157,0.08168,0.0811,0.08132,6567919.0,15
2026-06-06 02:30:00,0.08132,0.08182,0.08122,0.08155,11456323.0,15
2026-06-06 02:45:00,0.08154,0.08199,0.0814,0.08147,5438325.0,15
2026-06-06 03:00:00,0.08148,0.08148,0.08092,0.08123,8550617.0,15
2026-06-06 03:15:00,0.08123,0.08133,0.08072,0.08101,9506007.0,15
2026-06-06 03:30:00,0.081,0.08113,0.08053,0.08099,11064723.0,15
2026-06-06 03:45:00,0.08099,0.08129,0.08084,0.08107,7761847.0,15
2026-06-06 04:00:00,0.08106,0.08148,0.07963,0.0798,26816086.0,15
2026-06-06 04:15:00,0.07979,0.08015,0.0787,0.07902,40979593.0,15
2026-06-06 04:30:00,0.07901,0.07906,0.07784,0.07821,54356993.0,15
2026-06-06 04:45:00,0.0782,0.0791,0.07799,0.07862,25154994.0,15
2026-06-06 05:00:00,0.07863,0.07894,0.07766,0.07821,26194580.0,15
2026-06-06 05:15:00,0.07822,0.08068,0.07816,0.07999,43566872.0,15
2026-06-06 05:30:00,0.07998,0.0804,0.07949,0.08015,18261845.0,15
2026-06-06 05:45:00,0.08015,0.08082,0.08003,0.08053,16668467.0,15
2026-06-06 06:00:00,0.08054,0.08118,0.08051,0.08102,13558644.0,15
2026-06-06 06:15:00,0.08102,0.0815,0.08078,0.08122,10893752.0,15
2026-06-06 06:30:00,0.08121,0.08144,0.08078,0.08078,10314352.0,15
2026-06-06 06:45:00,0.08078,0.08089,0.08026,0.08035,10339451.0,15
2026-06-06 07:00:00,0.08035,0.0813,0.08023,0.08119,14474257.0,15
2026-06-06 07:15:00,0.08119,0.0815,0.08077,0.08096,8932434.0,15
2026-06-06 07:30:00,0.08095,0.08173,0.08091,0.08168,7297536.0,15
2026-06-06 07:45:00,0.08169,0.0818,0.08148,0.0815,6096235.0,15
2026-06-06 08:00:00,0.08151,0.0817,0.08115,0.08158,5760575.0,15
2026-06-06 08:15:00,0.08159,0.08245,0.08142,0.08235,16445208.0,15
2026-06-06 08:30:00,0.08234,0.08237,0.082,0.08209,8678904.0,15
2026-06-06 08:45:00,0.08209,0.08249,0.08191,0.08225,6026555.0,15
2026-06-06 09:00:00,0.08225,0.08245,0.08189,0.08211,3917891.0,15
2026-06-06 09:15:00,0.0821,0.08258,0.08194,0.0825,6460096.0,15
2026-06-06 09:30:00,0.0825,0.0825,0.08201,0.08212,9555429.0,15
2026-06-06 09:45:00,0.08212,0.08212,0.08112,0.08137,12944820.0,15
2026-06-06 10:00:00,0.08136,0.08136,0.08035,0.08045,23430510.0,15
2026-06-06 10:15:00,0.08046,0.08065,0.08023,0.08043,11011720.0,15
2026-06-06 10:30:00,0.08043,0.08044,0.07989,0.08037,20110442.0,15
2026-06-06 10:45:00,0.08037,0.08064,0.08007,0.08058,9255966.0,15
2026-06-06 11:00:00,0.08058,0.08114,0.08052,0.08075,8004940.0,15
2026-06-06 11:15:00,0.08074,0.08117,0.08061,0.08107,5314978.0,15
2026-06-06 11:30:00,0.08107,0.08138,0.08094,0.08132,5125535.0,15
2026-06-06 11:45:00,0.08131,0.08162,0.08115,0.08126,7897051.0,15
2026-06-06 12:00:00,0.08127,0.08172,0.08123,0.08156,13876547.0,15
2026-06-06 12:15:00,0.08155,0.08164,0.08113,0.08116,6536072.0,15
2026-06-06 12:30:00,0.08115,0.08138,0.08095,0.08129,8344713.0,15
2026-06-06 12:45:00,0.08129,0.08239,0.08127,0.08206,28966593.0,15
2026-06-06 13:00:00,0.08206,0.08219,0.08183,0.08199,5338272.0,15
2026-06-06 13:15:00,0.08199,0.0822,0.08175,0.08177,4195151.0,15
2026-06-06 13:30:00,0.08177,0.08215,0.08148,0.08215,7490578.0,15
2026-06-06 13:45:00,0.08215,0.08242,0.08173,0.08185,5833970.0,15
2026-06-06 14:00:00,0.08186,0.08234,0.0818,0.08221,7554389.0,15
2026-06-06 14:15:00,0.08221,0.08233,0.08182,0.08185,6600085.0,15
2026-06-06 14:30:00,0.08184,0.0826,0.08177,0.0824,16154425.0,15
2026-06-06 14:45:00,0.08241,0.08247,0.08194,0.08196,8449700.0,15
2026-06-06 15:00:00,0.08196,0.08212,0.08115,0.08126,17694066.0,15
2026-06-06 15:15:00,0.08127,0.0815,0.08089,0.08146,11783251.0,15
2026-06-06 15:30:00,0.08145,0.08195,0.08124,0.0818,6712876.0,15
2026-06-06 15:45:00,0.0818,0.08197,0.08148,0.08168,5417862.0,15
2026-06-06 16:00:00,0.08168,0.08205,0.08147,0.08156,5243446.0,15
2026-06-06 16:15:00,0.08155,0.08164,0.08096,0.08098,6226726.0,15
2026-06-06 16:30:00,0.08097,0.0812,0.08071,0.08119,11343034.0,15
2026-06-06 16:45:00,0.08119,0.0815,0.08098,0.08125,4331522.0,15
2026-06-06 17:00:00,0.08124,0.08138,0.08085,0.08106,2369545.0,15
2026-06-06 17:15:00,0.08106,0.08118,0.08073,0.08089,14539024.0,15
2026-06-06 17:30:00,0.08088,0.08129,0.0806,0.08091,6928109.0,15
2026-06-06 17:45:00,0.08092,0.08098,0.08047,0.08065,5273473.0,15
2026-06-06 18:00:00,0.08064,0.0809,0.08055,0.08072,3620950.0,15
2026-06-06 18:15:00,0.08072,0.08134,0.08063,0.08122,4636640.0,15
2026-06-06 18:30:00,0.08122,0.08122,0.08086,0.08101,1766437.0,15
2026-06-06 18:45:00,0.08101,0.08107,0.08071,0.08098,2528639.0,15
2026-06-06 19:00:00,0.08097,0.08142,0.08077,0.08123,8783924.0,15
2026-06-06 19:15:00,0.08122,0.08123,0.08088,0.0809,3205158.0,15
2026-06-06 19:30:00,0.0809,0.08099,0.08069,0.0808,1903491.0,15
2026-06-06 19:45:00,0.0808,0.08088,0.08067,0.08072,1669402.0,15
2026-06-06 20:00:00,0.08072,0.08083,0.0805,0.08072,6129167.0,15
2026-06-06 20:15:00,0.08071,0.08088,0.08062,0.08071,3084209.0,15
2026-06-06 20:30:00,0.0807,0.08098,0.08064,0.08094,3674048.0,15
2026-06-06 20:45:00,0.08093,0.08097,0.08071,0.08089,3835030.0,15
2026-06-06 21:00:00,0.08088,0.08128,0.08087,0.08123,7267250.0,15
2026-06-06 21:15:00,0.08124,0.08135,0.08107,0.08132,4661265.0,15
2026-06-06 21:30:00,0.08132,0.08171,0.08131,0.08145,7215852.0,15
2026-06-06 21:45:00,0.08146,0.08149,0.08118,0.0812,2158649.0,15
2026-06-06 22:00:00,0.0812,0.08151,0.08103,0.08138,3299746.0,15
2026-06-06 22:15:00,0.08139,0.08164,0.08109,0.08125,4164050.0,15
2026-06-06 22:30:00,0.08125,0.08142,0.08116,0.0813,1582450.0,15
2026-06-06 22:45:00,0.08131,0.08161,0.08131,0.08134,1590577.0,15
2026-06-06 23:00:00,0.08134,0.08174,0.08132,0.08165,1804309.0,15
2026-06-06 23:15:00,0.08164,0.08171,0.08127,0.08144,1296188.0,15
2026-06-06 23:30:00,0.08144,0.08194,0.08139,0.08187,3489699.0,15
2026-06-06 23:45:00,0.08187,0.08195,0.08175,0.08192,3767887.0,15
2026-06-07 00:00:00,0.08192,0.08206,0.08165,0.08172,6264904.0,15
2026-06-07 00:15:00,0.08173,0.08188,0.08165,0.08185,2341859.0,15
2026-06-07 00:30:00,0.08186,0.08214,0.08171,0.08173,3816394.0,15
2026-06-07 00:45:00,0.08173,0.08198,0.08169,0.08177,1638965.0,15
2026-06-07 01:00:00,0.08176,0.0832,0.0817,0.08302,21822129.0,15
2026-06-07 01:15:00,0.08301,0.08372,0.08285,0.08362,14341201.0,15
2026-06-07 01:30:00,0.08362,0.08388,0.08337,0.0835,10285137.0,15
2026-06-07 01:45:00,0.08351,0.08376,0.08329,0.08351,7939530.0,15
2026-06-07 02:00:00,0.08352,0.08357,0.08335,0.0834,8358313.0,15
2026-06-07 02:15:00,0.0834,0.08342,0.08284,0.08305,7652257.0,15
2026-06-07 02:30:00,0.08305,0.08325,0.08286,0.08325,6696967.0,15
2026-06-07 02:45:00,0.08326,0.08369,0.08325,0.08346,9026111.0,15
2026-06-07 03:00:00,0.08345,0.08351,0.08323,0.08342,4432131.0,15
2026-06-07 03:15:00,0.08341,0.08374,0.08323,0.08364,4811744.0,15
2026-06-07 03:30:00,0.08365,0.08369,0.08327,0.08345,2091475.0,15
2026-06-07 03:45:00,0.08345,0.08355,0.08328,0.08354,2186037.0,15
2026-06-07 04:00:00,0.08354,0.08358,0.08315,0.08325,4450783.0,15
2026-06-07 04:15:00,0.08326,0.08328,0.08296,0.08314,4110732.0,15
2026-06-07 04:30:00,0.08313,0.08375,0.08311,0.08358,3937200.0,15
2026-06-07 04:45:00,0.08357,0.08398,0.08344,0.08388,10451564.0,15
2026-06-07 05:00:00,0.08388,0.08423,0.08363,0.08388,7703611.0,15
2026-06-07 05:15:00,0.08388,0.08425,0.08369,0.08394,14430874.0,15
2026-06-07 05:30:00,0.08395,0.08417,0.08375,0.08417,4148045.0,15
2026-06-07 05:45:00,0.08417,0.08417,0.08381,0.08392,3780880.0,15
2026-06-07 06:00:00,0.08392,0.08411,0.08368,0.08404,12195227.0,15
2026-06-07 06:15:00,0.08403,0.08476,0.08394,0.08468,17673959.0,15
2026-06-07 06:30:00,0.08467,0.08486,0.08449,0.08472,9892579.0,15
2026-06-07 06:45:00,0.08472,0.08481,0.08458,0.08458,4343023.0,15
2026-06-07 07:00:00,0.08457,0.08482,0.08442,0.08466,8926647.0,15
2026-06-07 07:15:00,0.08467,0.0848,0.08451,0.08475,3185382.0,15
2026-06-07 07:30:00,0.08476,0.08484,0.08457,0.08466,6797971.0,15
2026-06-07 07:45:00,0.08465,0.08502,0.0846,0.08497,16352674.0,15
2026-06-07 08:00:00,0.08497,0.085,0.08461,0.08471,6228499.0,15
2026-06-07 08:15:00,0.08471,0.08495,0.08452,0.08483,17485120.0,15
2026-06-07 08:30:00,0.08482,0.08512,0.0847,0.08509,5335184.0,15
2026-06-07 08:45:00,0.0851,0.08564,0.08508,0.08556,25179410.0,15
2026-06-07 09:00:00,0.08555,0.08579,0.0854,0.08579,7219327.0,15
2026-06-07 09:15:00,0.0858,0.086,0.08546,0.08567,11370543.0,15
2026-06-07 09:30:00,0.08568,0.08571,0.08515,0.08526,4824044.0,15
2026-06-07 09:45:00,0.08526,0.08526,0.08473,0.0848,10743176.0,15
2026-06-07 10:00:00,0.08479,0.08488,0.08431,0.08451,7761918.0,15
2026-06-07 10:15:00,0.0845,0.08487,0.0845,0.08484,2943628.0,15
2026-06-07 10:30:00,0.08483,0.08483,0.08435,0.08445,13105262.0,15
2026-06-07 10:45:00,0.08445,0.08455,0.08414,0.08438,4673098.0,15
2026-06-07 11:00:00,0.08438,0.08451,0.08416,0.08432,8700325.0,15
2026-06-07 11:15:00,0.08431,0.08462,0.08426,0.08459,3181660.0,15
2026-06-07 11:30:00,0.08459,0.08474,0.08444,0.0847,4947363.0,15
2026-06-07 11:45:00,0.08471,0.08482,0.08446,0.08459,3940557.0,15
2026-06-07 12:00:00,0.0846,0.08463,0.08342,0.08354,23941850.0,15
2026-06-07 12:15:00,0.08354,0.08386,0.08331,0.08362,8417654.0,15
2026-06-07 12:30:00,0.08363,0.08379,0.0832,0.08341,16637082.0,15
2026-06-07 12:45:00,0.08342,0.08391,0.08342,0.08378,3998209.0,15
2026-06-07 13:00:00,0.08378,0.08398,0.08363,0.08385,4393688.0,15
2026-06-07 13:15:00,0.08386,0.08393,0.08368,0.08383,5454040.0,15
2026-06-07 13:30:00,0.08383,0.08394,0.08365,0.08384,2859190.0,15
2026-06-07 13:45:00,0.08385,0.08402,0.08378,0.08385,1552257.0,15
2026-06-07 14:00:00,0.08385,0.08409,0.08383,0.08399,5104529.0,15
2026-06-07 14:15:00,0.08399,0.08478,0.08393,0.08464,10164452.0,15
2026-06-07 14:30:00,0.08465,0.085,0.08432,0.08434,7552201.0,15
2026-06-07 14:45:00,0.08435,0.08461,0.08418,0.08457,4206703.0,15
2026-06-07 15:00:00,0.08456,0.0846,0.08427,0.08457,5394050.0,15
2026-06-07 15:15:00,0.08457,0.08475,0.0843,0.08475,3375050.0,15
2026-06-07 15:30:00,0.08474,0.08496,0.08468,0.08481,3352851.0,15
2026-06-07 15:45:00,0.08481,0.08481,0.08444,0.08465,3771675.0,15
2026-06-07 16:00:00,0.08465,0.08483,0.08451,0.08477,4022994.0,15
2026-06-07 16:15:00,0.08476,0.08487,0.08461,0.08472,6118066.0,15
2026-06-07 16:30:00,0.08472,0.08495,0.08464,0.08483,3934148.0,15
2026-06-07 16:45:00,0.08483,0.08499,0.08463,0.08482,3526419.0,15
2026-06-07 17:00:00,0.08481,0.08532,0.08476,0.08523,13756605.0,15
2026-06-07 17:15:00,0.08524,0.08529,0.085,0.08503,4289143.0,15
2026-06-07 17:30:00,0.08503,0.08518,0.08501,0.08507,5671561.0,15
2026-06-07 17:45:00,0.08506,0.08506,0.08463,0.08483,3273606.0,15
2026-06-07 18:00:00,0.08484,0.08497,0.08476,0.08495,1577692.0,15
2026-06-07 18:15:00,0.08494,0.08497,0.08471,0.08481,1253265.0,15
2026-06-07 18:30:00,0.08482,0.08497,0.08465,0.0847,1079612.0,15
2026-06-07 18:45:00,0.08469,0.08477,0.08433,0.08437,4877675.0,15
2026-06-07 19:00:00,0.08437,0.08439,0.08353,0.08365,8786319.0,15
2026-06-07 19:15:00,0.08365,0.08365,0.08319,0.08342,10376318.0,15
2026-06-07 19:30:00,0.08343,0.08344,0.08309,0.08315,3369206.0,15
2026-06-07 19:45:00,0.08316,0.08348,0.083,0.08336,8988915.0,15
2026-06-07 20:00:00,0.08335,0.08388,0.08313,0.0837,5603940.0,15
2026-06-07 20:15:00,0.08369,0.08424,0.0836,0.08402,8270073.0,15
2026-06-07 20:30:00,0.08402,0.08411,0.08386,0.08401,5093711.0,15
2026-06-07 20:45:00,0.08401,0.08432,0.08393,0.08417,1862033.0,15
2026-06-07 21:00:00,0.08417,0.08424,0.08381,0.08412,2167838.0,15
2026-06-07 21:15:00,0.08412,0.08418,0.08383,0.0839,1462284.0,15
2026-06-07 21:30:00,0.0839,0.08393,0.08357,0.08368,3425532.0,15
2026-06-07 21:45:00,0.08368,0.08402,0.08367,0.08402,2816508.0,15
2026-06-07 22:00:00,0.08403,0.0867,0.08385,0.08657,46429186.0,15
2026-06-07 22:15:00,0.08655,0.08756,0.08564,0.08591,73538503.0,15
2026-06-07 22:30:00,0.08591,0.08634,0.08536,0.086,16984451.0,15
2026-06-07 22:45:00,0.08601,0.08618,0.08538,0.08553,20120294.0,15
2026-06-07 23:00:00,0.08552,0.086,0.08546,0.0859,9580284.0,15
2026-06-07 23:15:00,0.0859,0.08618,0.08559,0.08616,8658596.0,15
2026-06-07 23:30:00,0.08616,0.08622,0.0859,0.08608,4510227.0,15
2026-06-07 23:45:00,0.08608,0.08646,0.08597,0.08628,9136796.0,15
2026-06-08 00:00:00,0.08627,0.08636,0.08584,0.08599,6479609.0,15
2026-06-08 00:15:00,0.08599,0.08632,0.0858,0.08632,9335983.0,15
2026-06-08 00:30:00,0.08631,0.08682,0.08611,0.08656,14076596.0,15
2026-06-08 00:45:00,0.08656,0.08676,0.08623,0.0864,6294122.0,15
2026-06-08 01:00:00,0.0864,0.08653,0.08537,0.08539,11056872.0,15
2026-06-08 01:15:00,0.08539,0.08556,0.08486,0.08497,13614121.0,15
2026-06-08 01:30:00,0.08498,0.08555,0.08483,0.08547,9489936.0,15
2026-06-08 01:45:00,0.08547,0.08575,0.08526,0.08571,6079638.0,15
2026-06-08 02:00:00,0.08571,0.08586,0.08553,0.08582,5098141.0,15
2026-06-08 02:15:00,0.08583,0.08595,0.08558,0.08576,4170158.0,15
2026-06-08 02:30:00,0.08576,0.08585,0.08543,0.08577,20972340.0,15
2026-06-08 02:45:00,0.08578,0.08592,0.08556,0.08591,4602108.0,15
2026-06-08 03:00:00,0.0859,0.08632,0.0857,0.08612,9278301.0,15
2026-06-08 03:15:00,0.08612,0.08617,0.08561,0.08565,4085099.0,15
2026-06-08 03:30:00,0.08565,0.08588,0.08556,0.08571,2981993.0,15
2026-06-08 03:45:00,0.08571,0.08601,0.0857,0.08592,5913500.0,15
2026-06-08 04:00:00,0.08593,0.086,0.08524,0.08546,7242094.0,15
2026-06-08 04:15:00,0.08546,0.08552,0.08516,0.08543,3444364.0,15
2026-06-08 04:30:00,0.08544,0.08548,0.08483,0.08501,8109492.0,15
2026-06-08 04:45:00,0.08501,0.08532,0.08494,0.08494,5437448.0,15
2026-06-08 05:00:00,0.08494,0.08512,0.08459,0.08466,8232998.0,15
2026-06-08 05:15:00,0.08466,0.08501,0.08454,0.08498,7920737.0,15
2026-06-08 05:30:00,0.08497,0.08498,0.08436,0.08456,4584449.0,15
2026-06-08 05:45:00,0.08456,0.0848,0.08446,0.0848,7245994.0,15
2026-06-08 06:00:00,0.0848,0.08517,0.08479,0.08506,6979470.0,15
2026-06-08 06:15:00,0.08506,0.08541,0.08503,0.0853,5696810.0,15
2026-06-08 06:30:00,0.08531,0.08534,0.08512,0.0853,4682100.0,15
2026-06-08 06:45:00,0.08531,0.08535,0.08518,0.0853,1476747.0,15
2026-06-08 07:00:00,0.0853,0.08556,0.08497,0.08536,7060575.0,15
2026-06-08 07:15:00,0.08536,0.08564,0.08516,0.08552,6222581.0,15
2026-06-08 07:30:00,0.08553,0.08573,0.08549,0.08559,3439019.0,15
2026-06-08 07:45:00,0.08558,0.08579,0.08555,0.08566,2585056.0,15
2026-06-08 08:00:00,0.08566,0.08566,0.08534,0.08554,4090127.0,15
2026-06-08 08:15:00,0.08555,0.08558,0.08511,0.08529,4690301.0,15
2026-06-08 08:30:00,0.08529,0.0854,0.08508,0.08523,2595395.0,15
2026-06-08 08:45:00,0.08524,0.08526,0.0849,0.08515,4082977.0,15
2026-06-08 09:00:00,0.08515,0.08544,0.0851,0.08544,2756461.0,15
2026-06-08 09:15:00,0.08543,0.08573,0.08533,0.08555,2317206.0,15
2026-06-08 09:30:00,0.08556,0.08594,0.08536,0.08576,8524395.0,15
2026-06-08 09:45:00,0.08576,0.08592,0.08567,0.08592,5280341.0,15
2026-06-08 10:00:00,0.08591,0.086,0.08563,0.08571,3549064.0,15
2026-06-08 10:15:00,0.08571,0.08571,0.08528,0.08538,4697790.0,15
2026-06-08 10:30:00,0.08538,0.08601,0.08532,0.08572,10331664.0,15
2026-06-08 10:45:00,0.08572,0.08576,0.08548,0.08566,3059015.0,15
2026-06-08 11:00:00,0.08566,0.08618,0.08547,0.08606,8965450.0,15
2026-06-08 11:15:00,0.08607,0.08653,0.08603,0.08646,16568551.0,15
2026-06-08 11:30:00,0.08647,0.08684,0.08636,0.08652,8108813.0,15
2026-06-08 11:45:00,0.08652,0.08657,0.08626,0.0864,7766613.0,15
2026-06-08 12:00:00,0.0864,0.08662,0.0858,0.08584,12770849.0,15
2026-06-08 12:15:00,0.08584,0.08636,0.08584,0.08636,5176805.0,15
2026-06-08 12:30:00,0.08636,0.08689,0.08633,0.08679,11322114.0,15
2026-06-08 12:45:00,0.0868,0.087,0.0866,0.08684,7286136.0,15
2026-06-08 13:00:00,0.08684,0.08693,0.08664,0.08667,7595798.0,15
2026-06-08 13:15:00,0.08667,0.08686,0.08634,0.08636,4301087.0,15
2026-06-08 13:30:00,0.08635,0.08657,0.08606,0.08623,17563241.0,15
2026-06-08 13:45:00,0.08624,0.08665,0.08612,0.08636,6782494.0,15
2026-06-08 14:00:00,0.08635,0.08655,0.08614,0.08642,3850908.0,15
2026-06-08 14:15:00,0.08643,0.08646,0.08619,0.08633,2933035.0,15
2026-06-08 14:30:00,0.08633,0.08661,0.08627,0.0865,5917615.0,15
2026-06-08 14:45:00,0.0865,0.08684,0.08645,0.0867,5149350.0,15
2026-06-08 15:00:00,0.08671,0.08735,0.0867,0.08728,8335265.0,15
2026-06-08 15:15:00,0.08729,0.08747,0.08698,0.087,9886030.0,15
2026-06-08 15:30:00,0.08701,0.08703,0.08681,0.08701,10445480.0,15
2026-06-08 15:45:00,0.08701,0.08728,0.08687,0.08698,3413498.0,15
2026-06-08 16:00:00,0.08699,0.08729,0.08687,0.08715,3434327.0,15
2026-06-08 16:15:00,0.08716,0.08754,0.08715,0.08721,16623500.0,15
2026-06-08 16:30:00,0.08721,0.08723,0.08675,0.08695,5490716.0,15
2026-06-08 16:45:00,0.08695,0.08696,0.08639,0.08647,4354645.0,15
2026-06-08 17:00:00,0.08647,0.08654,0.08615,0.08627,5636903.0,15
2026-06-08 17:15:00,0.08627,0.08677,0.08626,0.08672,4272723.0,15
2026-06-08 17:30:00,0.08672,0.08673,0.08624,0.08654,2785049.0,15
2026-06-08 17:45:00,0.08654,0.08684,0.08646,0.08684,3384833.0,15
2026-06-08 18:00:00,0.08684,0.08708,0.08684,0.08698,4630267.0,15
2026-06-08 18:15:00,0.08698,0.08718,0.08698,0.08715,3349267.0,15
2026-06-08 18:30:00,0.08716,0.08728,0.08685,0.0869,3872644.0,15
2026-06-08 18:45:00,0.0869,0.08696,0.08661,0.08685,2332558.0,15
2026-06-08 19:00:00,0.08685,0.08708,0.08679,0.08683,1713297.0,15
2026-06-08 19:15:00,0.08683,0.0871,0.08669,0.08695,6289634.0,15
2026-06-08 19:30:00,0.08696,0.08707,0.08682,0.08695,2346580.0,15
2026-06-08 19:45:00,0.08694,0.087,0.08668,0.0868,3894055.0,15
2026-06-08 20:00:00,0.08681,0.08685,0.08634,0.08644,2291833.0,15
2026-06-08 20:15:00,0.08644,0.08661,0.08632,0.08649,2837701.0,15
2026-06-08 20:30:00,0.08649,0.08675,0.08639,0.08669,1297409.0,15
2026-06-08 20:45:00,0.08669,0.08676,0.08656,0.08676,952672.0,15
2026-06-08 21:00:00,0.08677,0.08744,0.08676,0.08741,8118012.0,15
2026-06-08 21:15:00,0.0874,0.08745,0.08717,0.08734,4971228.0,15
2026-06-08 21:30:00,0.08734,0.08749,0.08722,0.08748,2226603.0,15
2026-06-08 21:45:00,0.08748,0.08748,0.08706,0.08706,2017427.0,15
2026-06-08 22:00:00,0.08706,0.08713,0.08672,0.08676,6702632.0,15
2026-06-08 22:15:00,0.08677,0.08707,0.08663,0.08685,5217220.0,15
2026-06-08 22:30:00,0.08685,0.08703,0.08678,0.087,2954731.0,15
2026-06-08 22:45:00,0.087,0.08703,0.0868,0.08702,1404529.0,15
2026-06-08 23:00:00,0.08703,0.08723,0.08694,0.08715,1726540.0,15
2026-06-08 23:15:00,0.08714,0.08717,0.08647,0.08658,3607948.0,15
2026-06-08 23:30:00,0.08658,0.08661,0.08634,0.08649,9240299.0,15
2026-06-08 23:45:00,0.0865,0.0865,0.08613,0.08634,5320356.0,15
2026-06-09 00:00:00,0.08635,0.08649,0.08606,0.0861,7160527.0,15
2026-06-09 00:15:00,0.08611,0.08643,0.08532,0.08546,25036106.0,15
2026-06-09 00:30:00,0.08547,0.08551,0.0847,0.08514,31311206.0,15
2026-06-09 00:45:00,0.08513,0.08513,0.08459,0.08482,18682650.0,15
2026-06-09 01:00:00,0.08482,0.0851,0.08475,0.08489,9464679.0,15
2026-06-09 01:15:00,0.08489,0.08534,0.08484,0.0852,5683986.0,15
2026-06-09 01:30:00,0.0852,0.08537,0.08497,0.08506,5968044.0,15
2026-06-09 01:45:00,0.08507,0.08535,0.08497,0.08513,3660873.0,15
2026-06-09 02:00:00,0.08512,0.08527,0.08499,0.08501,4037836.0,15
2026-06-09 02:15:00,0.08502,0.08504,0.08472,0.085,9575655.0,15
2026-06-09 02:30:00,0.085,0.08505,0.08456,0.08493,10966425.0,15
2026-06-09 02:45:00,0.08493,0.08532,0.08486,0.08532,4547565.0,15
2026-06-09 03:00:00,0.08533,0.08549,0.08521,0.08541,5410867.0,15
2026-06-09 03:15:00,0.08542,0.0855,0.08512,0.08518,3512221.0,15
2026-06-09 03:30:00,0.08518,0.08524,0.08493,0.08516,3141666.0,15
2026-06-09 03:45:00,0.08516,0.08535,0.08512,0.08531,1539042.0,15
2026-06-09 04:00:00,0.0853,0.08548,0.08506,0.08531,5724323.0,15
2026-06-09 04:15:00,0.08531,0.08543,0.08517,0.08519,1674557.0,15
2026-06-09 04:30:00,0.08519,0.08642,0.08511,0.08622,32663452.0,15
2026-06-09 04:45:00,0.08623,0.08646,0.08608,0.08616,8895497.0,15
2026-06-09 05:00:00,0.08615,0.08632,0.08595,0.08616,3430624.0,15
2026-06-09 05:15:00,0.08617,0.08637,0.08617,0.08625,3838442.0,15
2026-06-09 05:30:00,0.08625,0.08675,0.08625,0.08652,11308947.0,15
2026-06-09 05:45:00,0.08651,0.08664,0.08636,0.08647,4504697.0,15
2026-06-09 06:00:00,0.08647,0.08655,0.08632,0.08654,3851576.0,15
2026-06-09 06:15:00,0.08653,0.08674,0.0865,0.08657,2716675.0,15
2026-06-09 06:30:00,0.08658,0.08668,0.08646,0.08659,4153599.0,15
2026-06-09 06:45:00,0.08659,0.08665,0.08628,0.08633,6382713.0,15
2026-06-09 07:00:00,0.08634,0.08666,0.08632,0.0864,4083745.0,15
2026-06-09 07:15:00,0.0864,0.08661,0.08599,0.08607,12786744.0,15
2026-06-09 07:30:00,0.08606,0.08635,0.08606,0.08629,2867625.0,15
2026-06-09 07:45:00,0.0863,0.08641,0.08625,0.08641,2300933.0,15
2026-06-09 08:00:00,0.08641,0.08645,0.08576,0.08592,10132557.0,15
2026-06-09 08:15:00,0.08593,0.08611,0.08584,0.08597,1811835.0,15
2026-06-09 08:30:00,0.08596,0.08607,0.08576,0.08601,4542063.0,15
2026-06-09 08:45:00,0.086,0.08612,0.08584,0.08586,3591111.0,15
2026-06-09 09:00:00,0.08586,0.08595,0.0857,0.08593,1408450.0,15
2026-06-09 09:15:00,0.08594,0.08606,0.08566,0.08566,3282819.0,15
2026-06-09 09:30:00,0.08566,0.08567,0.08526,0.08538,11264402.0,15
2026-06-09 09:45:00,0.08538,0.08545,0.08527,0.08542,1824067.0,15
2026-06-09 10:00:00,0.08543,0.08561,0.08521,0.08546,8286961.0,15
2026-06-09 10:15:00,0.08546,0.0855,0.08531,0.08544,4519303.0,15
2026-06-09 10:30:00,0.08544,0.08548,0.08527,0.08543,1792532.0,15
2026-06-09 10:45:00,0.08543,0.08559,0.08535,0.08551,5576778.0,15
2026-06-09 11:00:00,0.0855,0.08557,0.08518,0.0852,4766318.0,15
2026-06-09 11:15:00,0.0852,0.08536,0.08517,0.08532,3942956.0,15
2026-06-09 11:30:00,0.08532,0.08556,0.08524,0.08542,3412533.0,15
2026-06-09 11:45:00,0.08543,0.0856,0.08538,0.08553,3978058.0,15
2026-06-09 12:00:00,0.08552,0.08595,0.08549,0.08586,6335366.0,15
2026-06-09 12:15:00,0.08586,0.08586,0.08562,0.08573,1651563.0,15
2026-06-09 12:30:00,0.08572,0.08582,0.0856,0.08563,3166518.0,15
2026-06-09 12:45:00,0.08563,0.08591,0.0855,0.08586,4376995.0,15
2026-06-09 13:00:00,0.08586,0.08612,0.08582,0.08582,8379571.0,15
2026-06-09 13:15:00,0.08582,0.08583,0.08533,0.08546,5337901.0,15
2026-06-09 13:30:00,0.08546,0.08568,0.08523,0.08568,9806562.0,15
2026-06-09 13:45:00,0.08569,0.08594,0.08564,0.08571,4643423.0,15
2026-06-09 14:00:00,0.0857,0.08591,0.08535,0.08535,6609662.0,15
2026-06-09 14:15:00,0.08534,0.08542,0.08456,0.08459,23378821.0,15
2026-06-09 14:30:00,0.08459,0.08492,0.08433,0.08461,24489769.0,15
2026-06-09 14:45:00,0.08461,0.08503,0.08434,0.08502,12799979.0,15
2026-06-09 15:00:00,0.08503,0.08532,0.08481,0.0852,16262339.0,15
2026-06-09 15:15:00,0.0852,0.08528,0.08448,0.08448,12326049.0,15
2026-06-09 15:30:00,0.08447,0.08463,0.08413,0.08439,23314590.0,15
2026-06-09 15:45:00,0.0844,0.08456,0.08407,0.0841,11175333.0,15
2026-06-09 16:00:00,0.0841,0.08431,0.08377,0.08395,22047161.0,15
2026-06-09 16:15:00,0.08396,0.08405,0.08358,0.08387,9040567.0,15
2026-06-09 16:30:00,0.08386,0.0842,0.08316,0.08399,18970225.0,15
2026-06-09 16:45:00,0.08398,0.08447,0.08386,0.08435,12109272.0,15
2026-06-09 17:00:00,0.08435,0.08514,0.08433,0.08495,10445863.0,15
2026-06-09 17:15:00,0.08496,0.08547,0.08495,0.08526,18406893.0,15
2026-06-09 17:30:00,0.08527,0.08548,0.08509,0.0851,3687798.0,15
2026-06-09 17:45:00,0.0851,0.0851,0.08476,0.08478,5800510.0,15
2026-06-09 18:00:00,0.08479,0.08497,0.0846,0.08486,7620650.0,15
2026-06-09 18:15:00,0.08485,0.08527,0.08473,0.08488,11948783.0,15
2026-06-09 18:30:00,0.08488,0.08517,0.08472,0.08472,14220711.0,15
2026-06-09 18:45:00,0.08472,0.08498,0.08472,0.0849,6449252.0,15
2026-06-09 19:00:00,0.08489,0.08512,0.08479,0.08487,5685637.0,15
2026-06-09 19:15:00,0.08488,0.08499,0.08472,0.08488,6575426.0,15
2026-06-09 19:30:00,0.08489,0.08516,0.08481,0.08492,3528474.0,15
2026-06-09 19:45:00,0.08493,0.08537,0.08479,0.08521,9933003.0,15
2026-06-09 20:00:00,0.08521,0.08539,0.08513,0.08538,2671280.0,15
2026-06-09 20:15:00,0.08539,0.08562,0.08513,0.08538,20177348.0,15
2026-06-09 20:30:00,0.08537,0.08557,0.08523,0.08553,2139495.0,15
2026-06-09 20:45:00,0.08553,0.08556,0.0854,0.08556,1785155.0,15
2026-06-09 21:00:00,0.08556,0.08571,0.08542,0.08555,5567837.0,15
2026-06-09 21:15:00,0.08555,0.08555,0.08492,0.08496,5265808.0,15
2026-06-09 21:30:00,0.08496,0.08503,0.08465,0.0848,5495335.0,15
2026-06-09 21:45:00,0.0848,0.08486,0.08469,0.08484,1017457.0,15
2026-06-09 22:00:00,0.08484,0.08496,0.08465,0.08493,1360203.0,15
2026-06-09 22:15:00,0.08493,0.08508,0.08481,0.08494,3128953.0,15
2026-06-09 22:30:00,0.08495,0.08514,0.08487,0.08499,3891017.0,15
2026-06-09 22:45:00,0.08498,0.08503,0.08452,0.08454,3036097.0,15
2026-06-09 23:00:00,0.08454,0.08472,0.08445,0.08462,8293143.0,15
2026-06-09 23:15:00,0.08463,0.0849,0.08458,0.08464,7067459.0,15
2026-06-09 23:30:00,0.08465,0.08479,0.08453,0.08475,3326015.0,15
2026-06-09 23:45:00,0.08476,0.08496,0.08467,0.08479,1698925.0,15
2026-06-10 00:00:00,0.08479,0.08515,0.08479,0.08502,2891572.0,15
2026-06-10 00:15:00,0.08503,0.08507,0.08482,0.08507,1656512.0,15
2026-06-10 00:30:00,0.08506,0.08507,0.08421,0.08431,3974196.0,15
2026-06-10 00:45:00,0.08431,0.0851,0.08431,0.08508,3944547.0,15
2026-06-10 01:00:00,0.08507,0.08514,0.08475,0.08492,2441942.0,15
2026-06-10 01:15:00,0.08491,0.08505,0.08478,0.08486,2027518.0,15
2026-06-10 01:30:00,0.08486,0.08497,0.08449,0.08461,3043190.0,15
2026-06-10 01:45:00,0.08462,0.08487,0.08454,0.08469,3340836.0,15
2026-06-10 02:00:00,0.08469,0.08481,0.08439,0.08439,2435993.0,15
2026-06-10 02:15:00,0.0844,0.08442,0.08407,0.0843,2163596.0,15
2026-06-10 02:30:00,0.08431,0.08437,0.08377,0.08395,7591368.0,15
2026-06-10 02:45:00,0.08395,0.08396,0.08369,0.08382,4026663.0,15
2026-06-10 03:00:00,0.08382,0.08421,0.08381,0.08399,2446946.0,15
2026-06-10 03:15:00,0.08398,0.08427,0.08387,0.08423,1868199.0,15
2026-06-10 03:30:00,0.08423,0.08423,0.08395,0.08403,1085584.0,15
2026-06-10 03:45:00,0.08403,0.08408,0.08389,0.08395,1837878.0,15
2026-06-10 04:00:00,0.08396,0.08407,0.08386,0.08396,3047761.0,15
2026-06-10 04:15:00,0.08397,0.08412,0.08391,0.08397,1334778.0,15
2026-06-10 04:30:00,0.08397,0.08397,0.08348,0.08353,3962449.0,15
2026-06-10 04:45:00,0.08352,0.08369,0.08349,0.08361,2934000.0,15
2026-06-10 05:00:00,0.08361,0.08375,0.08346,0.08348,3442700.0,15
2026-06-10 05:15:00,0.08348,0.08364,0.08326,0.08364,4056445.0,15
2026-06-10 05:30:00,0.08365,0.08375,0.08346,0.08361,1363663.0,15
2026-06-10 05:45:00,0.08361,0.08365,0.0834,0.08357,1647779.0,15
2026-06-10 06:00:00,0.08358,0.08366,0.08345,0.0836,1344423.0,15
2026-06-10 06:15:00,0.08359,0.08379,0.08353,0.08357,4059017.0,15
2026-06-10 06:30:00,0.08356,0.08378,0.08328,0.0837,5383171.0,15
2026-06-10 06:45:00,0.0837,0.08386,0.08364,0.08365,3775844.0,15
2026-06-10 07:00:00,0.08364,0.08392,0.08359,0.08387,2421337.0,15
2026-06-10 07:15:00,0.08387,0.08416,0.08386,0.08407,4349563.0,15
2026-06-10 07:30:00,0.08407,0.08437,0.08398,0.08418,2472892.0,15
2026-06-10 07:45:00,0.08417,0.08429,0.0841,0.08422,5379665.0,15
2026-06-10 08:00:00,0.08423,0.08425,0.08378,0.08386,3358133.0,15
2026-06-10 08:15:00,0.08387,0.08412,0.08366,0.08373,3969030.0,15
2026-06-10 08:30:00,0.08372,0.08385,0.08326,0.08328,9886839.0,15
2026-06-10 08:45:00,0.08327,0.08353,0.08321,0.08342,4483928.0,15
2026-06-10 09:00:00,0.08342,0.08356,0.08317,0.08319,5544599.0,15
2026-06-10 09:15:00,0.08318,0.08337,0.08285,0.08333,12182830.0,15
2026-06-10 09:30:00,0.08332,0.08365,0.08332,0.08343,9651964.0,15
2026-06-10 09:45:00,0.08344,0.08365,0.08327,0.08354,2070186.0,15
2026-06-10 10:00:00,0.08354,0.08357,0.08334,0.08346,3026417.0,15
2026-06-10 10:15:00,0.08345,0.08368,0.08326,0.08365,3846868.0,15
2026-06-10 10:30:00,0.08366,0.0839,0.08356,0.08368,2247013.0,15
2026-06-10 10:45:00,0.08369,0.08379,0.08356,0.08372,1788949.0,15
2026-06-10 11:00:00,0.08372,0.08376,0.08282,0.08334,17757937.0,15
2026-06-10 11:15:00,0.08333,0.0835,0.08294,0.08316,8229089.0,15
2026-06-10 11:30:00,0.08317,0.08322,0.08302,0.08317,2931594.0,15
2026-06-10 11:45:00,0.08317,0.08342,0.08313,0.0833,2227840.0,15
2026-06-10 12:00:00,0.08331,0.08347,0.08308,0.08335,6001418.0,15
2026-06-10 12:15:00,0.08334,0.08347,0.08303,0.08326,5557013.0,15
2026-06-10 12:30:00,0.08326,0.0846,0.08316,0.08398,31840487.0,15
2026-06-10 12:45:00,0.08398,0.0842,0.0839,0.08391,6903903.0,15
2026-06-10 13:00:00,0.0839,0.08406,0.08376,0.084,2671902.0,15
2026-06-10 13:15:00,0.084,0.08416,0.0839,0.08412,2539969.0,15
2026-06-10 13:30:00,0.08412,0.08517,0.084,0.08514,22674040.0,15
2026-06-10 13:45:00,0.08514,0.0852,0.08453,0.0846,11818123.0,15
2026-06-10 14:00:00,0.08461,0.08476,0.08426,0.08431,7691206.0,15
2026-06-10 14:15:00,0.08431,0.08453,0.08397,0.08434,12272629.0,15
2026-06-10 14:30:00,0.08433,0.08468,0.08407,0.08437,4017539.0,15
2026-06-10 14:45:00,0.08437,0.08456,0.08407,0.08453,9457082.0,15
2026-06-10 15:00:00,0.08453,0.08485,0.08402,0.08424,9928776.0,15
2026-06-10 15:15:00,0.08423,0.08489,0.08411,0.08478,5764432.0,15
2026-06-10 15:30:00,0.08478,0.08499,0.08458,0.0849,5419009.0,15
2026-06-10 15:45:00,0.0849,0.08547,0.08421,0.08513,19911643.0,15
2026-06-10 16:00:00,0.08514,0.08523,0.08477,0.08481,10633517.0,15
2026-06-10 16:15:00,0.08481,0.08497,0.08435,0.08475,5560250.0,15
2026-06-10 16:30:00,0.08474,0.0848,0.08438,0.0844,6588845.0,15
2026-06-10 16:45:00,0.08439,0.08439,0.08374,0.08416,13833713.0,15
2026-06-10 17:00:00,0.08416,0.08449,0.08407,0.08416,4838112.0,15
2026-06-10 17:15:00,0.08415,0.08437,0.0837,0.08373,3996541.0,15
2026-06-10 17:30:00,0.08373,0.08386,0.08337,0.08348,13156767.0,15
2026-06-10 17:45:00,0.08349,0.08408,0.08341,0.08391,7055340.0,15
2026-06-10 18:00:00,0.08391,0.08405,0.08375,0.08387,2504200.0,15
2026-06-10 18:15:00,0.08387,0.08395,0.08364,0.08395,3419649.0,15
2026-06-10 18:30:00,0.08394,0.08394,0.08344,0.08351,5506020.0,15
2026-06-10 18:45:00,0.08352,0.08392,0.0833,0.08392,4697027.0,15
2026-06-10 19:00:00,0.08391,0.08394,0.08351,0.08353,2730467.0,15
2026-06-10 19:15:00,0.08353,0.08361,0.08323,0.08347,4537065.0,15
2026-06-10 19:30:00,0.08346,0.08363,0.08335,0.08345,2596655.0,15
2026-06-10 19:45:00,0.08345,0.08346,0.08303,0.08316,5075304.0,15
2026-06-10 20:00:00,0.08316,0.08331,0.08277,0.08311,7180526.0,15
2026-06-10 20:15:00,0.08311,0.08324,0.08289,0.0831,4532847.0,15
2026-06-10 20:30:00,0.0831,0.08312,0.08291,0.08291,3431077.0,15
2026-06-10 20:45:00,0.08291,0.08296,0.08267,0.08286,6109667.0,15
2026-06-10 21:00:00,0.08285,0.08285,0.08218,0.08229,11092541.0,15
2026-06-10 21:15:00,0.08228,0.0826,0.08228,0.08251,3380714.0,15
2026-06-10 21:30:00,0.0825,0.08266,0.0824,0.08263,2484474.0,15
2026-06-10 21:45:00,0.08264,0.08271,0.08183,0.08217,8684029.0,15
2026-06-10 22:00:00,0.08218,0.08224,0.08195,0.08212,7030438.0,15
2026-06-10 22:15:00,0.08212,0.08222,0.08187,0.08207,6111011.0,15
2026-06-10 22:30:00,0.08207,0.08271,0.08206,0.08252,5725953.0,15
2026-06-10 22:45:00,0.08253,0.08255,0.08235,0.08236,4616990.0,15
2026-06-10 23:00:00,0.08235,0.08246,0.08215,0.08243,6985283.0,15
2026-06-10 23:15:00,0.08244,0.08307,0.08223,0.083,9701515.0,15
2026-06-10 23:30:00,0.083,0.08312,0.08283,0.08301,3100366.0,15
2026-06-10 23:45:00,0.08302,0.08313,0.08292,0.08294,1831727.0,15
2026-06-11 00:00:00,0.08295,0.08328,0.08295,0.08327,2596120.0,15
2026-06-11 00:15:00,0.08327,0.08366,0.08327,0.0835,6334859.0,15
2026-06-11 00:30:00,0.0835,0.08362,0.08339,0.08343,8999573.0,15
2026-06-11 00:45:00,0.08344,0.08361,0.08336,0.08343,1055258.0,15
2026-06-11 01:00:00,0.08344,0.08388,0.08343,0.08381,4767690.0,15
2026-06-11 01:15:00,0.0838,0.08412,0.08378,0.08405,6394925.0,15
2026-06-11 01:30:00,0.08405,0.08448,0.08393,0.08437,3233852.0,15
2026-06-11 01:45:00,0.08437,0.08443,0.08422,0.08427,4594813.0,15
2026-06-11 02:00:00,0.08427,0.08435,0.08391,0.08401,2925387.0,15
2026-06-11 02:15:00,0.08402,0.08416,0.08377,0.08379,2491887.0,15
2026-06-11 02:30:00,0.08379,0.08386,0.08363,0.08385,3409871.0,15
2026-06-11 02:45:00,0.08384,0.08422,0.08372,0.08415,3733332.0,15
2026-06-11 03:00:00,0.08415,0.08424,0.08392,0.08399,1636812.0,15
2026-06-11 03:15:00,0.08398,0.08419,0.08395,0.08418,767085.0,15
2026-06-11 03:30:00,0.08419,0.08464,0.08419,0.08439,6966917.0,15
2026-06-11 03:45:00,0.0844,0.08529,0.08438,0.08504,17526803.0,15
2026-06-11 04:00:00,0.08505,0.08514,0.08481,0.08498,10203044.0,15
2026-06-11 04:15:00,0.08498,0.08506,0.0849,0.08499,4263996.0,15
2026-06-11 04:30:00,0.08498,0.08521,0.08481,0.08521,5972937.0,15
2026-06-11 04:45:00,0.0852,0.08544,0.0851,0.08519,6236515.0,15
2026-06-11 05:00:00,0.08519,0.08519,0.08488,0.08499,6835256.0,15
2026-06-11 05:15:00,0.08499,0.08513,0.08489,0.08498,4789423.0,15
2026-06-11 05:30:00,0.08498,0.0851,0.08488,0.08509,2698242.0,15
2026-06-11 05:45:00,0.0851,0.08514,0.0848,0.0848,7300364.0,15
2026-06-11 06:00:00,0.0848,0.08497,0.0846,0.0849,9831401.0,15
2026-06-11 06:15:00,0.08491,0.08518,0.08491,0.08501,9540599.0,15
2026-06-11 06:30:00,0.085,0.08511,0.08496,0.08501,4779329.0,15
2026-06-11 06:45:00,0.08502,0.08508,0.08474,0.08477,2656195.0,15
2026-06-11 07:00:00,0.08476,0.08485,0.08467,0.08479,11635347.0,15
2026-06-11 07:15:00,0.08478,0.08504,0.08478,0.08497,3999007.0,15
2026-06-11 07:30:00,0.08497,0.08504,0.08471,0.08472,3962033.0,15
2026-06-11 07:45:00,0.08471,0.08489,0.08471,0.08488,1828747.0,15
2026-06-11 08:00:00,0.08487,0.0851,0.08486,0.08508,2506574.0,15
2026-06-11 08:15:00,0.08508,0.0854,0.08504,0.08539,6368802.0,15
2026-06-11 08:30:00,0.0854,0.0855,0.08522,0.08522,6978178.0,15
2026-06-11 08:45:00,0.08522,0.0854,0.0852,0.08526,2899706.0,15
2026-06-11 09:00:00,0.08526,0.08526,0.08486,0.08492,4164745.0,15
2026-06-11 09:15:00,0.08492,0.08494,0.08478,0.08488,5401081.0,15
2026-06-11 09:30:00,0.08489,0.0851,0.08489,0.08498,2433028.0,15
2026-06-11 09:45:00,0.08498,0.0852,0.08493,0.08509,4985964.0,15
2026-06-11 10:00:00,0.0851,0.0852,0.08499,0.08514,1947086.0,15
2026-06-11 10:15:00,0.08514,0.08516,0.08497,0.08503,2002334.0,15
2026-06-11 10:30:00,0.08504,0.08513,0.08499,0.08503,1538004.0,15
2026-06-11 10:45:00,0.08503,0.08522,0.08503,0.08517,4959027.0,15
2026-06-11 11:00:00,0.08516,0.0852,0.08494,0.08516,4479081.0,15
2026-06-11 11:15:00,0.08515,0.08523,0.08502,0.08516,2143699.0,15
2026-06-11 11:30:00,0.08516,0.0853,0.08503,0.08511,3735262.0,15
2026-06-11 11:45:00,0.08511,0.08558,0.08509,0.08532,5619820.0,15
2026-06-11 12:00:00,0.08533,0.08534,0.08515,0.08524,10799127.0,15
2026-06-11 12:15:00,0.08523,0.08529,0.08423,0.08445,15954414.0,15
2026-06-11 12:30:00,0.08444,0.08487,0.08425,0.0848,14484542.0,15
2026-06-11 12:45:00,0.0848,0.0849,0.08465,0.08478,4885964.0,15
2026-06-11 13:00:00,0.08477,0.08486,0.08466,0.08482,2962131.0,15
2026-06-11 13:15:00,0.08482,0.08507,0.08476,0.08481,4034860.0,15
2026-06-11 13:30:00,0.08481,0.08495,0.08451,0.0849,5604249.0,15
2026-06-11 13:45:00,0.08491,0.08525,0.0849,0.085,8828522.0,15
2026-06-11 14:00:00,0.085,0.08512,0.08468,0.08477,4481227.0,15
2026-06-11 14:15:00,0.08477,0.08507,0.08465,0.08503,4684825.0,15
2026-06-11 14:30:00,0.08504,0.08517,0.08493,0.08509,3560958.0,15
2026-06-11 14:45:00,0.08509,0.08545,0.08501,0.08501,6102980.0,15
2026-06-11 15:00:00,0.08501,0.08507,0.0846,0.08481,10469977.0,15
2026-06-11 15:15:00,0.08481,0.08513,0.08477,0.08506,2563070.0,15
2026-06-11 15:30:00,0.08506,0.08521,0.0849,0.08493,2193375.0,15
2026-06-11 15:45:00,0.08492,0.08498,0.08468,0.08494,3546975.0,15
2026-06-11 16:00:00,0.08495,0.08512,0.08481,0.08511,4908915.0,15
2026-06-11 16:15:00,0.08512,0.08515,0.08468,0.08481,5199468.0,15
2026-06-11 16:30:00,0.0848,0.08503,0.08463,0.08479,5065719.0,15
2026-06-11 16:45:00,0.0848,0.08483,0.08468,0.08474,3102814.0,15
2026-06-11 17:00:00,0.08473,0.08486,0.08447,0.08464,5266974.0,15
2026-06-11 17:15:00,0.08463,0.08546,0.08441,0.08544,12642756.0,15
2026-06-11 17:30:00,0.08543,0.08625,0.08542,0.08625,34656231.0,15
2026-06-11 17:45:00,0.08625,0.08686,0.08622,0.08674,25654170.0,15
2026-06-11 18:00:00,0.08674,0.08702,0.08626,0.08668,16132669.0,15
2026-06-11 18:15:00,0.08669,0.08691,0.08627,0.08637,9446843.0,15
2026-06-11 18:30:00,0.08638,0.08658,0.08632,0.08656,2833693.0,15
2026-06-11 18:45:00,0.08656,0.08667,0.08646,0.08652,5454371.0,15
2026-06-11 19:00:00,0.08651,0.08659,0.08621,0.08635,7250570.0,15
2026-06-11 19:15:00,0.08636,0.0868,0.08636,0.08666,13200758.0,15
2026-06-11 19:30:00,0.08666,0.08708,0.08665,0.08669,15672018.0,15
2026-06-11 19:45:00,0.08668,0.08671,0.08645,0.08651,4227014.0,15
2026-06-11 20:00:00,0.08651,0.08664,0.08644,0.08648,3336655.0,15
2026-06-11 20:15:00,0.08647,0.08654,0.08612,0.08617,5661079.0,15
2026-06-11 20:30:00,0.08617,0.08624,0.08602,0.08606,2953429.0,15
2026-06-11 20:45:00,0.08606,0.08633,0.08601,0.08632,2342688.0,15
2026-06-11 21:00:00,0.08632,0.08673,0.08631,0.08667,2432800.0,15
2026-06-11 21:15:00,0.08666,0.08666,0.08641,0.08644,5289729.0,15
2026-06-11 21:30:00,0.08644,0.08655,0.08636,0.08649,10684698.0,15
2026-06-11 21:45:00,0.08649,0.08654,0.08632,0.08644,1882572.0,15
2026-06-11 22:00:00,0.08645,0.08659,0.08633,0.08651,3301378.0,15
2026-06-11 22:15:00,0.08652,0.08661,0.08642,0.08654,1818515.0,15
2026-06-11 22:30:00,0.08654,0.08672,0.08637,0.08637,4281493.0,15
2026-06-11 22:45:00,0.08636,0.08653,0.08628,0.08639,5137142.0,15
2026-06-11 23:00:00,0.08639,0.08639,0.08617,0.08632,2506741.0,15
2026-06-11 23:15:00,0.08632,0.08639,0.08614,0.08617,1967325.0,15
2026-06-11 23:30:00,0.08617,0.08651,0.08617,0.08637,4101531.0,15
2026-06-11 23:45:00,0.08638,0.08638,0.08599,0.08608,2743058.0,15
2026-06-12 00:00:00,0.08608,0.08621,0.08587,0.08608,13414699.0,15
2026-06-12 00:15:00,0.08607,0.08611,0.08589,0.08603,2270142.0,15
2026-06-12 00:30:00,0.08602,0.08617,0.08596,0.0861,2753017.0,15
2026-06-12 00:45:00,0.08609,0.08611,0.08589,0.0859,2011064.0,15
2026-06-12 01:00:00,0.08589,0.08607,0.08572,0.08602,4377108.0,15
2026-06-12 01:15:00,0.08603,0.08614,0.08563,0.08576,5019050.0,15
2026-06-12 01:30:00,0.08577,0.08581,0.08561,0.08574,5248883.0,15
2026-06-12 01:45:00,0.08575,0.08592,0.08575,0.0859,2217383.0,15
2026-06-12 02:00:00,0.08591,0.08658,0.08591,0.08641,3850063.0,15
2026-06-12 02:15:00,0.08642,0.08646,0.08622,0.08627,2226718.0,15
2026-06-12 02:30:00,0.08627,0.08656,0.08627,0.08656,3254726.0,15
2026-06-12 02:45:00,0.08657,0.08657,0.08636,0.0864,4479534.0,15
2026-06-12 03:00:00,0.08641,0.08647,0.08629,0.08637,2118659.0,15
2026-06-12 03:15:00,0.08637,0.08641,0.08619,0.08634,1546691.0,15
2026-06-12 03:30:00,0.08634,0.08651,0.08629,0.08643,2572903.0,15
2026-06-12 03:45:00,0.08643,0.08659,0.08635,0.08658,2675766.0,15
2026-06-12 04:00:00,0.08659,0.08664,0.08646,0.08653,2575813.0,15
2026-06-12 04:15:00,0.08653,0.0868,0.08653,0.08678,4546799.0,15
2026-06-12 04:30:00,0.08679,0.08694,0.08668,0.08672,10120016.0,15
2026-06-12 04:45:00,0.08673,0.08715,0.0867,0.08701,18910549.0,15
2026-06-12 05:00:00,0.08701,0.08706,0.08672,0.08683,9767480.0,15
2026-06-12 05:15:00,0.08683,0.087,0.08677,0.08679,3486609.0,15
2026-06-12 05:30:00,0.08678,0.08746,0.08674,0.08703,47064912.0,15
2026-06-12 05:45:00,0.08704,0.08715,0.08671,0.08678,10892441.0,15
2026-06-12 06:00:00,0.08678,0.08711,0.08659,0.08665,10701471.0,15
2026-06-12 06:15:00,0.08665,0.08667,0.08623,0.08638,16493353.0,15
2026-06-12 06:30:00,0.08637,0.08637,0.08505,0.08534,58724481.0,15
2026-06-12 06:45:00,0.08535,0.0855,0.08532,0.08542,6829160.0,15
2026-06-12 07:00:00,0.08542,0.08578,0.08542,0.08552,5656218.0,15
2026-06-12 07:15:00,0.08551,0.08573,0.08546,0.08565,2782678.0,15
2026-06-12 07:30:00,0.08564,0.08576,0.08557,0.08566,2075779.0,15
2026-06-12 07:45:00,0.08565,0.08601,0.08559,0.08596,14622003.0,15
2026-06-12 08:00:00,0.08596,0.08635,0.08595,0.08622,17844679.0,15
2026-06-12 08:15:00,0.08623,0.08672,0.08621,0.08661,6957344.0,15
2026-06-12 08:30:00,0.08662,0.08671,0.0864,0.08641,4107108.0,15
2026-06-12 08:45:00,0.08642,0.08671,0.08638,0.08666,2066564.0,15
2026-06-12 09:00:00,0.08666,0.08674,0.08653,0.08665,2727736.0,15
2026-06-12 09:15:00,0.08666,0.08696,0.08666,0.08693,6153368.0,15
2026-06-12 09:30:00,0.08693,0.0873,0.08692,0.08709,8039785.0,15
2026-06-12 09:45:00,0.08709,0.08722,0.087,0.08702,7444326.0,15
2026-06-12 10:00:00,0.08703,0.08709,0.0868,0.08688,3864104.0,15
2026-06-12 10:15:00,0.08687,0.08697,0.08634,0.0865,15502530.0,15
2026-06-12 10:30:00,0.0865,0.08674,0.08649,0.08659,2611137.0,15
2026-06-12 10:45:00,0.0866,0.0867,0.08657,0.0866,2748414.0,15
2026-06-12 11:00:00,0.08661,0.08678,0.08657,0.0867,2100397.0,15
2026-06-12 11:15:00,0.08669,0.08675,0.08655,0.08665,2269273.0,15
2026-06-12 11:30:00,0.08665,0.08672,0.08648,0.08672,2714939.0,15
2026-06-12 11:45:00,0.08672,0.08696,0.08672,0.08696,4482180.0,15
2026-06-12 12:00:00,0.08695,0.08712,0.08682,0.0871,4139139.0,15
2026-06-12 12:15:00,0.0871,0.0873,0.08691,0.08695,7515331.0,15
2026-06-12 12:30:00,0.08694,0.08711,0.08682,0.08691,8041215.0,15
2026-06-12 12:45:00,0.08692,0.08709,0.08679,0.08702,4250965.0,15
2026-06-12 13:00:00,0.08702,0.0871,0.08686,0.08702,3169708.0,15
2026-06-12 13:15:00,0.08701,0.08723,0.08688,0.08705,4099261.0,15
2026-06-12 13:30:00,0.08706,0.08729,0.0867,0.08701,17850413.0,15
2026-06-12 13:45:00,0.08702,0.08737,0.08666,0.08701,15217103.0,15
2026-06-12 14:00:00,0.08701,0.08767,0.08694,0.0876,12622223.0,15
2026-06-12 14:15:00,0.0876,0.08957,0.08756,0.08951,55866623.0,15
2026-06-12 14:30:00,0.0895,0.09247,0.08913,0.09031,179634996.0,15
2026-06-12 14:45:00,0.09031,0.09066,0.08924,0.09061,73482526.0,15
2026-06-12 15:00:00,0.09061,0.09084,0.08967,0.09028,43549595.0,15
2026-06-12 15:15:00,0.09027,0.09028,0.08933,0.08954,22990148.0,15
2026-06-12 15:30:00,0.08954,0.08966,0.08849,0.0886,57792944.0,15
2026-06-12 15:45:00,0.0886,0.08877,0.08719,0.08744,58565197.0,15
2026-06-12 16:00:00,0.08744,0.08826,0.08721,0.0881,34603359.0,15
2026-06-12 16:15:00,0.0881,0.08838,0.08787,0.08809,16683442.0,15
2026-06-12 16:30:00,0.08809,0.08862,0.08803,0.0883,13215446.0,15
2026-06-12 16:45:00,0.08831,0.08878,0.08829,0.08878,10812095.0,15
2026-06-12 17:00:00,0.08879,0.08904,0.08845,0.08853,12799272.0,15
2026-06-12 17:15:00,0.08854,0.08854,0.08807,0.0884,5862014.0,15
2026-06-12 17:30:00,0.08841,0.08851,0.08809,0.08815,5761038.0,15
2026-06-12 17:45:00,0.08815,0.08829,0.08777,0.08786,5175054.0,15
2026-06-12 18:00:00,0.08787,0.0881,0.08763,0.08779,7267933.0,15
2026-06-12 18:15:00,0.08778,0.0879,0.08746,0.08777,4802641.0,15
2026-06-12 18:30:00,0.08778,0.08798,0.08759,0.08786,4506544.0,15
2026-06-12 18:45:00,0.08785,0.08798,0.08755,0.08758,3272980.0,15
2026-06-12 19:00:00,0.08759,0.08798,0.08758,0.08792,3078699.0,15
2026-06-12 19:15:00,0.08792,0.08807,0.08772,0.08796,2504126.0,15
2026-06-12 19:30:00,0.08796,0.08815,0.08763,0.08769,8175242.0,15
2026-06-12 19:45:00,0.08769,0.08777,0.08731,0.08741,5599384.0,15
2026-06-12 20:00:00,0.08741,0.08769,0.08736,0.08769,7187613.0,15
2026-06-12 20:15:00,0.0877,0.08776,0.08745,0.0877,6820352.0,15
2026-06-12 20:30:00,0.0877,0.08784,0.08766,0.0877,2632274.0,15
2026-06-12 20:45:00,0.0877,0.08774,0.08735,0.08747,4039915.0,15
2026-06-12 21:00:00,0.08748,0.08766,0.08729,0.08756,3148661.0,15
2026-06-12 21:15:00,0.08757,0.08769,0.08757,0.08766,3501827.0,15
2026-06-12 21:30:00,0.08766,0.08773,0.08758,0.08758,2444846.0,15
2026-06-12 21:45:00,0.08758,0.08758,0.08654,0.08672,11176421.0,15
2026-06-12 22:00:00,0.08672,0.08684,0.08637,0.08652,9315126.0,15
2026-06-12 22:15:00,0.08653,0.08668,0.08644,0.08646,4772302.0,15
2026-06-12 22:30:00,0.08646,0.0866,0.08619,0.08626,5649559.0,15
2026-06-12 22:45:00,0.08625,0.0864,0.08617,0.08637,3757750.0,15
2026-06-12 23:00:00,0.08637,0.08637,0.086,0.0861,11916629.0,15
2026-06-12 23:15:00,0.0861,0.08612,0.08558,0.08588,16999651.0,15
2026-06-12 23:30:00,0.08589,0.08596,0.08566,0.08586,5255023.0,15
2026-06-12 23:45:00,0.08587,0.08607,0.08586,0.08598,4208164.0,15
2026-06-13 00:00:00,0.08599,0.08606,0.0858,0.086,4860879.0,15
2026-06-13 00:15:00,0.08601,0.0861,0.08584,0.08593,4533837.0,15
2026-06-13 00:30:00,0.08593,0.08616,0.08589,0.08603,3340860.0,15
2026-06-13 00:45:00,0.08602,0.08622,0.08596,0.08611,2686485.0,15
2026-06-13 01:00:00,0.08611,0.08643,0.08609,0.0864,5323802.0,15
2026-06-13 01:15:00,0.08639,0.08643,0.08618,0.08641,3439991.0,15
2026-06-13 01:30:00,0.08642,0.08679,0.08631,0.08662,10134693.0,15
2026-06-13 01:45:00,0.08662,0.08679,0.08662,0.08677,3515152.0,15
2026-06-13 02:00:00,0.08678,0.08692,0.08666,0.08682,6794679.0,15
2026-06-13 02:15:00,0.08682,0.08683,0.08659,0.08667,3118742.0,15
2026-06-13 02:30:00,0.08667,0.08671,0.08651,0.08654,2040764.0,15
2026-06-13 02:45:00,0.08655,0.08659,0.08625,0.08646,5117018.0,15
2026-06-13 03:00:00,0.08646,0.08659,0.08639,0.08641,4196340.0,15
2026-06-13 03:15:00,0.08641,0.08644,0.08608,0.08624,6307444.0,15
2026-06-13 03:30:00,0.08625,0.08641,0.0862,0.08635,3946726.0,15
2026-06-13 03:45:00,0.08635,0.08648,0.08629,0.0863,1554968.0,15
2026-06-13 04:00:00,0.08629,0.08633,0.08603,0.08617,1999133.0,15
2026-06-13 04:15:00,0.08617,0.08634,0.08613,0.08625,2073425.0,15
2026-06-13 04:30:00,0.08625,0.08649,0.08623,0.08641,3647453.0,15
2026-06-13 04:45:00,0.08641,0.08646,0.08608,0.08609,2283498.0,15
2026-06-13 05:00:00,0.0861,0.0863,0.08608,0.08624,1753851.0,15
2026-06-13 05:15:00,0.08624,0.08624,0.08602,0.08606,3867788.0,15
2026-06-13 05:30:00,0.08606,0.0862,0.08599,0.08608,4637857.0,15
2026-06-13 05:45:00,0.08607,0.08616,0.08581,0.08616,5493392.0,15
2026-06-13 06:00:00,0.08616,0.08627,0.08612,0.08615,2723406.0,15
2026-06-13 06:15:00,0.08614,0.08633,0.08608,0.08633,2954037.0,15
2026-06-13 06:30:00,0.08633,0.08653,0.08629,0.08645,10952894.0,15
2026-06-13 06:45:00,0.08645,0.08677,0.08645,0.08666,8299137.0,15
2026-06-13 07:00:00,0.08666,0.08677,0.08646,0.0867,5139251.0,15
2026-06-13 07:15:00,0.0867,0.08718,0.08662,0.08706,12444891.0,15
2026-06-13 07:30:00,0.08706,0.08711,0.08696,0.08706,7096675.0,15
2026-06-13 07:45:00,0.08706,0.08725,0.08702,0.08707,8996692.0,15
2026-06-13 08:00:00,0.08707,0.08722,0.08692,0.08699,7622268.0,15
2026-06-13 08:15:00,0.08699,0.0872,0.08696,0.08709,4474937.0,15
2026-06-13 08:30:00,0.08708,0.08739,0.08705,0.08719,3314426.0,15
2026-06-13 08:45:00,0.08718,0.08726,0.08713,0.08714,2234144.0,15
2026-06-13 09:00:00,0.08714,0.08735,0.08714,0.08732,2508938.0,15
2026-06-13 09:15:00,0.08732,0.08747,0.08723,0.08726,2486009.0,15
2026-06-13 09:30:00,0.08727,0.08732,0.08719,0.08727,2182919.0,15
2026-06-13 09:45:00,0.08726,0.08726,0.08703,0.08715,13763719.0,15
2026-06-13 10:00:00,0.08715,0.0874,0.08712,0.08738,6437171.0,15
2026-06-13 10:15:00,0.08739,0.08752,0.08729,0.0874,4301666.0,15
2026-06-13 10:30:00,0.08739,0.0875,0.08733,0.08741,3650465.0,15
2026-06-13 10:45:00,0.0874,0.08748,0.0872,0.08732,2761962.0,15
2026-06-13 11:00:00,0.08732,0.08772,0.08726,0.0877,5231823.0,15
2026-06-13 11:15:00,0.08771,0.08795,0.08771,0.08792,6743996.0,15
2026-06-13 11:30:00,0.08792,0.08794,0.08781,0.08785,2346797.0,15
2026-06-13 11:45:00,0.08785,0.08796,0.08774,0.08796,4954700.0,15
2026-06-13 12:00:00,0.08795,0.08796,0.08774,0.08777,6004556.0,15
2026-06-13 12:15:00,0.08776,0.08797,0.08776,0.08787,3874165.0,15
2026-06-13 12:30:00,0.08787,0.08829,0.08786,0.0882,6220679.0,15
2026-06-13 12:45:00,0.0882,0.08876,0.08818,0.08857,11099972.0,15
2026-06-13 13:00:00,0.08857,0.08859,0.08814,0.08826,7980957.0,15
2026-06-13 13:15:00,0.08827,0.08843,0.08813,0.08825,4756178.0,15
2026-06-13 13:30:00,0.08825,0.08841,0.08804,0.08829,4879210.0,15
2026-06-13 13:45:00,0.08828,0.08829,0.08802,0.08812,6225212.0,15
2026-06-13 14:00:00,0.08812,0.0883,0.08808,0.08827,4992334.0,15
2026-06-13 14:15:00,0.08827,0.08844,0.08805,0.08818,3790844.0,15
2026-06-13 14:30:00,0.08818,0.08836,0.08813,0.08816,4709647.0,15
2026-06-13 14:45:00,0.08817,0.0884,0.08817,0.08837,4669012.0,15
2026-06-13 15:00:00,0.08838,0.08872,0.08828,0.08863,9328922.0,15
2026-06-13 15:15:00,0.08863,0.08883,0.08856,0.08861,8210453.0,15
2026-06-13 15:30:00,0.08861,0.08881,0.08846,0.08847,3426330.0,15
2026-06-13 15:45:00,0.08846,0.08856,0.08831,0.08835,15242555.0,15
2026-06-13 16:00:00,0.08836,0.08838,0.08803,0.0881,10390369.0,15
2026-06-13 16:15:00,0.0881,0.08813,0.08762,0.08782,10905994.0,15
2026-06-13 16:30:00,0.08782,0.088,0.08767,0.08794,5198651.0,15
2026-06-13 16:45:00,0.08795,0.08812,0.08754,0.08792,12117316.0,15
2026-06-13 17:00:00,0.08791,0.08795,0.08739,0.08741,17806101.0,15
2026-06-13 17:15:00,0.08742,0.08773,0.0874,0.0877,4060015.0,15
2026-06-13 17:30:00,0.0877,0.08779,0.08766,0.08779,1811509.0,15
2026-06-13 17:45:00,0.08778,0.08779,0.08744,0.08762,4477149.0,15
2026-06-13 18:00:00,0.08762,0.08777,0.08759,0.08772,1392710.0,15
2026-06-13 18:15:00,0.08771,0.08781,0.08759,0.08779,1983066.0,15
2026-06-13 18:30:00,0.08778,0.08787,0.08774,0.08784,921403.0,15
2026-06-13 18:45:00,0.08785,0.08787,0.08756,0.08769,1779445.0,15
2026-06-13 19:00:00,0.08769,0.08772,0.08759,0.08768,861542.0,15
2026-06-13 19:15:00,0.08768,0.08771,0.08753,0.08756,1779242.0,15
2026-06-13 19:30:00,0.08756,0.0879,0.08751,0.08787,3578649.0,15
2026-06-13 19:45:00,0.08788,0.0879,0.08762,0.08763,8650526.0,15
2026-06-13 20:00:00,0.08763,0.08772,0.08753,0.0877,2183088.0,15
2026-06-13 20:15:00,0.0877,0.08778,0.08764,0.0877,1709458.0,15
2026-06-13 20:30:00,0.0877,0.08773,0.08763,0.08768,978022.0,15
2026-06-13 20:45:00,0.08768,0.08771,0.0876,0.08767,763167.0,15
2026-06-13 21:00:00,0.08766,0.08775,0.08763,0.08767,1199830.0,15
2026-06-13 21:15:00,0.08767,0.08779,0.08763,0.0877,1197075.0,15
2026-06-13 21:30:00,0.08771,0.08859,0.0877,0.08833,16455955.0,15
2026-06-13 21:45:00,0.08834,0.08857,0.08809,0.08816,5514459.0,15
2026-06-13 22:00:00,0.08816,0.08818,0.08784,0.08792,4805750.0,15
2026-06-13 22:15:00,0.08793,0.08807,0.08785,0.08801,1706127.0,15
2026-06-13 22:30:00,0.088,0.08803,0.08786,0.0879,3347027.0,15
2026-06-13 22:45:00,0.08791,0.08792,0.0878,0.08785,2232922.0,15
2026-06-13 23:00:00,0.08784,0.08801,0.08782,0.08786,926241.0,15
2026-06-13 23:15:00,0.08786,0.08804,0.08783,0.08792,2175735.0,15
2026-06-13 23:30:00,0.08792,0.08804,0.08789,0.08791,1943344.0,15
2026-06-13 23:45:00,0.08791,0.08795,0.08773,0.08788,2156368.0,15
2026-06-14 00:00:00,0.08787,0.08789,0.08775,0.08785,1388534.0,15
2026-06-14 00:15:00,0.08785,0.08794,0.08772,0.08777,882373.0,15
2026-06-14 00:30:00,0.08778,0.08789,0.08771,0.08779,1752514.0,15
2026-06-14 00:45:00,0.08779,0.08783,0.08757,0.0877,4406253.0,15
2026-06-14 01:00:00,0.08769,0.08789,0.08758,0.08778,1864246.0,15
2026-06-14 01:15:00,0.08777,0.08801,0.08777,0.08793,2506238.0,15
2026-06-14 01:30:00,0.08792,0.08792,0.08779,0.08785,1045491.0,15
2026-06-14 01:45:00,0.08785,0.08798,0.0878,0.08781,3929214.0,15
2026-06-14 02:00:00,0.08781,0.08808,0.08776,0.08801,5747310.0,15
2026-06-14 02:15:00,0.08801,0.08811,0.08786,0.0879,2460441.0,15
2026-06-14 02:30:00,0.0879,0.08806,0.08788,0.08794,1239312.0,15
2026-06-14 02:45:00,0.08794,0.08798,0.08786,0.08793,1606883.0,15
2026-06-14 03:00:00,0.08792,0.08793,0.08781,0.08783,1092776.0,15
2026-06-14 03:15:00,0.08783,0.088,0.08781,0.08796,2367967.0,15
2026-06-14 03:30:00,0.08795,0.08798,0.08784,0.0879,2473450.0,15
2026-06-14 03:45:00,0.08789,0.08816,0.08787,0.08809,3053654.0,15
2026-06-14 04:00:00,0.08809,0.08814,0.08784,0.08794,1889611.0,15
2026-06-14 04:15:00,0.08794,0.08804,0.0878,0.08782,1096983.0,15
2026-06-14 04:30:00,0.08782,0.08785,0.08748,0.08753,3376772.0,15
2026-06-14 04:45:00,0.08753,0.08765,0.08744,0.0876,3614242.0,15
2026-06-14 05:00:00,0.08761,0.08767,0.08749,0.08754,2397908.0,15
2026-06-14 05:15:00,0.08754,0.08757,0.0873,0.08735,2643538.0,15
2026-06-14 05:30:00,0.08734,0.0877,0.08727,0.08761,4000762.0,15
2026-06-14 05:45:00,0.0876,0.08778,0.0876,0.08763,1128724.0,15
2026-06-14 06:00:00,0.08763,0.08786,0.08763,0.08783,2077999.0,15
2026-06-14 06:15:00,0.08782,0.08782,0.08764,0.08778,1496762.0,15
2026-06-14 06:30:00,0.08778,0.08778,0.08749,0.08749,1688478.0,15
2026-06-14 06:45:00,0.08749,0.08753,0.08741,0.08751,682423.0,15
2026-06-14 07:00:00,0.08751,0.08752,0.0873,0.08731,1276536.0,15
2026-06-14 07:15:00,0.08732,0.08745,0.08731,0.08737,1362210.0,15
2026-06-14 07:30:00,0.08738,0.08739,0.08704,0.08708,3631173.0,15
2026-06-14 07:45:00,0.08708,0.08727,0.08708,0.08719,1321949.0,15
2026-06-14 08:00:00,0.08719,0.08722,0.08703,0.08718,2770700.0,15
2026-06-14 08:15:00,0.08719,0.08742,0.08719,0.08742,2419477.0,15
2026-06-14 08:30:00,0.08741,0.08747,0.08734,0.08741,2092352.0,15
2026-06-14 08:45:00,0.08742,0.08744,0.08717,0.08721,3304866.0,15
2026-06-14 09:00:00,0.08721,0.08723,0.08704,0.08707,1970392.0,15
2026-06-14 09:15:00,0.08708,0.0871,0.08673,0.08698,3859467.0,15
2026-06-14 09:30:00,0.08697,0.08741,0.08693,0.08737,2449166.0,15
2026-06-14 09:45:00,0.08737,0.08746,0.08733,0.08742,1089561.0,15
2026-06-14 10:00:00,0.08742,0.08744,0.08726,0.0873,1513338.0,15
2026-06-14 10:15:00,0.08729,0.08751,0.08728,0.08735,2778580.0,15
2026-06-14 10:30:00,0.08734,0.08747,0.0873,0.08733,2141740.0,15
2026-06-14 10:45:00,0.08733,0.08735,0.08709,0.08712,1844989.0,15
2026-06-14 11:00:00,0.08713,0.08725,0.08701,0.08721,1251198.0,15
2026-06-14 11:15:00,0.08722,0.08722,0.08709,0.08715,1204540.0,15
2026-06-14 11:30:00,0.08715,0.08728,0.08713,0.08718,986115.0,15
2026-06-14 11:45:00,0.08719,0.08723,0.08702,0.08703,1239496.0,15
2026-06-14 12:00:00,0.08703,0.0871,0.08684,0.0869,5099602.0,15
2026-06-14 12:15:00,0.0869,0.08705,0.08686,0.08687,1996909.0,15
2026-06-14 12:30:00,0.08686,0.08695,0.0864,0.0866,9848541.0,15
2026-06-14 12:45:00,0.0866,0.08663,0.08645,0.08658,5457000.0,15
2026-06-14 13:00:00,0.08658,0.08669,0.08647,0.08651,2609364.0,15
2026-06-14 13:15:00,0.08651,0.08663,0.0863,0.08632,3906960.0,15
2026-06-14 13:30:00,0.08633,0.0866,0.08621,0.08657,8200205.0,15
2026-06-14 13:45:00,0.08657,0.08661,0.08634,0.0865,5475872.0,15
2026-06-14 14:00:00,0.0865,0.08653,0.08633,0.08641,1524169.0,15
2026-06-14 14:15:00,0.08641,0.08655,0.08623,0.08624,5685126.0,15
2026-06-14 14:30:00,0.08624,0.08627,0.08568,0.08583,22600670.0,15
2026-06-14 14:45:00,0.08583,0.08602,0.08577,0.08602,5136102.0,15
2026-06-14 15:00:00,0.08603,0.08619,0.08601,0.08612,2764838.0,15
2026-06-14 15:15:00,0.08612,0.08619,0.08591,0.08604,4459023.0,15
2026-06-14 15:30:00,0.08603,0.08618,0.08597,0.0861,1493677.0,15
2026-06-14 15:45:00,0.0861,0.08639,0.08602,0.08632,41867971.0,15
2026-06-14 16:00:00,0.08632,0.08656,0.08629,0.08646,6398900.0,15
2026-06-14 16:15:00,0.08646,0.08669,0.08642,0.08655,6737503.0,15
2026-06-14 16:30:00,0.08654,0.08667,0.08653,0.08664,2094859.0,15
2026-06-14 16:45:00,0.08665,0.08666,0.08634,0.08646,5807425.0,15
2026-06-14 17:00:00,0.08645,0.08665,0.08643,0.08653,4483866.0,15
2026-06-14 17:15:00,0.08653,0.0866,0.0864,0.08646,1820603.0,15
2026-06-14 17:30:00,0.08647,0.08656,0.08626,0.0865,2962229.0,15
2026-06-14 17:45:00,0.08649,0.08655,0.08625,0.08636,3307188.0,15
2026-06-14 18:00:00,0.08637,0.08642,0.08627,0.08641,1211530.0,15
2026-06-14 18:15:00,0.08642,0.08646,0.08616,0.08619,2459781.0,15
2026-06-14 18:30:00,0.08619,0.08634,0.08615,0.08633,1881915.0,15
2026-06-14 18:45:00,0.08634,0.0864,0.08632,0.08635,944877.0,15
2026-06-14 19:00:00,0.08636,0.08653,0.08624,0.0865,679672.0,15
2026-06-14 19:15:00,0.08651,0.08661,0.08651,0.08655,374180.0,15
2026-06-14 19:30:00,0.08655,0.08663,0.08643,0.08646,562119.0,15
2026-06-14 19:45:00,0.08646,0.08647,0.08636,0.08642,1111833.0,15
2026-06-14 20:00:00,0.08642,0.08651,0.0863,0.08635,2200877.0,15
2026-06-14 20:15:00,0.08635,0.08672,0.08632,0.08671,3442982.0,15
2026-06-14 20:30:00,0.08671,0.08697,0.08664,0.08685,2498058.0,15
2026-06-14 20:45:00,0.08685,0.08686,0.08664,0.08665,1248575.0,15
2026-06-14 21:00:00,0.08665,0.08684,0.08661,0.08684,1921905.0,15
2026-06-14 21:15:00,0.08683,0.08808,0.08683,0.08803,28345395.0,15
2026-06-14 21:30:00,0.08804,0.0888,0.08793,0.08859,14733584.0,15
2026-06-14 21:45:00,0.08859,0.08913,0.08848,0.08857,17853595.0,15
2026-06-14 22:00:00,0.08857,0.08882,0.08799,0.08838,22836718.0,15
2026-06-14 22:15:00,0.08838,0.0885,0.08807,0.08831,9116994.0,15
2026-06-14 22:30:00,0.08832,0.08875,0.08824,0.08849,9451628.0,15
2026-06-14 22:45:00,0.0885,0.08855,0.08828,0.08839,9659079.0,15
2026-06-14 23:00:00,0.08839,0.08858,0.08811,0.08847,7137632.0,15
2026-06-14 23:15:00,0.08848,0.08897,0.08843,0.08885,6226903.0,15
2026-06-14 23:30:00,0.08885,0.08899,0.08851,0.08856,17672181.0,15
2026-06-14 23:45:00,0.08856,0.08895,0.08854,0.08889,5571127.0,15
2026-06-15 00:00:00,0.08889,0.08917,0.08872,0.08915,22043817.0,15
2026-06-15 00:15:00,0.08914,0.08914,0.08875,0.08888,8843600.0,15
2026-06-15 00:30:00,0.08888,0.08889,0.08851,0.08859,6000935.0,15
2026-06-15 00:45:00,0.08859,0.08889,0.08852,0.0888,2449615.0,15
2026-06-15 01:00:00,0.08881,0.08884,0.08841,0.0888,4854117.0,15
2026-06-15 01:15:00,0.08879,0.08885,0.08828,0.08837,12388621.0,15
2026-06-15 01:30:00,0.08837,0.08888,0.08825,0.08887,13818004.0,15
2026-06-15 01:45:00,0.08887,0.08889,0.08837,0.08843,19840391.0,15
2026-06-15 02:00:00,0.08842,0.08895,0.08835,0.0889,5916775.0,15
2026-06-15 02:15:00,0.0889,0.08921,0.08884,0.08886,7249304.0,15
2026-06-15 02:30:00,0.08886,0.08898,0.08877,0.0889,2291842.0,15
2026-06-15 02:45:00,0.08889,0.08893,0.08872,0.08876,4135318.0,15
2026-06-15 03:00:00,0.08876,0.08912,0.08867,0.08908,6177117.0,15
2026-06-15 03:15:00,0.08908,0.08912,0.08892,0.08903,3729642.0,15
2026-06-15 03:30:00,0.08902,0.0891,0.08883,0.0891,10045984.0,15
2026-06-15 03:45:00,0.08909,0.08913,0.08893,0.08896,6902141.0,15
2026-06-15 04:00:00,0.08897,0.089,0.08876,0.08892,5051630.0,15
2026-06-15 04:15:00,0.08892,0.08902,0.08881,0.08882,3158734.0,15
2026-06-15 04:30:00,0.08882,0.08885,0.08857,0.08864,6274681.0,15
2026-06-15 04:45:00,0.08863,0.0888,0.08857,0.08858,4713948.0,15
2026-06-15 05:00:00,0.08858,0.08863,0.08847,0.08857,2979079.0,15
2026-06-15 05:15:00,0.08857,0.08893,0.08855,0.08892,3539574.0,15
2026-06-15 05:30:00,0.08893,0.08895,0.08864,0.08865,7707036.0,15
2026-06-15 05:45:00,0.08864,0.0888,0.08862,0.08874,1307366.0,15
2026-06-15 06:00:00,0.08874,0.08886,0.08865,0.08886,7431534.0,15
2026-06-15 06:15:00,0.08885,0.089,0.0888,0.08892,3009724.0,15
2026-06-15 06:30:00,0.08892,0.08896,0.08863,0.08872,3748389.0,15
2026-06-15 06:45:00,0.08872,0.0889,0.08867,0.08872,2769842.0,15
2026-06-15 07:00:00,0.08872,0.08873,0.08845,0.08863,3951412.0,15
2026-06-15 07:15:00,0.08862,0.08878,0.08857,0.08871,4547150.0,15
2026-06-15 07:30:00,0.0887,0.0887,0.08838,0.08852,2512821.0,15
2026-06-15 07:45:00,0.08851,0.08863,0.08838,0.08853,4024183.0,15
2026-06-15 08:00:00,0.08853,0.08875,0.08846,0.08853,5424025.0,15
2026-06-15 08:15:00,0.08853,0.08876,0.08844,0.08875,6724578.0,15
2026-06-15 08:30:00,0.08874,0.08893,0.08871,0.08883,3615216.0,15
2026-06-15 08:45:00,0.08884,0.08889,0.08853,0.08855,3830269.0,15
2026-06-15 09:00:00,0.08855,0.08871,0.08854,0.0886,2556178.0,15
2026-06-15 09:15:00,0.0886,0.08876,0.08851,0.08857,4625404.0,15
2026-06-15 09:30:00,0.08857,0.08857,0.08812,0.0884,6274278.0,15
2026-06-15 09:45:00,0.0884,0.08862,0.08836,0.08859,4141347.0,15
2026-06-15 10:00:00,0.08858,0.08874,0.08856,0.08864,2322568.0,15
2026-06-15 10:15:00,0.08865,0.08873,0.08846,0.08847,3025688.0,15
2026-06-15 10:30:00,0.08847,0.08868,0.08845,0.08864,1093180.0,15
2026-06-15 10:45:00,0.08865,0.08946,0.08855,0.08922,23417049.0,15
2026-06-15 11:00:00,0.08921,0.08939,0.08902,0.08926,11234253.0,15
2026-06-15 11:15:00,0.08926,0.09011,0.08923,0.08981,30690825.0,15
2026-06-15 11:30:00,0.08981,0.08994,0.08962,0.08962,12618387.0,15
2026-06-15 11:45:00,0.08962,0.08991,0.08954,0.08971,6543618.0,15
2026-06-15 12:00:00,0.08972,0.08991,0.08958,0.0898,5420004.0,15
2026-06-15 12:15:00,0.0898,0.0899,0.08953,0.08987,4313492.0,15
2026-06-15 12:30:00,0.08987,0.09023,0.08964,0.0902,15058742.0,15
2026-06-15 12:45:00,0.09019,0.0902,0.08997,0.09008,7959025.0,15
2026-06-15 13:00:00,0.09008,0.09048,0.08997,0.09046,18686496.0,15
2026-06-15 13:15:00,0.09045,0.09092,0.09043,0.09078,28864034.0,15
2026-06-15 13:30:00,0.09078,0.09084,0.09012,0.09039,21725667.0,15
2026-06-15 13:45:00,0.09038,0.09041,0.09005,0.09033,15184748.0,15
2026-06-15 14:00:00,0.09032,0.09034,0.08982,0.09011,15217022.0,15
2026-06-15 14:15:00,0.09011,0.09024,0.0898,0.08993,29972715.0,15
2026-06-15 14:30:00,0.08994,0.08995,0.08907,0.0893,99834072.0,15
2026-06-15 14:45:00,0.0893,0.08995,0.0893,0.08952,31971947.0,15
2026-06-15 15:00:00,0.08952,0.08967,0.08946,0.08952,9554317.0,15
2026-06-15 15:15:00,0.08952,0.08968,0.08938,0.08949,7465005.0,15
2026-06-15 15:30:00,0.08949,0.09019,0.08923,0.09009,16224098.0,15
2026-06-15 15:45:00,0.0901,0.09077,0.09008,0.09071,19971023.0,15
2026-06-15 16:00:00,0.0907,0.09071,0.09028,0.0904,10506427.0,15
2026-06-15 16:15:00,0.09039,0.09057,0.09009,0.09049,10536131.0,15
2026-06-15 16:30:00,0.0905,0.09063,0.09021,0.09044,6725725.0,15
2026-06-15 16:45:00,0.09044,0.09057,0.09005,0.09008,4817672.0,15
2026-06-15 17:00:00,0.09008,0.09011,0.08958,0.08964,16585394.0,15
2026-06-15 17:15:00,0.08964,0.08971,0.08948,0.08959,7491548.0,15
2026-06-15 17:30:00,0.08959,0.08975,0.08928,0.08961,4546616.0,15
2026-06-15 17:45:00,0.0896,0.08985,0.08953,0.08968,4473419.0,15
2026-06-15 18:00:00,0.08967,0.08974,0.08931,0.0895,4891008.0,15
2026-06-15 18:15:00,0.0895,0.08964,0.08935,0.08939,2970793.0,15
2026-06-15 18:30:00,0.08939,0.08956,0.08926,0.08941,6888361.0,15
2026-06-15 18:45:00,0.08942,0.0896,0.08931,0.08933,3566442.0,15
2026-06-15 19:00:00,0.08933,0.08974,0.08924,0.08963,3795276.0,15
2026-06-15 19:15:00,0.08963,0.08972,0.08859,0.08887,18273870.0,15
2026-06-15 19:30:00,0.08888,0.08928,0.08886,0.08928,10088739.0,15
2026-06-15 19:45:00,0.08929,0.08933,0.08874,0.089,7356872.0,15
2026-06-15 20:00:00,0.089,0.08925,0.08883,0.08918,4659119.0,15
2026-06-15 20:15:00,0.08919,0.08922,0.08891,0.08894,11572173.0,15
2026-06-15 20:30:00,0.08894,0.0891,0.08889,0.08893,2840463.0,15
2026-06-15 20:45:00,0.08892,0.08908,0.08869,0.08901,11827972.0,15
2026-06-15 21:00:00,0.089,0.08912,0.08876,0.08909,6135297.0,15
2026-06-15 21:15:00,0.08908,0.08917,0.08885,0.08885,2536360.0,15
2026-06-15 21:30:00,0.08884,0.08892,0.08864,0.08887,5108747.0,15
2026-06-15 21:45:00,0.08886,0.0889,0.0887,0.08884,1088737.0,15
2026-06-15 22:00:00,0.08884,0.08898,0.08873,0.08877,2189614.0,15
2026-06-15 22:15:00,0.08878,0.08889,0.08808,0.08821,14943343.0,15
2026-06-15 22:30:00,0.0882,0.08837,0.08784,0.08809,9919193.0,15
2026-06-15 22:45:00,0.08808,0.08819,0.08781,0.08802,17359695.0,15
2026-06-15 23:00:00,0.08803,0.08828,0.08798,0.0882,3932791.0,15
2026-06-15 23:15:00,0.0882,0.08825,0.08784,0.08812,5877816.0,15
2026-06-15 23:30:00,0.08813,0.08814,0.0878,0.08809,3134111.0,15
2026-06-15 23:45:00,0.0881,0.08822,0.08806,0.08814,3183695.0,15
2026-06-16 00:00:00,0.08814,0.08832,0.08801,0.08826,2849598.0,15
2026-06-16 00:15:00,0.08826,0.08831,0.08791,0.08791,5817259.0,15
2026-06-16 00:30:00,0.08792,0.08825,0.08788,0.0881,2373822.0,15
2026-06-16 00:45:00,0.0881,0.0881,0.08769,0.08776,5598062.0,15
2026-06-16 01:00:00,0.08776,0.08806,0.08774,0.08788,5001546.0,15
2026-06-16 01:15:00,0.08789,0.08804,0.0878,0.08797,2333521.0,15
2026-06-16 01:30:00,0.08797,0.08812,0.08789,0.08804,3200732.0,15
2026-06-16 01:45:00,0.08804,0.08812,0.08784,0.08787,2403746.0,15
2026-06-16 02:00:00,0.08787,0.088,0.08735,0.08736,21316866.0,15
2026-06-16 02:15:00,0.08736,0.08755,0.08681,0.08689,19506425.0,15
2026-06-16 02:30:00,0.08688,0.08722,0.08683,0.08709,6779785.0,15
2026-06-16 02:45:00,0.08709,0.08722,0.08686,0.08699,8654327.0,15
2026-06-16 03:00:00,0.087,0.08716,0.08688,0.08716,5012566.0,15
2026-06-16 03:15:00,0.08716,0.08744,0.08687,0.08743,5119117.0,15
2026-06-16 03:30:00,0.08743,0.08753,0.08738,0.08752,4196532.0,15
2026-06-16 03:45:00,0.08753,0.08754,0.08745,0.08747,3623023.0,15
2026-06-16 04:00:00,0.08747,0.0876,0.0873,0.08734,4911127.0,15
2026-06-16 04:15:00,0.08733,0.08735,0.08704,0.08704,4469284.0,15
2026-06-16 04:30:00,0.08704,0.08705,0.08672,0.08685,7398791.0,15
2026-06-16 04:45:00,0.08686,0.08699,0.08678,0.08695,5738952.0,15
2026-06-16 05:00:00,0.08694,0.08726,0.08693,0.08713,4481182.0,15
2026-06-16 05:15:00,0.08712,0.08734,0.087,0.08725,15713685.0,15
2026-06-16 05:30:00,0.08726,0.08732,0.08711,0.08726,6664823.0,15
2026-06-16 05:45:00,0.08726,0.08735,0.08715,0.08728,28404757.0,15
2026-06-16 06:00:00,0.08728,0.08742,0.08728,0.08741,3228477.0,15
2026-06-16 06:15:00,0.08741,0.08747,0.08734,0.08743,3699971.0,15
2026-06-16 06:30:00,0.08744,0.08772,0.0874,0.08756,6245133.0,15
2026-06-16 06:45:00,0.08755,0.08773,0.08753,0.08763,4711876.0,15
2026-06-16 07:00:00,0.08764,0.08779,0.08755,0.08756,6710754.0,15
2026-06-16 07:15:00,0.08756,0.08766,0.08745,0.08762,3701868.0,15
2026-06-16 07:30:00,0.08761,0.08782,0.08759,0.08766,4078888.0,15
2026-06-16 07:45:00,0.08766,0.08786,0.08764,0.08785,2546375.0,15
2026-06-16 08:00:00,0.08785,0.08787,0.08761,0.08782,4086138.0,15
2026-06-16 08:15:00,0.08783,0.08823,0.08783,0.08816,22305607.0,15
2026-06-16 08:30:00,0.08817,0.08851,0.08817,0.08837,26020215.0,15
2026-06-16 08:45:00,0.08837,0.08909,0.08837,0.08885,22413763.0,15
2026-06-16 09:00:00,0.08885,0.08896,0.0887,0.08883,6264167.0,15
2026-06-16 09:15:00,0.08883,0.08883,0.08841,0.08861,10719198.0,15
2026-06-16 09:30:00,0.08862,0.08881,0.08848,0.0888,5811912.0,15
2026-06-16 09:45:00,0.08881,0.08887,0.08844,0.08855,3758890.0,15
2026-06-16 10:00:00,0.08855,0.08859,0.08827,0.0883,2267291.0,15
2026-06-16 10:15:00,0.08831,0.08866,0.08831,0.08864,4512774.0,15
2026-06-16 10:30:00,0.08864,0.08868,0.08847,0.08861,2694568.0,15
2026-06-16 10:45:00,0.0886,0.08861,0.08825,0.08828,3207382.0,15
2026-06-16 11:00:00,0.08828,0.08844,0.08811,0.08819,3884072.0,15
2026-06-16 11:15:00,0.08819,0.08838,0.08797,0.08804,3933803.0,15
2026-06-16 11:30:00,0.08804,0.08809,0.08783,0.08804,3602323.0,15
2026-06-16 11:45:00,0.08804,0.08821,0.08796,0.0882,2502081.0,15
2026-06-16 12:00:00,0.08819,0.08836,0.08792,0.08826,5244540.0,15
2026-06-16 12:15:00,0.08827,0.08848,0.08827,0.08845,5139860.0,15
2026-06-16 12:30:00,0.08846,0.08893,0.08834,0.08848,9020534.0,15
2026-06-16 12:45:00,0.08847,0.08847,0.08811,0.08843,12167555.0,15
2026-06-16 13:00:00,0.08844,0.08848,0.08725,0.08771,10569431.0,15
2026-06-16 13:15:00,0.08772,0.08786,0.08747,0.08749,4463508.0,15
2026-06-16 13:30:00,0.08748,0.08782,0.08735,0.08768,6880643.0,15
2026-06-16 13:45:00,0.08768,0.08774,0.08722,0.08743,6787342.0,15
2026-06-16 14:00:00,0.08743,0.08777,0.08739,0.08744,4777896.0,15
2026-06-16 14:15:00,0.08744,0.08757,0.0865,0.08652,21211412.0,15
2026-06-16 14:30:00,0.08653,0.08696,0.08622,0.08682,14353356.0,15
2026-06-16 14:45:00,0.08682,0.087,0.08655,0.08668,3647636.0,15
2026-06-16 15:00:00,0.08667,0.08707,0.08656,0.08705,4128071.0,15
2026-06-16 15:15:00,0.08706,0.08711,0.0868,0.08701,4038083.0,15
2026-06-16 15:30:00,0.08701,0.08737,0.08696,0.08706,2059560.0,15
2026-06-16 15:45:00,0.08706,0.0874,0.08683,0.08719,7594041.0,15
2026-06-16 16:00:00,0.08718,0.0873,0.08693,0.08695,4132319.0,15
2026-06-16 16:15:00,0.08695,0.08707,0.08672,0.08695,3312666.0,15
2026-06-16 16:30:00,0.08694,0.08694,0.0863,0.08663,43556851.0,15
2026-06-16 16:45:00,0.08663,0.08666,0.08639,0.08654,5912274.0,15
2026-06-16 17:00:00,0.08654,0.08678,0.08654,0.08672,3728467.0,15
2026-06-16 17:15:00,0.08672,0.08698,0.08657,0.08667,3078502.0,15
2026-06-16 17:30:00,0.08666,0.0869,0.08652,0.08681,2702137.0,15
2026-06-16 17:45:00,0.08681,0.08737,0.08678,0.08725,5437664.0,15
2026-06-16 18:00:00,0.08726,0.08787,0.08722,0.08765,6945415.0,15
2026-06-16 18:15:00,0.08765,0.08775,0.08732,0.08744,2200810.0,15
2026-06-16 18:30:00,0.08743,0.08765,0.08739,0.08756,3507379.0,15
2026-06-16 18:45:00,0.08757,0.08774,0.08751,0.08758,2343502.0,15
2026-06-16 19:00:00,0.08759,0.08759,0.08726,0.08728,5373442.0,15
2026-06-16 19:15:00,0.08728,0.08743,0.08699,0.08741,5858138.0,15
2026-06-16 19:30:00,0.08742,0.08762,0.08741,0.08759,2106306.0,15
2026-06-16 19:45:00,0.0876,0.08769,0.0871,0.08728,7512053.0,15
2026-06-16 20:00:00,0.08728,0.08757,0.08711,0.08749,2529392.0,15
2026-06-16 20:15:00,0.08748,0.08775,0.08742,0.08748,6649693.0,15
2026-06-16 20:30:00,0.08748,0.08769,0.08746,0.08768,1694331.0,15
2026-06-16 20:45:00,0.08768,0.08779,0.08762,0.08767,2203397.0,15
2026-06-16 21:00:00,0.08768,0.08779,0.08756,0.08771,1739990.0,15
2026-06-16 21:15:00,0.0877,0.08775,0.08743,0.08752,2919337.0,15
2026-06-16 21:30:00,0.08751,0.08755,0.08727,0.08744,3477326.0,15
2026-06-16 21:45:00,0.08744,0.08758,0.08731,0.08748,2876237.0,15
2026-06-16 22:00:00,0.08747,0.08764,0.08727,0.0875,1806149.0,15
2026-06-16 22:15:00,0.08751,0.08757,0.08731,0.0874,791986.0,15
2026-06-16 22:30:00,0.0874,0.08744,0.0873,0.08731,1462158.0,15
2026-06-16 22:45:00,0.0873,0.08738,0.0872,0.08735,2137822.0,15
2026-06-16 23:00:00,0.08735,0.08742,0.08717,0.0872,975442.0,15
2026-06-16 23:15:00,0.0872,0.08728,0.08701,0.08726,2596220.0,15
2026-06-16 23:30:00,0.08726,0.08741,0.08725,0.08736,1165155.0,15
2026-06-16 23:45:00,0.08735,0.08737,0.08708,0.08717,2624612.0,15
2026-06-17 00:00:00,0.08717,0.08734,0.08714,0.08723,2007449.0,15
2026-06-17 00:15:00,0.08723,0.08736,0.08714,0.08723,2451749.0,15
2026-06-17 00:30:00,0.08722,0.08749,0.08713,0.08747,1232600.0,15
2026-06-17 00:45:00,0.08747,0.08751,0.08725,0.0874,10391149.0,15
2026-06-17 01:00:00,0.08741,0.08752,0.08731,0.08747,5423175.0,15
2026-06-17 01:15:00,0.08746,0.08746,0.08699,0.0872,3320683.0,15
2026-06-17 01:30:00,0.0872,0.08758,0.08708,0.08749,1193069.0,15
2026-06-17 01:45:00,0.0875,0.08786,0.08749,0.08777,2825603.0,15
2026-06-17 02:00:00,0.08778,0.08782,0.08763,0.08767,1141713.0,15
2026-06-17 02:15:00,0.08767,0.08812,0.08757,0.08809,5620684.0,15
2026-06-17 02:30:00,0.08809,0.0881,0.08751,0.08768,3032329.0,15
2026-06-17 02:45:00,0.08769,0.08779,0.08755,0.08778,1229649.0,15
2026-06-17 03:00:00,0.08778,0.08778,0.08754,0.08757,2937931.0,15
2026-06-17 03:15:00,0.08757,0.08757,0.08736,0.08749,2875424.0,15
2026-06-17 03:30:00,0.08748,0.08766,0.08739,0.08741,2919444.0,15
2026-06-17 03:45:00,0.08741,0.08753,0.08729,0.08748,10222101.0,15
2026-06-17 04:00:00,0.08749,0.08762,0.08739,0.08751,1107682.0,15
2026-06-17 04:15:00,0.0875,0.08759,0.08738,0.08758,1567964.0,15
2026-06-17 04:30:00,0.08758,0.08775,0.08755,0.08768,1235141.0,15
2026-06-17 04:45:00,0.08767,0.08786,0.08751,0.08753,1888665.0,15
2026-06-17 05:00:00,0.08753,0.08768,0.08737,0.08743,4091226.0,15
2026-06-17 05:15:00,0.08742,0.08762,0.08723,0.08761,2875354.0,15
2026-06-17 05:30:00,0.0876,0.08769,0.08754,0.08766,2703914.0,15
2026-06-17 05:45:00,0.08765,0.08768,0.08735,0.0874,1323373.0,15
2026-06-17 06:00:00,0.0874,0.08751,0.08734,0.08747,1113439.0,15
2026-06-17 06:15:00,0.08747,0.08751,0.0871,0.08712,2218793.0,15
2026-06-17 06:30:00,0.08711,0.08717,0.08675,0.0869,9046874.0,15
2026-06-17 06:45:00,0.08691,0.08712,0.08691,0.08702,6583170.0,15
2026-06-17 07:00:00,0.08703,0.08719,0.08689,0.08715,4520394.0,15
2026-06-17 07:15:00,0.08714,0.08723,0.08677,0.08679,9802051.0,15
2026-06-17 07:30:00,0.08679,0.08695,0.0867,0.08689,2728855.0,15
2026-06-17 07:45:00,0.08689,0.08696,0.08658,0.0869,3648754.0,15
2026-06-17 08:00:00,0.08691,0.08692,0.08652,0.08654,3838322.0,15
2026-06-17 08:15:00,0.08655,0.08661,0.08637,0.0865,5754717.0,15
2026-06-17 08:30:00,0.0865,0.0865,0.08591,0.086,14749725.0,15
2026-06-17 08:45:00,0.086,0.0861,0.08575,0.08597,5174358.0,15
2026-06-17 09:00:00,0.08596,0.08615,0.08596,0.08608,8105249.0,15
2026-06-17 09:15:00,0.08608,0.08628,0.08601,0.08614,2853313.0,15
2026-06-17 09:30:00,0.08614,0.08615,0.08597,0.08598,1630059.0,15
2026-06-17 09:45:00,0.08598,0.08617,0.0859,0.08606,4578746.0,15
2026-06-17 10:00:00,0.08607,0.08614,0.0859,0.08605,2306697.0,15
2026-06-17 10:15:00,0.08605,0.08617,0.08596,0.08611,1431291.0,15
2026-06-17 10:30:00,0.08611,0.08618,0.08603,0.08612,1279616.0,15
2026-06-17 10:45:00,0.08611,0.08618,0.08594,0.08598,1638765.0,15
2026-06-17 11:00:00,0.08599,0.0861,0.08555,0.0858,7478520.0,15
2026-06-17 11:15:00,0.08581,0.08587,0.0855,0.08572,16397667.0,15
2026-06-17 11:30:00,0.08572,0.08596,0.08568,0.08596,1739089.0,15
2026-06-17 11:45:00,0.08596,0.08603,0.08584,0.08584,1681213.0,15
2026-06-17 12:00:00,0.08584,0.08607,0.08572,0.08607,2483768.0,15
2026-06-17 12:15:00,0.08607,0.08607,0.08556,0.08565,5626664.0,15
2026-06-17 12:30:00,0.08565,0.08606,0.08548,0.08603,4610264.0,15
2026-06-17 12:45:00,0.08603,0.08628,0.08602,0.08625,2582347.0,15
2026-06-17 13:00:00,0.08625,0.08634,0.08613,0.08628,3756154.0,15
2026-06-17 13:15:00,0.08627,0.08629,0.08598,0.08614,3128350.0,15
2026-06-17 13:30:00,0.08613,0.08655,0.08595,0.08651,6884089.0,15
2026-06-17 13:45:00,0.08651,0.08661,0.08623,0.08628,2807543.0,15
2026-06-17 14:00:00,0.08628,0.08648,0.08615,0.08646,2027850.0,15
2026-06-17 14:15:00,0.08646,0.08657,0.0863,0.08641,2884451.0,15
2026-06-17 14:30:00,0.08642,0.08646,0.08614,0.08627,1670441.0,15
2026-06-17 14:45:00,0.08627,0.08636,0.08565,0.08608,7548176.0,15
2026-06-17 15:00:00,0.08608,0.08645,0.08601,0.08645,2390257.0,15
2026-06-17 15:15:00,0.08644,0.08679,0.08638,0.08661,5245076.0,15
2026-06-17 15:30:00,0.08661,0.0869,0.08652,0.08684,4768296.0,15
2026-06-17 15:45:00,0.08684,0.08729,0.08682,0.08729,7561035.0,15
2026-06-17 16:00:00,0.08729,0.08737,0.08706,0.08721,4889040.0,15
2026-06-17 16:15:00,0.08721,0.08777,0.08711,0.08759,5642292.0,15
2026-06-17 16:30:00,0.08759,0.08767,0.08719,0.08733,4337416.0,15
2026-06-17 16:45:00,0.08733,0.08738,0.08704,0.08706,4939566.0,15
2026-06-17 17:00:00,0.08707,0.08721,0.08693,0.08698,4334787.0,15
2026-06-17 17:15:00,0.08698,0.08729,0.08697,0.08726,2413047.0,15
2026-06-17 17:30:00,0.08726,0.08741,0.08697,0.08705,2209536.0,15
2026-06-17 17:45:00,0.08706,0.08762,0.08695,0.08759,4006973.0,15
2026-06-17 18:00:00,0.08759,0.08759,0.08587,0.08679,22467449.0,15
2026-06-17 18:15:00,0.08679,0.08706,0.08653,0.08665,5294551.0,15
2026-06-17 18:30:00,0.08666,0.08789,0.08649,0.08773,10889246.0,15
2026-06-17 18:45:00,0.08773,0.08776,0.08689,0.08704,4579061.0,15
2026-06-17 19:00:00,0.08705,0.08724,0.0866,0.08699,7447644.0,15
2026-06-17 19:15:00,0.087,0.08702,0.08539,0.08556,17645785.0,15
2026-06-17 19:30:00,0.08555,0.08594,0.085,0.08515,13713363.0,15
2026-06-17 19:45:00,0.08516,0.08564,0.08505,0.08542,15726185.0,15
2026-06-17 20:00:00,0.08541,0.08576,0.08528,0.08564,5488234.0,15
2026-06-17 20:15:00,0.08564,0.08588,0.08558,0.08574,1747695.0,15
2026-06-17 20:30:00,0.08575,0.08604,0.08566,0.08567,2943944.0,15
2026-06-17 20:45:00,0.08566,0.08626,0.08559,0.08622,5524522.0,15
2026-06-17 21:00:00,0.08623,0.08626,0.08587,0.08589,4524569.0,15
2026-06-17 21:15:00,0.08588,0.0861,0.08582,0.08593,1340740.0,15
2026-06-17 21:30:00,0.08592,0.08612,0.08567,0.08573,2840026.0,15
2026-06-17 21:45:00,0.08572,0.08572,0.08545,0.0856,3042354.0,15
2026-06-17 22:00:00,0.0856,0.0856,0.08464,0.08536,14131118.0,15
2026-06-17 22:15:00,0.08536,0.08579,0.0853,0.08579,1252991.0,15
2026-06-17 22:30:00,0.08579,0.08589,0.08574,0.08577,1004567.0,15
2026-06-17 22:45:00,0.08578,0.08597,0.08577,0.08584,774424.0,15
2026-06-17 23:00:00,0.08584,0.08611,0.08581,0.08586,2280518.0,15
2026-06-17 23:15:00,0.08586,0.08617,0.08586,0.08608,1038123.0,15
2026-06-17 23:30:00,0.08608,0.08611,0.08585,0.08588,893293.0,15
2026-06-17 23:45:00,0.08587,0.08595,0.08578,0.08593,883878.0,15
2026-06-18 00:00:00,0.08592,0.08635,0.08591,0.0862,1918988.0,15
2026-06-18 00:15:00,0.08621,0.08631,0.0861,0.08619,996116.0,15
2026-06-18 00:30:00,0.08619,0.08636,0.08613,0.08621,2380661.0,15
2026-06-18 00:45:00,0.08621,0.08631,0.08612,0.08621,1199408.0,15
2026-06-18 01:00:00,0.08621,0.08657,0.0862,0.08638,4203373.0,15
2026-06-18 01:15:00,0.08638,0.08638,0.0862,0.08629,1951881.0,15
2026-06-18 01:30:00,0.08629,0.08639,0.08611,0.08617,1481097.0,15
2026-06-18 01:45:00,0.08616,0.08627,0.08608,0.08623,786836.0,15
2026-06-18 02:00:00,0.08624,0.08634,0.08614,0.08615,1454170.0,15
2026-06-18 02:15:00,0.08614,0.08638,0.08606,0.08633,1495962.0,15
2026-06-18 02:30:00,0.08634,0.08635,0.08615,0.0862,927197.0,15
2026-06-18 02:45:00,0.0862,0.08625,0.0861,0.08619,1869280.0,15
2026-06-18 03:00:00,0.08618,0.08619,0.08601,0.08607,1084154.0,15
2026-06-18 03:15:00,0.08606,0.08607,0.08554,0.08556,1312612.0,15
2026-06-18 03:30:00,0.08555,0.08562,0.08521,0.08532,7556270.0,15
2026-06-18 03:45:00,0.08531,0.08554,0.08528,0.08533,2579126.0,15
2026-06-18 04:00:00,0.08533,0.08541,0.08447,0.08466,14086245.0,15
2026-06-18 04:15:00,0.08466,0.08484,0.0844,0.08468,3735482.0,15
2026-06-18 04:30:00,0.08469,0.08481,0.08456,0.08457,1319372.0,15
2026-06-18 04:45:00,0.08457,0.0848,0.08441,0.08467,2624331.0,15
2026-06-18 05:00:00,0.08466,0.08468,0.08394,0.08417,14310387.0,15
2026-06-18 05:15:00,0.08416,0.08436,0.08412,0.08426,3710843.0,15
2026-06-18 05:30:00,0.08426,0.0845,0.08414,0.08431,3572775.0,15
2026-06-18 05:45:00,0.08431,0.08436,0.08417,0.08428,2014334.0,15
2026-06-18 06:00:00,0.08428,0.08446,0.08413,0.08431,4188029.0,15
2026-06-18 06:15:00,0.08431,0.08449,0.0842,0.08435,1637739.0,15
2026-06-18 06:30:00,0.08435,0.08448,0.08429,0.0844,2292180.0,15
2026-06-18 06:45:00,0.0844,0.08478,0.0843,0.08468,5769349.0,15
2026-06-18 07:00:00,0.08468,0.0847,0.08445,0.08466,2974687.0,15
2026-06-18 07:15:00,0.08465,0.08507,0.08461,0.08497,3039406.0,15
2026-06-18 07:30:00,0.08498,0.08514,0.08491,0.08506,1211209.0,15
2026-06-18 07:45:00,0.08507,0.08514,0.08491,0.08494,2461514.0,15
2026-06-18 08:00:00,0.08495,0.0852,0.0848,0.08505,5620001.0,15
2026-06-18 08:15:00,0.08505,0.0851,0.08498,0.08505,1135451.0,15
2026-06-18 08:30:00,0.08505,0.08525,0.08505,0.08516,2070337.0,15
2026-06-18 08:45:00,0.08516,0.08522,0.08503,0.08508,1701879.0,15
2026-06-18 09:00:00,0.08507,0.08516,0.085,0.08511,1811486.0,15
2026-06-18 09:15:00,0.0851,0.08523,0.08492,0.08492,2393403.0,15
2026-06-18 09:30:00,0.08492,0.08515,0.08489,0.08514,1214311.0,15
2026-06-18 09:45:00,0.08514,0.08521,0.08505,0.0851,1184704.0,15
2026-06-18 10:00:00,0.08509,0.08511,0.08471,0.08473,2674265.0,15
2026-06-18 10:15:00,0.08473,0.08482,0.08457,0.08476,3143922.0,15
2026-06-18 10:30:00,0.08476,0.08488,0.08466,0.08476,1451247.0,15
2026-06-18 10:45:00,0.08475,0.08505,0.08468,0.08489,4342856.0,15
2026-06-18 11:00:00,0.08489,0.08504,0.08463,0.08474,790716.0,15
2026-06-18 11:15:00,0.08475,0.08477,0.08438,0.08464,1971106.0,15
2026-06-18 11:30:00,0.08465,0.08475,0.08431,0.08446,3698162.0,15
2026-06-18 11:45:00,0.08446,0.08455,0.08433,0.08452,1787433.0,15
2026-06-18 12:00:00,0.08453,0.08463,0.08445,0.08457,1346604.0,15
2026-06-18 12:15:00,0.08457,0.0848,0.08455,0.08478,2166745.0,15
2026-06-18 12:30:00,0.08478,0.08487,0.08455,0.08469,1593090.0,15
2026-06-18 12:45:00,0.08469,0.08486,0.08469,0.08484,2295478.0,15
2026-06-18 13:00:00,0.08484,0.08484,0.08469,0.08473,1471436.0,15
2026-06-18 13:15:00,0.08473,0.0849,0.08468,0.0848,2149709.0,15
2026-06-18 13:30:00,0.08479,0.0848,0.08388,0.0839,7595891.0,15
2026-06-18 13:45:00,0.0839,0.08431,0.08358,0.08407,9598719.0,15
2026-06-18 14:00:00,0.08407,0.08421,0.08382,0.08389,7134989.0,15
2026-06-18 14:15:00,0.0839,0.0845,0.08371,0.08402,3253403.0,15
2026-06-18 14:30:00,0.08402,0.0843,0.08393,0.08396,3088517.0,15
2026-06-18 14:45:00,0.08395,0.08414,0.08363,0.0839,8857935.0,15
2026-06-18 15:00:00,0.0839,0.08391,0.08343,0.08358,4623396.0,15
2026-06-18 15:15:00,0.08357,0.08362,0.08277,0.08286,27047384.0,15
2026-06-18 15:30:00,0.08286,0.08315,0.08211,0.08231,30936333.0,15
2026-06-18 15:45:00,0.08231,0.08251,0.08184,0.08199,28554467.0,15
2026-06-18 16:00:00,0.08199,0.08262,0.08192,0.0825,11606999.0,15
2026-06-18 16:15:00,0.08251,0.08264,0.08218,0.08236,5611169.0,15
2026-06-18 16:30:00,0.08236,0.08258,0.08216,0.08251,4682962.0,15
2026-06-18 16:45:00,0.08251,0.08277,0.08248,0.08268,4466757.0,15
2026-06-18 17:00:00,0.08269,0.08271,0.08227,0.08236,4641244.0,15
2026-06-18 17:15:00,0.08236,0.0825,0.082,0.08234,8614327.0,15
2026-06-18 17:30:00,0.08234,0.08263,0.08225,0.08239,4590659.0,15
2026-06-18 17:45:00,0.08239,0.08255,0.08218,0.08236,1817306.0,15
2026-06-18 18:00:00,0.08237,0.08254,0.08226,0.08236,10367727.0,15
2026-06-18 18:15:00,0.08235,0.08265,0.08225,0.08251,6568864.0,15
2026-06-18 18:30:00,0.0825,0.08258,0.08233,0.08255,2234682.0,15
2026-06-18 18:45:00,0.08255,0.08266,0.08233,0.08242,1796357.0,15
2026-06-18 19:00:00,0.08242,0.08253,0.08237,0.08248,1471494.0,15
2026-06-18 19:15:00,0.08248,0.0826,0.08239,0.08253,1734744.0,15
2026-06-18 19:30:00,0.08253,0.08293,0.0825,0.08288,3049005.0,15
2026-06-18 19:45:00,0.08288,0.08303,0.08283,0.08289,5162638.0,15
2026-06-18 20:00:00,0.08289,0.08333,0.08289,0.08322,3857844.0,15
2026-06-18 20:15:00,0.08321,0.08344,0.08316,0.08341,2086481.0,15
2026-06-18 20:30:00,0.08341,0.08354,0.08329,0.08336,5684232.0,15
2026-06-18 20:45:00,0.08337,0.08346,0.08322,0.08343,3857545.0,15
2026-06-18 21:00:00,0.08343,0.08355,0.08322,0.08326,1603494.0,15
2026-06-18 21:15:00,0.08326,0.0834,0.08308,0.08337,2490991.0,15
2026-06-18 21:30:00,0.08337,0.08346,0.08323,0.08331,2205348.0,15
2026-06-18 21:45:00,0.08332,0.08347,0.08328,0.0834,981710.0,15
2026-06-18 22:00:00,0.08339,0.08346,0.08323,0.08333,2419044.0,15
2026-06-18 22:15:00,0.08333,0.08335,0.08315,0.08323,3850245.0,15
2026-06-18 22:30:00,0.08323,0.08325,0.08301,0.08322,2113697.0,15
2026-06-18 22:45:00,0.08323,0.08351,0.08317,0.08345,742218.0,15
2026-06-18 23:00:00,0.08345,0.08345,0.08313,0.08314,1822263.0,15
2026-06-18 23:15:00,0.08314,0.08343,0.08313,0.08341,619462.0,15
2026-06-18 23:30:00,0.08342,0.08357,0.08342,0.08347,1501129.0,15
2026-06-18 23:45:00,0.08347,0.0836,0.08335,0.08352,2258005.0,15
2026-06-19 00:00:00,0.08351,0.08354,0.08337,0.08348,2323327.0,15
2026-06-19 00:15:00,0.08348,0.08375,0.08345,0.08365,1661969.0,15
2026-06-19 00:30:00,0.08365,0.08379,0.08357,0.08368,1525178.0,15
2026-06-19 00:45:00,0.08369,0.08371,0.08357,0.08364,1874187.0,15
2026-06-19 01:00:00,0.08365,0.08385,0.08358,0.08365,2673295.0,15
2026-06-19 01:15:00,0.08365,0.08385,0.08362,0.08364,2610289.0,15
2026-06-19 01:30:00,0.08365,0.08371,0.08347,0.08365,1559294.0,15
2026-06-19 01:45:00,0.08364,0.0839,0.08364,0.08385,1646277.0,15
2026-06-19 02:00:00,0.08385,0.08396,0.08374,0.08375,1293359.0,15
2026-06-19 02:15:00,0.08375,0.08382,0.08352,0.08357,1135664.0,15
2026-06-19 02:30:00,0.08356,0.08372,0.08352,0.08365,1295710.0,15
2026-06-19 02:45:00,0.08365,0.08367,0.08351,0.08365,2425474.0,15
2026-06-19 03:00:00,0.08366,0.08374,0.08333,0.0834,2395456.0,15
2026-06-19 03:15:00,0.0834,0.08341,0.08261,0.08315,19528176.0,15
2026-06-19 03:30:00,0.08315,0.08315,0.08274,0.08283,2321375.0,15
2026-06-19 03:45:00,0.08282,0.08294,0.08271,0.08289,1511463.0,15
2026-06-19 04:00:00,0.08289,0.08289,0.08239,0.08286,4316638.0,15
2026-06-19 04:15:00,0.08285,0.08304,0.08248,0.08256,2670047.0,15
2026-06-19 04:30:00,0.08256,0.08258,0.08216,0.08242,3432999.0,15
2026-06-19 04:45:00,0.08242,0.08247,0.08205,0.08225,4245504.0,15
2026-06-19 05:00:00,0.08226,0.08273,0.08224,0.08267,1403035.0,15
2026-06-19 05:15:00,0.08267,0.08267,0.08229,0.08245,2642259.0,15
2026-06-19 05:30:00,0.08244,0.08256,0.08234,0.08247,1687835.0,15
2026-06-19 05:45:00,0.08247,0.08264,0.08244,0.08263,1771869.0,15
2026-06-19 06:00:00,0.08262,0.08279,0.08257,0.0827,2662908.0,15
2026-06-19 06:15:00,0.08271,0.0828,0.08259,0.08271,1962617.0,15
2026-06-19 06:30:00,0.0827,0.08278,0.08245,0.0826,2282273.0,15
2026-06-19 06:45:00,0.08259,0.08278,0.08248,0.08274,1500324.0,15
2026-06-19 07:00:00,0.08273,0.08275,0.08249,0.08252,1145472.0,15
2026-06-19 07:15:00,0.08251,0.08264,0.08241,0.0825,1165850.0,15
2026-06-19 07:30:00,0.08249,0.08263,0.08199,0.08218,7831065.0,15
2026-06-19 07:45:00,0.08218,0.0824,0.08205,0.08235,1914637.0,15
2026-06-19 08:00:00,0.08235,0.08248,0.08231,0.08246,1935252.0,15
2026-06-19 08:15:00,0.08245,0.08257,0.0824,0.08249,1665275.0,15
2026-06-19 08:30:00,0.0825,0.08268,0.08247,0.08256,1037767.0,15
2026-06-19 08:45:00,0.08256,0.08261,0.08246,0.08254,2696035.0,15
2026-06-19 09:00:00,0.08255,0.08263,0.08212,0.0822,2349944.0,15
2026-06-19 09:15:00,0.0822,0.0823,0.08208,0.08223,2767085.0,15
2026-06-19 09:30:00,0.08222,0.08245,0.0822,0.08236,2812605.0,15
2026-06-19 09:45:00,0.08235,0.08236,0.08217,0.08225,3761452.0,15
2026-06-19 10:00:00,0.08224,0.08239,0.08213,0.08234,1747854.0,15
2026-06-19 10:15:00,0.08233,0.08241,0.08217,0.08237,2163419.0,15
2026-06-19 10:30:00,0.08236,0.08236,0.08205,0.08218,2109662.0,15
2026-06-19 10:45:00,0.08217,0.08245,0.08215,0.08234,989074.0,15
2026-06-19 11:00:00,0.08234,0.08237,0.08216,0.08225,3101361.0,15
2026-06-19 11:15:00,0.08226,0.08249,0.08219,0.08238,1463920.0,15
2026-06-19 11:30:00,0.08238,0.08243,0.08231,0.08239,1043725.0,15
2026-06-19 11:45:00,0.08239,0.08249,0.08235,0.0824,1883727.0,15
2026-06-19 12:00:00,0.08241,0.08251,0.08231,0.08232,1902936.0,15
2026-06-19 12:15:00,0.08232,0.08232,0.08215,0.08225,1011697.0,15
2026-06-19 12:30:00,0.08225,0.08235,0.08202,0.08224,3673418.0,15
2026-06-19 12:45:00,0.08223,0.08273,0.08188,0.08268,11156768.0,15
2026-06-19 13:00:00,0.08268,0.08283,0.08257,0.08261,4108495.0,15
2026-06-19 13:15:00,0.08261,0.08268,0.08246,0.08268,2905287.0,15
2026-06-19 13:30:00,0.08268,0.08311,0.08263,0.08306,4417595.0,15
2026-06-19 13:45:00,0.08307,0.08351,0.08307,0.08323,9402601.0,15
2026-06-19 14:00:00,0.08323,0.08337,0.08305,0.08311,4967109.0,15
2026-06-19 14:15:00,0.08312,0.08341,0.08298,0.08333,3137511.0,15
2026-06-19 14:30:00,0.08332,0.08341,0.08317,0.08326,3623696.0,15
2026-06-19 14:45:00,0.08327,0.08333,0.08309,0.08311,2634866.0,15
2026-06-19 15:00:00,0.08311,0.08317,0.08302,0.08315,1609734.0,15
2026-06-19 15:15:00,0.08316,0.0832,0.08299,0.08306,1800518.0,15
2026-06-19 15:30:00,0.08306,0.0834,0.08306,0.08333,2785410.0,15
2026-06-19 15:45:00,0.08333,0.08336,0.08316,0.0832,955334.0,15
2026-06-19 16:00:00,0.08321,0.08341,0.08315,0.0834,1845497.0,15
2026-06-19 16:15:00,0.0834,0.0834,0.08321,0.08329,3147255.0,15
2026-06-19 16:30:00,0.08328,0.08333,0.08319,0.08325,1908243.0,15
2026-06-19 16:45:00,0.08325,0.08325,0.08286,0.08289,1747616.0,15
2026-06-19 17:00:00,0.0829,0.08303,0.08276,0.083,1061398.0,15
2026-06-19 17:15:00,0.08301,0.08321,0.08292,0.08296,1478699.0,15
2026-06-19 17:30:00,0.08296,0.08331,0.08296,0.0833,1854755.0,15
2026-06-19 17:45:00,0.08329,0.08346,0.08324,0.08335,1792862.0,15
2026-06-19 18:00:00,0.08335,0.08341,0.08322,0.0833,854138.0,15
2026-06-19 18:15:00,0.0833,0.0833,0.08319,0.08321,614825.0,15
2026-06-19 18:30:00,0.08322,0.08325,0.08294,0.08299,1008743.0,15
2026-06-19 18:45:00,0.08298,0.08317,0.08297,0.08316,1083524.0,15
2026-06-19 19:00:00,0.08316,0.08317,0.08289,0.083,863381.0,15
2026-06-19 19:15:00,0.083,0.08301,0.08279,0.08287,1158134.0,15
2026-06-19 19:30:00,0.08286,0.08293,0.08273,0.08291,540524.0,15
2026-06-19 19:45:00,0.08292,0.08311,0.08289,0.08292,777503.0,15
2026-06-19 20:00:00,0.08293,0.08302,0.08289,0.08296,389169.0,15
2026-06-19 20:15:00,0.08297,0.08297,0.08271,0.08292,403234.0,15
2026-06-19 20:30:00,0.08292,0.08297,0.08277,0.08287,790581.0,15
2026-06-19 20:45:00,0.08287,0.08325,0.08287,0.08323,1056798.0,15
2026-06-19 21:00:00,0.08323,0.0833,0.08306,0.08328,2749720.0,15
2026-06-19 21:15:00,0.08328,0.08332,0.08308,0.0831,3641074.0,15
2026-06-19 21:30:00,0.08311,0.08317,0.08291,0.08292,1068240.0,15
2026-06-19 21:45:00,0.08292,0.08301,0.08279,0.08286,806706.0,15
2026-06-19 22:00:00,0.08285,0.08304,0.08282,0.08304,403154.0,15
2026-06-19 22:15:00,0.08304,0.08321,0.08302,0.08313,4163748.0,15
2026-06-19 22:30:00,0.08314,0.08322,0.0831,0.0832,2405870.0,15
2026-06-19 22:45:00,0.0832,0.08328,0.08314,0.08324,1206554.0,15
2026-06-19 23:00:00,0.08325,0.08325,0.08312,0.08316,772506.0,15
2026-06-19 23:15:00,0.08316,0.08333,0.08315,0.08333,1619187.0,15
2026-06-19 23:30:00,0.08333,0.08347,0.0833,0.08333,3410671.0,15
2026-06-19 23:45:00,0.08333,0.08373,0.08326,0.08357,5409467.0,15
2026-06-20 00:00:00,0.08356,0.08366,0.08344,0.08356,1209912.0,15
2026-06-20 00:15:00,0.08355,0.08375,0.0835,0.08371,3294966.0,15
2026-06-20 00:30:00,0.0837,0.08393,0.08362,0.08367,2491838.0,15
2026-06-20 00:45:00,0.08368,0.0837,0.08347,0.08348,1120049.0,15
2026-06-20 01:00:00,0.08347,0.08352,0.08333,0.08338,1766259.0,15
2026-06-20 01:15:00,0.08338,0.08351,0.08329,0.08339,592239.0,15
2026-06-20 01:30:00,0.0834,0.08361,0.08337,0.08338,1844564.0,15
2026-06-20 01:45:00,0.08338,0.08351,0.08338,0.0835,1108944.0,15
2026-06-20 02:00:00,0.08349,0.08357,0.08332,0.08336,1882195.0,15
2026-06-20 02:15:00,0.08335,0.08335,0.08321,0.08323,601632.0,15
2026-06-20 02:30:00,0.08324,0.0834,0.08312,0.08316,6053132.0,15
2026-06-20 02:45:00,0.08316,0.08325,0.08302,0.08305,7838526.0,15
2026-06-20 03:00:00,0.08305,0.08316,0.08305,0.08315,825835.0,15
2026-06-20 03:15:00,0.08315,0.08329,0.08315,0.08329,2200135.0,15
2026-06-20 03:30:00,0.08329,0.08335,0.08324,0.08327,2035695.0,15
2026-06-20 03:45:00,0.08328,0.08328,0.08321,0.08327,643817.0,15
2026-06-20 04:00:00,0.08327,0.08333,0.08322,0.08325,2061500.0,15
2026-06-20 04:15:00,0.08325,0.08337,0.08321,0.08336,3047216.0,15
2026-06-20 04:30:00,0.08336,0.08352,0.08329,0.08349,2639128.0,15
2026-06-20 04:45:00,0.08349,0.08352,0.08338,0.08352,1908985.0,15
2026-06-20 05:00:00,0.08353,0.0842,0.08345,0.08405,13354948.0,15
2026-06-20 05:15:00,0.08404,0.08409,0.08366,0.08371,2920862.0,15
2026-06-20 05:30:00,0.08372,0.08384,0.08369,0.08378,1874659.0,15
2026-06-20 05:45:00,0.08379,0.08399,0.08368,0.08397,1968421.0,15
2026-06-20 06:00:00,0.08397,0.084,0.08389,0.08398,1291750.0,15
2026-06-20 06:15:00,0.08399,0.08417,0.08393,0.08412,4270953.0,15
2026-06-20 06:30:00,0.08412,0.08413,0.084,0.08408,2838144.0,15
2026-06-20 06:45:00,0.08408,0.08429,0.08407,0.0842,2337799.0,15
2026-06-20 07:00:00,0.08421,0.0843,0.084,0.08412,6570543.0,15
2026-06-20 07:15:00,0.08411,0.08434,0.08409,0.08428,2629825.0,15
2026-06-20 07:30:00,0.08429,0.08431,0.08411,0.08412,2050437.0,15
2026-06-20 07:45:00,0.08412,0.08416,0.08393,0.08409,9048186.0,15
2026-06-20 08:00:00,0.0841,0.08414,0.0839,0.08403,3514051.0,15
2026-06-20 08:15:00,0.08404,0.08412,0.08394,0.08394,1221027.0,15
2026-06-20 08:30:00,0.08394,0.08396,0.08381,0.08391,2201577.0,15
2026-06-20 08:45:00,0.08392,0.084,0.08386,0.08397,1145593.0,15
2026-06-20 09:00:00,0.08398,0.08408,0.08398,0.08404,1254687.0,15
2026-06-20 09:15:00,0.08404,0.08414,0.084,0.08408,3195708.0,15
2026-06-20 09:30:00,0.08408,0.08431,0.08407,0.08428,1876450.0,15
2026-06-20 09:45:00,0.08428,0.0843,0.08418,0.08419,730292.0,15
2026-06-20 10:00:00,0.08419,0.08423,0.08414,0.08418,880039.0,15
2026-06-20 10:15:00,0.08417,0.0842,0.084,0.08402,1184842.0,15
2026-06-20 10:30:00,0.08403,0.08405,0.08386,0.08392,1407230.0,15
2026-06-20 10:45:00,0.08393,0.08399,0.08391,0.08395,1374898.0,15
2026-06-20 11:00:00,0.08396,0.08398,0.08377,0.08389,1442996.0,15
2026-06-20 11:15:00,0.08389,0.08397,0.08386,0.08396,783289.0,15
2026-06-20 11:30:00,0.08397,0.084,0.08392,0.08397,1836590.0,15
2026-06-20 11:45:00,0.08397,0.08403,0.08383,0.08388,953803.0,15
2026-06-20 12:00:00,0.08388,0.08403,0.08383,0.08398,1808836.0,15
2026-06-20 12:15:00,0.08397,0.08401,0.08389,0.08401,1336147.0,15
2026-06-20 12:30:00,0.084,0.08401,0.08372,0.08383,1717424.0,15
2026-06-20 12:45:00,0.08382,0.08385,0.08372,0.08384,1272335.0,15
2026-06-20 13:00:00,0.08384,0.08387,0.08376,0.08381,1481140.0,15
2026-06-20 13:15:00,0.08381,0.08388,0.08321,0.08331,4300810.0,15
2026-06-20 13:30:00,0.08331,0.08349,0.08324,0.08342,2751037.0,15
2026-06-20 13:45:00,0.08342,0.08348,0.0833,0.0833,692443.0,15
2026-06-20 14:00:00,0.0833,0.0833,0.08262,0.08269,7558786.0,15
2026-06-20 14:15:00,0.08269,0.08296,0.08269,0.08295,1508031.0,15
2026-06-20 14:30:00,0.08295,0.08312,0.08289,0.08311,1583946.0,15
2026-06-20 14:45:00,0.08311,0.08415,0.08309,0.08373,9086014.0,15
2026-06-20 15:00:00,0.08373,0.08383,0.08353,0.08372,3875765.0,15
2026-06-20 15:15:00,0.08373,0.08422,0.08364,0.08394,9452336.0,15
2026-06-20 15:30:00,0.08394,0.08395,0.0837,0.08377,1719356.0,15
2026-06-20 15:45:00,0.08377,0.08382,0.08365,0.08375,4556711.0,15
2026-06-20 16:00:00,0.08376,0.08377,0.08355,0.08361,2088201.0,15
2026-06-20 16:15:00,0.08361,0.08365,0.08342,0.08343,1126643.0,15
2026-06-20 16:30:00,0.08343,0.08353,0.08331,0.08349,1164868.0,15
2026-06-20 16:45:00,0.08349,0.08353,0.08341,0.0835,711136.0,15
2026-06-20 17:00:00,0.0835,0.0835,0.08332,0.08337,1327386.0,15
2026-06-20 17:15:00,0.08337,0.08341,0.08317,0.08332,2170013.0,15
2026-06-20 17:30:00,0.08331,0.08331,0.08284,0.08306,6693354.0,15
2026-06-20 17:45:00,0.08307,0.08312,0.083,0.08309,1849784.0,15
2026-06-20 18:00:00,0.08309,0.08329,0.08308,0.08321,2252175.0,15
2026-06-20 18:15:00,0.08321,0.0834,0.08321,0.08339,1672999.0,15
2026-06-20 18:30:00,0.0834,0.08343,0.08325,0.08326,2589877.0,15
2026-06-20 18:45:00,0.08327,0.08331,0.08312,0.08314,1068136.0,15
2026-06-20 19:00:00,0.08315,0.08332,0.08314,0.08328,1192931.0,15
2026-06-20 19:15:00,0.08329,0.08332,0.08316,0.08322,597089.0,15
2026-06-20 19:30:00,0.08322,0.08344,0.0832,0.08342,575443.0,15
2026-06-20 19:45:00,0.08342,0.08345,0.08331,0.08334,464711.0,15
2026-06-20 20:00:00,0.08335,0.08341,0.08329,0.08337,1207244.0,15
2026-06-20 20:15:00,0.08336,0.08338,0.08331,0.08331,934060.0,15
2026-06-20 20:30:00,0.08331,0.08338,0.08323,0.08335,338737.0,15
2026-06-20 20:45:00,0.08335,0.08344,0.08334,0.08339,742553.0,15
2026-06-20 21:00:00,0.08339,0.08363,0.08336,0.08354,1519103.0,15
2026-06-20 21:15:00,0.08354,0.08354,0.08342,0.08346,1895523.0,15
2026-06-20 21:30:00,0.08346,0.08363,0.08345,0.08357,1468580.0,15
2026-06-20 21:45:00,0.08357,0.08357,0.08338,0.08352,1284533.0,15
2026-06-20 22:00:00,0.08351,0.0839,0.08341,0.08386,2000754.0,15
2026-06-20 22:15:00,0.08385,0.084,0.08367,0.08393,3389369.0,15
2026-06-20 22:30:00,0.08392,0.08404,0.08382,0.08388,2045318.0,15
2026-06-20 22:45:00,0.08389,0.08395,0.0838,0.08385,622997.0,15
2026-06-20 23:00:00,0.08385,0.08397,0.08383,0.08395,1682389.0,15
2026-06-20 23:15:00,0.08395,0.08406,0.08376,0.08377,2141974.0,15
2026-06-20 23:30:00,0.08377,0.08384,0.08374,0.0838,769639.0,15
2026-06-20 23:45:00,0.0838,0.0838,0.08366,0.0837,613519.0,15
2026-06-21 00:00:00,0.08371,0.08374,0.08364,0.08368,777439.0,15
2026-06-21 00:15:00,0.08368,0.08372,0.08356,0.0836,694585.0,15
2026-06-21 00:30:00,0.0836,0.08369,0.08357,0.08362,686085.0,15
2026-06-21 00:45:00,0.08362,0.08368,0.08357,0.08368,449395.0,15
2026-06-21 01:00:00,0.08368,0.0837,0.08353,0.08353,766301.0,15
2026-06-21 01:15:00,0.08353,0.08359,0.08352,0.08354,460307.0,15
2026-06-21 01:30:00,0.08354,0.08368,0.08351,0.08363,1073535.0,15
2026-06-21 01:45:00,0.08363,0.08371,0.08362,0.08364,583580.0,15
2026-06-21 02:00:00,0.08364,0.08369,0.08359,0.08369,465029.0,15
2026-06-21 02:15:00,0.08369,0.0837,0.08363,0.08367,458225.0,15
2026-06-21 02:30:00,0.08367,0.08367,0.0836,0.08363,1417220.0,15
2026-06-21 02:45:00,0.08362,0.08367,0.08358,0.08358,161194.0,15
2026-06-21 03:00:00,0.08358,0.08363,0.08346,0.08363,1006339.0,15
2026-06-21 03:15:00,0.08363,0.08387,0.08356,0.08367,2528574.0,15
2026-06-21 03:30:00,0.08367,0.08378,0.0836,0.08372,582903.0,15
2026-06-21 03:45:00,0.08373,0.08373,0.08365,0.08369,547963.0,15
2026-06-21 04:00:00,0.08369,0.08369,0.08353,0.08357,544972.0,15
2026-06-21 04:15:00,0.08357,0.08373,0.08357,0.08367,1885785.0,15
2026-06-21 04:30:00,0.08367,0.08381,0.0836,0.08362,1182693.0,15
2026-06-21 04:45:00,0.08361,0.08361,0.08328,0.08331,2334656.0,15
2026-06-21 05:00:00,0.08331,0.08341,0.08323,0.08339,546093.0,15
2026-06-21 05:15:00,0.0834,0.08343,0.08329,0.0834,1229386.0,15
2026-06-21 05:30:00,0.0834,0.08344,0.08329,0.0833,3658307.0,15
2026-06-21 05:45:00,0.0833,0.08331,0.08314,0.08325,3307247.0,15
2026-06-21 06:00:00,0.08325,0.08333,0.08322,0.0833,565977.0,15
2026-06-21 06:15:00,0.08329,0.08339,0.08328,0.08338,728010.0,15
2026-06-21 06:30:00,0.08337,0.08351,0.08332,0.08344,4820604.0,15
2026-06-21 06:45:00,0.08344,0.08348,0.08337,0.08343,1323513.0,15
2026-06-21 07:00:00,0.08343,0.08346,0.08335,0.08342,2013184.0,15
2026-06-21 07:15:00,0.08341,0.08344,0.08332,0.08339,858985.0,15
2026-06-21 07:30:00,0.08338,0.08362,0.08338,0.08362,1912665.0,15
2026-06-21 07:45:00,0.08363,0.08367,0.08348,0.08349,1934641.0,15
2026-06-21 08:00:00,0.0835,0.08357,0.08342,0.08343,799202.0,15
2026-06-21 08:15:00,0.08343,0.08343,0.08325,0.08325,2246492.0,15
2026-06-21 08:30:00,0.08326,0.08331,0.08288,0.08315,3262096.0,15
2026-06-21 08:45:00,0.08315,0.08317,0.08304,0.08315,2491618.0,15
2026-06-21 09:00:00,0.08316,0.0832,0.08301,0.08307,3256305.0,15
2026-06-21 09:15:00,0.08306,0.08318,0.08301,0.08312,1055014.0,15
2026-06-21 09:30:00,0.08312,0.08335,0.08312,0.08324,1332978.0,15
2026-06-21 09:45:00,0.08324,0.08339,0.08324,0.08336,1745715.0,15
2026-06-21 10:00:00,0.08337,0.08348,0.08332,0.08337,4234015.0,15
2026-06-21 10:15:00,0.08337,0.08356,0.08334,0.08346,770814.0,15
2026-06-21 10:30:00,0.08345,0.08347,0.08337,0.08338,2416854.0,15
2026-06-21 10:45:00,0.08338,0.08346,0.08327,0.08328,3084239.0,15
2026-06-21 11:00:00,0.08328,0.08335,0.08308,0.08321,3187322.0,15
2026-06-21 11:15:00,0.08321,0.08321,0.08276,0.08316,2419439.0,15
2026-06-21 11:30:00,0.08317,0.08318,0.08299,0.08308,1502332.0,15
2026-06-21 11:45:00,0.08308,0.08316,0.08299,0.08305,1670509.0,15
2026-06-21 12:00:00,0.08305,0.08319,0.08303,0.08307,870641.0,15
2026-06-21 12:15:00,0.08307,0.08317,0.08293,0.08308,3414946.0,15
2026-06-21 12:30:00,0.08309,0.08316,0.083,0.08309,2433669.0,15
2026-06-21 12:45:00,0.0831,0.08339,0.08309,0.08334,874564.0,15
2026-06-21 13:00:00,0.08334,0.08335,0.08322,0.08332,1695448.0,15
2026-06-21 13:15:00,0.08332,0.08342,0.08329,0.08336,890373.0,15
2026-06-21 13:30:00,0.08337,0.08344,0.08315,0.08338,3695419.0,15
2026-06-21 13:45:00,0.08338,0.0835,0.08337,0.08348,664776.0,15
2026-06-21 14:00:00,0.08348,0.08354,0.08338,0.0834,1625147.0,15
2026-06-21 14:15:00,0.08339,0.08344,0.08328,0.08336,1255533.0,15
2026-06-21 14:30:00,0.08337,0.08355,0.08335,0.0835,2356279.0,15
2026-06-21 14:45:00,0.0835,0.08351,0.08336,0.08345,1103738.0,15
2026-06-21 15:00:00,0.08346,0.08365,0.08343,0.08346,1317506.0,15
2026-06-21 15:15:00,0.08346,0.08356,0.08345,0.08354,820291.0,15
2026-06-21 15:30:00,0.08354,0.08357,0.08345,0.08351,2056635.0,15
2026-06-21 15:45:00,0.08351,0.08354,0.08341,0.08344,1218437.0,15
2026-06-21 16:00:00,0.08343,0.08345,0.08329,0.08336,5162397.0,15
2026-06-21 16:15:00,0.08336,0.08351,0.08329,0.08342,2615487.0,15
2026-06-21 16:30:00,0.08343,0.08345,0.08314,0.0833,2518552.0,15
2026-06-21 16:45:00,0.08331,0.08359,0.08331,0.08357,5019854.0,15
2026-06-21 17:00:00,0.08358,0.08378,0.08357,0.08369,6689063.0,15
2026-06-21 17:15:00,0.08369,0.08371,0.08341,0.08342,2674052.0,15
2026-06-21 17:30:00,0.08342,0.08345,0.08323,0.08335,1700236.0,15
2026-06-21 17:45:00,0.08335,0.08345,0.08332,0.08339,1071832.0,15
2026-06-21 18:00:00,0.0834,0.08342,0.08316,0.08333,1048757.0,15
2026-06-21 18:15:00,0.08332,0.08344,0.08332,0.0834,2652330.0,15
2026-06-21 18:30:00,0.08339,0.08368,0.08335,0.08354,1137656.0,15
2026-06-21 18:45:00,0.08354,0.08356,0.08343,0.08348,953324.0,15
2026-06-21 19:00:00,0.08348,0.08363,0.08345,0.08354,871308.0,15
2026-06-21 19:15:00,0.08353,0.08358,0.08347,0.08357,481003.0,15
2026-06-21 19:30:00,0.08358,0.08365,0.08352,0.08362,1352459.0,15
2026-06-21 19:45:00,0.08363,0.08367,0.08361,0.08364,550725.0,15
2026-06-21 20:00:00,0.08364,0.08368,0.08358,0.0836,885308.0,15
2026-06-21 20:15:00,0.0836,0.08363,0.0834,0.08343,581090.0,15
2026-06-21 20:30:00,0.08343,0.08348,0.08336,0.08343,511023.0,15
2026-06-21 20:45:00,0.08342,0.08343,0.08307,0.08316,2789184.0,15
2026-06-21 21:00:00,0.08316,0.08321,0.08231,0.08263,11589711.0,15
2026-06-21 21:15:00,0.08263,0.08283,0.08236,0.08268,3504168.0,15
2026-06-21 21:30:00,0.08269,0.08297,0.08263,0.08292,3147552.0,15
2026-06-21 21:45:00,0.08292,0.08302,0.08283,0.08289,708087.0,15
2026-06-21 22:00:00,0.08289,0.08313,0.08271,0.08288,3125409.0,15
2026-06-21 22:15:00,0.08289,0.08306,0.08286,0.08291,3071847.0,15
2026-06-21 22:30:00,0.08291,0.08292,0.08267,0.08278,1679189.0,15
2026-06-21 22:45:00,0.08278,0.08301,0.08275,0.08291,872035.0,15
2026-06-21 23:00:00,0.08291,0.08291,0.0825,0.08251,2280729.0,15
2026-06-21 23:15:00,0.0825,0.08274,0.08245,0.08258,2022333.0,15
2026-06-21 23:30:00,0.08258,0.08261,0.08214,0.08226,5683789.0,15
2026-06-21 23:45:00,0.08227,0.08237,0.08218,0.08224,3430366.0,15
2026-06-22 00:00:00,0.08223,0.08257,0.08223,0.08252,1830658.0,15
2026-06-22 00:15:00,0.08253,0.08277,0.0825,0.08274,7272895.0,15
2026-06-22 00:30:00,0.08275,0.08321,0.0827,0.08302,3987971.0,15
2026-06-22 00:45:00,0.08301,0.0832,0.0829,0.08316,3052371.0,15
2026-06-22 01:00:00,0.08316,0.08345,0.08302,0.08305,2568486.0,15
2026-06-22 01:15:00,0.08306,0.08426,0.08306,0.08403,10972495.0,15
2026-06-22 01:30:00,0.08402,0.08408,0.08358,0.08371,3678093.0,15
2026-06-22 01:45:00,0.08371,0.08376,0.0836,0.0837,2100706.0,15
2026-06-22 02:00:00,0.0837,0.08378,0.08355,0.08355,1447871.0,15
2026-06-22 02:15:00,0.08354,0.08374,0.08349,0.08361,1732775.0,15
2026-06-22 02:30:00,0.08361,0.08378,0.08358,0.08363,757495.0,15
2026-06-22 02:45:00,0.08363,0.08364,0.08332,0.08332,2279244.0,15
2026-06-22 03:00:00,0.08332,0.08332,0.08294,0.0831,1916772.0,15
2026-06-22 03:15:00,0.08311,0.08342,0.08311,0.0833,869021.0,15
2026-06-22 03:30:00,0.0833,0.08351,0.08315,0.08316,1029053.0,15
2026-06-22 03:45:00,0.08317,0.08319,0.08282,0.08293,4346080.0,15
2026-06-22 04:00:00,0.08294,0.08316,0.08279,0.08312,1688464.0,15
2026-06-22 04:15:00,0.08311,0.08317,0.08303,0.08312,1201752.0,15
2026-06-22 04:30:00,0.08312,0.08317,0.08295,0.08299,1141498.0,15
2026-06-22 04:45:00,0.083,0.08324,0.083,0.08323,1306281.0,15
2026-06-22 05:00:00,0.08324,0.08349,0.08319,0.08346,1123533.0,15
2026-06-22 05:15:00,0.08345,0.08347,0.08337,0.08338,1795257.0,15
2026-06-22 05:30:00,0.08338,0.08347,0.08333,0.08339,1309319.0,15
2026-06-22 05:45:00,0.08339,0.08339,0.08329,0.08332,595638.0,15
2026-06-22 06:00:00,0.08333,0.08352,0.08322,0.08339,1433395.0,15
2026-06-22 06:15:00,0.08339,0.08343,0.08326,0.08333,1958595.0,15
2026-06-22 06:30:00,0.08333,0.08338,0.08321,0.08324,1581955.0,15
2026-06-22 06:45:00,0.08323,0.08328,0.08313,0.0832,1595709.0,15
2026-06-22 07:00:00,0.0832,0.08363,0.08316,0.08354,1764634.0,15
2026-06-22 07:15:00,0.08353,0.08365,0.08352,0.0836,1601879.0,15
2026-06-22 07:30:00,0.08361,0.08373,0.08349,0.08352,3305561.0,15
2026-06-22 07:45:00,0.08352,0.08366,0.08344,0.0835,1057042.0,15
2026-06-22 08:00:00,0.08351,0.08359,0.08335,0.08359,1385380.0,15
2026-06-22 08:15:00,0.08358,0.08381,0.08354,0.08366,3542551.0,15
2026-06-22 08:30:00,0.08365,0.08369,0.08344,0.08369,3458754.0,15
2026-06-22 08:45:00,0.08368,0.08374,0.08352,0.08359,1511897.0,15
2026-06-22 09:00:00,0.0836,0.08372,0.08357,0.08366,1533480.0,15
2026-06-22 09:15:00,0.08366,0.08371,0.08361,0.08364,1154734.0,15
2026-06-22 09:30:00,0.08364,0.08378,0.08359,0.08374,1703601.0,15
2026-06-22 09:45:00,0.08374,0.08378,0.0837,0.0837,1038019.0,15
2026-06-22 10:00:00,0.08371,0.08399,0.0837,0.08383,2229898.0,15
2026-06-22 10:15:00,0.08383,0.08393,0.08375,0.08378,654012.0,15
2026-06-22 10:30:00,0.08378,0.08379,0.0835,0.08352,1061288.0,15
2026-06-22 10:45:00,0.08353,0.0837,0.08353,0.08369,4097653.0,15
2026-06-22 11:00:00,0.0837,0.08414,0.08366,0.08397,7112091.0,15
2026-06-22 11:15:00,0.08397,0.08415,0.08385,0.08401,2756507.0,15
2026-06-22 11:30:00,0.08401,0.08442,0.08401,0.08425,7135022.0,15
2026-06-22 11:45:00,0.08425,0.08447,0.0842,0.08423,6637496.0,15
2026-06-22 12:00:00,0.08424,0.08448,0.08419,0.08435,7367738.0,15
2026-06-22 12:15:00,0.08434,0.08459,0.08427,0.08446,5640208.0,15
2026-06-22 12:30:00,0.08446,0.08453,0.08427,0.08444,7302450.0,15
2026-06-22 12:45:00,0.08444,0.08467,0.08434,0.08461,2871944.0,15
2026-06-22 13:00:00,0.08462,0.08466,0.08444,0.08452,5966061.0,15
2026-06-22 13:15:00,0.08451,0.08461,0.08439,0.08443,2498296.0,15
2026-06-22 13:30:00,0.08443,0.08488,0.08436,0.08482,6053091.0,15
2026-06-22 13:45:00,0.08481,0.08506,0.08479,0.08503,6333748.0,15
2026-06-22 14:00:00,0.08504,0.08509,0.08448,0.08453,5696025.0,15
2026-06-22 14:15:00,0.08453,0.08455,0.08403,0.08403,6975978.0,15
2026-06-22 14:30:00,0.08404,0.0841,0.0838,0.08381,10026760.0,15
2026-06-22 14:45:00,0.08382,0.0841,0.08371,0.08396,3547641.0,15
2026-06-22 15:00:00,0.08396,0.08415,0.08375,0.08409,2746628.0,15
2026-06-22 15:15:00,0.08409,0.08412,0.08385,0.084,2863313.0,15
2026-06-22 15:30:00,0.08401,0.08412,0.08394,0.084,4398565.0,15
2026-06-22 15:45:00,0.08399,0.08404,0.08353,0.08364,9788687.0,15
2026-06-22 16:00:00,0.08365,0.08368,0.08334,0.08347,5471696.0,15
2026-06-22 16:15:00,0.08347,0.08364,0.08333,0.08344,4557005.0,15
2026-06-22 16:30:00,0.08345,0.08345,0.08311,0.08325,4042201.0,15
2026-06-22 16:45:00,0.08325,0.0835,0.08311,0.08338,5891773.0,15
2026-06-22 17:00:00,0.08338,0.08343,0.08325,0.08333,2036657.0,15
2026-06-22 17:15:00,0.08333,0.08337,0.0831,0.08311,2487176.0,15
2026-06-22 17:30:00,0.0831,0.08319,0.08294,0.08312,3119380.0,15
2026-06-22 17:45:00,0.08312,0.08336,0.08312,0.08331,2141840.0,15
2026-06-22 18:00:00,0.0833,0.08341,0.08324,0.08338,1522328.0,15
2026-06-22 18:15:00,0.08338,0.08346,0.08315,0.08319,2614381.0,15
2026-06-22 18:30:00,0.08319,0.08324,0.08311,0.08317,1905684.0,15
2026-06-22 18:45:00,0.08318,0.0832,0.0828,0.08289,9244343.0,15
2026-06-22 19:00:00,0.0829,0.08293,0.08263,0.08279,1842414.0,15
2026-06-22 19:15:00,0.08279,0.08292,0.08266,0.08275,1962140.0,15
2026-06-22 19:30:00,0.08275,0.08289,0.08266,0.08267,5685574.0,15
2026-06-22 19:45:00,0.08267,0.08283,0.08248,0.08276,5450913.0,15
2026-06-22 20:00:00,0.08276,0.083,0.0827,0.08292,1983357.0,15
2026-06-22 20:15:00,0.08292,0.08295,0.08265,0.08279,2136022.0,15
2026-06-22 20:30:00,0.08279,0.08301,0.08278,0.08298,843477.0,15
2026-06-22 20:45:00,0.08298,0.08302,0.08276,0.08285,2250331.0,15
2026-06-22 21:00:00,0.08285,0.08288,0.08274,0.08281,1907222.0,15
2026-06-22 21:15:00,0.08281,0.08281,0.0826,0.08264,3116031.0,15
2026-06-22 21:30:00,0.08264,0.08272,0.08237,0.08252,2340064.0,15
2026-06-22 21:45:00,0.08251,0.08274,0.0825,0.08274,3112578.0,15
2026-06-22 22:00:00,0.08273,0.08287,0.08265,0.08278,3971282.0,15
2026-06-22 22:15:00,0.08278,0.08279,0.08196,0.08214,11521667.0,15
2026-06-22 22:30:00,0.08214,0.08231,0.08188,0.08207,12310674.0,15
2026-06-22 22:45:00,0.08208,0.08231,0.08203,0.08225,3013366.0,15
2026-06-22 23:00:00,0.08224,0.08233,0.08216,0.08228,1915264.0,15
2026-06-22 23:15:00,0.08229,0.08248,0.0822,0.08244,9097125.0,15
2026-06-22 23:30:00,0.08244,0.08252,0.08231,0.08244,1219358.0,15
2026-06-22 23:45:00,0.08243,0.08255,0.08233,0.08247,1666319.0,15
2026-06-23 00:00:00,0.08248,0.08249,0.08227,0.08242,4572093.0,15
2026-06-23 00:15:00,0.08241,0.08245,0.082,0.08207,5488393.0,15
2026-06-23 00:30:00,0.08208,0.08249,0.08208,0.08249,3296772.0,15
2026-06-23 00:45:00,0.08249,0.0826,0.08239,0.08259,3607524.0,15
2026-06-23 01:00:00,0.08258,0.08271,0.08254,0.08255,1566985.0,15
2026-06-23 01:15:00,0.08254,0.08268,0.08246,0.08257,3002992.0,15
2026-06-23 01:30:00,0.08257,0.08266,0.08204,0.08217,11373642.0,15
2026-06-23 01:45:00,0.08217,0.08218,0.0812,0.08191,26231579.0,15
2026-06-23 02:00:00,0.08191,0.08204,0.08175,0.08187,3771769.0,15
2026-06-23 02:15:00,0.08188,0.08217,0.08188,0.08209,2383416.0,15
2026-06-23 02:30:00,0.08208,0.08225,0.08203,0.08218,939949.0,15
2026-06-23 02:45:00,0.08217,0.08238,0.08213,0.0823,2160076.0,15
2026-06-23 03:00:00,0.0823,0.0823,0.08187,0.08198,2611494.0,15
2026-06-23 03:15:00,0.08199,0.08218,0.08191,0.08213,1377772.0,15
2026-06-23 03:30:00,0.08213,0.08215,0.08195,0.08204,3042975.0,15
2026-06-23 03:45:00,0.08204,0.08225,0.08204,0.08223,1383402.0,15
2026-06-23 04:00:00,0.08222,0.08225,0.08202,0.0822,2200920.0,15
2026-06-23 04:15:00,0.0822,0.08221,0.08197,0.08221,1377810.0,15
2026-06-23 04:30:00,0.08221,0.08221,0.08185,0.08186,1941951.0,15
2026-06-23 04:45:00,0.08187,0.08195,0.08162,0.08169,3923752.0,15
2026-06-23 05:00:00,0.08169,0.08182,0.08161,0.0817,2875766.0,15
2026-06-23 05:15:00,0.0817,0.08184,0.08141,0.08155,4383500.0,15
2026-06-23 05:30:00,0.08155,0.0816,0.08137,0.08158,4956487.0,15
2026-06-23 05:45:00,0.08158,0.08176,0.08148,0.08171,2661735.0,15
2026-06-23 06:00:00,0.08172,0.08172,0.08043,0.08091,25987802.0,15
2026-06-23 06:15:00,0.08091,0.08097,0.07968,0.08021,57540797.0,15
2026-06-23 06:30:00,0.08021,0.08043,0.07996,0.0802,11412377.0,15
2026-06-23 06:45:00,0.08019,0.08046,0.08017,0.08026,3693273.0,15
2026-06-23 07:00:00,0.08025,0.08038,0.0802,0.08029,3778802.0,15
2026-06-23 07:15:00,0.08029,0.08044,0.08027,0.08037,4564398.0,15
2026-06-23 07:30:00,0.08036,0.08039,0.08006,0.08007,4269961.0,15
2026-06-23 07:45:00,0.08007,0.08028,0.07997,0.08,7617611.0,15
2026-06-23 08:00:00,0.08,0.08005,0.07961,0.07973,9851444.0,15
2026-06-23 08:15:00,0.07973,0.07973,0.07841,0.07864,61548658.0,15
2026-06-23 08:30:00,0.07863,0.07932,0.0786,0.07917,15593046.0,15
2026-06-23 08:45:00,0.07917,0.07923,0.07907,0.07913,7511180.0,15
2026-06-23 09:00:00,0.07913,0.07927,0.07909,0.07919,3376951.0,15
2026-06-23 09:15:00,0.0792,0.0793,0.07916,0.07919,8009984.0,15
2026-06-23 09:30:00,0.0792,0.07922,0.07896,0.07902,8285839.0,15
2026-06-23 09:45:00,0.07901,0.07913,0.07896,0.07903,6088265.0,15
2026-06-23 10:00:00,0.07903,0.07936,0.07903,0.07923,4864856.0,15
2026-06-23 10:15:00,0.07922,0.07924,0.07912,0.07917,3660326.0,15
2026-06-23 10:30:00,0.07916,0.07918,0.07898,0.07906,2836899.0,15
2026-06-23 10:45:00,0.07906,0.07912,0.07898,0.07911,3028355.0,15
2026-06-23 11:00:00,0.07912,0.07923,0.07911,0.07922,1585957.0,15
2026-06-23 11:15:00,0.07922,0.07956,0.07918,0.0794,6308630.0,15
2026-06-23 11:30:00,0.0794,0.07956,0.07939,0.07952,5487851.0,15
2026-06-23 11:45:00,0.07952,0.07964,0.07942,0.07958,7702219.0,15
2026-06-23 12:00:00,0.07959,0.07966,0.0795,0.07955,2991109.0,15
2026-06-23 12:15:00,0.07955,0.07956,0.07931,0.0795,5566751.0,15
2026-06-23 12:30:00,0.07951,0.0796,0.07941,0.0795,3898505.0,15
2026-06-23 12:45:00,0.0795,0.07952,0.0793,0.07944,6129561.0,15
2026-06-23 13:00:00,0.07944,0.07948,0.07922,0.07939,4445294.0,15
2026-06-23 13:15:00,0.07939,0.07939,0.07913,0.07917,4755407.0,15
2026-06-23 13:30:00,0.07917,0.07982,0.07903,0.07951,13899838.0,15
2026-06-23 13:45:00,0.07951,0.07975,0.07938,0.07962,5779302.0,15
2026-06-23 14:00:00,0.07963,0.07978,0.07943,0.07977,17116181.0,15
2026-06-23 14:15:00,0.07976,0.07983,0.07932,0.07947,7186518.0,15
2026-06-23 14:30:00,0.07946,0.07969,0.07927,0.07933,6630108.0,15
2026-06-23 14:45:00,0.07934,0.0794,0.07888,0.07899,10633404.0,15
2026-06-23 15:00:00,0.07899,0.07905,0.07864,0.07881,14214816.0,15
2026-06-23 15:15:00,0.07881,0.07882,0.07846,0.07858,7453116.0,15
2026-06-23 15:30:00,0.07858,0.07891,0.07858,0.07864,6177882.0,15
2026-06-23 15:45:00,0.07864,0.07883,0.07837,0.07882,6762180.0,15
2026-06-23 16:00:00,0.07883,0.07937,0.07871,0.07922,15199607.0,15
2026-06-23 16:15:00,0.07922,0.07926,0.07891,0.07899,3383392.0,15
2026-06-23 16:30:00,0.07898,0.07916,0.07894,0.07906,3813525.0,15
2026-06-23 16:45:00,0.07906,0.07909,0.07882,0.07892,2841806.0,15
2026-06-23 17:00:00,0.07891,0.07892,0.07861,0.07868,6660698.0,15
2026-06-23 17:15:00,0.07868,0.07904,0.07868,0.079,1795559.0,15
2026-06-23 17:30:00,0.07901,0.07912,0.07879,0.07883,1192021.0,15
2026-06-23 17:45:00,0.07882,0.07885,0.07853,0.0786,2714167.0,15
2026-06-23 18:00:00,0.0786,0.07873,0.07851,0.0787,1513189.0,15
2026-06-23 18:15:00,0.07871,0.07888,0.07868,0.07872,1768581.0,15
2026-06-23 18:30:00,0.07872,0.07872,0.07841,0.07845,2115234.0,15
2026-06-23 18:45:00,0.07845,0.07869,0.0783,0.0786,2768820.0,15
2026-06-23 19:00:00,0.07861,0.07878,0.07857,0.07861,7788964.0,15
2026-06-23 19:15:00,0.07861,0.07863,0.07839,0.07854,10766085.0,15
2026-06-23 19:30:00,0.07855,0.07863,0.07835,0.07839,3143748.0,15
2026-06-23 19:45:00,0.0784,0.07861,0.07837,0.07846,3134768.0,15
2026-06-23 20:00:00,0.07846,0.07883,0.07846,0.07874,2385220.0,15
2026-06-23 20:15:00,0.07874,0.07883,0.0786,0.0787,4262000.0,15
2026-06-23 20:30:00,0.07869,0.07869,0.07855,0.07855,1646114.0,15
2026-06-23 20:45:00,0.07854,0.07856,0.07839,0.07851,1007659.0,15
2026-06-23 21:00:00,0.07852,0.0787,0.07851,0.07861,5520183.0,15
2026-06-23 21:15:00,0.07862,0.07868,0.07854,0.07864,2527634.0,15
2026-06-23 21:30:00,0.07863,0.07875,0.07861,0.0787,5524961.0,15
2026-06-23 21:45:00,0.0787,0.0788,0.0787,0.07876,1908508.0,15
2026-06-23 22:00:00,0.07877,0.07898,0.07872,0.07897,1759765.0,15
2026-06-23 22:15:00,0.07896,0.07915,0.07872,0.0788,3434449.0,15
2026-06-23 22:30:00,0.0788,0.0789,0.07874,0.07887,1258879.0,15
2026-06-23 22:45:00,0.07887,0.07905,0.07886,0.07899,953974.0,15
2026-06-23 23:00:00,0.07898,0.07898,0.07875,0.07875,2045598.0,15
2026-06-23 23:15:00,0.07875,0.07895,0.07874,0.07889,931633.0,15
2026-06-23 23:30:00,0.07889,0.07893,0.07878,0.07882,770484.0,15
2026-06-23 23:45:00,0.07882,0.07912,0.07882,0.07889,1307423.0,15
2026-06-24 00:00:00,0.07889,0.07914,0.07886,0.07905,1710918.0,15
2026-06-24 00:15:00,0.07905,0.07921,0.079,0.07913,2252195.0,15
2026-06-24 00:30:00,0.07914,0.07927,0.07905,0.07916,2760764.0,15
2026-06-24 00:45:00,0.07915,0.07919,0.079,0.07914,2421139.0,15
2026-06-24 01:00:00,0.07915,0.0792,0.07895,0.07914,1723822.0,15
2026-06-24 01:15:00,0.07913,0.07922,0.07893,0.07921,1703697.0,15
2026-06-24 01:30:00,0.07921,0.07981,0.07921,0.07959,9771731.0,15
2026-06-24 01:45:00,0.07959,0.07977,0.07957,0.07958,1886401.0,15
2026-06-24 02:00:00,0.07957,0.07965,0.07934,0.07944,2813425.0,15
2026-06-24 02:15:00,0.07943,0.07943,0.07908,0.07922,4022421.0,15
2026-06-24 02:30:00,0.07922,0.07938,0.07907,0.07934,3290575.0,15
2026-06-24 02:45:00,0.07933,0.07936,0.07911,0.07911,4605577.0,15
2026-06-24 03:00:00,0.07911,0.0792,0.07896,0.07909,2096298.0,15
2026-06-24 03:15:00,0.07909,0.07911,0.07881,0.0791,2684012.0,15
2026-06-24 03:30:00,0.0791,0.07934,0.07905,0.07927,5374520.0,15
2026-06-24 03:45:00,0.07927,0.07931,0.07909,0.0791,999203.0,15
2026-06-24 04:00:00,0.0791,0.07915,0.07901,0.07908,1171603.0,15
2026-06-24 04:15:00,0.07909,0.07914,0.07848,0.07868,3029612.0,15
2026-06-24 04:30:00,0.07867,0.07894,0.07867,0.07887,2833095.0,15
2026-06-24 04:45:00,0.07887,0.07923,0.07887,0.07918,1109707.0,15
2026-06-24 05:00:00,0.07917,0.0793,0.0791,0.07921,1163591.0,15
2026-06-24 05:15:00,0.07921,0.07934,0.07914,0.07931,3760344.0,15
2026-06-24 05:30:00,0.07931,0.07947,0.07924,0.07936,2367619.0,15
2026-06-24 05:45:00,0.07936,0.07936,0.07916,0.0792,1105739.0,15
2026-06-24 06:00:00,0.07921,0.07925,0.07902,0.07917,1266910.0,15
2026-06-24 06:15:00,0.07917,0.07917,0.07901,0.07904,926848.0,15
2026-06-24 06:30:00,0.07904,0.07913,0.07902,0.07902,1516969.0,15
2026-06-24 06:45:00,0.07903,0.07912,0.07897,0.07903,1573866.0,15
2026-06-24 07:00:00,0.07903,0.07907,0.07886,0.079,3235581.0,15
2026-06-24 07:15:00,0.079,0.07903,0.07891,0.07899,1213476.0,15
2026-06-24 07:30:00,0.07898,0.07905,0.07877,0.07891,1569227.0,15
2026-06-24 07:45:00,0.07891,0.07895,0.07877,0.07886,3315371.0,15
2026-06-24 08:00:00,0.07886,0.07901,0.07884,0.07898,4083325.0,15
2026-06-24 08:15:00,0.07899,0.07907,0.07894,0.07904,1369807.0,15
2026-06-24 08:30:00,0.07905,0.07922,0.07902,0.07914,1376102.0,15
2026-06-24 08:45:00,0.07913,0.07919,0.07905,0.07917,575806.0,15
2026-06-24 09:00:00,0.07918,0.07919,0.07894,0.07902,2506598.0,15
2026-06-24 09:15:00,0.07901,0.07902,0.07871,0.07881,4747840.0,15
2026-06-24 09:30:00,0.07881,0.07887,0.0787,0.07878,1386433.0,15
2026-06-24 09:45:00,0.07878,0.079,0.07874,0.07896,1068411.0,15
2026-06-24 10:00:00,0.07895,0.07895,0.07871,0.0788,1113591.0,15
2026-06-24 10:15:00,0.0788,0.0788,0.07851,0.07867,4635560.0,15
2026-06-24 10:30:00,0.07868,0.0788,0.07864,0.0788,2200116.0,15
2026-06-24 10:45:00,0.0788,0.0788,0.07857,0.07858,2298775.0,15
2026-06-24 11:00:00,0.07859,0.07865,0.07815,0.0782,11219398.0,15
2026-06-24 11:15:00,0.07821,0.07836,0.07801,0.07828,4753381.0,15
2026-06-24 11:30:00,0.07827,0.07872,0.07827,0.07871,3220892.0,15
2026-06-24 11:45:00,0.0787,0.07962,0.07866,0.07903,11296311.0,15
2026-06-24 12:00:00,0.07903,0.07908,0.07885,0.07896,3249555.0,15
2026-06-24 12:15:00,0.07897,0.07906,0.07891,0.079,1470264.0,15
2026-06-24 12:30:00,0.079,0.07905,0.07884,0.07886,1661537.0,15
2026-06-24 12:45:00,0.07887,0.07891,0.07857,0.07861,1775610.0,15
2026-06-24 13:00:00,0.07862,0.07865,0.07743,0.07776,41611384.0,15
2026-06-24 13:15:00,0.07777,0.0779,0.07713,0.07764,20071044.0,15
2026-06-24 13:30:00,0.07763,0.07801,0.07711,0.07726,24635364.0,15
2026-06-24 13:45:00,0.07725,0.07735,0.07668,0.07682,28176846.0,15
2026-06-24 14:00:00,0.07681,0.07705,0.07648,0.07697,39926077.0,15
2026-06-24 14:15:00,0.07696,0.07698,0.07651,0.07688,27754286.0,15
2026-06-24 14:30:00,0.07688,0.07717,0.0767,0.07686,9879871.0,15
2026-06-24 14:45:00,0.07686,0.07693,0.07663,0.07678,10044376.0,15
2026-06-24 15:00:00,0.07678,0.07679,0.07643,0.07651,7905600.0,15
2026-06-24 15:15:00,0.07651,0.07699,0.0765,0.07659,5103525.0,15
2026-06-24 15:30:00,0.07659,0.07661,0.07472,0.075,101082902.0,15
2026-06-24 15:45:00,0.075,0.07503,0.07459,0.07478,24430416.0,15
2026-06-24 16:00:00,0.07477,0.07531,0.07472,0.07525,16239517.0,15
2026-06-24 16:15:00,0.07524,0.07566,0.07521,0.07553,15721569.0,15
2026-06-24 16:30:00,0.07552,0.07566,0.0752,0.07535,15988693.0,15
2026-06-24 16:45:00,0.07534,0.07535,0.07362,0.0742,62627825.0,15
2026-06-24 17:00:00,0.0742,0.07459,0.07395,0.07416,33905314.0,15
2026-06-24 17:15:00,0.07416,0.07422,0.07315,0.07345,31173199.0,15
2026-06-24 17:30:00,0.07346,0.07371,0.07327,0.07346,16281632.0,15
2026-06-24 17:45:00,0.07346,0.07352,0.0728,0.07308,22145310.0,15
2026-06-24 18:00:00,0.07308,0.07358,0.0729,0.07358,10202041.0,15
2026-06-24 18:15:00,0.07358,0.07443,0.07358,0.0742,20027511.0,15
2026-06-24 18:30:00,0.07419,0.07435,0.07402,0.07406,4386672.0,15
2026-06-24 18:45:00,0.07406,0.07415,0.07377,0.0739,5174274.0,15
2026-06-24 19:00:00,0.07391,0.0742,0.07365,0.07377,6082135.0,15
2026-06-24 19:15:00,0.07376,0.07402,0.07363,0.07394,5354756.0,15
2026-06-24 19:30:00,0.07394,0.07408,0.07374,0.07396,5537556.0,15
2026-06-24 19:45:00,0.07396,0.07419,0.07385,0.07413,9639711.0,15
2026-06-24 20:00:00,0.07414,0.07534,0.074,0.07517,20460957.0,15
2026-06-24 20:15:00,0.07516,0.07549,0.07505,0.07541,7043829.0,15
2026-06-24 20:30:00,0.07542,0.07559,0.07536,0.07549,5202912.0,15
2026-06-24 20:45:00,0.07549,0.07583,0.07549,0.07559,9051275.0,15
2026-06-24 21:00:00,0.07558,0.07563,0.07514,0.07529,6936016.0,15
2026-06-24 21:15:00,0.07529,0.07555,0.07523,0.07553,3062323.0,15
2026-06-24 21:30:00,0.07553,0.07586,0.0755,0.07578,4121899.0,15
2026-06-24 21:45:00,0.07578,0.07616,0.07571,0.07606,3538894.0,15
2026-06-24 22:00:00,0.07606,0.07649,0.07604,0.07606,19308123.0,15
2026-06-24 22:15:00,0.07606,0.07606,0.07591,0.07597,3696206.0,15
2026-06-24 22:30:00,0.07597,0.07606,0.07586,0.07597,3379620.0,15
2026-06-24 22:45:00,0.07597,0.07597,0.0758,0.07587,5153176.0,15
2026-06-24 23:00:00,0.07587,0.07594,0.0758,0.07587,1676079.0,15
2026-06-24 23:15:00,0.07586,0.07614,0.07577,0.07604,4753263.0,15
2026-06-24 23:30:00,0.07604,0.07613,0.07597,0.07607,1205596.0,15
2026-06-24 23:45:00,0.07607,0.0762,0.07595,0.07612,1917255.0,15
2026-06-25 00:00:00,0.07613,0.07646,0.0761,0.07632,6983198.0,15
2026-06-25 00:15:00,0.07633,0.07639,0.07616,0.07626,3205724.0,15
2026-06-25 00:30:00,0.07625,0.07634,0.07612,0.07612,7023993.0,15
2026-06-25 00:45:00,0.07613,0.07631,0.07601,0.07615,13997851.0,15
2026-06-25 01:00:00,0.07615,0.07634,0.07609,0.07616,6818273.0,15
2026-06-25 01:15:00,0.07617,0.07637,0.07609,0.0762,5096215.0,15
2026-06-25 01:30:00,0.0762,0.07641,0.07619,0.07626,1386805.0,15
2026-06-25 01:45:00,0.07625,0.0764,0.07623,0.07631,2009444.0,15
2026-06-25 02:00:00,0.07631,0.07641,0.07617,0.07621,1401330.0,15
2026-06-25 02:15:00,0.07621,0.07642,0.07615,0.07641,1390672.0,15
2026-06-25 02:30:00,0.0764,0.0764,0.07609,0.07614,1497785.0,15
2026-06-25 02:45:00,0.07613,0.07622,0.07603,0.07621,14985482.0,15
2026-06-25 03:00:00,0.07622,0.07632,0.076,0.07605,3522556.0,15
2026-06-25 03:15:00,0.07604,0.07617,0.07591,0.07609,3920926.0,15
2026-06-25 03:30:00,0.07608,0.07614,0.07598,0.076,1339117.0,15
2026-06-25 03:45:00,0.076,0.07606,0.07595,0.07605,1644362.0,15
2026-06-25 04:00:00,0.07605,0.0761,0.07596,0.076,875696.0,15
2026-06-25 04:15:00,0.07599,0.07603,0.0759,0.07594,1319759.0,15
2026-06-25 04:30:00,0.07593,0.07599,0.07581,0.07599,3192119.0,15
2026-06-25 04:45:00,0.07599,0.07681,0.07598,0.07677,12020648.0,15
2026-06-25 05:00:00,0.07676,0.07733,0.0767,0.07717,13764263.0,15
2026-06-25 05:15:00,0.07717,0.07748,0.07702,0.07724,9716398.0,15
2026-06-25 05:30:00,0.07725,0.07731,0.07715,0.07719,2740332.0,15
2026-06-25 05:45:00,0.07718,0.07738,0.07715,0.07727,2956554.0,15
2026-06-25 06:00:00,0.07728,0.07741,0.07722,0.07732,2438757.0,15
2026-06-25 06:15:00,0.07731,0.0775,0.0771,0.07711,3205710.0,15
2026-06-25 06:30:00,0.07711,0.07726,0.07707,0.07724,2438843.0,15
2026-06-25 06:45:00,0.07724,0.0774,0.07724,0.0773,2986897.0,15
2026-06-25 07:00:00,0.0773,0.07737,0.07706,0.0772,2245192.0,15
2026-06-25 07:15:00,0.0772,0.07734,0.07716,0.07722,3440983.0,15
2026-06-25 07:30:00,0.07722,0.07732,0.07717,0.07728,1863175.0,15
2026-06-25 07:45:00,0.07729,0.07737,0.07714,0.07736,1981699.0,15
2026-06-25 08:00:00,0.07736,0.07738,0.07719,0.07726,2283178.0,15
2026-06-25 08:15:00,0.07726,0.07732,0.07718,0.07725,4763157.0,15
2026-06-25 08:30:00,0.07724,0.07726,0.07715,0.07721,2303886.0,15
2026-06-25 08:45:00,0.07721,0.07723,0.07702,0.07707,1476217.0,15
2026-06-25 09:00:00,0.07707,0.07718,0.07702,0.07713,781595.0,15
2026-06-25 09:15:00,0.07714,0.07716,0.07692,0.07696,2547616.0,15
2026-06-25 09:30:00,0.07695,0.07702,0.07683,0.07695,1356418.0,15
2026-06-25 09:45:00,0.07695,0.07701,0.07692,0.07697,806404.0,15
2026-06-25 10:00:00,0.07697,0.07699,0.07687,0.07694,1185458.0,15
2026-06-25 10:15:00,0.07694,0.07698,0.07656,0.07658,5235931.0,15
2026-06-25 10:30:00,0.07659,0.0766,0.07629,0.07629,7150390.0,15
2026-06-25 10:45:00,0.07629,0.07632,0.07611,0.07621,6524384.0,15
2026-06-25 11:00:00,0.07621,0.07632,0.07584,0.07613,6230381.0,15
2026-06-25 11:15:00,0.07614,0.07617,0.07586,0.07586,2946559.0,15
2026-06-25 11:30:00,0.07587,0.07603,0.07586,0.07593,2100109.0,15
2026-06-25 11:45:00,0.07593,0.07599,0.07576,0.07596,5557662.0,15
2026-06-25 12:00:00,0.07595,0.07607,0.07588,0.07595,7674635.0,15
2026-06-25 12:15:00,0.07594,0.07594,0.07539,0.07545,4173354.0,15
2026-06-25 12:30:00,0.07545,0.07639,0.07544,0.07601,14442019.0,15
2026-06-25 12:45:00,0.076,0.07612,0.07591,0.07604,2807728.0,15
2026-06-25 13:00:00,0.07605,0.07618,0.07595,0.0761,3257756.0,15
2026-06-25 13:15:00,0.0761,0.07626,0.07604,0.07617,2218955.0,15
2026-06-25 13:30:00,0.07617,0.07647,0.07477,0.0748,46800318.0,15
2026-06-25 13:45:00,0.0748,0.07514,0.07145,0.07176,90218450.0,15
2026-06-25 14:00:00,0.07176,0.07396,0.07176,0.07361,45007139.0,15
2026-06-25 14:15:00,0.0736,0.07386,0.07289,0.07327,15399253.0,15
2026-06-25 14:30:00,0.07326,0.07461,0.07309,0.07329,26666876.0,15
2026-06-25 14:45:00,0.0733,0.07366,0.073,0.07315,15567681.0,15
2026-06-25 15:00:00,0.07316,0.07318,0.07244,0.07256,14563113.0,15
2026-06-25 15:15:00,0.07255,0.07294,0.07216,0.07281,15435076.0,15
2026-06-25 15:30:00,0.07282,0.07308,0.0727,0.0729,6979795.0,15
2026-06-25 15:45:00,0.0729,0.07352,0.07283,0.07342,7444338.0,15
2026-06-25 16:00:00,0.07342,0.07421,0.07339,0.07383,18092934.0,15
2026-06-25 16:15:00,0.07384,0.07398,0.07365,0.07389,10302836.0,15
2026-06-25 16:30:00,0.07389,0.07389,0.07332,0.07336,9110400.0,15
2026-06-25 16:45:00,0.07336,0.07342,0.07312,0.07341,7611048.0,15
2026-06-25 17:00:00,0.07341,0.07435,0.07339,0.07432,7986420.0,15
2026-06-25 17:15:00,0.07432,0.07527,0.07432,0.07514,14685331.0,15
2026-06-25 17:30:00,0.07513,0.07521,0.07466,0.07466,4710699.0,15
2026-06-25 17:45:00,0.07466,0.07495,0.07448,0.07495,4832177.0,15
2026-06-25 18:00:00,0.07496,0.07499,0.07411,0.07413,5846066.0,15
2026-06-25 18:15:00,0.07414,0.07463,0.07391,0.07415,10253978.0,15
2026-06-25 18:30:00,0.07415,0.07415,0.07349,0.0737,7934545.0,15
2026-06-25 18:45:00,0.0737,0.07388,0.07348,0.07361,2724272.0,15
2026-06-25 19:00:00,0.07362,0.07367,0.0732,0.07326,4400519.0,15
2026-06-25 19:15:00,0.07326,0.07332,0.07292,0.07314,12422504.0,15
2026-06-25 19:30:00,0.07315,0.07333,0.07313,0.0732,4286932.0,15
2026-06-25 19:45:00,0.0732,0.07339,0.07304,0.07339,4965082.0,15
2026-06-25 20:00:00,0.0734,0.07396,0.0734,0.07379,4616034.0,15
2026-06-25 20:15:00,0.07379,0.07406,0.07378,0.07397,4494693.0,15
2026-06-25 20:30:00,0.07397,0.07397,0.07363,0.07367,3890822.0,15
2026-06-25 20:45:00,0.07367,0.07368,0.07345,0.07359,1290883.0,15
2026-06-25 21:00:00,0.07359,0.07397,0.07358,0.07397,1718165.0,15
2026-06-25 21:15:00,0.07396,0.07437,0.07391,0.07431,2199735.0,15
2026-06-25 21:30:00,0.07431,0.07478,0.0743,0.07461,6771842.0,15
2026-06-25 21:45:00,0.07462,0.07493,0.07446,0.07491,3510924.0,15
2026-06-25 22:00:00,0.07491,0.07501,0.07464,0.07473,7285715.0,15
2026-06-25 22:15:00,0.07473,0.0749,0.07468,0.07473,1380224.0,15
2026-06-25 22:30:00,0.07472,0.07481,0.07457,0.07461,1113683.0,15
2026-06-25 22:45:00,0.07461,0.07475,0.07454,0.0747,1980871.0,15
2026-06-25 23:00:00,0.07471,0.07486,0.07462,0.07472,2288550.0,15
2026-06-25 23:15:00,0.07471,0.07517,0.07471,0.0751,2317355.0,15
2026-06-25 23:30:00,0.0751,0.07532,0.07493,0.07497,2832687.0,15
2026-06-25 23:45:00,0.07496,0.07496,0.07485,0.07491,1538019.0,15
2026-06-26 00:00:00,0.0749,0.07508,0.07486,0.07501,7967052.0,15
2026-06-26 00:15:00,0.07502,0.07511,0.07486,0.07499,2282629.0,15
2026-06-26 00:30:00,0.07499,0.07502,0.07486,0.07494,1333988.0,15
2026-06-26 00:45:00,0.07493,0.07495,0.07464,0.07469,2075380.0,15
2026-06-26 01:00:00,0.07469,0.07478,0.0743,0.07439,4796833.0,15
2026-06-26 01:15:00,0.07438,0.07449,0.07393,0.07393,8127500.0,15
2026-06-26 01:30:00,0.07393,0.074,0.07384,0.07393,7383430.0,15
2026-06-26 01:45:00,0.07393,0.07417,0.07391,0.07403,2315161.0,15
2026-06-26 02:00:00,0.07404,0.07408,0.07253,0.07258,17014029.0,15
2026-06-26 02:15:00,0.07258,0.0733,0.0725,0.07324,16767905.0,15
2026-06-26 02:30:00,0.07324,0.07338,0.07295,0.07316,6816723.0,15
2026-06-26 02:45:00,0.07316,0.07316,0.07259,0.07271,6342867.0,15
2026-06-26 03:00:00,0.07272,0.07357,0.07212,0.07352,26921690.0,15
2026-06-26 03:15:00,0.07351,0.07367,0.0731,0.07348,8591076.0,15
2026-06-26 03:30:00,0.07348,0.07387,0.07322,0.07383,9409241.0,15
2026-06-26 03:45:00,0.07382,0.07482,0.0738,0.07468,17889238.0,15
2026-06-26 04:00:00,0.07467,0.07472,0.07445,0.07452,4163614.0,15
2026-06-26 04:15:00,0.07452,0.07483,0.07426,0.07438,5135650.0,15
2026-06-26 04:30:00,0.07438,0.07443,0.07418,0.07429,1930352.0,15
2026-06-26 04:45:00,0.0743,0.07438,0.07414,0.07427,2503601.0,15
2026-06-26 05:00:00,0.07428,0.07434,0.07415,0.07433,3278104.0,15
2026-06-26 05:15:00,0.07433,0.07444,0.07397,0.0743,2206027.0,15
2026-06-26 05:30:00,0.07431,0.07453,0.07427,0.07434,2305566.0,15
2026-06-26 05:45:00,0.07434,0.07448,0.07417,0.07443,2044494.0,15
2026-06-26 06:00:00,0.07442,0.07442,0.07399,0.074,5264211.0,15
2026-06-26 06:15:00,0.07399,0.07479,0.07399,0.07468,6743200.0,15
2026-06-26 06:30:00,0.07469,0.07524,0.07446,0.07513,13976593.0,15
2026-06-26 06:45:00,0.07513,0.07524,0.07453,0.07475,81178339.0,15
2026-06-26 07:00:00,0.07474,0.07511,0.07467,0.07507,11297036.0,15
2026-06-26 07:15:00,0.07507,0.07521,0.07493,0.07508,5836237.0,15
2026-06-26 07:30:00,0.07507,0.07529,0.07503,0.07503,7209307.0,15
2026-06-26 07:45:00,0.07502,0.07514,0.07469,0.0751,15289809.0,15
2026-06-26 08:00:00,0.0751,0.07518,0.07464,0.07469,8451288.0,15
2026-06-26 08:15:00,0.0747,0.07473,0.07452,0.07456,3048673.0,15
2026-06-26 08:30:00,0.07456,0.07456,0.07431,0.07445,3134296.0,15
2026-06-26 08:45:00,0.07445,0.07462,0.07428,0.07444,11673783.0,15
2026-06-26 09:00:00,0.07444,0.07448,0.07426,0.07446,2690938.0,15
2026-06-26 09:15:00,0.07446,0.07447,0.07428,0.07439,3617301.0,15
2026-06-26 09:30:00,0.07439,0.07457,0.07433,0.07444,2439799.0,15
2026-06-26 09:45:00,0.07444,0.07444,0.07392,0.07401,5528945.0,15
2026-06-26 10:00:00,0.07402,0.07415,0.07388,0.07404,2673048.0,15
2026-06-26 10:15:00,0.07404,0.07412,0.07395,0.07396,2370325.0,15
2026-06-26 10:30:00,0.07396,0.07405,0.07364,0.07386,4454056.0,15
2026-06-26 10:45:00,0.07385,0.07388,0.07362,0.07371,2826730.0,15
2026-06-26 11:00:00,0.07372,0.07402,0.07367,0.07386,1484914.0,15
2026-06-26 11:15:00,0.07387,0.07387,0.07352,0.07358,3114480.0,15
2026-06-26 11:30:00,0.07357,0.07381,0.07354,0.07362,1967159.0,15
2026-06-26 11:45:00,0.07361,0.07365,0.07332,0.07346,6006726.0,15
2026-06-26 12:00:00,0.07347,0.07362,0.07341,0.07348,3361731.0,15
2026-06-26 12:15:00,0.07348,0.0739,0.07348,0.0739,2670672.0,15
2026-06-26 12:30:00,0.07389,0.07428,0.07294,0.07315,10097326.0,15
2026-06-26 12:45:00,0.07316,0.07369,0.07305,0.07337,4138359.0,15
2026-06-26 13:00:00,0.07337,0.07381,0.07326,0.07355,6254409.0,15
2026-06-26 13:15:00,0.07354,0.07361,0.07281,0.07332,9552390.0,15
2026-06-26 13:30:00,0.07332,0.07393,0.07323,0.07383,25736263.0,15
2026-06-26 13:45:00,0.07382,0.07476,0.07365,0.07474,17415603.0,15
2026-06-26 14:00:00,0.07474,0.07492,0.07416,0.07439,11360088.0,15
2026-06-26 14:15:00,0.07439,0.07481,0.07423,0.07457,8758284.0,15
2026-06-26 14:30:00,0.07457,0.07472,0.0739,0.07397,14595132.0,15
2026-06-26 14:45:00,0.07397,0.07437,0.07386,0.07397,9272195.0,15
2026-06-26 15:00:00,0.07397,0.07443,0.07386,0.07412,3798892.0,15
2026-06-26 15:15:00,0.07412,0.07481,0.07407,0.0746,7584848.0,15
2026-06-26 15:30:00,0.07461,0.0754,0.07453,0.07521,15150708.0,15
2026-06-26 15:45:00,0.07522,0.07525,0.07457,0.07499,8809750.0,15
2026-06-26 16:00:00,0.075,0.07562,0.075,0.07505,11932180.0,15
2026-06-26 16:15:00,0.07506,0.07517,0.07462,0.07497,10008157.0,15
2026-06-26 16:30:00,0.07496,0.07564,0.07496,0.07534,9579655.0,15
2026-06-26 16:45:00,0.07534,0.07559,0.07528,0.07531,7160608.0,15
2026-06-26 17:00:00,0.0753,0.0757,0.07522,0.07562,3701128.0,15
2026-06-26 17:15:00,0.07562,0.07572,0.07535,0.07563,4258564.0,15
2026-06-26 17:30:00,0.07563,0.07572,0.07532,0.07555,5028089.0,15
2026-06-26 17:45:00,0.07556,0.07575,0.0755,0.07558,1270281.0,15
2026-06-26 18:00:00,0.07559,0.07581,0.07559,0.07563,2603487.0,15
2026-06-26 18:15:00,0.07563,0.0757,0.07518,0.07524,1969819.0,15
2026-06-26 18:30:00,0.07524,0.0754,0.07519,0.07538,2454382.0,15
2026-06-26 18:45:00,0.07537,0.07537,0.07509,0.07519,2146850.0,15
2026-06-26 19:00:00,0.07519,0.07574,0.07505,0.07566,3611585.0,15
2026-06-26 19:15:00,0.07566,0.07612,0.07553,0.07596,7822295.0,15
2026-06-26 19:30:00,0.07596,0.07609,0.07579,0.07591,2735858.0,15
2026-06-26 19:45:00,0.07591,0.07597,0.07548,0.07556,5743775.0,15
2026-06-26 20:00:00,0.07557,0.07614,0.07557,0.07572,13939080.0,15
2026-06-26 20:15:00,0.07572,0.0759,0.07568,0.07585,1295572.0,15
2026-06-26 20:30:00,0.07585,0.07585,0.07533,0.07538,6261602.0,15
2026-06-26 20:45:00,0.07539,0.07553,0.07533,0.07548,1724234.0,15
2026-06-26 21:00:00,0.07549,0.07553,0.07525,0.07544,1870201.0,15
2026-06-26 21:15:00,0.07544,0.07558,0.07533,0.07558,550374.0,15
2026-06-26 21:30:00,0.07558,0.07588,0.07557,0.07583,2014926.0,15
2026-06-26 21:45:00,0.07583,0.07587,0.07546,0.07546,2819924.0,15
2026-06-26 22:00:00,0.07545,0.07551,0.07517,0.07541,2699088.0,15
2026-06-26 22:15:00,0.07542,0.07555,0.07542,0.07547,1240158.0,15
2026-06-26 22:30:00,0.07547,0.07565,0.0754,0.07562,2212815.0,15
2026-06-26 22:45:00,0.07562,0.07574,0.07553,0.0757,629729.0,15
2026-06-26 23:00:00,0.0757,0.07581,0.07567,0.0758,2796851.0,15
2026-06-26 23:15:00,0.07581,0.07581,0.07562,0.07563,3240201.0,15
2026-06-26 23:30:00,0.07564,0.0759,0.07563,0.07587,1386349.0,15
2026-06-26 23:45:00,0.07588,0.07592,0.07575,0.0758,516870.0,15
2026-06-27 00:00:00,0.0758,0.076,0.07578,0.07585,3147840.0,15
2026-06-27 00:15:00,0.07585,0.07589,0.07569,0.0757,1212959.0,15
2026-06-27 00:30:00,0.07569,0.07569,0.07512,0.07529,11197859.0,15
2026-06-27 00:45:00,0.0753,0.07552,0.07525,0.07544,1744805.0,15
2026-06-27 01:00:00,0.07545,0.07546,0.07531,0.07533,2337682.0,15
2026-06-27 01:15:00,0.07534,0.07544,0.07527,0.07543,1207495.0,15
2026-06-27 01:30:00,0.07542,0.0755,0.07533,0.07545,2301731.0,15
2026-06-27 01:45:00,0.07546,0.07549,0.07536,0.07542,670595.0,15
2026-06-27 02:00:00,0.07543,0.07568,0.0754,0.07564,1086554.0,15
2026-06-27 02:15:00,0.07565,0.07605,0.07562,0.0759,5759705.0,15
2026-06-27 02:30:00,0.0759,0.07602,0.07578,0.07599,2856232.0,15
2026-06-27 02:45:00,0.07599,0.07607,0.0759,0.07592,2225543.0,15
2026-06-27 03:00:00,0.07591,0.07598,0.07561,0.07563,3585296.0,15
2026-06-27 03:15:00,0.07563,0.07591,0.07563,0.0758,1758061.0,15
2026-06-27 03:30:00,0.07579,0.07586,0.07572,0.07576,2376213.0,15
2026-06-27 03:45:00,0.07576,0.07577,0.07562,0.07567,2103833.0,15
2026-06-27 04:00:00,0.07567,0.07593,0.07567,0.0759,3832705.0,15
2026-06-27 04:15:00,0.0759,0.07601,0.07583,0.07584,1639665.0,15
2026-06-27 04:30:00,0.07584,0.07587,0.07577,0.07579,695747.0,15
2026-06-27 04:45:00,0.07579,0.07585,0.07558,0.07563,2343511.0,15
2026-06-27 05:00:00,0.07563,0.07565,0.07549,0.07563,2524636.0,15
2026-06-27 05:15:00,0.07562,0.07562,0.07541,0.07543,1878847.0,15
2026-06-27 05:30:00,0.07543,0.07561,0.07541,0.07558,2580096.0,15
2026-06-27 05:45:00,0.07558,0.07579,0.07558,0.07576,1568144.0,15
2026-06-27 06:00:00,0.07576,0.07576,0.07546,0.07552,1595211.0,15
2026-06-27 06:15:00,0.07551,0.0757,0.07549,0.07566,3153890.0,15
2026-06-27 06:30:00,0.07566,0.07587,0.07565,0.07579,4658594.0,15
2026-06-27 06:45:00,0.0758,0.07587,0.07567,0.07571,1891591.0,15
2026-06-27 07:00:00,0.07572,0.07576,0.07559,0.07561,1951204.0,15
2026-06-27 07:15:00,0.07562,0.07583,0.07558,0.07576,2237851.0,15
2026-06-27 07:30:00,0.07576,0.0758,0.07572,0.07578,1090003.0,15
2026-06-27 07:45:00,0.07579,0.07588,0.07577,0.07582,2225522.0,15
2026-06-27 08:00:00,0.07582,0.07583,0.07569,0.07571,3163992.0,15
2026-06-27 08:15:00,0.07572,0.07575,0.07562,0.07563,1960439.0,15
2026-06-27 08:30:00,0.07562,0.07566,0.07549,0.07552,1803850.0,15
2026-06-27 08:45:00,0.07552,0.07559,0.07542,0.07557,2790690.0,15
2026-06-27 09:00:00,0.07556,0.07567,0.07535,0.07536,3847957.0,15
2026-06-27 09:15:00,0.07536,0.07543,0.0753,0.07537,1802744.0,15
2026-06-27 09:30:00,0.07538,0.07541,0.07529,0.07531,3330396.0,15
2026-06-27 09:45:00,0.07532,0.07543,0.07531,0.07541,976178.0,15
2026-06-27 10:00:00,0.0754,0.07545,0.07531,0.07543,1230072.0,15
2026-06-27 10:15:00,0.07544,0.07544,0.07532,0.07539,2129041.0,15
2026-06-27 10:30:00,0.07538,0.07545,0.07532,0.07537,6151815.0,15
2026-06-27 10:45:00,0.07537,0.07539,0.07526,0.07537,2357744.0,15
2026-06-27 11:00:00,0.07536,0.07538,0.07519,0.07525,2222877.0,15
2026-06-27 11:15:00,0.07526,0.07526,0.07496,0.07506,5556392.0,15
2026-06-27 11:30:00,0.07507,0.07522,0.07506,0.07516,2637112.0,15
2026-06-27 11:45:00,0.07516,0.07535,0.07515,0.07534,3906602.0,15
2026-06-27 12:00:00,0.07533,0.0754,0.07526,0.07534,2883322.0,15
2026-06-27 12:15:00,0.07534,0.0755,0.07533,0.07542,2463308.0,15
2026-06-27 12:30:00,0.07542,0.07557,0.07538,0.07555,1501083.0,15
2026-06-27 12:45:00,0.07556,0.07565,0.07551,0.07558,2367881.0,15
2026-06-27 13:00:00,0.07559,0.07564,0.07548,0.07561,2466419.0,15
2026-06-27 13:15:00,0.0756,0.07577,0.07555,0.07572,2697944.0,15
2026-06-27 13:30:00,0.07571,0.07595,0.07566,0.07589,4057059.0,15
2026-06-27 13:45:00,0.07589,0.0759,0.07575,0.07581,2239693.0,15
2026-06-27 14:00:00,0.07582,0.07603,0.07572,0.07597,8026357.0,15
2026-06-27 14:15:00,0.07597,0.07598,0.07586,0.07591,3572704.0,15
2026-06-27 14:30:00,0.0759,0.07596,0.07579,0.07594,3582809.0,15
2026-06-27 14:45:00,0.07593,0.07608,0.0759,0.07598,4890291.0,15
2026-06-27 15:00:00,0.07599,0.07644,0.07588,0.07631,11080048.0,15
2026-06-27 15:15:00,0.07632,0.07635,0.0761,0.07623,1399472.0,15
2026-06-27 15:30:00,0.07624,0.07644,0.07614,0.07629,3467469.0,15
2026-06-27 15:45:00,0.07629,0.07629,0.07613,0.07625,2135373.0,15
2026-06-27 16:00:00,0.07625,0.07636,0.07614,0.07614,4357567.0,15
2026-06-27 16:15:00,0.07614,0.07614,0.07595,0.07608,5080117.0,15
2026-06-27 16:30:00,0.07609,0.07631,0.07609,0.07626,2399234.0,15
2026-06-27 16:45:00,0.07626,0.07634,0.07619,0.07625,2446888.0,15
2026-06-27 17:00:00,0.07624,0.07628,0.0756,0.07584,7449401.0,15
2026-06-27 17:15:00,0.07585,0.07591,0.0757,0.07582,1740664.0,15
2026-06-27 17:30:00,0.07583,0.07598,0.0757,0.07584,2296851.0,15
2026-06-27 17:45:00,0.07583,0.07584,0.07564,0.07567,1377998.0,15
2026-06-27 18:00:00,0.07567,0.0757,0.0753,0.07538,3179879.0,15
2026-06-27 18:15:00,0.07539,0.07547,0.07522,0.07535,5045623.0,15
2026-06-27 18:30:00,0.07536,0.07548,0.07535,0.07538,1877941.0,15
2026-06-27 18:45:00,0.07538,0.0754,0.0753,0.07536,1673063.0,15
2026-06-27 19:00:00,0.07536,0.07545,0.07534,0.07535,386341.0,15
2026-06-27 19:15:00,0.07536,0.07536,0.07481,0.07494,7933873.0,15
2026-06-27 19:30:00,0.07494,0.07494,0.0745,0.0747,6979425.0,15
2026-06-27 19:45:00,0.0747,0.07481,0.07464,0.07476,1122115.0,15
2026-06-27 20:00:00,0.07477,0.07492,0.07477,0.0749,1331248.0,15
2026-06-27 20:15:00,0.07489,0.07495,0.07484,0.07488,677272.0,15
2026-06-27 20:30:00,0.07489,0.07491,0.07474,0.07477,1340135.0,15
2026-06-27 20:45:00,0.07476,0.07483,0.0747,0.07478,1283003.0,15
2026-06-27 21:00:00,0.07478,0.075,0.07476,0.07492,2075886.0,15
2026-06-27 21:15:00,0.07493,0.075,0.07483,0.07499,3284072.0,15
2026-06-27 21:30:00,0.075,0.075,0.0745,0.07459,3927699.0,15
2026-06-27 21:45:00,0.07459,0.0747,0.0744,0.07458,3107922.0,15
2026-06-27 22:00:00,0.07458,0.0746,0.07443,0.07449,4386273.0,15
2026-06-27 22:15:00,0.07449,0.0746,0.07408,0.07457,4206222.0,15
2026-06-27 22:30:00,0.07456,0.0748,0.07455,0.07469,2609715.0,15
2026-06-27 22:45:00,0.07469,0.07486,0.07466,0.07483,617626.0,15
2026-06-27 23:00:00,0.07483,0.07489,0.07461,0.07462,3383296.0,15
2026-06-27 23:15:00,0.07461,0.07464,0.07442,0.07448,2724589.0,15
2026-06-27 23:30:00,0.07448,0.07462,0.07445,0.07459,1009305.0,15
2026-06-27 23:45:00,0.07458,0.07461,0.07449,0.0745,1486308.0,15
2026-06-28 00:00:00,0.0745,0.07466,0.07447,0.07459,1925408.0,15
2026-06-28 00:15:00,0.0746,0.0747,0.07458,0.07468,737112.0,15
2026-06-28 00:30:00,0.07469,0.0747,0.07456,0.07466,859264.0,15
2026-06-28 00:45:00,0.07466,0.07469,0.07456,0.0746,708167.0,15
2026-06-28 01:00:00,0.0746,0.0746,0.07437,0.07446,1373750.0,15
2026-06-28 01:15:00,0.07447,0.07461,0.07444,0.07456,1104083.0,15
2026-06-28 01:30:00,0.07456,0.07467,0.07453,0.07455,8587984.0,15
2026-06-28 01:45:00,0.07455,0.07458,0.07447,0.07447,3617784.0,15
2026-06-28 02:00:00,0.07448,0.0746,0.07443,0.07458,22423732.0,15
2026-06-28 02:15:00,0.07458,0.07463,0.0742,0.07422,29407239.0,15
2026-06-28 02:30:00,0.07422,0.07426,0.07408,0.07412,4801239.0,15
2026-06-28 02:45:00,0.07413,0.07424,0.0741,0.07415,2999506.0,15
2026-06-28 03:00:00,0.07415,0.07447,0.07415,0.07443,3116610.0,15
2026-06-28 03:15:00,0.07443,0.07443,0.07428,0.07434,2164898.0,15
2026-06-28 03:30:00,0.07435,0.07437,0.07411,0.07416,2356233.0,15
2026-06-28 03:45:00,0.07415,0.0743,0.07414,0.07429,1131458.0,15
2026-06-28 04:00:00,0.07428,0.07428,0.07412,0.07417,1717821.0,15
2026-06-28 04:15:00,0.07417,0.07425,0.0741,0.0742,1633928.0,15
2026-06-28 04:30:00,0.0742,0.0742,0.07397,0.07411,5705901.0,15
2026-06-28 04:45:00,0.07411,0.07423,0.07401,0.07402,1118892.0,15
2026-06-28 05:00:00,0.07402,0.07404,0.07377,0.07381,4078747.0,15
2026-06-28 05:15:00,0.07381,0.0739,0.0735,0.07363,4683233.0,15
2026-06-28 05:30:00,0.07362,0.07378,0.07355,0.07375,2381100.0,15
2026-06-28 05:45:00,0.07376,0.07392,0.07375,0.07386,758968.0,15
2026-06-28 06:00:00,0.07387,0.0739,0.07329,0.07332,4290173.0,15
2026-06-28 06:15:00,0.07333,0.07356,0.07323,0.07346,5742430.0,15
2026-06-28 06:30:00,0.07345,0.07356,0.07345,0.07348,1428253.0,15
2026-06-28 06:45:00,0.07347,0.07358,0.0734,0.07349,1214748.0,15
2026-06-28 07:00:00,0.07348,0.07376,0.07348,0.07365,3573538.0,15
2026-06-28 07:15:00,0.07366,0.07367,0.07347,0.07349,1293239.0,15
2026-06-28 07:30:00,0.07349,0.07376,0.07344,0.07366,3560142.0,15
2026-06-28 07:45:00,0.07366,0.07379,0.07361,0.07379,1746432.0,15
2026-06-28 08:00:00,0.07378,0.07387,0.07369,0.0737,1860281.0,15
2026-06-28 08:15:00,0.0737,0.07378,0.07367,0.07369,944616.0,15
2026-06-28 08:30:00,0.07369,0.07429,0.07367,0.07419,7542325.0,15
2026-06-28 08:45:00,0.07418,0.07427,0.07404,0.07408,4041838.0,15
2026-06-28 09:00:00,0.07408,0.07428,0.07396,0.07413,3695979.0,15
2026-06-28 09:15:00,0.07414,0.07416,0.07403,0.07405,2000886.0,15
2026-06-28 09:30:00,0.07405,0.07412,0.07401,0.07409,2796532.0,15
2026-06-28 09:45:00,0.07408,0.07412,0.07353,0.07356,7468723.0,15
2026-06-28 10:00:00,0.07357,0.0737,0.07345,0.07367,5642107.0,15
2026-06-28 10:15:00,0.07366,0.07375,0.07331,0.07337,4824586.0,15
2026-06-28 10:30:00,0.07336,0.07352,0.07331,0.07348,3068294.0,15
2026-06-28 10:45:00,0.07348,0.0735,0.07343,0.07349,2226783.0,15
2026-06-28 11:00:00,0.0735,0.07365,0.07335,0.07339,4058137.0,15
2026-06-28 11:15:00,0.0734,0.07375,0.07337,0.07364,2892872.0,15
2026-06-28 11:30:00,0.07364,0.07373,0.07349,0.07373,1314216.0,15
2026-06-28 11:45:00,0.07373,0.0739,0.07367,0.07385,1204905.0,15
2026-06-28 12:00:00,0.07385,0.07385,0.07359,0.07365,1964142.0,15
2026-06-28 12:15:00,0.07365,0.07384,0.07345,0.07384,2780770.0,15
2026-06-28 12:30:00,0.07384,0.07405,0.07359,0.07365,2212518.0,15
2026-06-28 12:45:00,0.07366,0.07382,0.07364,0.07379,505245.0,15
2026-06-28 13:00:00,0.07378,0.07379,0.0734,0.07364,2243527.0,15
2026-06-28 13:15:00,0.07365,0.07369,0.07355,0.07358,1058264.0,15
2026-06-28 13:30:00,0.07358,0.07372,0.07354,0.07369,3767315.0,15
2026-06-28 13:45:00,0.0737,0.07372,0.07348,0.07354,889948.0,15
2026-06-28 14:00:00,0.07353,0.0738,0.07353,0.07375,1402341.0,15
2026-06-28 14:15:00,0.07376,0.07401,0.07371,0.0738,3057116.0,15
2026-06-28 14:30:00,0.0738,0.0739,0.07375,0.0738,3641570.0,15
2026-06-28 14:45:00,0.07379,0.0739,0.07366,0.07366,1915859.0,15
2026-06-28 15:00:00,0.07366,0.07384,0.07347,0.07378,6076995.0,15
2026-06-28 15:15:00,0.07377,0.0739,0.07365,0.07378,3505833.0,15
2026-06-28 15:30:00,0.07377,0.07387,0.07353,0.0737,3912584.0,15
2026-06-28 15:45:00,0.0737,0.0737,0.07339,0.07358,3566703.0,15
2026-06-28 16:00:00,0.07359,0.07363,0.07342,0.07346,4312166.0,15
2026-06-28 16:15:00,0.07346,0.07353,0.07315,0.0733,3926399.0,15
2026-06-28 16:30:00,0.07331,0.07333,0.07295,0.07306,14329080.0,15
2026-06-28 16:45:00,0.07307,0.07323,0.07301,0.07317,1828980.0,15
2026-06-28 17:00:00,0.07317,0.07344,0.07297,0.07307,4274192.0,15
2026-06-28 17:15:00,0.07307,0.07311,0.07288,0.07291,2657260.0,15
2026-06-28 17:30:00,0.07291,0.07308,0.07273,0.07302,5820685.0,15
2026-06-28 17:45:00,0.07302,0.07323,0.073,0.07321,1036394.0,15
2026-06-28 18:00:00,0.0732,0.07332,0.07314,0.07315,1637045.0,15
2026-06-28 18:15:00,0.07315,0.07325,0.07305,0.07309,1325263.0,15
2026-06-28 18:30:00,0.07308,0.07316,0.07297,0.07309,973604.0,15
2026-06-28 18:45:00,0.07308,0.07328,0.07306,0.07327,884660.0,15
2026-06-28 19:00:00,0.07327,0.07328,0.07303,0.07312,820579.0,15
2026-06-28 19:15:00,0.07313,0.0732,0.07304,0.07319,913424.0,15
2026-06-28 19:30:00,0.07319,0.07336,0.07298,0.07299,1037064.0,15
2026-06-28 19:45:00,0.07299,0.07299,0.07263,0.07294,3790897.0,15
2026-06-28 20:00:00,0.07293,0.07329,0.0729,0.07326,1178269.0,15
2026-06-28 20:15:00,0.07326,0.07345,0.07323,0.07334,984372.0,15
2026-06-28 20:30:00,0.07334,0.07335,0.07323,0.07324,657154.0,15
2026-06-28 20:45:00,0.07324,0.07333,0.0732,0.07322,874030.0,15
2026-06-28 21:00:00,0.07322,0.07326,0.07311,0.07321,1733123.0,15
2026-06-28 21:15:00,0.07321,0.07321,0.07306,0.0731,1464031.0,15
2026-06-28 21:30:00,0.0731,0.0732,0.07298,0.07303,3832444.0,15
2026-06-28 21:45:00,0.07303,0.07304,0.0725,0.07278,3691610.0,15
2026-06-28 22:00:00,0.07279,0.07375,0.07279,0.07322,9462442.0,15
2026-06-28 22:15:00,0.07321,0.07329,0.07272,0.07302,4034599.0,15
2026-06-28 22:30:00,0.07302,0.07314,0.07275,0.07277,2688195.0,15
2026-06-28 22:45:00,0.07277,0.07287,0.07216,0.07246,10274369.0,15
2026-06-28 23:00:00,0.07245,0.0729,0.07239,0.0727,3584383.0,15
2026-06-28 23:15:00,0.0727,0.07308,0.07265,0.07298,1763051.0,15
2026-06-28 23:30:00,0.07298,0.0734,0.07297,0.07324,4030833.0,15
2026-06-28 23:45:00,0.07323,0.07337,0.07316,0.0732,2310450.0,15
2026-06-29 00:00:00,0.0732,0.07325,0.07278,0.07312,3178019.0,15
2026-06-29 00:15:00,0.07311,0.07315,0.07254,0.07254,2359687.0,15
2026-06-29 00:30:00,0.07253,0.07296,0.07218,0.07293,7280350.0,15
2026-06-29 00:45:00,0.07292,0.07338,0.07258,0.07332,3719820.0,15
2026-06-29 01:00:00,0.07333,0.07337,0.07281,0.07288,3172942.0,15
2026-06-29 01:15:00,0.07288,0.07291,0.07257,0.07264,4218260.0,15
2026-06-29 01:30:00,0.07264,0.07305,0.07255,0.07296,3434043.0,15
2026-06-29 01:45:00,0.07296,0.0731,0.07279,0.07282,2904518.0,15
2026-06-29 02:00:00,0.07281,0.07293,0.07196,0.07222,8319725.0,15
2026-06-29 02:15:00,0.07222,0.07311,0.07221,0.07303,6998763.0,15
2026-06-29 02:30:00,0.07302,0.07311,0.07287,0.07308,12941879.0,15
2026-06-29 02:45:00,0.07307,0.07319,0.07296,0.07312,14014034.0,15
2026-06-29 03:00:00,0.07312,0.07361,0.07311,0.07339,7995961.0,15
2026-06-29 03:15:00,0.07339,0.07363,0.0733,0.07358,2102917.0,15
2026-06-29 03:30:00,0.07358,0.07365,0.0731,0.07313,2347368.0,15
2026-06-29 03:45:00,0.07313,0.0733,0.07306,0.07329,1803536.0,15
2026-06-29 04:00:00,0.0733,0.07332,0.07296,0.073,2089714.0,15
2026-06-29 04:15:00,0.073,0.07302,0.07278,0.07292,1563303.0,15
2026-06-29 04:30:00,0.07292,0.07293,0.07245,0.07251,2906007.0,15
2026-06-29 04:45:00,0.07251,0.07268,0.07232,0.07255,3799428.0,15
2026-06-29 05:00:00,0.07256,0.07262,0.07207,0.07233,5932903.0,15
2026-06-29 05:15:00,0.07233,0.0726,0.07232,0.07252,2769367.0,15
2026-06-29 05:30:00,0.07253,0.07282,0.07246,0.07276,3008699.0,15
2026-06-29 05:45:00,0.07276,0.0731,0.07273,0.0731,3832826.0,15
2026-06-29 06:00:00,0.07311,0.0733,0.07303,0.07327,1991930.0,15
2026-06-29 06:15:00,0.07327,0.07349,0.07325,0.07333,2491427.0,15
2026-06-29 06:30:00,0.07334,0.0734,0.07301,0.07302,3337382.0,15
2026-06-29 06:45:00,0.07303,0.07321,0.07301,0.07319,1392438.0,15
2026-06-29 07:00:00,0.07319,0.0732,0.07294,0.07313,1343060.0,15
2026-06-29 07:15:00,0.07314,0.07332,0.07308,0.0732,3383984.0,15
2026-06-29 07:30:00,0.0732,0.07322,0.07289,0.07291,12274211.0,15
2026-06-29 07:45:00,0.0729,0.07307,0.07277,0.07278,4105009.0,15
2026-06-29 08:00:00,0.07278,0.07293,0.07266,0.07275,2976756.0,15
2026-06-29 08:15:00,0.07275,0.07283,0.07233,0.07237,9029665.0,15
2026-06-29 08:30:00,0.07236,0.07262,0.07222,0.07255,9164683.0,15
2026-06-29 08:45:00,0.07254,0.07272,0.07247,0.07254,1821412.0,15
2026-06-29 09:00:00,0.07253,0.07273,0.07252,0.07273,2371225.0,15
2026-06-29 09:15:00,0.07272,0.07298,0.07253,0.0728,5241600.0,15
2026-06-29 09:30:00,0.0728,0.07288,0.07269,0.07284,2046225.0,15
2026-06-29 09:45:00,0.07284,0.07295,0.07264,0.07279,4567740.0,15
2026-06-29 10:00:00,0.0728,0.07323,0.0728,0.07313,6038371.0,15
2026-06-29 10:15:00,0.07313,0.07313,0.073,0.07304,1914320.0,15
2026-06-29 10:30:00,0.07304,0.07304,0.07281,0.07293,1052542.0,15
2026-06-29 10:45:00,0.07292,0.07297,0.07284,0.07292,2112092.0,15
2026-06-29 11:00:00,0.07293,0.07299,0.07262,0.07263,2057467.0,15
2026-06-29 11:15:00,0.07263,0.07275,0.07248,0.07275,4062184.0,15
2026-06-29 11:30:00,0.07274,0.07315,0.07268,0.07276,5396140.0,15
2026-06-29 11:45:00,0.07275,0.07287,0.07272,0.07284,2570733.0,15
2026-06-29 12:00:00,0.07284,0.07387,0.07246,0.07375,21062363.0,15
2026-06-29 12:15:00,0.07375,0.0739,0.07356,0.07373,11484878.0,15
2026-06-29 12:30:00,0.07373,0.07375,0.07297,0.07309,10954742.0,15
2026-06-29 12:45:00,0.0731,0.07317,0.07275,0.07298,4069346.0,15
2026-06-29 13:00:00,0.07298,0.07352,0.07298,0.07335,3409589.0,15
2026-06-29 13:15:00,0.07335,0.07338,0.07279,0.07279,3745253.0,15
2026-06-29 13:30:00,0.07278,0.0733,0.07235,0.07247,12777358.0,15
2026-06-29 13:45:00,0.07246,0.07276,0.07225,0.07274,6844850.0,15
2026-06-29 14:00:00,0.07275,0.07282,0.07218,0.07223,6389122.0,15
2026-06-29 14:15:00,0.07223,0.07266,0.07203,0.07257,11411048.0,15
2026-06-29 14:30:00,0.07256,0.07294,0.07232,0.07236,3217728.0,15
2026-06-29 14:45:00,0.07235,0.07269,0.07216,0.0726,3432901.0,15
2026-06-29 15:00:00,0.07261,0.07262,0.072,0.07216,3339977.0,15
2026-06-29 15:15:00,0.07216,0.07261,0.07212,0.0726,1846478.0,15
2026-06-29 15:30:00,0.07261,0.07299,0.07261,0.0729,7116766.0,15
2026-06-29 15:45:00,0.0729,0.07296,0.07277,0.07283,4864962.0,15
2026-06-29 16:00:00,0.07283,0.07299,0.07269,0.07273,2148484.0,15
2026-06-29 16:15:00,0.07273,0.07279,0.07213,0.07222,7323147.0,15
2026-06-29 16:30:00,0.07221,0.07265,0.0722,0.07265,9376936.0,15
2026-06-29 16:45:00,0.07264,0.07295,0.07256,0.07281,2397849.0,15
2026-06-29 17:00:00,0.07281,0.07388,0.07279,0.07382,12127584.0,15
2026-06-29 17:15:00,0.07382,0.07413,0.07373,0.07403,9093047.0,15
2026-06-29 17:30:00,0.07403,0.07429,0.07375,0.0741,8638873.0,15
2026-06-29 17:45:00,0.0741,0.07416,0.07389,0.07391,4015099.0,15
2026-06-29 18:00:00,0.07391,0.07409,0.07378,0.07408,3080148.0,15
2026-06-29 18:15:00,0.07407,0.07409,0.07376,0.07377,4440907.0,15
2026-06-29 18:30:00,0.07377,0.07397,0.07372,0.0739,4219461.0,15
2026-06-29 18:45:00,0.07389,0.07391,0.07374,0.07386,1809782.0,15
2026-06-29 19:00:00,0.07387,0.07389,0.07375,0.07376,2960854.0,15
2026-06-29 19:15:00,0.07375,0.0741,0.07371,0.07406,6070695.0,15
2026-06-29 19:30:00,0.07405,0.07413,0.07386,0.07402,3232569.0,15
2026-06-29 19:45:00,0.07402,0.07405,0.07386,0.07391,4359348.0,15
2026-06-29 20:00:00,0.07391,0.07395,0.07382,0.07385,5327967.0,15
2026-06-29 20:15:00,0.07384,0.07395,0.0738,0.07386,1176093.0,15
2026-06-29 20:30:00,0.07385,0.07394,0.0738,0.07386,1947254.0,15
2026-06-29 20:45:00,0.07386,0.07391,0.0737,0.07372,4079471.0,15
2026-06-29 21:00:00,0.07372,0.07397,0.07361,0.07392,3969104.0,15
2026-06-29 21:15:00,0.07391,0.07394,0.07382,0.07393,623710.0,15
2026-06-29 21:30:00,0.07394,0.07413,0.07394,0.07409,3106020.0,15
2026-06-29 21:45:00,0.0741,0.07414,0.07393,0.07396,972022.0,15
2026-06-29 22:00:00,0.07397,0.07404,0.07379,0.07387,4025594.0,15
2026-06-29 22:15:00,0.07388,0.07392,0.07371,0.07373,2107661.0,15
2026-06-29 22:30:00,0.07372,0.07375,0.07354,0.07362,1356915.0,15
2026-06-29 22:45:00,0.07362,0.07364,0.07345,0.07345,3163165.0,15
2026-06-29 23:00:00,0.07346,0.07352,0.07343,0.07348,970350.0,15
2026-06-29 23:15:00,0.07349,0.07349,0.07323,0.07331,1234420.0,15
2026-06-29 23:30:00,0.07331,0.07338,0.07324,0.07335,790073.0,15
2026-06-29 23:45:00,0.07334,0.07348,0.0733,0.07344,1795126.0,15
2026-06-30 00:00:00,0.07344,0.07356,0.07337,0.07351,3342657.0,15
2026-06-30 00:15:00,0.07351,0.07358,0.073,0.07305,2878017.0,15
2026-06-30 00:30:00,0.07305,0.07305,0.07253,0.07263,9186156.0,15
2026-06-30 00:45:00,0.07263,0.07276,0.07251,0.07253,4302805.0,15
2026-06-30 01:00:00,0.07254,0.07263,0.07227,0.07238,7372242.0,15
2026-06-30 01:15:00,0.07238,0.07278,0.07236,0.07275,3071602.0,15
2026-06-30 01:30:00,0.07276,0.07277,0.07241,0.07249,4699929.0,15
2026-06-30 01:45:00,0.0725,0.07256,0.07241,0.07254,8119694.0,15
2026-06-30 02:00:00,0.07255,0.07256,0.07232,0.07237,3136475.0,15
2026-06-30 02:15:00,0.07237,0.07264,0.07229,0.07258,2012295.0,15
2026-06-30 02:30:00,0.07258,0.0726,0.07245,0.07258,3460193.0,15
2026-06-30 02:45:00,0.07258,0.07273,0.07258,0.07264,2200139.0,15
2026-06-30 03:00:00,0.07263,0.07278,0.07262,0.07269,1545546.0,15
2026-06-30 03:15:00,0.07269,0.0728,0.07259,0.07266,1611691.0,15
2026-06-30 03:30:00,0.07266,0.07268,0.07246,0.07252,3869648.0,15
2026-06-30 03:45:00,0.07253,0.07255,0.07237,0.07244,7866635.0,15
2026-06-30 04:00:00,0.07244,0.0725,0.07215,0.0724,5327270.0,15
2026-06-30 04:15:00,0.07239,0.07241,0.07213,0.07238,3689844.0,15
2026-06-30 04:30:00,0.07238,0.07259,0.07237,0.07258,2087808.0,15
2026-06-30 04:45:00,0.07258,0.07258,0.07243,0.07245,1908472.0,15
2026-06-30 05:00:00,0.07245,0.07245,0.07231,0.07239,2508529.0,15
2026-06-30 05:15:00,0.07238,0.07244,0.0722,0.07223,11015460.0,15
2026-06-30 05:30:00,0.07223,0.07236,0.07208,0.0723,9702159.0,15
2026-06-30 05:45:00,0.0723,0.07246,0.07229,0.07244,1741487.0,15
2026-06-30 06:00:00,0.07245,0.07247,0.07235,0.07242,999191.0,15
2026-06-30 06:15:00,0.07242,0.07258,0.07229,0.07255,2706116.0,15
2026-06-30 06:30:00,0.07255,0.07259,0.07244,0.07246,1125669.0,15
2026-06-30 06:45:00,0.07245,0.0725,0.07241,0.07247,853481.0,15
2026-06-30 07:00:00,0.07247,0.07261,0.07235,0.07243,3008028.0,15
2026-06-30 07:15:00,0.07243,0.07248,0.07233,0.07236,2285350.0,15
2026-06-30 07:30:00,0.07236,0.07244,0.07233,0.07234,2349393.0,15
2026-06-30 07:45:00,0.07233,0.07244,0.0723,0.0724,1671827.0,15
2026-06-30 08:00:00,0.0724,0.07246,0.07229,0.0723,2901873.0,15
2026-06-30 08:15:00,0.0723,0.07235,0.07225,0.07233,2306196.0,15
2026-06-30 08:30:00,0.07233,0.07235,0.072,0.0722,9154960.0,15
2026-06-30 08:45:00,0.0722,0.07248,0.07204,0.07236,10712604.0,15
2026-06-30 09:00:00,0.07236,0.07247,0.07233,0.0724,2569378.0,15
2026-06-30 09:15:00,0.07241,0.07241,0.07224,0.07231,7624906.0,15
2026-06-30 09:30:00,0.0723,0.07247,0.07223,0.07239,1589305.0,15
2026-06-30 09:45:00,0.0724,0.07258,0.07239,0.07257,2704269.0,15
2026-06-30 10:00:00,0.07256,0.07264,0.07239,0.07248,9970795.0,15
2026-06-30 10:15:00,0.07249,0.07257,0.07225,0.07238,34502994.0,15
2026-06-30 10:30:00,0.07239,0.07252,0.07231,0.07251,2722211.0,15
2026-06-30 10:45:00,0.07251,0.07261,0.07246,0.0725,4301174.0,15
2026-06-30 11:00:00,0.07249,0.07256,0.07243,0.0725,3984481.0,15
2026-06-30 11:15:00,0.07251,0.07253,0.07212,0.07215,1681477.0,15
2026-06-30 11:30:00,0.07215,0.07225,0.07202,0.07223,3043878.0,15
2026-06-30 11:45:00,0.07224,0.07233,0.071,0.07143,46555820.0,15
2026-06-30 12:00:00,0.07143,0.07143,0.07036,0.07051,38251367.0,15
2026-06-30 12:15:00,0.07051,0.07072,0.07007,0.07027,47782774.0,15
2026-06-30 12:30:00,0.07026,0.07035,0.06952,0.06993,50987152.0,15
2026-06-30 12:45:00,0.06992,0.06998,0.06961,0.06966,31671855.0,15
2026-06-30 13:00:00,0.06967,0.07038,0.06967,0.07024,15839261.0,15
2026-06-30 13:15:00,0.07025,0.07044,0.07015,0.07027,6641953.0,15
2026-06-30 13:30:00,0.07027,0.07063,0.07,0.07046,23300491.0,15
2026-06-30 13:45:00,0.07046,0.07086,0.07031,0.07077,8129646.0,15
2026-06-30 14:00:00,0.07076,0.07131,0.07065,0.07108,25795425.0,15
2026-06-30 14:15:00,0.07109,0.07113,0.07088,0.07101,9343315.0,15
2026-06-30 14:30:00,0.07101,0.0711,0.07055,0.07077,7245110.0,15
2026-06-30 14:45:00,0.07077,0.07077,0.07021,0.07035,6096270.0,15
2026-06-30 15:00:00,0.07035,0.07055,0.0702,0.0705,4814406.0,15
2026-06-30 15:15:00,0.0705,0.07078,0.07024,0.07064,14566706.0,15
2026-06-30 15:30:00,0.07064,0.07078,0.07063,0.07068,3318767.0,15
2026-06-30 15:45:00,0.07067,0.0711,0.07067,0.07072,15300885.0,15
2026-06-30 16:00:00,0.07073,0.0713,0.07071,0.07102,6921151.0,15
2026-06-30 16:15:00,0.07102,0.07112,0.07076,0.07081,4986375.0,15
2026-06-30 16:30:00,0.07081,0.07105,0.07058,0.07087,13815730.0,15
2026-06-30 16:45:00,0.07087,0.07155,0.07087,0.0714,12323001.0,15
2026-06-30 17:00:00,0.07141,0.07165,0.07129,0.07132,5403378.0,15
2026-06-30 17:15:00,0.07133,0.07151,0.07126,0.07127,2012075.0,15
2026-06-30 17:30:00,0.07127,0.07143,0.07114,0.07131,2120738.0,15
2026-06-30 17:45:00,0.0713,0.07147,0.07126,0.07134,3287119.0,15
2026-06-30 18:00:00,0.07135,0.07155,0.07126,0.07152,1961683.0,15
2026-06-30 18:15:00,0.07153,0.0729,0.07148,0.07217,45885921.0,15
2026-06-30 18:30:00,0.07217,0.07222,0.07185,0.07211,8255270.0,15
2026-06-30 18:45:00,0.07212,0.07248,0.07212,0.07239,3583047.0,15
2026-06-30 19:00:00,0.07239,0.07255,0.07224,0.07233,3247659.0,15
2026-06-30 19:15:00,0.07232,0.07236,0.07213,0.07224,1053673.0,15
2026-06-30 19:30:00,0.07224,0.07253,0.07221,0.07238,1612757.0,15
2026-06-30 19:45:00,0.07238,0.07239,0.07221,0.0723,2694790.0,15
2026-06-30 20:00:00,0.07229,0.07239,0.07219,0.07226,1171262.0,15
2026-06-30 20:15:00,0.07226,0.07226,0.07191,0.07212,1807119.0,15
2026-06-30 20:30:00,0.07212,0.07212,0.07196,0.07196,3274105.0,15
2026-06-30 20:45:00,0.07196,0.07221,0.07196,0.07205,1204790.0,15
2026-06-30 21:00:00,0.07206,0.07219,0.07192,0.07204,5219036.0,15
2026-06-30 21:15:00,0.07203,0.07223,0.07199,0.07211,1874648.0,15
2026-06-30 21:30:00,0.0721,0.07226,0.07203,0.07204,1503641.0,15
2026-06-30 21:45:00,0.07204,0.07218,0.07197,0.07217,2074955.0,15
2026-06-30 22:00:00,0.07218,0.07234,0.072,0.07212,2326511.0,15
2026-06-30 22:15:00,0.07212,0.07227,0.07205,0.07205,873948.0,15
2026-06-30 22:30:00,0.07204,0.07204,0.07181,0.07197,1625315.0,15
2026-06-30 22:45:00,0.07197,0.07203,0.07189,0.07197,1606622.0,15
2026-06-30 23:00:00,0.07198,0.072,0.07185,0.07189,1606222.0,15
2026-06-30 23:15:00,0.07188,0.07195,0.07184,0.07188,1761296.0,15
2026-06-30 23:30:00,0.07188,0.072,0.07186,0.07199,878787.0,15
2026-06-30 23:45:00,0.07199,0.07216,0.07199,0.07208,997352.0,15
2026-07-01 00:00:00,0.07208,0.0722,0.07198,0.07206,2998563.0,15
2026-07-01 00:15:00,0.07207,0.07214,0.07172,0.07186,5393920.0,15
2026-07-01 00:30:00,0.07187,0.0721,0.07162,0.07173,8644324.0,15
2026-07-01 00:45:00,0.07172,0.07192,0.07169,0.07181,4402217.0,15
2026-07-01 01:00:00,0.07181,0.07182,0.0705,0.07105,14462265.0,15
2026-07-01 01:15:00,0.07106,0.0714,0.0709,0.07132,5441164.0,15
2026-07-01 01:30:00,0.07131,0.07211,0.07128,0.07193,6679804.0,15
2026-07-01 01:45:00,0.07192,0.07203,0.07165,0.07187,3082907.0,15
2026-07-01 02:00:00,0.07187,0.07204,0.07174,0.07196,1161175.0,15
2026-07-01 02:15:00,0.07196,0.07225,0.07194,0.07213,4375694.0,15
2026-07-01 02:30:00,0.07214,0.0723,0.07202,0.07222,4423335.0,15
2026-07-01 02:45:00,0.07222,0.07224,0.07191,0.07199,4677621.0,15
2026-07-01 03:00:00,0.072,0.07228,0.07199,0.07205,2240814.0,15
2026-07-01 03:15:00,0.07205,0.07205,0.07186,0.07198,2659394.0,15
2026-07-01 03:30:00,0.07199,0.07243,0.0719,0.07219,4937171.0,15
2026-07-01 03:45:00,0.07218,0.07251,0.07217,0.07235,4530383.0,15
2026-07-01 04:00:00,0.07234,0.07245,0.07227,0.07238,1798251.0,15
2026-07-01 04:15:00,0.07238,0.07257,0.07238,0.07255,1796917.0,15
2026-07-01 04:30:00,0.07254,0.07259,0.07236,0.0725,4768880.0,15
2026-07-01 04:45:00,0.0725,0.07271,0.07249,0.07256,7890830.0,15
2026-07-01 05:00:00,0.07256,0.0726,0.0724,0.07243,2778906.0,15
2026-07-01 05:15:00,0.07244,0.07249,0.07228,0.07231,2646089.0,15
2026-07-01 05:30:00,0.0723,0.0724,0.07224,0.07237,2523822.0,15
2026-07-01 05:45:00,0.07238,0.07241,0.07231,0.07234,1315469.0,15
2026-07-01 06:00:00,0.07235,0.07238,0.07204,0.0721,3904359.0,15
2026-07-01 06:15:00,0.07209,0.07214,0.07171,0.07184,4438093.0,15
2026-07-01 06:30:00,0.07183,0.07189,0.07115,0.07137,15226553.0,15
2026-07-01 06:45:00,0.07136,0.07148,0.07109,0.07143,3266561.0,15
2026-07-01 07:00:00,0.07143,0.07149,0.07128,0.07148,2120235.0,15
2026-07-01 07:15:00,0.07148,0.0716,0.07133,0.07152,1644898.0,15
2026-07-01 07:30:00,0.07151,0.07157,0.07137,0.0715,1452294.0,15
2026-07-01 07:45:00,0.07149,0.07162,0.07143,0.0715,2825492.0,15
2026-07-01 08:00:00,0.07149,0.07156,0.07106,0.07115,29635009.0,15
2026-07-01 08:15:00,0.07115,0.07121,0.07095,0.07106,3213932.0,15
2026-07-01 08:30:00,0.07106,0.07123,0.07089,0.07119,3351019.0,15
2026-07-01 08:45:00,0.0712,0.07151,0.0711,0.07149,2519117.0,15
2026-07-01 09:00:00,0.07149,0.07162,0.07134,0.07139,3720475.0,15
2026-07-01 09:15:00,0.0714,0.07149,0.07137,0.07145,2518524.0,15
2026-07-01 09:30:00,0.07146,0.07152,0.0714,0.07142,1708285.0,15
2026-07-01 09:45:00,0.07142,0.07149,0.07115,0.07129,8967463.0,15
2026-07-01 10:00:00,0.0713,0.07138,0.0711,0.07111,3636496.0,15
2026-07-01 10:15:00,0.07111,0.07124,0.07098,0.07112,2730854.0,15
2026-07-01 10:30:00,0.07112,0.07112,0.07081,0.07085,6686522.0,15
2026-07-01 10:45:00,0.07086,0.07104,0.07086,0.07097,2222760.0,15
2026-07-01 11:00:00,0.07097,0.07108,0.07082,0.07106,2751027.0,15
2026-07-01 11:15:00,0.07106,0.07113,0.07099,0.07107,1690156.0,15
2026-07-01 11:30:00,0.07106,0.07124,0.071,0.07118,3038000.0,15
2026-07-01 11:45:00,0.07118,0.07126,0.07103,0.07116,1237775.0,15
2026-07-01 12:00:00,0.07116,0.07124,0.07086,0.071,3368245.0,15
2026-07-01 12:15:00,0.071,0.07126,0.071,0.07123,1549601.0,15
2026-07-01 12:30:00,0.07123,0.0714,0.07112,0.07123,3765608.0,15
2026-07-01 12:45:00,0.07123,0.07144,0.07116,0.07144,4344186.0,15
2026-07-01 13:00:00,0.07145,0.07181,0.07145,0.07149,3611411.0,15
2026-07-01 13:15:00,0.07149,0.07193,0.07147,0.07188,5287681.0,15
2026-07-01 13:30:00,0.07187,0.07208,0.07121,0.07203,9284825.0,15
2026-07-01 13:45:00,0.07202,0.07249,0.07192,0.0724,13735077.0,15
2026-07-01 14:00:00,0.0724,0.07282,0.07214,0.07281,16965739.0,15
2026-07-01 14:15:00,0.0728,0.07299,0.07249,0.07257,12524469.0,15
2026-07-01 14:30:00,0.07256,0.07262,0.07228,0.07244,12216262.0,15
2026-07-01 14:45:00,0.07243,0.07269,0.07222,0.07269,4247107.0,15
2026-07-01 15:00:00,0.07268,0.07329,0.07266,0.07309,8555593.0,15
2026-07-01 15:15:00,0.07309,0.07357,0.07283,0.07337,11634794.0,15
2026-07-01 15:30:00,0.07338,0.07351,0.07318,0.07347,6863516.0,15
2026-07-01 15:45:00,0.07346,0.07349,0.07328,0.07337,5267341.0,15
2026-07-01 16:00:00,0.07337,0.0735,0.07329,0.07345,4265406.0,15
2026-07-01 16:15:00,0.07346,0.07355,0.07317,0.07341,8150747.0,15
2026-07-01 16:30:00,0.07341,0.07345,0.07316,0.07317,2660529.0,15
2026-07-01 16:45:00,0.07316,0.07316,0.07292,0.07307,5471275.0,15
2026-07-01 17:00:00,0.07307,0.0731,0.07278,0.07294,2470772.0,15
2026-07-01 17:15:00,0.07295,0.07329,0.07294,0.07318,2490489.0,15
2026-07-01 17:30:00,0.07317,0.07322,0.07304,0.07318,3708334.0,15
2026-07-01 17:45:00,0.07318,0.07363,0.07318,0.07348,2824961.0,15
2026-07-01 18:00:00,0.07347,0.0736,0.07328,0.07332,2419094.0,15
2026-07-01 18:15:00,0.07331,0.0734,0.07311,0.07324,2498848.0,15
2026-07-01 18:30:00,0.07323,0.07328,0.0731,0.07323,1619162.0,15
2026-07-01 18:45:00,0.07323,0.07325,0.07301,0.07311,2110393.0,15
2026-07-01 19:00:00,0.07311,0.07338,0.07311,0.07337,1041334.0,15
2026-07-01 19:15:00,0.07336,0.07336,0.07305,0.07307,3194324.0,15
2026-07-01 19:30:00,0.07307,0.07311,0.07284,0.0729,1173567.0,15
2026-07-01 19:45:00,0.07289,0.07298,0.07269,0.07283,3490814.0,15
2026-07-01 20:00:00,0.07284,0.07286,0.07263,0.07271,1454329.0,15
2026-07-01 20:15:00,0.07271,0.07272,0.07254,0.07267,2043546.0,15
2026-07-01 20:30:00,0.07268,0.07276,0.07256,0.07271,1619350.0,15
2026-07-01 20:45:00,0.07271,0.07292,0.07271,0.07283,1127589.0,15
2026-07-01 21:00:00,0.07283,0.07328,0.07282,0.0732,4200303.0,15
2026-07-01 21:15:00,0.0732,0.07327,0.07306,0.07322,1920401.0,15
2026-07-01 21:30:00,0.07323,0.07353,0.07311,0.07339,5674010.0,15
2026-07-01 21:45:00,0.07338,0.07361,0.07338,0.07346,3307105.0,15
2026-07-01 22:00:00,0.07346,0.07353,0.07341,0.07347,3695549.0,15
2026-07-01 22:15:00,0.07347,0.07399,0.07331,0.07333,16710351.0,15
2026-07-01 22:30:00,0.07333,0.07343,0.07314,0.07315,3836033.0,15
2026-07-01 22:45:00,0.07315,0.07319,0.07299,0.07307,2280356.0,15
2026-07-01 23:00:00,0.07306,0.07306,0.07259,0.07263,7677093.0,15
2026-07-01 23:15:00,0.07264,0.07279,0.07256,0.07258,5855095.0,15
2026-07-01 23:30:00,0.07258,0.07263,0.0723,0.07241,6254943.0,15
2026-07-01 23:45:00,0.07241,0.07243,0.07217,0.07222,5696638.0,15
2026-07-02 00:00:00,0.07222,0.07231,0.07212,0.07226,10618952.0,15
2026-07-02 00:15:00,0.07226,0.07231,0.07197,0.072,3731935.0,15
2026-07-02 00:30:00,0.072,0.072,0.07168,0.07176,5439922.0,15
2026-07-02 00:45:00,0.07177,0.07199,0.07177,0.07193,2165995.0,15
2026-07-02 01:00:00,0.07194,0.07229,0.0719,0.07229,2057136.0,15
2026-07-02 01:15:00,0.07229,0.07244,0.07215,0.07243,2580432.0,15
2026-07-02 01:30:00,0.07244,0.07287,0.07244,0.07265,2769005.0,15
2026-07-02 01:45:00,0.07266,0.07276,0.07247,0.07256,1629609.0,15
2026-07-02 02:00:00,0.07255,0.0726,0.07227,0.07238,3109846.0,15
2026-07-02 02:15:00,0.07239,0.07253,0.07239,0.07246,1708220.0,15
2026-07-02 02:30:00,0.07246,0.07276,0.07242,0.07275,2472190.0,15
2026-07-02 02:45:00,0.07274,0.07284,0.07261,0.07276,2477918.0,15
2026-07-02 03:00:00,0.07276,0.07276,0.0724,0.07256,23715576.0,15
2026-07-02 03:15:00,0.07256,0.07315,0.07233,0.07296,16283583.0,15
2026-07-02 03:30:00,0.07296,0.07332,0.07287,0.0733,5941847.0,15
2026-07-02 03:45:00,0.07329,0.07349,0.07311,0.07341,6307082.0,15
2026-07-02 04:00:00,0.0734,0.07343,0.0732,0.07326,2810654.0,15
2026-07-02 04:15:00,0.07327,0.07329,0.07301,0.07305,9451855.0,15
2026-07-02 04:30:00,0.07306,0.07318,0.07292,0.07317,5679285.0,15
2026-07-02 04:45:00,0.07318,0.07332,0.07316,0.0733,1523908.0,15
2026-07-02 05:00:00,0.07329,0.07329,0.07305,0.07309,8990326.0,15
2026-07-02 05:15:00,0.07308,0.07311,0.07296,0.073,672398.0,15
2026-07-02 05:30:00,0.07299,0.07307,0.07269,0.07271,2479406.0,15
2026-07-02 05:45:00,0.07271,0.07276,0.0726,0.07273,1241658.0,15
2026-07-02 06:00:00,0.07273,0.07276,0.07251,0.07257,5333638.0,15
2026-07-02 06:15:00,0.07256,0.07283,0.07254,0.07268,2742109.0,15
2026-07-02 06:30:00,0.07268,0.07288,0.07266,0.07273,1940273.0,15
2026-07-02 06:45:00,0.07273,0.07274,0.07241,0.0725,2975595.0,15
2026-07-02 07:00:00,0.07249,0.07257,0.07243,0.07247,1767859.0,15
2026-07-02 07:15:00,0.07248,0.07257,0.07228,0.07241,2393017.0,15
2026-07-02 07:30:00,0.07241,0.07258,0.07238,0.07254,4970313.0,15
2026-07-02 07:45:00,0.07253,0.07264,0.07248,0.07254,1627105.0,15
2026-07-02 08:00:00,0.07254,0.0727,0.0725,0.07255,1894368.0,15
2026-07-02 08:15:00,0.07255,0.07278,0.07255,0.07274,2195504.0,15
2026-07-02 08:30:00,0.07274,0.07307,0.07269,0.07302,5835428.0,15
2026-07-02 08:45:00,0.07302,0.07309,0.07297,0.07306,2012348.0,15
2026-07-02 09:00:00,0.07305,0.07306,0.07287,0.07293,1636427.0,15
2026-07-02 09:15:00,0.07294,0.07302,0.07264,0.07299,25067572.0,15
2026-07-02 09:30:00,0.073,0.0738,0.07298,0.07351,25802162.0,15
2026-07-02 09:45:00,0.07351,0.07364,0.07332,0.07347,12984303.0,15
2026-07-02 10:00:00,0.07346,0.07368,0.07338,0.07362,3253266.0,15
2026-07-02 10:15:00,0.07362,0.07385,0.07354,0.07382,6643962.0,15
2026-07-02 10:30:00,0.07383,0.07412,0.0738,0.07391,6747087.0,15
2026-07-02 10:45:00,0.07392,0.07406,0.07385,0.07397,6222215.0,15
2026-07-02 11:00:00,0.07397,0.07427,0.07381,0.07411,25465626.0,15
2026-07-02 11:15:00,0.07411,0.07427,0.07401,0.07422,5537110.0,15
2026-07-02 11:30:00,0.07423,0.07436,0.07403,0.07413,6598043.0,15
2026-07-02 11:45:00,0.07413,0.07426,0.07389,0.07418,10906340.0,15
2026-07-02 12:00:00,0.07417,0.07448,0.07407,0.07444,7304602.0,15
2026-07-02 12:15:00,0.07445,0.07453,0.07407,0.0743,11735578.0,15
2026-07-02 12:30:00,0.07431,0.07476,0.07412,0.07429,24570768.0,15
2026-07-02 12:45:00,0.07429,0.07457,0.07424,0.07435,7291248.0,15
2026-07-02 13:00:00,0.07436,0.07453,0.07424,0.07443,16374678.0,15
2026-07-02 13:15:00,0.07443,0.07508,0.07443,0.07461,18872910.0,15
2026-07-02 13:30:00,0.07461,0.07556,0.07435,0.07543,21614190.0,15
2026-07-02 13:45:00,0.07542,0.07555,0.07502,0.07507,12481402.0,15
2026-07-02 14:00:00,0.07507,0.0755,0.07486,0.07527,12658479.0,15
2026-07-02 14:15:00,0.07527,0.07547,0.07446,0.07466,9350892.0,15
2026-07-02 14:30:00,0.07466,0.07487,0.07429,0.07441,12476267.0,15
2026-07-02 14:45:00,0.07441,0.07468,0.07428,0.07451,6566915.0,15
2026-07-02 15:00:00,0.07451,0.07459,0.074,0.07427,8673480.0,15
2026-07-02 15:15:00,0.07426,0.07463,0.07418,0.07448,7162238.0,15
2026-07-02 15:30:00,0.07449,0.07476,0.07444,0.07471,3190006.0,15
2026-07-02 15:45:00,0.0747,0.07476,0.07434,0.07454,2670681.0,15
2026-07-02 16:00:00,0.07454,0.07479,0.07435,0.07463,3593995.0,15
2026-07-02 16:15:00,0.07462,0.07462,0.0741,0.07416,6125852.0,15
2026-07-02 16:30:00,0.07416,0.07444,0.07415,0.0744,3440787.0,15
2026-07-02 16:45:00,0.0744,0.07465,0.07431,0.07431,2561656.0,15
2026-07-02 17:00:00,0.0743,0.07436,0.07415,0.07431,2548998.0,15
2026-07-02 17:15:00,0.0743,0.0746,0.07426,0.07452,1993196.0,15
2026-07-02 17:30:00,0.07453,0.07453,0.07412,0.07434,2040228.0,15
2026-07-02 17:45:00,0.07435,0.07438,0.07415,0.07425,1316932.0,15
2026-07-02 18:00:00,0.07424,0.07449,0.07422,0.07444,2749622.0,15
2026-07-02 18:15:00,0.07443,0.07454,0.07426,0.07451,3451519.0,15
2026-07-02 18:30:00,0.07451,0.07455,0.07438,0.07445,1410105.0,15
2026-07-02 18:45:00,0.07445,0.07455,0.07429,0.07437,2373563.0,15
2026-07-02 19:00:00,0.07438,0.07439,0.07415,0.07433,1782300.0,15
2026-07-02 19:15:00,0.07433,0.07433,0.07412,0.07421,1430940.0,15
2026-07-02 19:30:00,0.07421,0.07434,0.07416,0.0743,1479555.0,15
2026-07-02 19:45:00,0.07431,0.0745,0.07419,0.07422,4918015.0,15
2026-07-02 20:00:00,0.07422,0.07426,0.07412,0.07422,1031283.0,15
2026-07-02 20:15:00,0.07422,0.07426,0.07399,0.074,3480634.0,15
2026-07-02 20:30:00,0.074,0.07411,0.07399,0.07404,1085609.0,15
2026-07-02 20:45:00,0.07405,0.07427,0.07405,0.07411,4543289.0,15
2026-07-02 21:00:00,0.07412,0.07416,0.07401,0.07416,1867475.0,15
2026-07-02 21:15:00,0.07415,0.07417,0.07403,0.07406,1624829.0,15
2026-07-02 21:30:00,0.07405,0.07408,0.07383,0.07388,5866560.0,15
2026-07-02 21:45:00,0.07388,0.07407,0.07387,0.07407,1981982.0,15
2026-07-02 22:00:00,0.07406,0.07412,0.07377,0.07391,7113548.0,15
2026-07-02 22:15:00,0.07391,0.07392,0.07378,0.07379,1115219.0,15
2026-07-02 22:30:00,0.07379,0.07392,0.07376,0.07377,1689522.0,15
2026-07-02 22:45:00,0.07378,0.07413,0.07374,0.07399,6764640.0,15
2026-07-02 23:00:00,0.07398,0.07401,0.07387,0.07392,1680492.0,15
2026-07-02 23:15:00,0.07392,0.07426,0.07389,0.07421,3399966.0,15
2026-07-02 23:30:00,0.07421,0.07439,0.07418,0.07423,2507189.0,15
2026-07-02 23:45:00,0.07424,0.07426,0.07409,0.07418,4112526.0,15
2026-07-03 00:00:00,0.07418,0.07432,0.07408,0.07422,5201990.0,15
2026-07-03 00:15:00,0.07421,0.07429,0.0741,0.07412,2315032.0,15
2026-07-03 00:30:00,0.07411,0.07423,0.07394,0.074,9254190.0,15
2026-07-03 00:45:00,0.074,0.07407,0.07393,0.074,1999552.0,15
2026-07-03 01:00:00,0.07399,0.0746,0.07396,0.07452,4602799.0,15
2026-07-03 01:15:00,0.07452,0.07468,0.07435,0.07447,6101555.0,15
2026-07-03 01:30:00,0.07448,0.07495,0.07443,0.07485,3696837.0,15
2026-07-03 01:45:00,0.07485,0.07497,0.07473,0.07481,3099158.0,15
2026-07-03 02:00:00,0.07481,0.07488,0.07458,0.07462,2987547.0,15
2026-07-03 02:15:00,0.07462,0.07492,0.07462,0.07468,6477914.0,15
2026-07-03 02:30:00,0.07467,0.07471,0.07444,0.07452,3323628.0,15
2026-07-03 02:45:00,0.07452,0.07477,0.07438,0.07474,3198642.0,15
2026-07-03 03:00:00,0.07473,0.07473,0.07426,0.07434,5005641.0,15
2026-07-03 03:15:00,0.07434,0.07477,0.07431,0.07475,10635315.0,15
2026-07-03 03:30:00,0.07475,0.07487,0.0746,0.07461,2022120.0,15
2026-07-03 03:45:00,0.07462,0.07485,0.07461,0.07477,3144943.0,15
2026-07-03 04:00:00,0.07478,0.07483,0.07455,0.07473,2434791.0,15
2026-07-03 04:15:00,0.07473,0.07473,0.07454,0.07459,1351356.0,15
2026-07-03 04:30:00,0.07459,0.07469,0.07446,0.07465,4264215.0,15
2026-07-03 04:45:00,0.07466,0.07468,0.07447,0.0745,1671386.0,15
2026-07-03 05:00:00,0.0745,0.07465,0.07446,0.07459,2516636.0,15
2026-07-03 05:15:00,0.0746,0.07476,0.0745,0.07472,2819491.0,15
2026-07-03 05:30:00,0.07472,0.07541,0.07468,0.07508,13671016.0,15
2026-07-03 05:45:00,0.07508,0.07526,0.07504,0.07504,2773171.0,15
2026-07-03 06:00:00,0.07504,0.07527,0.07501,0.07511,2513322.0,15
2026-07-03 06:15:00,0.07511,0.07534,0.07509,0.07521,2696583.0,15
2026-07-03 06:30:00,0.0752,0.07528,0.07504,0.07518,5779267.0,15
2026-07-03 06:45:00,0.07519,0.07529,0.07518,0.07522,1476666.0,15
2026-07-03 07:00:00,0.07522,0.07529,0.07508,0.07513,2340543.0,15
2026-07-03 07:15:00,0.07513,0.07532,0.07513,0.07531,4049872.0,15
2026-07-03 07:30:00,0.07532,0.07538,0.07519,0.07532,3633047.0,15
2026-07-03 07:45:00,0.07532,0.07538,0.07522,0.0753,7924721.0,15
2026-07-03 08:00:00,0.0753,0.0754,0.07513,0.07513,3491636.0,15
2026-07-03 08:15:00,0.07514,0.07528,0.07499,0.07523,7779618.0,15
2026-07-03 08:30:00,0.07523,0.07559,0.07493,0.07553,33794444.0,15
2026-07-03 08:45:00,0.07553,0.07553,0.07484,0.07489,9031120.0,15
2026-07-03 09:00:00,0.07489,0.07512,0.0748,0.07512,6758068.0,15
2026-07-03 09:15:00,0.07511,0.07515,0.07491,0.07497,2893803.0,15
2026-07-03 09:30:00,0.07498,0.07501,0.07475,0.07488,2557660.0,15
2026-07-03 09:45:00,0.07489,0.07509,0.07488,0.075,2120104.0,15
2026-07-03 10:00:00,0.075,0.07531,0.07495,0.07518,13645011.0,15
