timestamp,open,high,low,close,volume,source_1m_count
2026-06-03 10:30:00,8.344,8.348,8.312,8.316,16856.260000000002,15
2026-06-03 10:45:00,8.316,8.361,8.313,8.355,23993.82,15
2026-06-03 11:00:00,8.355,8.372,8.343,8.371,36907.850000000006,15
2026-06-03 11:15:00,8.37,8.37,8.352,8.364,18171.78,15
2026-06-03 11:30:00,8.363,8.363,8.321,8.325,22312.94,15
2026-06-03 11:45:00,8.325,8.327,8.277,8.302,33065.97,15
2026-06-03 12:00:00,8.302,8.306,8.269,8.284,24176.13,15
2026-06-03 12:15:00,8.283,8.288,8.24,8.283,47816.04,15
2026-06-03 12:30:00,8.282,8.299,8.27,8.29,19723.65,15
2026-06-03 12:45:00,8.289,8.309,8.279,8.306,14359.2,15
2026-06-03 13:00:00,8.307,8.32,8.277,8.291,31360.86,15
2026-06-03 13:15:00,8.292,8.329,8.286,8.29,28497.88,15
2026-06-03 13:30:00,8.29,8.346,8.277,8.277,56906.47,15
2026-06-03 13:45:00,8.276,8.317,8.256,8.313,31132.86,15
2026-06-03 14:00:00,8.313,8.32,8.267,8.297,37304.57,15
2026-06-03 14:15:00,8.297,8.307,8.228,8.251,56326.96,15
2026-06-03 14:30:00,8.251,8.291,8.226,8.263,27801.41,15
2026-06-03 14:45:00,8.263,8.293,8.262,8.275,18766.92,15
2026-06-03 15:00:00,8.276,8.285,8.232,8.24,32019.07,15
2026-06-03 15:15:00,8.24,8.278,8.212,8.259,53076.4,15
2026-06-03 15:30:00,8.258,8.274,8.192,8.218,38201.14,15
2026-06-03 15:45:00,8.217,8.219,8.179,8.191,21026.08,15
2026-06-03 16:00:00,8.192,8.198,8.104,8.136,61521.979999999996,15
2026-06-03 16:15:00,8.135,8.149,8.029,8.057,97216.25,15
2026-06-03 16:30:00,8.057,8.114,8.056,8.106,40488.85,15
2026-06-03 16:45:00,8.106,8.124,8.082,8.123,27302.4,15
2026-06-03 17:00:00,8.124,8.135,8.069,8.081,35543.23,15
2026-06-03 17:15:00,8.082,8.145,8.082,8.143,29842.1,15
2026-06-03 17:30:00,8.143,8.192,8.133,8.173,23657.97,15
2026-06-03 17:45:00,8.174,8.174,8.118,8.14,28154.61,15
2026-06-03 18:00:00,8.141,8.162,8.111,8.127,22200.22,15
2026-06-03 18:15:00,8.126,8.126,8.077,8.106,48696.270000000004,15
2026-06-03 18:30:00,8.107,8.149,8.093,8.132,26826.93,15
2026-06-03 18:45:00,8.132,8.189,8.128,8.185,48990.87,15
2026-06-03 19:00:00,8.185,8.194,8.158,8.163,33373.5,15
2026-06-03 19:15:00,8.163,8.163,8.076,8.082,111314.57,15
2026-06-03 19:30:00,8.083,8.136,8.069,8.126,19118.399999999998,15
2026-06-03 19:45:00,8.125,8.148,8.03,8.044,64442.920000000006,15
2026-06-03 20:00:00,8.043,8.096,8.012,8.09,30460.29,15
2026-06-03 20:15:00,8.089,8.089,8.018,8.088,27585.27,15
2026-06-03 20:30:00,8.087,8.089,8.004,8.01,28473.71,15
2026-06-03 20:45:00,8.011,8.025,7.909,7.958,209950.88,15
2026-06-03 21:00:00,7.957,8.06,7.928,8.02,50601.26,15
2026-06-03 21:15:00,8.019,8.061,8.018,8.053,19530.059999999998,15
2026-06-03 21:30:00,8.052,8.12,8.045,8.099,60400.89,15
2026-06-03 21:45:00,8.1,8.179,8.1,8.173,28642.690000000002,15
2026-06-03 22:00:00,8.173,8.191,8.13,8.139,58800.19,15
2026-06-03 22:15:00,8.139,8.139,8.082,8.122,35429.12,15
2026-06-03 22:30:00,8.121,8.134,8.079,8.12,32014.010000000002,15
2026-06-03 22:45:00,8.12,8.126,8.081,8.107,35532.01,15
2026-06-03 23:00:00,8.107,8.115,8.043,8.07,37931.23,15
2026-06-03 23:15:00,8.069,8.079,8.037,8.079,27138.64,15
2026-06-03 23:30:00,8.08,8.104,8.05,8.063,38627.950000000004,15
2026-06-03 23:45:00,8.063,8.08,8.049,8.049,27181.65,15
2026-06-04 00:00:00,8.048,8.108,8.045,8.103,46917.55,15
2026-06-04 00:15:00,8.102,8.117,7.948,7.948,73150.16,15
2026-06-04 00:30:00,7.948,8.038,7.93,8.028,89925.55,15
2026-06-04 00:45:00,8.028,8.028,7.948,7.989,38209.2,15
2026-06-04 01:00:00,7.989,8.024,7.941,7.946,41319.56,15
2026-06-04 01:15:00,7.947,7.949,7.793,7.82,219117.34,15
2026-06-04 01:30:00,7.821,7.918,7.821,7.877,61130.729999999996,15
2026-06-04 01:45:00,7.877,7.877,7.744,7.765,155771.63,15
2026-06-04 02:00:00,7.766,7.781,7.519,7.718,537421.28,15
2026-06-04 02:15:00,7.72,7.838,7.685,7.812,113603.25,15
2026-06-04 02:30:00,7.811,7.864,7.797,7.858,60933.71,15
2026-06-04 02:45:00,7.857,7.889,7.835,7.841,50296.68,15
2026-06-04 03:00:00,7.842,7.977,7.841,7.965,70127.62,15
2026-06-04 03:15:00,7.964,7.997,7.96,7.979,52525.450000000004,15
2026-06-04 03:30:00,7.979,8.061,7.975,8.049,66894.06,15
2026-06-04 03:45:00,8.05,8.064,8.025,8.035,33059.51,15
2026-06-04 04:00:00,8.036,8.077,8.033,8.06,26602.5,15
2026-06-04 04:15:00,8.06,8.068,8.033,8.034,14117.86,15
2026-06-04 04:30:00,8.033,8.045,7.988,8.014,25747.96,15
2026-06-04 04:45:00,8.016,8.02,7.974,7.987,13806.08,15
2026-06-04 05:00:00,7.986,7.986,7.874,7.917,41194.340000000004,15
2026-06-04 05:15:00,7.917,7.922,7.872,7.875,37807.68,15
2026-06-04 05:30:00,7.874,7.944,7.859,7.939,46276.01,15
2026-06-04 05:45:00,7.939,7.939,7.884,7.898,23058.18,15
2026-06-04 06:00:00,7.897,7.95,7.884,7.95,27053.9,15
2026-06-04 06:15:00,7.95,8.001,7.944,7.976,29295.66,15
2026-06-04 06:30:00,7.976,7.995,7.942,7.977,27535.77,15
2026-06-04 06:45:00,7.976,7.976,7.926,7.929,22301.57,15
2026-06-04 07:00:00,7.93,7.939,7.857,7.885,39664.6,15
2026-06-04 07:15:00,7.884,7.891,7.819,7.855,56345.33,15
2026-06-04 07:30:00,7.854,7.896,7.851,7.878,27117.41,15
2026-06-04 07:45:00,7.879,7.881,7.823,7.824,21661.58,15
2026-06-04 08:00:00,7.825,7.85,7.75,7.75,39498.75,15
2026-06-04 08:15:00,7.75,7.809,7.74,7.797,44926.11,15
2026-06-04 08:30:00,7.798,7.835,7.759,7.771,34737.03,15
2026-06-04 08:45:00,7.772,7.826,7.772,7.801,35567.950000000004,15
2026-06-04 09:00:00,7.801,7.804,7.709,7.724,40509.259999999995,15
2026-06-04 09:15:00,7.723,7.723,7.618,7.627,98778.31,15
2026-06-04 09:30:00,7.628,7.665,7.601,7.647,61743.15,15
2026-06-04 09:45:00,7.646,7.721,7.643,7.719,50984.38,15
2026-06-04 10:00:00,7.719,7.721,7.634,7.64,96127.76,15
2026-06-04 10:15:00,7.64,7.675,7.618,7.629,66166.02,15
2026-06-04 10:30:00,7.628,7.669,7.615,7.638,132898.54,15
2026-06-04 10:45:00,7.64,7.646,7.544,7.575,154484.51,15
2026-06-04 11:00:00,7.575,7.61,7.547,7.559,55002.14,15
2026-06-04 11:15:00,7.558,7.653,7.543,7.635,44619.93,15
2026-06-04 11:30:00,7.636,7.668,7.566,7.582,66898.67,15
2026-06-04 11:45:00,7.582,7.68,7.582,7.663,76414.06,15
2026-06-04 12:00:00,7.663,7.69,7.616,7.635,45849.65,15
2026-06-04 12:15:00,7.635,7.743,7.632,7.737,48796.94,15
2026-06-04 12:30:00,7.737,7.81,7.731,7.783,39966.33,15
2026-06-04 12:45:00,7.782,7.826,7.773,7.804,53562.11,15
2026-06-04 13:00:00,7.804,7.816,7.77,7.77,28374.239999999998,15
2026-06-04 13:15:00,7.769,7.778,7.679,7.705,44844.95,15
2026-06-04 13:30:00,7.705,7.828,7.697,7.774,69874.08,15
2026-06-04 13:45:00,7.773,7.797,7.723,7.788,58527.42,15
2026-06-04 14:00:00,7.789,7.808,7.747,7.796,46316.1,15
2026-06-04 14:15:00,7.797,7.806,7.758,7.78,63322.5,15
2026-06-04 14:30:00,7.779,7.789,7.727,7.75,44532.33,15
2026-06-04 14:45:00,7.751,7.772,7.733,7.771,27855.989999999998,15
2026-06-04 15:00:00,7.77,7.858,7.764,7.85,48787.24,15
2026-06-04 15:15:00,7.85,7.852,7.779,7.799,21697.25,15
2026-06-04 15:30:00,7.798,7.806,7.774,7.777,23507.88,15
2026-06-04 15:45:00,7.777,7.787,7.75,7.762,25470.3,15
2026-06-04 16:00:00,7.764,7.769,7.732,7.735,22743.07,15
2026-06-04 16:15:00,7.736,7.773,7.727,7.727,21803.6,15
2026-06-04 16:30:00,7.728,7.785,7.707,7.774,27100.25,15
2026-06-04 16:45:00,7.773,7.798,7.741,7.759,19109.99,15
2026-06-04 17:00:00,7.758,7.796,7.742,7.78,22536.629999999997,15
2026-06-04 17:15:00,7.78,7.781,7.728,7.746,37978.39,15
2026-06-04 17:30:00,7.747,7.757,7.684,7.696,24440.15,15
2026-06-04 17:45:00,7.697,7.781,7.672,7.753,36578.51,15
2026-06-04 18:00:00,7.754,7.765,7.69,7.693,25768.68,15
2026-06-04 18:15:00,7.694,7.82,7.694,7.82,23333.06,15
2026-06-04 18:30:00,7.821,7.842,7.793,7.809,25619.15,15
2026-06-04 18:45:00,7.808,7.836,7.798,7.81,14596.72,15
2026-06-04 19:00:00,7.809,7.819,7.772,7.798,14311.4,15
2026-06-04 19:15:00,7.798,7.847,7.792,7.836,26290.33,15
2026-06-04 19:30:00,7.835,7.837,7.788,7.789,15353.51,15
2026-06-04 19:45:00,7.789,7.79,7.764,7.78,24581.61,15
2026-06-04 20:00:00,7.779,7.781,7.714,7.746,29877.01,15
2026-06-04 20:15:00,7.745,7.754,7.719,7.733,14229.789999999999,15
2026-06-04 20:30:00,7.733,7.757,7.731,7.737,6987.89,15
2026-06-04 20:45:00,7.736,7.749,7.704,7.74,18561.53,15
2026-06-04 21:00:00,7.739,7.764,7.718,7.735,21373.07,15
2026-06-04 21:15:00,7.736,7.737,7.659,7.676,27993.6,15
2026-06-04 21:30:00,7.676,7.678,7.567,7.628,76747.16,15
2026-06-04 21:45:00,7.629,7.645,7.596,7.596,24632.7,15
2026-06-04 22:00:00,7.596,7.647,7.586,7.608,38432.07,15
2026-06-04 22:15:00,7.608,7.639,7.603,7.625,26203.56,15
2026-06-04 22:30:00,7.624,7.624,7.575,7.605,45900.95,15
2026-06-04 22:45:00,7.607,7.679,7.592,7.672,34485.02,15
2026-06-04 23:00:00,7.671,7.712,7.661,7.685,31716.55,15
2026-06-04 23:15:00,7.685,7.688,7.616,7.633,35822.19,15
2026-06-04 23:30:00,7.634,7.682,7.627,7.677,13530.56,15
2026-06-04 23:45:00,7.677,7.711,7.662,7.707,29411.43,15
2026-06-05 00:00:00,7.706,7.709,7.667,7.669,17364.17,15
2026-06-05 00:15:00,7.67,7.724,7.654,7.722,35266.75,15
2026-06-05 00:30:00,7.722,7.723,7.681,7.699,21743.54,15
2026-06-05 00:45:00,7.699,7.721,7.632,7.637,35420.85,15
2026-06-05 01:00:00,7.637,7.637,7.564,7.612,65709.78,15
2026-06-05 01:15:00,7.612,7.648,7.595,7.639,34604.909999999996,15
2026-06-05 01:30:00,7.64,7.682,7.62,7.649,32279.4,15
2026-06-05 01:45:00,7.649,7.669,7.629,7.647,28166.75,15
2026-06-05 02:00:00,7.647,7.651,7.602,7.603,19543.68,15
2026-06-05 02:15:00,7.603,7.617,7.553,7.553,53751.33,15
2026-06-05 02:30:00,7.552,7.585,7.438,7.469,124929.14,15
2026-06-05 02:45:00,7.47,7.494,7.418,7.434,72555.93,15
2026-06-05 03:00:00,7.435,7.441,7.401,7.421,56218.14,15
2026-06-05 03:15:00,7.421,7.502,7.388,7.411,68450.49,15
2026-06-05 03:30:00,7.412,7.464,7.372,7.39,40662.590000000004,15
2026-06-05 03:45:00,7.39,7.403,7.313,7.317,85703.64,15
2026-06-05 04:00:00,7.318,7.425,7.293,7.416,94908.9,15
2026-06-05 04:15:00,7.417,7.48,7.389,7.468,50045.83,15
2026-06-05 04:30:00,7.468,7.468,7.393,7.4,38347.1,15
2026-06-05 04:45:00,7.399,7.487,7.366,7.482,60156.81,15
2026-06-05 05:00:00,7.482,7.509,7.398,7.4,56391.77,15
2026-06-05 05:15:00,7.401,7.442,7.378,7.416,34713.979999999996,15
2026-06-05 05:30:00,7.416,7.436,7.308,7.312,77122.01,15
2026-06-05 05:45:00,7.313,7.328,7.252,7.263,121110.86,15
2026-06-05 06:00:00,7.263,7.283,7.2,7.207,110823.69,15
2026-06-05 06:15:00,7.207,7.227,7.005,7.128,219894.97,15
2026-06-05 06:30:00,7.129,7.23,7.102,7.221,114553.36,15
2026-06-05 06:45:00,7.22,7.229,7.133,7.181,118778.34,15
2026-06-05 07:00:00,7.18,7.189,7.056,7.058,90226.52,15
2026-06-05 07:15:00,7.058,7.23,7.058,7.204,88429.13,15
2026-06-05 07:30:00,7.203,7.281,7.187,7.279,71500.41,15
2026-06-05 07:45:00,7.28,7.319,7.271,7.305,86768.7,15
2026-06-05 08:00:00,7.306,7.307,7.228,7.24,33202.479999999996,15
2026-06-05 08:15:00,7.24,7.243,7.211,7.226,31311.4,15
2026-06-05 08:30:00,7.227,7.237,7.124,7.147,64300.18,15
2026-06-05 08:45:00,7.146,7.179,7.135,7.158,38552.04,15
2026-06-05 09:00:00,7.159,7.262,7.158,7.256,73229.59,15
2026-06-05 09:15:00,7.257,7.283,7.211,7.25,38371.32,15
2026-06-05 09:30:00,7.251,7.252,7.208,7.214,27451.57,15
2026-06-05 09:45:00,7.213,7.257,7.209,7.254,31330.2,15
2026-06-05 10:00:00,7.255,7.269,7.198,7.202,36623.11,15
2026-06-05 10:15:00,7.201,7.201,7.146,7.19,29566.75,15
2026-06-05 10:30:00,7.19,7.214,7.166,7.204,27728.43,15
2026-06-05 10:45:00,7.204,7.204,7.137,7.158,25422.42,15
2026-06-05 11:00:00,7.157,7.159,7.092,7.106,52512.12,15
2026-06-05 11:15:00,7.105,7.159,7.093,7.153,55818.86,15
2026-06-05 11:30:00,7.154,7.156,7.106,7.106,29815.52,15
2026-06-05 11:45:00,7.105,7.119,7.063,7.077,53695.17,15
2026-06-05 12:00:00,7.076,7.107,7.018,7.079,52957.75,15
2026-06-05 12:15:00,7.079,7.13,7.055,7.071,49113.02,15
2026-06-05 12:30:00,7.071,7.115,7.016,7.08,72312.17,15
2026-06-05 12:45:00,7.08,7.09,7.032,7.086,41197.43,15
2026-06-05 13:00:00,7.087,7.154,7.087,7.143,65719.1,15
2026-06-05 13:15:00,7.143,7.205,7.127,7.17,47192.29,15
2026-06-05 13:30:00,7.169,7.223,7.101,7.113,56386.57,15
2026-06-05 13:45:00,7.113,7.122,6.968,6.974,124052.63,15
2026-06-05 14:00:00,6.974,7.049,6.891,7.018,187682.21,15
2026-06-05 14:15:00,7.018,7.079,7.003,7.043,72237.63,15
2026-06-05 14:30:00,7.043,7.127,7.015,7.083,73536.51,15
2026-06-05 14:45:00,7.083,7.126,7.033,7.077,45931.92,15
2026-06-05 15:00:00,7.077,7.092,6.987,6.996,82843.66,15
2026-06-05 15:15:00,6.996,7.021,6.945,6.959,109963.99,15
2026-06-05 15:30:00,6.96,6.983,6.888,6.926,107029.15,15
2026-06-05 15:45:00,6.927,6.932,6.851,6.904,105543.37,15
2026-06-05 16:00:00,6.903,6.965,6.79,6.945,233669.69,15
2026-06-05 16:15:00,6.945,7.021,6.923,6.923,182751.01,15
2026-06-05 16:30:00,6.923,6.954,6.9,6.922,72802.53,15
2026-06-05 16:45:00,6.923,7.081,6.923,7.062,71918.28,15
2026-06-05 17:00:00,7.062,7.109,7.028,7.051,52195.13,15
2026-06-05 17:15:00,7.051,7.052,6.985,6.994,58188.57,15
2026-06-05 17:30:00,6.993,7.072,6.982,7.018,25301.88,15
2026-06-05 17:45:00,7.019,7.033,7.003,7.021,27015.579999999998,15
2026-06-05 18:00:00,7.022,7.066,7.001,7.006,33566.43,15
2026-06-05 18:15:00,7.005,7.009,6.919,6.925,44483.0,15
2026-06-05 18:30:00,6.925,6.953,6.864,6.913,52642.29,15
2026-06-05 18:45:00,6.914,6.918,6.808,6.826,79528.73,15
2026-06-05 19:00:00,6.825,6.83,6.617,6.668,281894.82,15
2026-06-05 19:15:00,6.667,6.685,6.586,6.654,129314.08,15
2026-06-05 19:30:00,6.654,6.708,6.584,6.669,77031.66,15
2026-06-05 19:45:00,6.669,6.784,6.668,6.7,74695.77,15
2026-06-05 20:00:00,6.697,6.843,6.613,6.827,127432.98000000001,15
2026-06-05 20:15:00,6.827,6.98,6.822,6.87,174958.98,15
2026-06-05 20:30:00,6.87,6.899,6.847,6.872,56120.95,15
2026-06-05 20:45:00,6.871,6.913,6.846,6.908,64053.53,15
2026-06-05 21:00:00,6.907,6.958,6.889,6.93,39041.04,15
2026-06-05 21:15:00,6.929,6.962,6.923,6.938,34501.69,15
2026-06-05 21:30:00,6.938,7.0,6.921,6.987,25209.91,15
2026-06-05 21:45:00,6.988,7.01,6.955,6.957,13236.38,15
2026-06-05 22:00:00,6.956,6.959,6.84,6.863,33242.06,15
2026-06-05 22:15:00,6.863,6.888,6.786,6.79,73424.73,15
2026-06-05 22:30:00,6.789,6.857,6.769,6.844,45146.01,15
2026-06-05 22:45:00,6.844,6.86,6.802,6.807,33938.770000000004,15
2026-06-05 23:00:00,6.808,6.854,6.771,6.774,33303.53,15
2026-06-05 23:15:00,6.775,6.777,6.693,6.711,49980.3,15
2026-06-05 23:30:00,6.711,6.715,6.634,6.678,70519.87,15
2026-06-05 23:45:00,6.677,6.733,6.636,6.729,33457.770000000004,15
2026-06-06 00:00:00,6.73,6.829,6.728,6.817,45240.78,15
2026-06-06 00:15:00,6.817,6.839,6.801,6.837,18424.06,15
2026-06-06 00:30:00,6.838,6.872,6.832,6.868,22635.19,15
2026-06-06 00:45:00,6.867,6.909,6.864,6.899,25262.2,15
2026-06-06 01:00:00,6.9,6.933,6.88,6.887,14792.42,15
2026-06-06 01:15:00,6.888,6.895,6.826,6.862,30055.56,15
2026-06-06 01:30:00,6.861,6.861,6.773,6.773,22585.48,15
2026-06-06 01:45:00,6.774,6.792,6.726,6.744,23863.98,15
2026-06-06 02:00:00,6.743,6.75,6.692,6.704,20887.57,15
2026-06-06 02:15:00,6.704,6.736,6.674,6.7,22230.260000000002,15
2026-06-06 02:30:00,6.701,6.73,6.674,6.697,25747.18,15
2026-06-06 02:45:00,6.696,6.724,6.653,6.658,20632.81,15
2026-06-06 03:00:00,6.657,6.657,6.592,6.619,34255.43,15
2026-06-06 03:15:00,6.62,6.63,6.562,6.599,28423.24,15
2026-06-06 03:30:00,6.598,6.604,6.53,6.548,61528.07,15
2026-06-06 03:45:00,6.549,6.572,6.515,6.526,36850.22,15
2026-06-06 04:00:00,6.526,6.552,6.346,6.38,155686.12,15
2026-06-06 04:15:00,6.38,6.43,6.26,6.275,116260.94,15
2026-06-06 04:30:00,6.275,6.299,6.224,6.264,100507.11,15
2026-06-06 04:45:00,6.263,6.382,6.248,6.307,130558.07,15
2026-06-06 05:00:00,6.306,6.387,6.256,6.322,72704.96,15
2026-06-06 05:15:00,6.323,6.556,6.317,6.506,80252.51,15
2026-06-06 05:30:00,6.506,6.534,6.459,6.522,33387.87,15
2026-06-06 05:45:00,6.523,6.584,6.507,6.582,36630.2,15
2026-06-06 06:00:00,6.583,6.659,6.582,6.656,34667.2,15
2026-06-06 06:15:00,6.655,6.689,6.622,6.656,19922.420000000002,15
2026-06-06 06:30:00,6.656,6.677,6.615,6.615,25901.46,15
2026-06-06 06:45:00,6.615,6.62,6.543,6.546,22939.51,15
2026-06-06 07:00:00,6.547,6.627,6.523,6.627,39654.47,15
2026-06-06 07:15:00,6.627,6.68,6.626,6.639,50784.53,15
2026-06-06 07:30:00,6.639,6.705,6.632,6.699,28203.27,15
2026-06-06 07:45:00,6.7,6.716,6.674,6.676,21024.35,15
2026-06-06 08:00:00,6.677,6.679,6.634,6.673,22706.39,15
2026-06-06 08:15:00,6.673,6.748,6.664,6.735,39597.47,15
2026-06-06 08:30:00,6.734,6.74,6.697,6.73,35511.47,15
2026-06-06 08:45:00,6.729,6.759,6.718,6.746,37462.41,15
2026-06-06 09:00:00,6.746,6.768,6.711,6.749,32027.75,15
2026-06-06 09:15:00,6.748,6.823,6.745,6.816,24366.31,15
2026-06-06 09:30:00,6.816,6.838,6.787,6.799,37168.79,15
2026-06-06 09:45:00,6.798,6.798,6.701,6.713,52819.46,15
2026-06-06 10:00:00,6.714,6.714,6.623,6.632,66693.70999999999,15
2026-06-06 10:15:00,6.633,6.651,6.614,6.622,31734.96,15
2026-06-06 10:30:00,6.622,6.626,6.571,6.602,49536.03,15
2026-06-06 10:45:00,6.601,6.626,6.573,6.62,35185.6,15
2026-06-06 11:00:00,6.619,6.671,6.616,6.622,20042.32,15
2026-06-06 11:15:00,6.621,6.66,6.607,6.656,25683.13,15
2026-06-06 11:30:00,6.655,6.682,6.645,6.667,20340.67,15
2026-06-06 11:45:00,6.667,6.705,6.659,6.683,19044.48,15
2026-06-06 12:00:00,6.683,6.725,6.682,6.711,29370.77,15
2026-06-06 12:15:00,6.711,6.715,6.687,6.688,17114.1,15
2026-06-06 12:30:00,6.687,6.728,6.655,6.726,24703.98,15
2026-06-06 12:45:00,6.726,6.804,6.722,6.786,45995.13,15
2026-06-06 13:00:00,6.785,6.798,6.753,6.772,22147.29,15
2026-06-06 13:15:00,6.773,6.82,6.743,6.8,30905.949999999997,15
2026-06-06 13:30:00,6.799,6.801,6.749,6.774,19048.33,15
2026-06-06 13:45:00,6.775,6.807,6.743,6.762,18168.95,15
2026-06-06 14:00:00,6.763,6.828,6.755,6.812,32484.93,15
2026-06-06 14:15:00,6.812,6.817,6.759,6.784,19357.64,15
2026-06-06 14:30:00,6.784,6.806,6.766,6.795,28731.42,15
2026-06-06 14:45:00,6.795,6.816,6.749,6.754,34759.05,15
2026-06-06 15:00:00,6.755,6.77,6.636,6.645,78743.29,15
2026-06-06 15:15:00,6.644,6.664,6.602,6.653,37465.479999999996,15
2026-06-06 15:30:00,6.653,6.702,6.639,6.688,34618.54,15
2026-06-06 15:45:00,6.687,6.711,6.662,6.693,12376.54,15
2026-06-06 16:00:00,6.692,6.715,6.668,6.68,25733.85,15
2026-06-06 16:15:00,6.679,6.703,6.662,6.669,27250.73,15
2026-06-06 16:30:00,6.668,6.683,6.629,6.682,30767.059999999998,15
2026-06-06 16:45:00,6.682,6.714,6.673,6.697,29448.350000000002,15
2026-06-06 17:00:00,6.698,6.706,6.651,6.669,26719.15,15
2026-06-06 17:15:00,6.668,6.675,6.625,6.648,28427.54,15
2026-06-06 17:30:00,6.648,6.675,6.613,6.644,28181.97,15
2026-06-06 17:45:00,6.644,6.652,6.596,6.613,31225.29,15
2026-06-06 18:00:00,6.612,6.636,6.597,6.618,15739.34,15
2026-06-06 18:15:00,6.618,6.666,6.614,6.66,26974.92,15
2026-06-06 18:30:00,6.66,6.661,6.63,6.642,11307.48,15
2026-06-06 18:45:00,6.643,6.644,6.613,6.64,9915.01,15
2026-06-06 19:00:00,6.64,6.672,6.627,6.666,19391.649999999998,15
2026-06-06 19:15:00,6.665,6.665,6.632,6.634,12060.550000000001,15
2026-06-06 19:30:00,6.634,6.638,6.614,6.62,11090.22,15
2026-06-06 19:45:00,6.619,6.627,6.608,6.608,11396.38,15
2026-06-06 20:00:00,6.608,6.616,6.577,6.601,29474.96,15
2026-06-06 20:15:00,6.6,6.609,6.581,6.583,15456.5,15
2026-06-06 20:30:00,6.583,6.608,6.567,6.601,27479.81,15
2026-06-06 20:45:00,6.601,6.63,6.59,6.623,18996.46,15
2026-06-06 21:00:00,6.624,6.666,6.624,6.655,25039.08,15
2026-06-06 21:15:00,6.655,6.657,6.627,6.639,20796.84,15
2026-06-06 21:30:00,6.64,6.672,6.64,6.648,15963.23,15
2026-06-06 21:45:00,6.647,6.656,6.628,6.629,9461.25,15
2026-06-06 22:00:00,6.628,6.645,6.586,6.606,25642.27,15
2026-06-06 22:15:00,6.607,6.644,6.598,6.607,21900.56,15
2026-06-06 22:30:00,6.608,6.627,6.6,6.622,11847.939999999999,15
2026-06-06 22:45:00,6.623,6.657,6.623,6.634,14899.210000000001,15
2026-06-06 23:00:00,6.634,6.671,6.633,6.662,10329.59,15
2026-06-06 23:15:00,6.661,6.662,6.631,6.642,7594.150000000001,15
2026-06-06 23:30:00,6.642,6.689,6.642,6.674,21899.03,15
2026-06-06 23:45:00,6.675,6.679,6.661,6.664,6048.58,15
2026-06-07 00:00:00,6.665,6.694,6.657,6.661,14689.56,15
2026-06-07 00:15:00,6.662,6.677,6.652,6.677,12963.02,15
2026-06-07 00:30:00,6.677,6.702,6.658,6.658,12242.39,15
2026-06-07 00:45:00,6.658,6.678,6.655,6.663,8055.530000000001,15
2026-06-07 01:00:00,6.661,6.785,6.653,6.763,67064.18000000001,15
2026-06-07 01:15:00,6.762,6.836,6.75,6.831,62811.49,15
2026-06-07 01:30:00,6.831,6.841,6.782,6.795,49306.61,15
2026-06-07 01:45:00,6.796,6.818,6.766,6.782,17968.71,15
2026-06-07 02:00:00,6.783,6.796,6.771,6.772,11886.14,15
2026-06-07 02:15:00,6.771,6.774,6.724,6.736,22156.61,15
2026-06-07 02:30:00,6.736,6.754,6.717,6.747,15558.210000000001,15
2026-06-07 02:45:00,6.747,6.786,6.746,6.775,19689.88,15
2026-06-07 03:00:00,6.775,6.784,6.755,6.769,18406.13,15
2026-06-07 03:15:00,6.768,6.801,6.756,6.783,18158.19,15
2026-06-07 03:30:00,6.784,6.793,6.725,6.746,11934.29,15
2026-06-07 03:45:00,6.745,6.759,6.733,6.757,11891.779999999999,15
2026-06-07 04:00:00,6.756,6.76,6.713,6.731,7365.54,15
2026-06-07 04:15:00,6.731,6.732,6.69,6.704,6570.15,15
2026-06-07 04:30:00,6.703,6.771,6.7,6.768,23474.46,15
2026-06-07 04:45:00,6.768,6.787,6.744,6.78,33666.16,15
2026-06-07 05:00:00,6.779,6.82,6.751,6.785,18335.13,15
2026-06-07 05:15:00,6.784,6.809,6.759,6.78,29927.3,15
2026-06-07 05:30:00,6.779,6.798,6.752,6.798,19775.88,15
2026-06-07 05:45:00,6.798,6.798,6.76,6.772,16492.11,15
2026-06-07 06:00:00,6.771,6.774,6.728,6.748,18000.760000000002,15
2026-06-07 06:15:00,6.748,6.803,6.743,6.801,41377.96,15
2026-06-07 06:30:00,6.801,6.835,6.794,6.821,39216.82,15
2026-06-07 06:45:00,6.82,6.83,6.79,6.792,37264.43,15
2026-06-07 07:00:00,6.791,6.806,6.758,6.788,40671.12,15
2026-06-07 07:15:00,6.788,6.811,6.771,6.809,27010.84,15
2026-06-07 07:30:00,6.808,6.822,6.797,6.815,26640.7,15
2026-06-07 07:45:00,6.814,6.833,6.799,6.825,30868.33,15
2026-06-07 08:00:00,6.825,6.825,6.779,6.8,18534.239999999998,15
2026-06-07 08:15:00,6.8,6.814,6.779,6.812,28670.97,15
2026-06-07 08:30:00,6.811,6.852,6.805,6.851,36891.07,15
2026-06-07 08:45:00,6.851,6.886,6.838,6.874,87074.39,15
2026-06-07 09:00:00,6.874,6.875,6.846,6.871,41397.76,15
2026-06-07 09:15:00,6.871,6.88,6.805,6.84,41417.93,15
2026-06-07 09:30:00,6.841,6.844,6.788,6.795,25056.52,15
2026-06-07 09:45:00,6.796,6.797,6.77,6.771,18846.510000000002,15
2026-06-07 10:00:00,6.772,6.781,6.723,6.739,28691.460000000003,15
2026-06-07 10:15:00,6.74,6.771,6.738,6.766,18263.829999999998,15
2026-06-07 10:30:00,6.766,6.771,6.715,6.724,38343.08,15
2026-06-07 10:45:00,6.725,6.726,6.696,6.714,26348.11,15
2026-06-07 11:00:00,6.714,6.722,6.695,6.708,26913.489999999998,15
2026-06-07 11:15:00,6.707,6.728,6.701,6.728,13024.85,15
2026-06-07 11:30:00,6.729,6.754,6.709,6.746,55903.66,15
2026-06-07 11:45:00,6.746,6.755,6.727,6.729,23965.2,15
2026-06-07 12:00:00,6.73,6.735,6.614,6.618,60332.29,15
2026-06-07 12:15:00,6.617,6.648,6.596,6.629,47522.19,15
2026-06-07 12:30:00,6.629,6.642,6.593,6.612,80604.36,15
2026-06-07 12:45:00,6.613,6.664,6.613,6.651,29467.3,15
2026-06-07 13:00:00,6.651,6.657,6.627,6.657,13222.560000000001,15
2026-06-07 13:15:00,6.658,6.676,6.642,6.673,27234.02,15
2026-06-07 13:30:00,6.672,6.672,6.635,6.666,19586.52,15
2026-06-07 13:45:00,6.666,6.67,6.646,6.66,20021.13,15
2026-06-07 14:00:00,6.66,6.679,6.646,6.657,17770.27,15
2026-06-07 14:15:00,6.657,6.75,6.653,6.737,48011.34,15
2026-06-07 14:30:00,6.737,6.777,6.704,6.709,51049.47,15
2026-06-07 14:45:00,6.71,6.727,6.679,6.725,39579.67999999999,15
2026-06-07 15:00:00,6.725,6.725,6.686,6.708,26388.600000000002,15
2026-06-07 15:15:00,6.708,6.713,6.669,6.691,37165.94,15
2026-06-07 15:30:00,6.691,6.72,6.691,6.714,15554.75,15
2026-06-07 15:45:00,6.713,6.713,6.671,6.71,30183.76,15
2026-06-07 16:00:00,6.71,6.718,6.674,6.698,21677.95,15
2026-06-07 16:15:00,6.699,6.714,6.683,6.698,19553.6,15
2026-06-07 16:30:00,6.698,6.723,6.692,6.693,15649.66,15
2026-06-07 16:45:00,6.694,6.711,6.669,6.698,14188.130000000001,15
2026-06-07 17:00:00,6.698,6.742,6.689,6.74,20092.92,15
2026-06-07 17:15:00,6.74,6.743,6.72,6.727,17847.23,15
2026-06-07 17:30:00,6.727,6.738,6.709,6.714,22741.91,15
2026-06-07 17:45:00,6.713,6.713,6.664,6.688,60402.62,15
2026-06-07 18:00:00,6.688,6.724,6.688,6.722,8940.72,15
2026-06-07 18:15:00,6.721,6.721,6.684,6.697,7476.93,15
2026-06-07 18:30:00,6.696,6.716,6.686,6.689,8946.14,15
2026-06-07 18:45:00,6.688,6.706,6.667,6.671,18850.9,15
2026-06-07 19:00:00,6.672,6.672,6.584,6.591,64209.92,15
2026-06-07 19:15:00,6.591,6.591,6.543,6.569,62222.54,15
2026-06-07 19:30:00,6.569,6.574,6.516,6.524,57192.21,15
2026-06-07 19:45:00,6.525,6.559,6.508,6.541,44880.42,15
2026-06-07 20:00:00,6.54,6.595,6.519,6.578,35030.95,15
2026-06-07 20:15:00,6.578,6.609,6.548,6.59,28191.420000000002,15
2026-06-07 20:30:00,6.589,6.603,6.571,6.586,15790.43,15
2026-06-07 20:45:00,6.586,6.62,6.578,6.61,19065.47,15
2026-06-07 21:00:00,6.609,6.628,6.591,6.624,13460.27,15
2026-06-07 21:15:00,6.624,6.625,6.578,6.597,13990.6,15
2026-06-07 21:30:00,6.596,6.6,6.561,6.565,14464.5,15
2026-06-07 21:45:00,6.565,6.595,6.561,6.595,10452.08,15
2026-06-07 22:00:00,6.596,6.897,6.59,6.884,106010.98999999999,15
2026-06-07 22:15:00,6.884,6.964,6.778,6.801,154049.33000000002,15
2026-06-07 22:30:00,6.802,6.839,6.755,6.802,61371.0,15
2026-06-07 22:45:00,6.803,6.82,6.74,6.75,43399.71,15
2026-06-07 23:00:00,6.749,6.784,6.739,6.782,40409.81,15
2026-06-07 23:15:00,6.782,6.806,6.736,6.803,33973.21,15
2026-06-07 23:30:00,6.804,6.814,6.783,6.805,21346.93,15
2026-06-07 23:45:00,6.805,6.839,6.782,6.819,36632.43,15
2026-06-08 00:00:00,6.818,6.833,6.765,6.786,28396.82,15
2026-06-08 00:15:00,6.785,6.813,6.773,6.812,27005.51,15
2026-06-08 00:30:00,6.812,6.864,6.786,6.83,44091.16,15
2026-06-08 00:45:00,6.83,6.857,6.804,6.822,20320.09,15
2026-06-08 01:00:00,6.823,6.825,6.695,6.696,44002.94,15
2026-06-08 01:15:00,6.696,6.708,6.645,6.656,57172.630000000005,15
2026-06-08 01:30:00,6.656,6.696,6.636,6.694,42384.25,15
2026-06-08 01:45:00,6.694,6.718,6.678,6.712,24939.09,15
2026-06-08 02:00:00,6.713,6.728,6.693,6.728,13522.71,15
2026-06-08 02:15:00,6.728,6.731,6.691,6.702,40431.73,15
2026-06-08 02:30:00,6.701,6.71,6.669,6.703,23536.45,15
2026-06-08 02:45:00,6.703,6.706,6.683,6.7,14581.119999999999,15
2026-06-08 03:00:00,6.7,6.736,6.681,6.699,18554.36,15
2026-06-08 03:15:00,6.699,6.703,6.641,6.642,40121.66,15
2026-06-08 03:30:00,6.643,6.663,6.637,6.648,20300.48,15
2026-06-08 03:45:00,6.648,6.679,6.646,6.668,15443.019999999999,15
2026-06-08 04:00:00,6.669,6.678,6.612,6.631,32176.22,15
2026-06-08 04:15:00,6.631,6.64,6.608,6.631,11748.23,15
2026-06-08 04:30:00,6.632,6.64,6.585,6.598,17861.46,15
2026-06-08 04:45:00,6.598,6.621,6.589,6.589,18371.03,15
2026-06-08 05:00:00,6.589,6.615,6.566,6.574,24708.63,15
2026-06-08 05:15:00,6.574,6.608,6.564,6.602,27084.47,15
2026-06-08 05:30:00,6.603,6.603,6.538,6.555,42494.5,15
2026-06-08 05:45:00,6.556,6.596,6.552,6.596,42348.24,15
2026-06-08 06:00:00,6.596,6.636,6.594,6.618,36734.58,15
2026-06-08 06:15:00,6.618,6.667,6.611,6.665,36187.87,15
2026-06-08 06:30:00,6.664,6.664,6.633,6.651,15995.61,15
2026-06-08 06:45:00,6.652,6.655,6.636,6.648,8787.15,15
2026-06-08 07:00:00,6.648,6.659,6.607,6.639,16307.72,15
2026-06-08 07:15:00,6.64,6.683,6.624,6.674,21359.54,15
2026-06-08 07:30:00,6.674,6.697,6.668,6.679,25252.920000000002,15
2026-06-08 07:45:00,6.68,6.705,6.68,6.703,20528.1,15
2026-06-08 08:00:00,6.703,6.705,6.655,6.697,25071.77,15
2026-06-08 08:15:00,6.697,6.705,6.66,6.692,17690.02,15
2026-06-08 08:30:00,6.693,6.695,6.668,6.676,70289.88,15
2026-06-08 08:45:00,6.677,6.677,6.629,6.663,25973.96,15
2026-06-08 09:00:00,6.662,6.683,6.621,6.664,14383.7,15
2026-06-08 09:15:00,6.664,6.695,6.653,6.662,28918.06,15
2026-06-08 09:30:00,6.661,6.69,6.625,6.671,41751.95,15
2026-06-08 09:45:00,6.671,6.715,6.668,6.709,23130.09,15
2026-06-08 10:00:00,6.708,6.719,6.688,6.705,20430.59,15
2026-06-08 10:15:00,6.704,6.709,6.664,6.679,14664.71,15
2026-06-08 10:30:00,6.679,6.745,6.678,6.703,28602.54,15
2026-06-08 10:45:00,6.703,6.707,6.683,6.702,17933.49,15
2026-06-08 11:00:00,6.702,6.753,6.688,6.744,38076.48,15
2026-06-08 11:15:00,6.744,6.81,6.74,6.81,43709.939999999995,15
2026-06-08 11:30:00,6.81,6.824,6.779,6.801,43326.19,15
2026-06-08 11:45:00,6.801,6.801,6.765,6.785,20359.57,15
2026-06-08 12:00:00,6.785,6.81,6.708,6.709,64232.12,15
2026-06-08 12:15:00,6.709,6.769,6.708,6.769,25775.77,15
2026-06-08 12:30:00,6.77,6.819,6.761,6.81,49935.82,15
2026-06-08 12:45:00,6.811,6.822,6.791,6.812,58838.83,15
2026-06-08 13:00:00,6.813,6.827,6.775,6.781,25468.37,15
2026-06-08 13:15:00,6.781,6.794,6.732,6.736,30064.66,15
2026-06-08 13:30:00,6.735,6.757,6.708,6.716,57914.14,15
2026-06-08 13:45:00,6.717,6.76,6.702,6.732,34317.66,15
2026-06-08 14:00:00,6.733,6.755,6.701,6.753,55610.92,15
2026-06-08 14:15:00,6.753,6.758,6.719,6.749,35469.97,15
2026-06-08 14:30:00,6.748,6.778,6.746,6.774,29736.52,15
2026-06-08 14:45:00,6.774,6.823,6.774,6.817,31515.62,15
2026-06-08 15:00:00,6.818,6.877,6.818,6.875,50296.9,15
2026-06-08 15:15:00,6.875,6.88,6.831,6.832,36720.43,15
2026-06-08 15:30:00,6.832,6.834,6.808,6.825,35973.86,15
2026-06-08 15:45:00,6.826,6.852,6.797,6.809,21179.71,15
2026-06-08 16:00:00,6.81,6.834,6.794,6.811,34023.9,15
2026-06-08 16:15:00,6.811,6.856,6.811,6.825,41078.82,15
2026-06-08 16:30:00,6.824,6.828,6.787,6.812,38565.24,15
2026-06-08 16:45:00,6.813,6.819,6.791,6.804,20093.25,15
2026-06-08 17:00:00,6.804,6.812,6.775,6.785,27560.83,15
2026-06-08 17:15:00,6.786,6.814,6.771,6.809,18109.850000000002,15
2026-06-08 17:30:00,6.81,6.811,6.774,6.799,25171.83,15
2026-06-08 17:45:00,6.8,6.835,6.799,6.832,28043.5,15
2026-06-08 18:00:00,6.831,6.856,6.831,6.853,20674.1,15
2026-06-08 18:15:00,6.853,6.864,6.841,6.852,18346.78,15
2026-06-08 18:30:00,6.853,6.863,6.817,6.819,17517.02,15
2026-06-08 18:45:00,6.819,6.826,6.79,6.821,16260.19,15
2026-06-08 19:00:00,6.821,6.835,6.805,6.818,10633.05,15
2026-06-08 19:15:00,6.819,6.847,6.804,6.829,17686.1,15
2026-06-08 19:30:00,6.829,6.84,6.81,6.821,15314.92,15
2026-06-08 19:45:00,6.82,6.838,6.807,6.822,18257.06,15
2026-06-08 20:00:00,6.823,6.825,6.768,6.779,27581.13,15
2026-06-08 20:15:00,6.78,6.783,6.753,6.754,43443.979999999996,15
2026-06-08 20:30:00,6.753,6.783,6.752,6.773,18510.41,15
2026-06-08 20:45:00,6.773,6.798,6.773,6.798,31931.57,15
2026-06-08 21:00:00,6.799,6.865,6.796,6.859,50715.05,15
2026-06-08 21:15:00,6.858,6.873,6.836,6.863,19182.77,15
2026-06-08 21:30:00,6.864,6.882,6.848,6.867,35664.79,15
2026-06-08 21:45:00,6.868,6.87,6.817,6.818,16218.9,15
2026-06-08 22:00:00,6.817,6.817,6.787,6.792,36938.46,15
2026-06-08 22:15:00,6.792,6.806,6.773,6.787,18517.37,15
2026-06-08 22:30:00,6.787,6.796,6.773,6.791,12908.75,15
2026-06-08 22:45:00,6.79,6.806,6.775,6.802,9037.89,15
2026-06-08 23:00:00,6.802,6.823,6.794,6.819,11282.88,15
2026-06-08 23:15:00,6.82,6.82,6.768,6.777,15140.78,15
2026-06-08 23:30:00,6.776,6.779,6.759,6.766,9193.52,15
2026-06-08 23:45:00,6.765,6.768,6.745,6.766,13420.869999999999,15
2026-06-09 00:00:00,6.767,6.775,6.751,6.751,25364.26,15
2026-06-09 00:15:00,6.752,6.777,6.665,6.669,134193.5,15
2026-06-09 00:30:00,6.67,6.67,6.593,6.637,84959.35,15
2026-06-09 00:45:00,6.636,6.636,6.597,6.616,56419.06,15
2026-06-09 01:00:00,6.615,6.636,6.598,6.617,35390.909999999996,15
2026-06-09 01:15:00,6.616,6.652,6.611,6.643,23510.21,15
2026-06-09 01:30:00,6.643,6.653,6.627,6.635,10911.66,15
2026-06-09 01:45:00,6.636,6.664,6.636,6.657,13422.22,15
2026-06-09 02:00:00,6.657,6.678,6.655,6.655,5877.41,15
2026-06-09 02:15:00,6.656,6.656,6.621,6.651,24936.2,15
2026-06-09 02:30:00,6.652,6.656,6.601,6.635,13924.52,15
2026-06-09 02:45:00,6.637,6.66,6.62,6.66,4323.0199999999995,15
2026-06-09 03:00:00,6.661,6.673,6.652,6.662,9718.2,15
2026-06-09 03:15:00,6.662,6.678,6.641,6.648,18538.68,15
2026-06-09 03:30:00,6.648,6.655,6.623,6.653,19966.45,15
2026-06-09 03:45:00,6.652,6.685,6.64,6.67,73880.15,15
2026-06-09 04:00:00,6.67,6.688,6.645,6.674,66538.38,15
2026-06-09 04:15:00,6.673,6.688,6.666,6.669,11492.33,15
2026-06-09 04:30:00,6.669,6.775,6.655,6.763,64971.39,15
2026-06-09 04:45:00,6.763,6.778,6.743,6.744,31099.74,15
2026-06-09 05:00:00,6.744,6.767,6.739,6.759,10888.7,15
2026-06-09 05:15:00,6.759,6.78,6.759,6.763,14780.55,15
2026-06-09 05:30:00,6.763,6.793,6.763,6.775,21417.11,15
2026-06-09 05:45:00,6.774,6.783,6.764,6.779,7509.4,15
2026-06-09 06:00:00,6.78,6.784,6.762,6.781,13899.28,15
2026-06-09 06:15:00,6.782,6.788,6.772,6.776,9707.68,15
2026-06-09 06:30:00,6.777,6.78,6.762,6.769,8332.27,15
2026-06-09 06:45:00,6.769,6.775,6.753,6.755,11706.98,15
2026-06-09 07:00:00,6.756,6.787,6.756,6.765,12720.25,15
2026-06-09 07:15:00,6.764,6.785,6.729,6.734,32222.02,15
2026-06-09 07:30:00,6.735,6.758,6.733,6.757,12932.08,15
2026-06-09 07:45:00,6.758,6.765,6.742,6.748,11190.740000000002,15
2026-06-09 08:00:00,6.749,6.751,6.701,6.715,35114.93,15
2026-06-09 08:15:00,6.715,6.732,6.707,6.719,7549.79,15
2026-06-09 08:30:00,6.718,6.738,6.709,6.729,11913.31,15
2026-06-09 08:45:00,6.729,6.737,6.717,6.719,7759.24,15
2026-06-09 09:00:00,6.718,6.721,6.701,6.713,10096.05,15
2026-06-09 09:15:00,6.713,6.728,6.692,6.697,16903.68,15
2026-06-09 09:30:00,6.697,6.698,6.663,6.669,22445.88,15
2026-06-09 09:45:00,6.67,6.679,6.664,6.677,8376.8,15
2026-06-09 10:00:00,6.678,6.691,6.66,6.683,28965.34,15
2026-06-09 10:15:00,6.683,6.683,6.665,6.678,11283.1,15
2026-06-09 10:30:00,6.678,6.681,6.665,6.681,5581.46,15
2026-06-09 10:45:00,6.681,6.703,6.674,6.696,21325.100000000002,15
2026-06-09 11:00:00,6.695,6.701,6.67,6.671,13348.05,15
2026-06-09 11:15:00,6.671,6.687,6.667,6.68,5209.14,15
2026-06-09 11:30:00,6.68,6.704,6.679,6.697,8945.52,15
2026-06-09 11:45:00,6.696,6.718,6.694,6.711,14628.24,15
2026-06-09 12:00:00,6.71,6.743,6.708,6.739,26928.07,15
2026-06-09 12:15:00,6.738,6.738,6.714,6.716,6970.48,15
2026-06-09 12:30:00,6.716,6.732,6.71,6.711,5952.63,15
2026-06-09 12:45:00,6.711,6.743,6.701,6.735,14588.880000000001,15
2026-06-09 13:00:00,6.735,6.748,6.725,6.728,17868.18,15
2026-06-09 13:15:00,6.727,6.728,6.676,6.687,25326.89,15
2026-06-09 13:30:00,6.687,6.704,6.672,6.698,26887.449999999997,15
2026-06-09 13:45:00,6.698,6.721,6.69,6.69,26346.1,15
2026-06-09 14:00:00,6.69,6.705,6.646,6.647,29594.15,15
2026-06-09 14:15:00,6.646,6.654,6.562,6.567,95094.99,15
2026-06-09 14:30:00,6.568,6.587,6.539,6.55,52289.52,15
2026-06-09 14:45:00,6.551,6.61,6.531,6.61,37731.65,15
2026-06-09 15:00:00,6.609,6.642,6.589,6.636,26247.399999999998,15
2026-06-09 15:15:00,6.636,6.643,6.564,6.564,16457.11,15
2026-06-09 15:30:00,6.565,6.576,6.534,6.563,35386.15,15
2026-06-09 15:45:00,6.563,6.57,6.518,6.526,31762.75,15
2026-06-09 16:00:00,6.526,6.541,6.494,6.511,48158.36,15
2026-06-09 16:15:00,6.511,6.535,6.476,6.533,25302.31,15
2026-06-09 16:30:00,6.532,6.554,6.445,6.506,60591.2,15
2026-06-09 16:45:00,6.505,6.529,6.478,6.521,32336.04,15
2026-06-09 17:00:00,6.521,6.594,6.517,6.584,44518.93,15
2026-06-09 17:15:00,6.584,6.638,6.579,6.623,35697.25,15
2026-06-09 17:30:00,6.624,6.641,6.607,6.607,24673.87,15
2026-06-09 17:45:00,6.607,6.624,6.598,6.608,20890.48,15
2026-06-09 18:00:00,6.608,6.621,6.59,6.62,15866.08,15
2026-06-09 18:15:00,6.619,6.675,6.617,6.638,27345.91,15
2026-06-09 18:30:00,6.637,6.666,6.623,6.624,19663.83,15
2026-06-09 18:45:00,6.625,6.659,6.625,6.65,19175.51,15
2026-06-09 19:00:00,6.65,6.668,6.638,6.645,16410.14,15
2026-06-09 19:15:00,6.646,6.658,6.633,6.658,14155.57,15
2026-06-09 19:30:00,6.659,6.68,6.637,6.647,21037.82,15
2026-06-09 19:45:00,6.646,6.678,6.631,6.658,35288.98,15
2026-06-09 20:00:00,6.659,6.688,6.656,6.684,21013.14,15
2026-06-09 20:15:00,6.684,6.698,6.664,6.681,13717.29,15
2026-06-09 20:30:00,6.681,6.7,6.666,6.691,16624.38,15
2026-06-09 20:45:00,6.691,6.692,6.67,6.68,22945.04,15
2026-06-09 21:00:00,6.68,6.69,6.662,6.684,20850.45,15
2026-06-09 21:15:00,6.685,6.686,6.635,6.636,18649.14,15
2026-06-09 21:30:00,6.637,6.649,6.614,6.63,23287.89,15
2026-06-09 21:45:00,6.63,6.635,6.617,6.625,13320.59,15
2026-06-09 22:00:00,6.625,6.636,6.611,6.636,5202.75,15
2026-06-09 22:15:00,6.636,6.657,6.632,6.645,10174.92,15
2026-06-09 22:30:00,6.646,6.655,6.635,6.641,11983.91,15
2026-06-09 22:45:00,6.641,6.654,6.613,6.619,40385.92,15
2026-06-09 23:00:00,6.619,6.632,6.611,6.63,16193.64,15
2026-06-09 23:15:00,6.63,6.647,6.629,6.637,11198.96,15
2026-06-09 23:30:00,6.638,6.64,6.617,6.634,11279.39,15
2026-06-09 23:45:00,6.635,6.652,6.628,6.639,9100.64,15
2026-06-10 00:00:00,6.639,6.675,6.638,6.668,18603.7,15
2026-06-10 00:15:00,6.667,6.676,6.648,6.674,6894.18,15
2026-06-10 00:30:00,6.673,6.673,6.601,6.607,22039.09,15
2026-06-10 00:45:00,6.608,6.67,6.607,6.668,14981.58,15
2026-06-10 01:00:00,6.668,6.68,6.645,6.658,15491.28,15
2026-06-10 01:15:00,6.659,6.673,6.644,6.651,10559.05,15
2026-06-10 01:30:00,6.652,6.66,6.619,6.633,12148.67,15
2026-06-10 01:45:00,6.633,6.657,6.625,6.635,14826.1,15
2026-06-10 02:00:00,6.636,6.65,6.628,6.628,10280.08,15
2026-06-10 02:15:00,6.629,6.63,6.593,6.612,12594.369999999999,15
2026-06-10 02:30:00,6.613,6.619,6.565,6.571,19560.260000000002,15
2026-06-10 02:45:00,6.571,6.575,6.556,6.566,6450.7,15
2026-06-10 03:00:00,6.567,6.595,6.557,6.576,11564.31,15
2026-06-10 03:15:00,6.577,6.611,6.572,6.603,8527.6,15
2026-06-10 03:30:00,6.602,6.602,6.577,6.584,5403.55,15
2026-06-10 03:45:00,6.584,6.593,6.577,6.583,2296.74,15
2026-06-10 04:00:00,6.583,6.59,6.573,6.587,5223.81,15
2026-06-10 04:15:00,6.586,6.593,6.58,6.582,12341.68,15
2026-06-10 04:30:00,6.582,6.582,6.539,6.539,12757.83,15
2026-06-10 04:45:00,6.538,6.553,6.532,6.547,13438.38,15
2026-06-10 05:00:00,6.548,6.564,6.531,6.534,7084.01,15
2026-06-10 05:15:00,6.535,6.535,6.489,6.51,42446.67,15
2026-06-10 05:30:00,6.511,6.518,6.495,6.513,15054.76,15
2026-06-10 05:45:00,6.512,6.524,6.502,6.515,15543.7,15
2026-06-10 06:00:00,6.515,6.528,6.499,6.514,17600.420000000002,15
2026-06-10 06:15:00,6.515,6.527,6.509,6.519,17015.92,15
2026-06-10 06:30:00,6.519,6.548,6.497,6.54,18137.79,15
2026-06-10 06:45:00,6.541,6.551,6.526,6.528,10177.82,15
2026-06-10 07:00:00,6.527,6.559,6.526,6.554,13445.279999999999,15
2026-06-10 07:15:00,6.553,6.581,6.551,6.57,20551.559999999998,15
2026-06-10 07:30:00,6.57,6.585,6.555,6.571,11901.699999999999,15
2026-06-10 07:45:00,6.57,6.577,6.559,6.563,18137.37,15
2026-06-10 08:00:00,6.564,6.564,6.517,6.522,30516.97,15
2026-06-10 08:15:00,6.522,6.54,6.511,6.515,22034.0,15
2026-06-10 08:30:00,6.516,6.527,6.442,6.452,93874.82,15
2026-06-10 08:45:00,6.453,6.476,6.444,6.473,33139.94,15
2026-06-10 09:00:00,6.474,6.493,6.46,6.461,45905.68,15
2026-06-10 09:15:00,6.462,6.483,6.432,6.48,29408.05,15
2026-06-10 09:30:00,6.479,6.5,6.477,6.485,16749.79,15
2026-06-10 09:45:00,6.485,6.509,6.468,6.494,10502.140000000001,15
2026-06-10 10:00:00,6.495,6.496,6.454,6.464,14382.73,15
2026-06-10 10:15:00,6.464,6.474,6.44,6.471,22566.34,15
2026-06-10 10:30:00,6.471,6.498,6.47,6.481,9944.16,15
2026-06-10 10:45:00,6.482,6.504,6.481,6.499,9427.44,15
2026-06-10 11:00:00,6.5,6.509,6.422,6.468,71279.29,15
2026-06-10 11:15:00,6.467,6.478,6.419,6.432,45944.57,15
2026-06-10 11:30:00,6.433,6.459,6.429,6.451,24028.52,15
2026-06-10 11:45:00,6.451,6.477,6.449,6.462,13592.58,15
2026-06-10 12:00:00,6.462,6.486,6.439,6.476,19943.8,15
2026-06-10 12:15:00,6.475,6.488,6.446,6.483,26406.68,15
2026-06-10 12:30:00,6.483,6.601,6.474,6.555,128221.87999999999,15
2026-06-10 12:45:00,6.555,6.575,6.543,6.543,19045.02,15
2026-06-10 13:00:00,6.543,6.557,6.529,6.547,24721.63,15
2026-06-10 13:15:00,6.547,6.553,6.531,6.549,15783.5,15
2026-06-10 13:30:00,6.549,6.659,6.538,6.659,88922.88,15
2026-06-10 13:45:00,6.66,6.664,6.593,6.599,43679.85,15
2026-06-10 14:00:00,6.6,6.61,6.558,6.561,37645.11,15
2026-06-10 14:15:00,6.561,6.569,6.522,6.552,24560.43,15
2026-06-10 14:30:00,6.552,6.573,6.521,6.545,31279.22,15
2026-06-10 14:45:00,6.544,6.554,6.51,6.554,37273.81,15
2026-06-10 15:00:00,6.555,6.586,6.502,6.52,52565.98,15
2026-06-10 15:15:00,6.52,6.58,6.508,6.57,39300.57,15
2026-06-10 15:30:00,6.57,6.6,6.559,6.596,43169.51,15
2026-06-10 15:45:00,6.595,6.617,6.517,6.58,89257.71,15
2026-06-10 16:00:00,6.58,6.583,6.54,6.544,46093.26,15
2026-06-10 16:15:00,6.545,6.564,6.505,6.532,40860.2,15
2026-06-10 16:30:00,6.532,6.552,6.514,6.518,56670.990000000005,15
2026-06-10 16:45:00,6.517,6.517,6.461,6.506,55671.59,15
2026-06-10 17:00:00,6.506,6.535,6.478,6.489,37599.02,15
2026-06-10 17:15:00,6.489,6.516,6.46,6.461,25193.03,15
2026-06-10 17:30:00,6.462,6.469,6.429,6.444,88877.5,15
2026-06-10 17:45:00,6.444,6.498,6.439,6.49,42276.0,15
2026-06-10 18:00:00,6.49,6.51,6.483,6.492,23255.3,15
2026-06-10 18:15:00,6.492,6.532,6.479,6.532,26605.01,15
2026-06-10 18:30:00,6.532,6.532,6.483,6.492,24635.77,15
2026-06-10 18:45:00,6.493,6.535,6.481,6.535,40648.159999999996,15
2026-06-10 19:00:00,6.534,6.536,6.492,6.494,32062.76,15
2026-06-10 19:15:00,6.494,6.505,6.458,6.48,31701.74,15
2026-06-10 19:30:00,6.481,6.504,6.475,6.492,38339.31,15
2026-06-10 19:45:00,6.491,6.492,6.442,6.461,65648.84,15
2026-06-10 20:00:00,6.462,6.476,6.434,6.466,31821.24,15
2026-06-10 20:15:00,6.466,6.484,6.44,6.475,27564.04,15
2026-06-10 20:30:00,6.474,6.476,6.447,6.448,20971.71,15
2026-06-10 20:45:00,6.447,6.456,6.423,6.443,33477.69,15
2026-06-10 21:00:00,6.442,6.443,6.358,6.376,65383.36,15
2026-06-10 21:15:00,6.377,6.399,6.366,6.386,39787.71,15
2026-06-10 21:30:00,6.386,6.402,6.379,6.397,30145.399999999998,15
2026-06-10 21:45:00,6.397,6.402,6.301,6.338,56998.5,15
2026-06-10 22:00:00,6.339,6.344,6.312,6.336,45684.01,15
2026-06-10 22:15:00,6.335,6.352,6.314,6.335,43851.89,15
2026-06-10 22:30:00,6.336,6.392,6.334,6.378,39291.44,15
2026-06-10 22:45:00,6.378,6.379,6.331,6.333,35636.33,15
2026-06-10 23:00:00,6.333,6.338,6.317,6.322,28200.7,15
2026-06-10 23:15:00,6.322,6.386,6.306,6.386,41670.89,15
2026-06-10 23:30:00,6.387,6.398,6.366,6.391,16436.97,15
2026-06-10 23:45:00,6.392,6.407,6.38,6.383,17031.48,15
2026-06-11 00:00:00,6.382,6.416,6.381,6.416,14622.47,15
2026-06-11 00:15:00,6.416,6.451,6.416,6.435,25519.68,15
2026-06-11 00:30:00,6.435,6.445,6.421,6.427,30350.55,15
2026-06-11 00:45:00,6.428,6.444,6.425,6.435,12295.25,15
2026-06-11 01:00:00,6.434,6.475,6.433,6.467,20517.86,15
2026-06-11 01:15:00,6.467,6.484,6.466,6.47,12855.68,15
2026-06-11 01:30:00,6.471,6.516,6.462,6.509,27080.13,15
2026-06-11 01:45:00,6.51,6.52,6.497,6.501,19446.59,15
2026-06-11 02:00:00,6.501,6.508,6.475,6.481,16421.09,15
2026-06-11 02:15:00,6.481,6.487,6.456,6.459,10902.57,15
2026-06-11 02:30:00,6.46,6.473,6.444,6.469,20846.010000000002,15
2026-06-11 02:45:00,6.468,6.496,6.456,6.482,14374.47,15
2026-06-11 03:00:00,6.482,6.489,6.458,6.468,9594.28,15
2026-06-11 03:15:00,6.468,6.49,6.468,6.49,4989.07,15
2026-06-11 03:30:00,6.49,6.534,6.488,6.509,36496.29,15
2026-06-11 03:45:00,6.51,6.64,6.51,6.597,98921.45999999999,15
2026-06-11 04:00:00,6.597,6.603,6.575,6.586,56814.17,15
2026-06-11 04:15:00,6.586,6.603,6.583,6.589,33460.21,15
2026-06-11 04:30:00,6.589,6.604,6.57,6.604,32722.87,15
2026-06-11 04:45:00,6.603,6.63,6.601,6.607,31171.09,15
2026-06-11 05:00:00,6.606,6.606,6.579,6.588,10954.68,15
2026-06-11 05:15:00,6.587,6.604,6.578,6.585,32733.34,15
2026-06-11 05:30:00,6.585,6.594,6.578,6.594,6869.570000000001,15
2026-06-11 05:45:00,6.593,6.595,6.566,6.567,15380.529999999999,15
2026-06-11 06:00:00,6.567,6.581,6.549,6.579,30227.11,15
2026-06-11 06:15:00,6.579,6.609,6.578,6.6,31497.17,15
2026-06-11 06:30:00,6.6,6.609,6.593,6.598,11124.86,15
2026-06-11 06:45:00,6.598,6.603,6.578,6.578,16382.65,15
2026-06-11 07:00:00,6.577,6.589,6.573,6.587,10038.47,15
2026-06-11 07:15:00,6.587,6.608,6.587,6.605,12758.039999999999,15
2026-06-11 07:30:00,6.606,6.61,6.574,6.575,9696.17,15
2026-06-11 07:45:00,6.576,6.594,6.573,6.593,27308.260000000002,15
2026-06-11 08:00:00,6.593,6.616,6.586,6.611,32058.97,15
2026-06-11 08:15:00,6.611,6.63,6.607,6.63,20588.57,15
2026-06-11 08:30:00,6.63,6.642,6.618,6.621,26049.37,15
2026-06-11 08:45:00,6.62,6.635,6.611,6.614,17591.489999999998,15
2026-06-11 09:00:00,6.613,6.613,6.566,6.566,36569.93,15
2026-06-11 09:15:00,6.565,6.602,6.54,6.556,85670.47,15
2026-06-11 09:30:00,6.557,6.582,6.557,6.566,18366.82,15
2026-06-11 09:45:00,6.566,6.59,6.563,6.579,6632.08,15
2026-06-11 10:00:00,6.578,6.588,6.556,6.568,15683.42,15
2026-06-11 10:15:00,6.568,6.573,6.552,6.566,15430.28,15
2026-06-11 10:30:00,6.565,6.574,6.559,6.563,8083.9,15
2026-06-11 10:45:00,6.563,6.584,6.56,6.577,21153.21,15
2026-06-11 11:00:00,6.576,6.591,6.554,6.591,20587.98,15
2026-06-11 11:15:00,6.59,6.593,6.571,6.583,9722.76,15
2026-06-11 11:30:00,6.582,6.592,6.568,6.584,11400.61,15
2026-06-11 11:45:00,6.583,6.622,6.582,6.598,23576.25,15
2026-06-11 12:00:00,6.599,6.6,6.579,6.586,21863.07,15
2026-06-11 12:15:00,6.586,6.595,6.501,6.528,74831.64,15
2026-06-11 12:30:00,6.527,6.56,6.51,6.557,38848.08,15
2026-06-11 12:45:00,6.557,6.563,6.538,6.558,28855.43,15
2026-06-11 13:00:00,6.557,6.562,6.539,6.559,21323.27,15
2026-06-11 13:15:00,6.559,6.577,6.547,6.556,11852.35,15
2026-06-11 13:30:00,6.556,6.577,6.537,6.573,31381.45,15
2026-06-11 13:45:00,6.574,6.611,6.573,6.585,42040.68,15
2026-06-11 14:00:00,6.585,6.597,6.544,6.547,33440.12,15
2026-06-11 14:15:00,6.546,6.556,6.523,6.555,55790.34,15
2026-06-11 14:30:00,6.554,6.583,6.543,6.567,30530.63,15
2026-06-11 14:45:00,6.568,6.589,6.544,6.544,17306.64,15
2026-06-11 15:00:00,6.544,6.562,6.51,6.547,40839.88,15
2026-06-11 15:15:00,6.547,6.569,6.535,6.561,11119.34,15
2026-06-11 15:30:00,6.56,6.573,6.537,6.54,11924.390000000001,15
2026-06-11 15:45:00,6.541,6.546,6.524,6.544,15369.45,15
2026-06-11 16:00:00,6.545,6.56,6.539,6.559,11198.51,15
2026-06-11 16:15:00,6.56,6.561,6.519,6.528,24880.22,15
2026-06-11 16:30:00,6.527,6.549,6.511,6.527,22367.35,15
2026-06-11 16:45:00,6.528,6.531,6.512,6.517,9404.73,15
2026-06-11 17:00:00,6.516,6.527,6.492,6.495,52408.45,15
2026-06-11 17:15:00,6.495,6.577,6.476,6.577,62078.6,15
2026-06-11 17:30:00,6.576,6.653,6.574,6.648,82907.44,15
2026-06-11 17:45:00,6.647,6.689,6.628,6.672,64202.340000000004,15
2026-06-11 18:00:00,6.673,6.692,6.63,6.662,44114.72,15
2026-06-11 18:15:00,6.662,6.683,6.628,6.635,40040.47,15
2026-06-11 18:30:00,6.636,6.671,6.634,6.664,18272.01,15
2026-06-11 18:45:00,6.664,6.67,6.647,6.651,14234.87,15
2026-06-11 19:00:00,6.65,6.668,6.634,6.65,20998.52,15
2026-06-11 19:15:00,6.651,6.669,6.647,6.656,25193.47,15
2026-06-11 19:30:00,6.656,6.707,6.656,6.675,59865.3,15
2026-06-11 19:45:00,6.675,6.678,6.661,6.667,17489.61,15
2026-06-11 20:00:00,6.668,6.678,6.657,6.661,15868.65,15
2026-06-11 20:15:00,6.661,6.67,6.613,6.621,44037.950000000004,15
2026-06-11 20:30:00,6.621,6.626,6.607,6.611,19575.670000000002,15
2026-06-11 20:45:00,6.61,6.634,6.61,6.634,9029.64,15
2026-06-11 21:00:00,6.634,6.672,6.633,6.666,20576.88,15
2026-06-11 21:15:00,6.665,6.666,6.646,6.647,7692.71,15
2026-06-11 21:30:00,6.648,6.657,6.646,6.654,13940.74,15
2026-06-11 21:45:00,6.654,6.667,6.644,6.651,12594.82,15
2026-06-11 22:00:00,6.651,6.667,6.647,6.655,11644.550000000001,15
2026-06-11 22:15:00,6.655,6.663,6.648,6.662,12230.22,15
2026-06-11 22:30:00,6.662,6.677,6.639,6.642,10894.28,15
2026-06-11 22:45:00,6.641,6.659,6.634,6.646,7740.59,15
2026-06-11 23:00:00,6.646,6.646,6.626,6.638,8347.84,15
2026-06-11 23:15:00,6.637,6.646,6.632,6.633,3752.04,15
2026-06-11 23:30:00,6.632,6.672,6.631,6.657,20900.02,15
2026-06-11 23:45:00,6.657,6.658,6.636,6.648,10058.81,15
2026-06-12 00:00:00,6.648,6.665,6.637,6.656,18825.850000000002,15
2026-06-12 00:15:00,6.655,6.661,6.643,6.658,5233.67,15
2026-06-12 00:30:00,6.658,6.667,6.651,6.653,8663.81,15
2026-06-12 00:45:00,6.653,6.654,6.638,6.64,8318.42,15
2026-06-12 01:00:00,6.639,6.641,6.621,6.633,13051.65,15
2026-06-12 01:15:00,6.634,6.639,6.601,6.617,15300.86,15
2026-06-12 01:30:00,6.617,6.622,6.61,6.617,7909.23,15
2026-06-12 01:45:00,6.618,6.631,6.617,6.629,4561.22,15
2026-06-12 02:00:00,6.63,6.672,6.63,6.661,15340.42,15
2026-06-12 02:15:00,6.662,6.664,6.645,6.653,7203.79,15
2026-06-12 02:30:00,6.654,6.676,6.653,6.676,7174.28,15
2026-06-12 02:45:00,6.677,6.677,6.655,6.661,4489.6,15
2026-06-12 03:00:00,6.661,6.665,6.652,6.658,2735.69,15
2026-06-12 03:15:00,6.659,6.661,6.637,6.651,5140.96,15
2026-06-12 03:30:00,6.652,6.665,6.637,6.648,8750.31,15
2026-06-12 03:45:00,6.648,6.659,6.645,6.659,4475.43,15
2026-06-12 04:00:00,6.659,6.659,6.641,6.645,9559.050000000001,15
2026-06-12 04:15:00,6.645,6.679,6.645,6.676,20649.99,15
2026-06-12 04:30:00,6.676,6.69,6.661,6.673,11481.33,15
2026-06-12 04:45:00,6.674,6.675,6.664,6.664,5156.34,15
2026-06-12 05:00:00,6.665,6.665,6.631,6.636,12102.06,15
2026-06-12 05:15:00,6.637,6.651,6.637,6.639,3826.15,15
2026-06-12 05:30:00,6.638,6.643,6.614,6.627,14192.23,15
2026-06-12 05:45:00,6.627,6.633,6.612,6.619,9874.369999999999,15
2026-06-12 06:00:00,6.617,6.625,6.589,6.593,25423.07,15
2026-06-12 06:15:00,6.594,6.595,6.567,6.572,25617.38,15
2026-06-12 06:30:00,6.571,6.571,6.527,6.544,25156.54,15
2026-06-12 06:45:00,6.543,6.56,6.543,6.546,21520.75,15
2026-06-12 07:00:00,6.546,6.572,6.546,6.553,10438.26,15
2026-06-12 07:15:00,6.553,6.565,6.548,6.552,7251.47,15
2026-06-12 07:30:00,6.552,6.563,6.55,6.557,10868.46,15
2026-06-12 07:45:00,6.557,6.584,6.55,6.571,16936.71,15
2026-06-12 08:00:00,6.572,6.599,6.568,6.587,8516.77,15
2026-06-12 08:15:00,6.588,6.637,6.588,6.624,22016.25,15
2026-06-12 08:30:00,6.624,6.628,6.603,6.603,5908.32,15
2026-06-12 08:45:00,6.603,6.626,6.603,6.624,4626.98,15
2026-06-12 09:00:00,6.623,6.629,6.615,6.625,7710.26,15
2026-06-12 09:15:00,6.625,6.65,6.625,6.648,15254.1,15
2026-06-12 09:30:00,6.648,6.659,6.645,6.658,13491.03,15
2026-06-12 09:45:00,6.658,6.668,6.647,6.647,15209.32,15
2026-06-12 10:00:00,6.647,6.662,6.643,6.65,8318.42,15
2026-06-12 10:15:00,6.65,6.653,6.614,6.625,10059.64,15
2026-06-12 10:30:00,6.626,6.653,6.626,6.638,10617.76,15
2026-06-12 10:45:00,6.638,6.646,6.632,6.637,8019.39,15
2026-06-12 11:00:00,6.637,6.659,6.636,6.655,7823.88,15
2026-06-12 11:15:00,6.654,6.659,6.644,6.651,4990.33,15
2026-06-12 11:30:00,6.651,6.651,6.629,6.644,19102.32,15
2026-06-12 11:45:00,6.645,6.653,6.633,6.638,7505.860000000001,15
2026-06-12 12:00:00,6.637,6.65,6.624,6.635,11543.93,15
2026-06-12 12:15:00,6.635,6.642,6.615,6.618,9773.49,15
2026-06-12 12:30:00,6.617,6.634,6.608,6.615,9598.25,15
2026-06-12 12:45:00,6.615,6.634,6.607,6.617,8923.67,15
2026-06-12 13:00:00,6.617,6.62,6.597,6.61,8677.33,15
2026-06-12 13:15:00,6.611,6.618,6.582,6.595,11477.46,15
2026-06-12 13:30:00,6.596,6.605,6.527,6.552,58269.72,15
2026-06-12 13:45:00,6.552,6.561,6.52,6.542,36181.23,15
2026-06-12 14:00:00,6.542,6.579,6.537,6.577,38277.93,15
2026-06-12 14:15:00,6.577,6.603,6.556,6.601,28254.440000000002,15
2026-06-12 14:30:00,6.601,6.633,6.587,6.594,33740.59,15
2026-06-12 14:45:00,6.594,6.673,6.589,6.667,42801.74,15
2026-06-12 15:00:00,6.668,6.696,6.649,6.696,59586.05,15
2026-06-12 15:15:00,6.696,6.7,6.65,6.651,34373.44,15
2026-06-12 15:30:00,6.651,6.658,6.611,6.623,39055.47,15
2026-06-12 15:45:00,6.624,6.625,6.546,6.554,42656.78,15
2026-06-12 16:00:00,6.552,6.603,6.523,6.594,57194.89,15
2026-06-12 16:15:00,6.593,6.601,6.566,6.59,17222.73,15
2026-06-12 16:30:00,6.59,6.617,6.58,6.6,14407.11,15
2026-06-12 16:45:00,6.6,6.623,6.597,6.622,9283.26,15
2026-06-12 17:00:00,6.623,6.654,6.616,6.624,24899.47,15
2026-06-12 17:15:00,6.624,6.624,6.59,6.604,12201.62,15
2026-06-12 17:30:00,6.604,6.615,6.597,6.605,11773.58,15
2026-06-12 17:45:00,6.605,6.612,6.591,6.596,5358.25,15
2026-06-12 18:00:00,6.596,6.607,6.559,6.578,38081.24,15
2026-06-12 18:15:00,6.577,6.589,6.563,6.588,6770.48,15
2026-06-12 18:30:00,6.588,6.617,6.58,6.61,5564.79,15
2026-06-12 18:45:00,6.609,6.614,6.586,6.586,6883.08,15
2026-06-12 19:00:00,6.587,6.614,6.587,6.611,4791.87,15
2026-06-12 19:15:00,6.612,6.615,6.598,6.606,6779.139999999999,15
2026-06-12 19:30:00,6.607,6.628,6.588,6.605,16876.73,15
2026-06-12 19:45:00,6.606,6.61,6.581,6.586,9132.19,15
2026-06-12 20:00:00,6.587,6.599,6.573,6.599,16750.11,15
2026-06-12 20:15:00,6.599,6.6,6.586,6.6,7207.7699999999995,15
2026-06-12 20:30:00,6.6,6.606,6.59,6.592,5053.53,15
2026-06-12 20:45:00,6.593,6.593,6.571,6.581,9331.62,15
2026-06-12 21:00:00,6.582,6.595,6.57,6.593,9762.76,15
2026-06-12 21:15:00,6.592,6.603,6.592,6.596,3884.0,15
2026-06-12 21:30:00,6.595,6.602,6.592,6.597,4695.03,15
2026-06-12 21:45:00,6.597,6.597,6.554,6.565,14612.99,15
2026-06-12 22:00:00,6.565,6.573,6.55,6.571,15699.53,15
2026-06-12 22:15:00,6.572,6.588,6.569,6.582,19468.22,15
2026-06-12 22:30:00,6.582,6.587,6.567,6.568,9316.65,15
2026-06-12 22:45:00,6.567,6.571,6.562,6.571,2754.1,15
2026-06-12 23:00:00,6.571,6.571,6.55,6.557,5464.07,15
2026-06-12 23:15:00,6.558,6.562,6.54,6.551,5279.77,15
2026-06-12 23:30:00,6.55,6.564,6.544,6.554,15542.09,15
2026-06-12 23:45:00,6.554,6.575,6.554,6.571,2083.75,15
2026-06-13 00:00:00,6.57,6.581,6.557,6.581,6614.09,15
2026-06-13 00:15:00,6.58,6.585,6.571,6.571,2628.4,15
2026-06-13 00:30:00,6.57,6.586,6.567,6.576,6882.49,15
2026-06-13 00:45:00,6.576,6.595,6.573,6.586,3159.44,15
2026-06-13 01:00:00,6.586,6.608,6.581,6.605,5072.46,15
2026-06-13 01:15:00,6.605,6.608,6.592,6.606,7226.28,15
2026-06-13 01:30:00,6.605,6.635,6.603,6.619,21721.79,15
2026-06-13 01:45:00,6.618,6.628,6.617,6.62,4284.0,15
2026-06-13 02:00:00,6.62,6.625,6.613,6.613,5544.8099999999995,15
2026-06-13 02:15:00,6.612,6.613,6.6,6.605,6510.05,15
2026-06-13 02:30:00,6.606,6.615,6.598,6.6,7415.349999999999,15
2026-06-13 02:45:00,6.6,6.608,6.591,6.605,2470.29,15
2026-06-13 03:00:00,6.605,6.616,6.603,6.603,3072.25,15
2026-06-13 03:15:00,6.604,6.604,6.573,6.584,12625.72,15
2026-06-13 03:30:00,6.584,6.597,6.58,6.597,1640.8700000000001,15
2026-06-13 03:45:00,6.598,6.614,6.597,6.597,5243.09,15
2026-06-13 04:00:00,6.598,6.604,6.573,6.582,3030.77,15
2026-06-13 04:15:00,6.583,6.599,6.58,6.588,2043.24,15
2026-06-13 04:30:00,6.588,6.615,6.588,6.61,3348.99,15
2026-06-13 04:45:00,6.61,6.622,6.588,6.588,12063.59,15
2026-06-13 05:00:00,6.589,6.62,6.588,6.608,5658.55,15
2026-06-13 05:15:00,6.607,6.609,6.586,6.588,4888.48,15
2026-06-13 05:30:00,6.588,6.608,6.583,6.597,5000.94,15
2026-06-13 05:45:00,6.597,6.597,6.569,6.592,4575.8,15
2026-06-13 06:00:00,6.593,6.601,6.584,6.591,4389.26,15
2026-06-13 06:15:00,6.59,6.595,6.573,6.595,16367.240000000002,15
2026-06-13 06:30:00,6.596,6.619,6.591,6.611,9038.63,15
2026-06-13 06:45:00,6.613,6.643,6.613,6.635,19835.73,15
2026-06-13 07:00:00,6.634,6.645,6.618,6.64,15609.66,15
2026-06-13 07:15:00,6.641,6.686,6.637,6.676,31785.79,15
2026-06-13 07:30:00,6.676,6.676,6.65,6.657,13692.4,15
2026-06-13 07:45:00,6.657,6.677,6.656,6.666,17328.32,15
2026-06-13 08:00:00,6.667,6.683,6.66,6.669,14273.38,15
2026-06-13 08:15:00,6.668,6.675,6.648,6.661,6741.35,15
2026-06-13 08:30:00,6.66,6.673,6.655,6.663,7521.639999999999,15
2026-06-13 08:45:00,6.663,6.664,6.651,6.661,4057.8,15
2026-06-13 09:00:00,6.661,6.669,6.651,6.661,4317.33,15
2026-06-13 09:15:00,6.661,6.671,6.653,6.657,5452.35,15
2026-06-13 09:30:00,6.657,6.66,6.648,6.655,4774.84,15
2026-06-13 09:45:00,6.656,6.663,6.649,6.651,10325.18,15
2026-06-13 10:00:00,6.653,6.663,6.641,6.655,9924.25,15
2026-06-13 10:15:00,6.654,6.655,6.645,6.647,3683.69,15
2026-06-13 10:30:00,6.648,6.654,6.642,6.646,5871.49,15
2026-06-13 10:45:00,6.646,6.653,6.63,6.645,5701.39,15
2026-06-13 11:00:00,6.645,6.669,6.643,6.665,12161.92,15
2026-06-13 11:15:00,6.666,6.678,6.666,6.674,16677.07,15
2026-06-13 11:30:00,6.673,6.673,6.658,6.659,2930.06,15
2026-06-13 11:45:00,6.659,6.674,6.657,6.674,4908.95,15
2026-06-13 12:00:00,6.674,6.678,6.669,6.676,2081.94,15
2026-06-13 12:15:00,6.675,6.685,6.671,6.671,6053.389999999999,15
2026-06-13 12:30:00,6.671,6.677,6.663,6.667,4026.05,15
2026-06-13 12:45:00,6.667,6.695,6.666,6.68,13226.42,15
2026-06-13 13:00:00,6.68,6.681,6.668,6.671,6765.97,15
2026-06-13 13:15:00,6.672,6.682,6.668,6.681,6092.68,15
2026-06-13 13:30:00,6.68,6.685,6.665,6.678,11761.49,15
2026-06-13 13:45:00,6.678,6.681,6.66,6.676,13670.31,15
2026-06-13 14:00:00,6.676,6.692,6.672,6.687,14550.32,15
2026-06-13 14:15:00,6.687,6.694,6.676,6.683,24271.42,15
2026-06-13 14:30:00,6.682,6.685,6.669,6.672,3858.75,15
2026-06-13 14:45:00,6.671,6.691,6.671,6.691,4230.7,15
2026-06-13 15:00:00,6.692,6.729,6.685,6.718,36870.06,15
2026-06-13 15:15:00,6.718,6.75,6.718,6.746,46024.01,15
2026-06-13 15:30:00,6.747,6.76,6.734,6.738,32254.85,15
2026-06-13 15:45:00,6.738,6.76,6.732,6.754,27269.86,15
2026-06-13 16:00:00,6.754,6.769,6.719,6.725,33807.53,15
2026-06-13 16:15:00,6.725,6.725,6.679,6.693,34534.47,15
2026-06-13 16:30:00,6.692,6.708,6.682,6.707,17460.55,15
2026-06-13 16:45:00,6.707,6.723,6.686,6.717,18438.88,15
2026-06-13 17:00:00,6.716,6.718,6.69,6.698,16490.170000000002,15
2026-06-13 17:15:00,6.698,6.721,6.695,6.721,4051.64,15
2026-06-13 17:30:00,6.722,6.728,6.713,6.725,7825.38,15
2026-06-13 17:45:00,6.726,6.728,6.683,6.697,14084.470000000001,15
2026-06-13 18:00:00,6.696,6.71,6.695,6.705,4799.28,15
2026-06-13 18:15:00,6.704,6.714,6.693,6.711,3572.85,15
2026-06-13 18:30:00,6.711,6.721,6.705,6.718,12026.22,15
2026-06-13 18:45:00,6.719,6.722,6.691,6.708,6455.82,15
2026-06-13 19:00:00,6.707,6.711,6.701,6.709,2287.37,15
2026-06-13 19:15:00,6.708,6.708,6.69,6.7,9050.64,15
2026-06-13 19:30:00,6.701,6.729,6.696,6.729,19313.48,15
2026-06-13 19:45:00,6.729,6.734,6.714,6.715,11169.12,15
2026-06-13 20:00:00,6.715,6.72,6.703,6.712,3073.52,15
2026-06-13 20:15:00,6.713,6.717,6.703,6.705,3255.26,15
2026-06-13 20:30:00,6.705,6.712,6.699,6.707,2874.55,15
2026-06-13 20:45:00,6.708,6.724,6.705,6.72,4151.62,15
2026-06-13 21:00:00,6.72,6.725,6.706,6.706,2824.73,15
2026-06-13 21:15:00,6.706,6.715,6.702,6.706,2131.0299999999997,15
2026-06-13 21:30:00,6.706,6.776,6.706,6.756,19739.83,15
2026-06-13 21:45:00,6.757,6.771,6.746,6.749,14096.62,15
2026-06-13 22:00:00,6.751,6.752,6.736,6.741,9524.64,15
2026-06-13 22:15:00,6.741,6.749,6.733,6.748,4356.32,15
2026-06-13 22:30:00,6.747,6.753,6.732,6.734,4497.9,15
2026-06-13 22:45:00,6.734,6.736,6.719,6.72,5702.3,15
2026-06-13 23:00:00,6.719,6.729,6.714,6.722,4603.2699999999995,15
2026-06-13 23:15:00,6.722,6.735,6.713,6.713,3279.43,15
2026-06-13 23:30:00,6.713,6.728,6.712,6.716,3214.79,15
2026-06-13 23:45:00,6.716,6.723,6.705,6.719,3570.29,15
2026-06-14 00:00:00,6.718,6.718,6.707,6.709,3195.34,15
2026-06-14 00:15:00,6.708,6.715,6.704,6.704,3073.17,15
2026-06-14 00:30:00,6.704,6.714,6.702,6.707,4223.13,15
2026-06-14 00:45:00,6.708,6.712,6.694,6.702,16618.29,15
2026-06-14 01:00:00,6.703,6.717,6.69,6.711,7703.330000000001,15
2026-06-14 01:15:00,6.711,6.735,6.711,6.721,3895.23,15
2026-06-14 01:30:00,6.721,6.721,6.711,6.712,2335.28,15
2026-06-14 01:45:00,6.711,6.723,6.705,6.708,6806.1900000000005,15
2026-06-14 02:00:00,6.708,6.728,6.703,6.723,6173.43,15
2026-06-14 02:15:00,6.724,6.731,6.714,6.719,5372.31,15
2026-06-14 02:30:00,6.718,6.728,6.712,6.713,3045.5699999999997,15
2026-06-14 02:45:00,6.714,6.714,6.705,6.712,2046.8899999999999,15
2026-06-14 03:00:00,6.712,6.712,6.7,6.704,4392.84,15
2026-06-14 03:15:00,6.704,6.722,6.703,6.721,27830.249999999996,15
2026-06-14 03:30:00,6.721,6.721,6.706,6.707,4888.1900000000005,15
2026-06-14 03:45:00,6.707,6.727,6.706,6.722,4190.64,15
2026-06-14 04:00:00,6.723,6.724,6.705,6.715,3647.17,15
2026-06-14 04:15:00,6.715,6.72,6.706,6.709,1651.53,15
2026-06-14 04:30:00,6.708,6.708,6.686,6.688,7442.53,15
2026-06-14 04:45:00,6.69,6.69,6.663,6.676,11997.95,15
2026-06-14 05:00:00,6.676,6.681,6.67,6.673,3462.3199999999997,15
2026-06-14 05:15:00,6.673,6.673,6.654,6.658,12044.04,15
2026-06-14 05:30:00,6.658,6.687,6.651,6.68,14957.68,15
2026-06-14 05:45:00,6.679,6.684,6.674,6.678,3589.33,15
2026-06-14 06:00:00,6.679,6.698,6.679,6.696,7025.110000000001,15
2026-06-14 06:15:00,6.696,6.696,6.675,6.683,5123.71,15
2026-06-14 06:30:00,6.683,6.683,6.66,6.662,3827.41,15
2026-06-14 06:45:00,6.662,6.666,6.656,6.659,3920.3,15
2026-06-14 07:00:00,6.659,6.659,6.642,6.644,13967.3,15
2026-06-14 07:15:00,6.645,6.662,6.644,6.66,3574.95,15
2026-06-14 07:30:00,6.659,6.659,6.642,6.644,2878.19,15
2026-06-14 07:45:00,6.645,6.663,6.645,6.658,3103.52,15
2026-06-14 08:00:00,6.657,6.665,6.647,6.664,7360.03,15
2026-06-14 08:15:00,6.664,6.669,6.664,6.666,3008.21,15
2026-06-14 08:30:00,6.667,6.667,6.658,6.664,1749.07,15
2026-06-14 08:45:00,6.665,6.668,6.649,6.652,2313.64,15
2026-06-14 09:00:00,6.652,6.656,6.643,6.643,3208.55,15
2026-06-14 09:15:00,6.644,6.648,6.624,6.646,16280.19,15
2026-06-14 09:30:00,6.646,6.676,6.644,6.676,6942.12,15
2026-06-14 09:45:00,6.676,6.678,6.672,6.675,3878.65,15
2026-06-14 10:00:00,6.674,6.674,6.659,6.668,8845.27,15
2026-06-14 10:15:00,6.667,6.682,6.666,6.669,5648.58,15
2026-06-14 10:30:00,6.669,6.683,6.666,6.667,17099.52,15
2026-06-14 10:45:00,6.666,6.668,6.644,6.645,8650.86,15
2026-06-14 11:00:00,6.645,6.65,6.636,6.647,11154.47,15
2026-06-14 11:15:00,6.648,6.649,6.636,6.647,5945.79,15
2026-06-14 11:30:00,6.647,6.658,6.645,6.653,3817.2400000000002,15
2026-06-14 11:45:00,6.652,6.658,6.644,6.646,4162.32,15
2026-06-14 12:00:00,6.646,6.649,6.637,6.645,4783.1,15
2026-06-14 12:15:00,6.644,6.652,6.64,6.64,2639.04,15
2026-06-14 12:30:00,6.639,6.643,6.604,6.62,20276.35,15
2026-06-14 12:45:00,6.619,6.623,6.601,6.609,6837.33,15
2026-06-14 13:00:00,6.609,6.615,6.601,6.61,7427.62,15
2026-06-14 13:15:00,6.611,6.615,6.589,6.594,18728.75,15
2026-06-14 13:30:00,6.594,6.599,6.561,6.59,27399.79,15
2026-06-14 13:45:00,6.59,6.595,6.565,6.581,14579.42,15
2026-06-14 14:00:00,6.582,6.582,6.566,6.574,6768.26,15
2026-06-14 14:15:00,6.574,6.577,6.549,6.549,22834.88,15
2026-06-14 14:30:00,6.549,6.549,6.495,6.509,88237.78,15
2026-06-14 14:45:00,6.51,6.53,6.505,6.53,10662.27,15
2026-06-14 15:00:00,6.53,6.541,6.53,6.533,23143.3,15
2026-06-14 15:15:00,6.533,6.537,6.515,6.525,21347.66,15
2026-06-14 15:30:00,6.525,6.54,6.522,6.527,10279.16,15
2026-06-14 15:45:00,6.527,6.537,6.518,6.531,14123.5,15
2026-06-14 16:00:00,6.53,6.534,6.512,6.53,18738.07,15
2026-06-14 16:15:00,6.53,6.552,6.526,6.543,11177.96,15
2026-06-14 16:30:00,6.543,6.547,6.536,6.546,5154.66,15
2026-06-14 16:45:00,6.547,6.548,6.518,6.526,20772.95,15
2026-06-14 17:00:00,6.525,6.53,6.513,6.525,12696.82,15
2026-06-14 17:15:00,6.524,6.529,6.508,6.512,10363.810000000001,15
2026-06-14 17:30:00,6.513,6.519,6.484,6.502,32775.95,15
2026-06-14 17:45:00,6.502,6.507,6.463,6.473,41478.24,15
2026-06-14 18:00:00,6.473,6.474,6.452,6.468,31610.9,15
2026-06-14 18:15:00,6.467,6.469,6.385,6.386,112745.23,15
2026-06-14 18:30:00,6.386,6.41,6.376,6.408,58022.7,15
2026-06-14 18:45:00,6.408,6.41,6.396,6.402,30970.59,15
2026-06-14 19:00:00,6.402,6.434,6.397,6.429,34535.21,15
2026-06-14 19:15:00,6.43,6.458,6.43,6.456,38908.159999999996,15
2026-06-14 19:30:00,6.456,6.472,6.44,6.443,24054.34,15
2026-06-14 19:45:00,6.444,6.444,6.427,6.434,18416.87,15
2026-06-14 20:00:00,6.434,6.441,6.413,6.431,30951.18,15
2026-06-14 20:15:00,6.431,6.46,6.427,6.453,15420.19,15
2026-06-14 20:30:00,6.453,6.486,6.447,6.469,29743.47,15
2026-06-14 20:45:00,6.47,6.484,6.46,6.462,14857.74,15
2026-06-14 21:00:00,6.462,6.483,6.456,6.482,13630.74,15
2026-06-14 21:15:00,6.483,6.637,6.483,6.619,97021.27,15
2026-06-14 21:30:00,6.618,6.702,6.618,6.7,81067.05,15
2026-06-14 21:45:00,6.701,6.771,6.696,6.714,72916.41,15
2026-06-14 22:00:00,6.715,6.759,6.696,6.723,84036.83,15
2026-06-14 22:15:00,6.722,6.738,6.69,6.724,50920.399999999994,15
2026-06-14 22:30:00,6.725,6.765,6.702,6.744,59480.979999999996,15
2026-06-14 22:45:00,6.745,6.747,6.714,6.725,16926.87,15
2026-06-14 23:00:00,6.725,6.736,6.699,6.727,21118.48,15
2026-06-14 23:15:00,6.728,6.773,6.721,6.753,71727.28,15
2026-06-14 23:30:00,6.754,6.767,6.741,6.753,26265.59,15
2026-06-14 23:45:00,6.753,6.791,6.75,6.79,35488.840000000004,15
2026-06-15 00:00:00,6.789,6.805,6.773,6.802,50986.47,15
2026-06-15 00:15:00,6.802,6.803,6.759,6.77,29785.83,15
2026-06-15 00:30:00,6.769,6.771,6.731,6.736,21239.6,15
2026-06-15 00:45:00,6.737,6.762,6.73,6.753,10725.74,15
2026-06-15 01:00:00,6.754,6.755,6.713,6.735,19579.1,15
2026-06-15 01:15:00,6.736,6.738,6.7,6.71,12142.77,15
2026-06-15 01:30:00,6.71,6.746,6.701,6.746,19073.6,15
2026-06-15 01:45:00,6.746,6.75,6.715,6.718,11233.53,15
2026-06-15 02:00:00,6.719,6.746,6.71,6.745,17429.93,15
2026-06-15 02:15:00,6.746,6.775,6.746,6.75,39854.17,15
2026-06-15 02:30:00,6.75,6.757,6.738,6.747,17196.41,15
2026-06-15 02:45:00,6.747,6.753,6.726,6.734,9996.91,15
2026-06-15 03:00:00,6.734,6.759,6.725,6.757,12695.71,15
2026-06-15 03:15:00,6.758,6.759,6.749,6.758,8839.03,15
2026-06-15 03:30:00,6.758,6.777,6.746,6.771,13062.35,15
2026-06-15 03:45:00,6.772,6.776,6.756,6.764,22114.36,15
2026-06-15 04:00:00,6.764,6.772,6.754,6.764,14053.34,15
2026-06-15 04:15:00,6.764,6.78,6.76,6.764,13419.109999999999,15
2026-06-15 04:30:00,6.764,6.769,6.742,6.747,9780.89,15
2026-06-15 04:45:00,6.747,6.762,6.743,6.747,10834.869999999999,15
2026-06-15 05:00:00,6.746,6.766,6.735,6.764,10281.82,15
2026-06-15 05:15:00,6.763,6.802,6.763,6.802,23575.6,15
2026-06-15 05:30:00,6.802,6.802,6.767,6.768,17218.43,15
2026-06-15 05:45:00,6.767,6.791,6.764,6.787,8790.21,15
2026-06-15 06:00:00,6.787,6.804,6.784,6.787,18635.8,15
2026-06-15 06:15:00,6.787,6.803,6.775,6.792,16517.13,15
2026-06-15 06:30:00,6.792,6.794,6.762,6.772,16936.73,15
2026-06-15 06:45:00,6.772,6.787,6.771,6.772,8821.68,15
2026-06-15 07:00:00,6.773,6.795,6.756,6.787,27038.73,15
2026-06-15 07:15:00,6.787,6.806,6.786,6.79,18066.08,15
2026-06-15 07:30:00,6.79,6.791,6.762,6.777,6896.48,15
2026-06-15 07:45:00,6.776,6.776,6.753,6.758,24974.86,15
2026-06-15 08:00:00,6.758,6.786,6.751,6.776,8271.43,15
2026-06-15 08:15:00,6.777,6.788,6.756,6.774,11311.4,15
2026-06-15 08:30:00,6.774,6.789,6.769,6.784,13682.02,15
2026-06-15 08:45:00,6.784,6.796,6.768,6.774,22206.83,15
2026-06-15 09:00:00,6.774,6.786,6.771,6.777,9753.119999999999,15
2026-06-15 09:15:00,6.777,6.79,6.767,6.77,16021.28,15
2026-06-15 09:30:00,6.77,6.77,6.74,6.756,37320.25,15
2026-06-15 09:45:00,6.755,6.764,6.747,6.762,24092.1,15
2026-06-15 10:00:00,6.762,6.77,6.759,6.765,13744.73,15
2026-06-15 10:15:00,6.766,6.779,6.757,6.763,23302.510000000002,15
2026-06-15 10:30:00,6.762,6.783,6.762,6.773,37778.96,15
2026-06-15 10:45:00,6.774,6.858,6.765,6.839,76159.54000000001,15
2026-06-15 11:00:00,6.839,6.875,6.812,6.869,51792.97,15
2026-06-15 11:15:00,6.869,6.953,6.866,6.938,100465.73999999999,15
2026-06-15 11:30:00,6.938,6.948,6.887,6.887,35446.66,15
2026-06-15 11:45:00,6.888,6.916,6.884,6.909,30497.71,15
2026-06-15 12:00:00,6.909,6.918,6.88,6.908,41089.18,15
2026-06-15 12:15:00,6.909,6.91,6.877,6.907,22072.71,15
2026-06-15 12:30:00,6.906,6.945,6.885,6.945,32854.11,15
2026-06-15 12:45:00,6.945,6.952,6.924,6.929,46016.21,15
2026-06-15 13:00:00,6.929,6.962,6.92,6.961,65995.99,15
2026-06-15 13:15:00,6.96,7.01,6.955,6.997,121508.58,15
2026-06-15 13:30:00,6.996,6.998,6.947,6.965,65820.02,15
2026-06-15 13:45:00,6.965,6.979,6.949,6.975,38476.62,15
2026-06-15 14:00:00,6.976,6.978,6.914,6.935,34875.520000000004,15
2026-06-15 14:15:00,6.935,6.962,6.923,6.962,21411.63,15
2026-06-15 14:30:00,6.962,6.974,6.947,6.955,18508.04,15
2026-06-15 14:45:00,6.955,6.968,6.94,6.948,27757.02,15
2026-06-15 15:00:00,6.947,6.97,6.946,6.956,42852.57,15
2026-06-15 15:15:00,6.956,6.956,6.922,6.927,58987.7,15
2026-06-15 15:30:00,6.928,6.993,6.913,6.992,76107.84999999999,15
2026-06-15 15:45:00,6.993,7.035,6.988,7.035,84648.08,15
2026-06-15 16:00:00,7.036,7.053,7.025,7.043,58322.28,15
2026-06-15 16:15:00,7.043,7.073,7.012,7.068,77208.09,15
2026-06-15 16:30:00,7.069,7.079,7.028,7.053,49358.41,15
2026-06-15 16:45:00,7.054,7.06,7.033,7.035,17028.81,15
2026-06-15 17:00:00,7.034,7.036,6.979,7.008,50125.06,15
2026-06-15 17:15:00,7.008,7.02,6.993,7.013,31496.59,15
2026-06-15 17:30:00,7.013,7.03,6.979,7.02,17305.09,15
2026-06-15 17:45:00,7.02,7.052,7.006,7.018,20823.3,15
2026-06-15 18:00:00,7.017,7.032,7.003,7.018,20118.43,15
2026-06-15 18:15:00,7.018,7.026,7.003,7.006,13641.92,15
2026-06-15 18:30:00,7.005,7.02,6.992,6.996,36302.93,15
2026-06-15 18:45:00,6.997,7.013,6.973,6.978,16652.72,15
2026-06-15 19:00:00,6.978,6.999,6.964,6.998,16176.98,15
2026-06-15 19:15:00,6.999,7.004,6.887,6.907,67087.74,15
2026-06-15 19:30:00,6.908,6.949,6.9,6.948,28631.71,15
2026-06-15 19:45:00,6.949,6.95,6.883,6.897,35347.94,15
2026-06-15 20:00:00,6.897,6.925,6.873,6.921,21141.84,15
2026-06-15 20:15:00,6.921,6.926,6.896,6.902,21881.53,15
2026-06-15 20:30:00,6.901,6.922,6.901,6.903,15482.33,15
2026-06-15 20:45:00,6.902,6.906,6.878,6.882,32156.32,15
2026-06-15 21:00:00,6.883,6.894,6.866,6.893,23843.02,15
2026-06-15 21:15:00,6.892,6.902,6.875,6.875,26827.109999999997,15
2026-06-15 21:30:00,6.875,6.892,6.858,6.887,17795.19,15
2026-06-15 21:45:00,6.887,6.894,6.873,6.876,8267.31,15
2026-06-15 22:00:00,6.876,6.898,6.867,6.869,8032.259999999999,15
2026-06-15 22:15:00,6.87,6.879,6.816,6.825,33966.479999999996,15
2026-06-15 22:30:00,6.824,6.861,6.81,6.84,19395.329999999998,15
2026-06-15 22:45:00,6.84,6.844,6.82,6.83,18221.64,15
2026-06-15 23:00:00,6.83,6.843,6.825,6.837,18616.33,15
2026-06-15 23:15:00,6.837,6.845,6.815,6.833,52892.35,15
2026-06-15 23:30:00,6.834,6.835,6.803,6.83,38551.17,15
2026-06-15 23:45:00,6.832,6.849,6.83,6.84,28927.670000000002,15
2026-06-16 00:00:00,6.839,6.867,6.83,6.862,16523.690000000002,15
2026-06-16 00:15:00,6.863,6.865,6.833,6.842,26593.25,15
2026-06-16 00:30:00,6.843,6.872,6.841,6.863,17665.36,15
2026-06-16 00:45:00,6.862,6.864,6.827,6.835,18240.989999999998,15
2026-06-16 01:00:00,6.836,6.874,6.836,6.853,14741.6,15
2026-06-16 01:15:00,6.854,6.865,6.848,6.857,6050.07,15
2026-06-16 01:30:00,6.856,6.862,6.845,6.855,5515.68,15
2026-06-16 01:45:00,6.854,6.858,6.831,6.836,5313.25,15
2026-06-16 02:00:00,6.835,6.841,6.788,6.792,38742.49,15
2026-06-16 02:15:00,6.792,6.804,6.749,6.752,25673.84,15
2026-06-16 02:30:00,6.751,6.781,6.746,6.775,17027.02,15
2026-06-16 02:45:00,6.776,6.783,6.76,6.771,14100.27,15
2026-06-16 03:00:00,6.771,6.793,6.76,6.79,17175.92,15
2026-06-16 03:15:00,6.791,6.817,6.768,6.817,21438.01,15
2026-06-16 03:30:00,6.816,6.823,6.809,6.823,6288.16,15
2026-06-16 03:45:00,6.822,6.835,6.82,6.835,6576.28,15
2026-06-16 04:00:00,6.834,6.842,6.819,6.825,12767.98,15
2026-06-16 04:15:00,6.824,6.826,6.792,6.793,8936.45,15
2026-06-16 04:30:00,6.792,6.792,6.766,6.773,12733.060000000001,15
2026-06-16 04:45:00,6.773,6.774,6.76,6.769,9124.26,15
2026-06-16 05:00:00,6.77,6.816,6.77,6.801,12899.19,15
2026-06-16 05:15:00,6.801,6.816,6.787,6.803,5909.39,15
2026-06-16 05:30:00,6.802,6.81,6.795,6.804,8809.2,15
2026-06-16 05:45:00,6.804,6.814,6.801,6.806,5176.45,15
2026-06-16 06:00:00,6.807,6.83,6.807,6.821,5082.6,15
2026-06-16 06:15:00,6.821,6.831,6.814,6.831,9969.48,15
2026-06-16 06:30:00,6.83,6.856,6.828,6.851,13206.63,15
2026-06-16 06:45:00,6.85,6.867,6.849,6.86,9801.05,15
2026-06-16 07:00:00,6.861,6.882,6.854,6.867,14367.43,15
2026-06-16 07:15:00,6.866,6.898,6.864,6.894,21187.25,15
2026-06-16 07:30:00,6.895,6.928,6.893,6.909,18807.19,15
2026-06-16 07:45:00,6.911,6.924,6.904,6.924,16514.43,15
2026-06-16 08:00:00,6.923,6.963,6.915,6.961,38126.67,15
2026-06-16 08:15:00,6.962,6.983,6.95,6.979,22618.399999999998,15
2026-06-16 08:30:00,6.978,6.992,6.965,6.992,22413.86,15
2026-06-16 08:45:00,6.993,7.05,6.986,7.032,44823.28,15
2026-06-16 09:00:00,7.032,7.038,7.005,7.011,21561.71,15
2026-06-16 09:15:00,7.012,7.012,6.951,6.968,31436.74,15
2026-06-16 09:30:00,6.968,6.974,6.948,6.974,20930.26,15
2026-06-16 09:45:00,6.975,6.978,6.948,6.959,7263.05,15
2026-06-16 10:00:00,6.959,6.963,6.943,6.947,11523.439999999999,15
2026-06-16 10:15:00,6.947,6.976,6.946,6.976,32630.3,15
2026-06-16 10:30:00,6.975,6.988,6.96,6.981,8094.139999999999,15
2026-06-16 10:45:00,6.98,6.982,6.954,6.955,16136.9,15
2026-06-16 11:00:00,6.955,6.974,6.936,6.95,14966.23,15
2026-06-16 11:15:00,6.95,6.975,6.939,6.949,9630.95,15
2026-06-16 11:30:00,6.949,6.949,6.922,6.94,19319.06,15
2026-06-16 11:45:00,6.94,6.954,6.931,6.951,9887.58,15
2026-06-16 12:00:00,6.951,6.958,6.927,6.943,21459.98,15
2026-06-16 12:15:00,6.944,6.97,6.944,6.964,37715.93,15
2026-06-16 12:30:00,6.964,7.001,6.954,6.964,35007.58,15
2026-06-16 12:45:00,6.963,6.968,6.935,6.968,12694.23,15
2026-06-16 13:00:00,6.968,6.975,6.859,6.895,60841.29,15
2026-06-16 13:15:00,6.895,6.911,6.872,6.874,27535.739999999998,15
2026-06-16 13:30:00,6.873,6.901,6.861,6.879,43947.590000000004,15
2026-06-16 13:45:00,6.879,6.883,6.836,6.837,31898.11,15
2026-06-16 14:00:00,6.838,6.869,6.832,6.838,34075.48,15
2026-06-16 14:15:00,6.839,6.849,6.752,6.752,102398.35,15
2026-06-16 14:30:00,6.751,6.785,6.714,6.765,96653.8,15
2026-06-16 14:45:00,6.765,6.782,6.753,6.762,25457.61,15
2026-06-16 15:00:00,6.761,6.791,6.752,6.789,15231.46,15
2026-06-16 15:15:00,6.79,6.798,6.768,6.785,31347.59,15
2026-06-16 15:30:00,6.786,6.817,6.777,6.785,19448.07,15
2026-06-16 15:45:00,6.785,6.807,6.764,6.79,21240.170000000002,15
2026-06-16 16:00:00,6.79,6.804,6.781,6.786,15117.18,15
2026-06-16 16:15:00,6.787,6.8,6.777,6.798,5778.45,15
2026-06-16 16:30:00,6.797,6.797,6.767,6.788,10691.02,15
2026-06-16 16:45:00,6.79,6.792,6.771,6.782,20024.96,15
2026-06-16 17:00:00,6.783,6.799,6.782,6.792,11919.92,15
2026-06-16 17:15:00,6.792,6.815,6.782,6.798,15996.119999999999,15
2026-06-16 17:30:00,6.797,6.815,6.79,6.798,7100.09,15
2026-06-16 17:45:00,6.798,6.857,6.797,6.853,31372.63,15
2026-06-16 18:00:00,6.854,6.91,6.849,6.894,36883.85,15
2026-06-16 18:15:00,6.893,6.895,6.848,6.86,17118.57,15
2026-06-16 18:30:00,6.861,6.873,6.851,6.868,19915.88,15
2026-06-16 18:45:00,6.869,6.888,6.866,6.879,44263.020000000004,15
2026-06-16 19:00:00,6.879,6.88,6.841,6.849,35957.28,15
2026-06-16 19:15:00,6.848,6.866,6.825,6.866,18689.44,15
2026-06-16 19:30:00,6.866,6.89,6.866,6.877,26413.67,15
2026-06-16 19:45:00,6.878,6.898,6.851,6.864,23335.29,15
2026-06-16 20:00:00,6.864,6.888,6.847,6.88,17257.44,15
2026-06-16 20:15:00,6.88,6.903,6.865,6.871,20292.71,15
2026-06-16 20:30:00,6.872,6.947,6.872,6.936,43291.76,15
2026-06-16 20:45:00,6.937,6.951,6.923,6.932,45225.65,15
2026-06-16 21:00:00,6.932,6.946,6.924,6.935,26966.44,15
2026-06-16 21:15:00,6.935,6.935,6.898,6.906,32121.22,15
2026-06-16 21:30:00,6.906,6.915,6.889,6.906,14500.74,15
2026-06-16 21:45:00,6.907,6.921,6.902,6.918,6902.88,15
2026-06-16 22:00:00,6.918,6.924,6.902,6.91,19848.18,15
2026-06-16 22:15:00,6.911,6.915,6.888,6.901,13316.76,15
2026-06-16 22:30:00,6.901,6.91,6.895,6.899,8082.959999999999,15
2026-06-16 22:45:00,6.899,6.907,6.883,6.906,10276.949999999999,15
2026-06-16 23:00:00,6.907,6.915,6.892,6.901,10206.48,15
2026-06-16 23:15:00,6.901,6.904,6.875,6.897,17524.91,15
2026-06-16 23:30:00,6.897,6.903,6.893,6.894,7330.0,15
2026-06-16 23:45:00,6.893,6.896,6.871,6.88,11424.470000000001,15
2026-06-17 00:00:00,6.881,6.912,6.881,6.897,12549.23,15
2026-06-17 00:15:00,6.897,6.906,6.888,6.899,12526.960000000001,15
2026-06-17 00:30:00,6.9,6.92,6.89,6.915,12961.43,15
2026-06-17 00:45:00,6.916,6.923,6.885,6.897,12766.48,15
2026-06-17 01:00:00,6.898,6.928,6.897,6.923,10616.58,15
2026-06-17 01:15:00,6.923,6.923,6.871,6.893,12717.87,15
2026-06-17 01:30:00,6.894,6.94,6.88,6.925,16805.4,15
2026-06-17 01:45:00,6.925,6.971,6.924,6.966,36028.79,15
2026-06-17 02:00:00,6.965,6.976,6.96,6.97,24613.63,15
2026-06-17 02:15:00,6.971,7.022,6.971,7.019,53372.43,15
2026-06-17 02:30:00,7.019,7.02,6.946,6.97,31395.16,15
2026-06-17 02:45:00,6.971,6.985,6.958,6.984,17315.56,15
2026-06-17 03:00:00,6.983,6.983,6.954,6.963,18836.16,15
2026-06-17 03:15:00,6.963,6.963,6.932,6.949,23554.75,15
2026-06-17 03:30:00,6.948,6.967,6.941,6.946,18435.239999999998,15
2026-06-17 03:45:00,6.946,6.959,6.936,6.954,12685.06,15
2026-06-17 04:00:00,6.955,6.975,6.948,6.959,15187.41,15
2026-06-17 04:15:00,6.958,6.961,6.938,6.956,14744.8,15
2026-06-17 04:30:00,6.956,6.965,6.948,6.952,14541.88,15
2026-06-17 04:45:00,6.952,6.987,6.952,6.953,19393.77,15
2026-06-17 05:00:00,6.954,6.975,6.935,6.938,26580.66,15
2026-06-17 05:15:00,6.938,6.938,6.907,6.936,24049.98,15
2026-06-17 05:30:00,6.936,6.951,6.926,6.947,9787.75,15
2026-06-17 05:45:00,6.947,6.95,6.924,6.941,12772.01,15
2026-06-17 06:00:00,6.941,6.962,6.934,6.961,15726.31,15
2026-06-17 06:15:00,6.96,6.965,6.922,6.922,39811.53,15
2026-06-17 06:30:00,6.922,6.922,6.884,6.896,58064.479999999996,15
2026-06-17 06:45:00,6.896,6.91,6.888,6.904,17188.25,15
2026-06-17 07:00:00,6.905,6.939,6.885,6.938,27277.510000000002,15
2026-06-17 07:15:00,6.938,6.955,6.903,6.905,21330.72,15
2026-06-17 07:30:00,6.905,6.923,6.889,6.914,21463.7,15
2026-06-17 07:45:00,6.913,6.915,6.87,6.899,24574.52,15
2026-06-17 08:00:00,6.9,6.903,6.86,6.86,29382.25,15
2026-06-17 08:15:00,6.861,6.873,6.839,6.858,26941.510000000002,15
2026-06-17 08:30:00,6.857,6.857,6.804,6.808,41741.99,15
2026-06-17 08:45:00,6.808,6.826,6.793,6.811,27447.57,15
2026-06-17 09:00:00,6.81,6.83,6.81,6.824,26570.809999999998,15
2026-06-17 09:15:00,6.825,6.844,6.821,6.833,12106.95,15
2026-06-17 09:30:00,6.832,6.839,6.827,6.833,8445.28,15
2026-06-17 09:45:00,6.832,6.85,6.821,6.838,16841.8,15
2026-06-17 10:00:00,6.839,6.847,6.818,6.828,14473.1,15
2026-06-17 10:15:00,6.829,6.835,6.816,6.833,4364.13,15
2026-06-17 10:30:00,6.833,6.845,6.823,6.833,11196.73,15
2026-06-17 10:45:00,6.832,6.836,6.81,6.814,12561.59,15
2026-06-17 11:00:00,6.814,6.822,6.774,6.801,27212.86,15
2026-06-17 11:15:00,6.801,6.813,6.786,6.805,14966.11,15
2026-06-17 11:30:00,6.806,6.817,6.797,6.811,15261.74,15
2026-06-17 11:45:00,6.812,6.823,6.804,6.806,11838.59,15
2026-06-17 12:00:00,6.806,6.835,6.795,6.835,19829.19,15
2026-06-17 12:15:00,6.835,6.835,6.774,6.786,70119.88,15
2026-06-17 12:30:00,6.786,6.824,6.768,6.822,35658.67,15
2026-06-17 12:45:00,6.821,6.851,6.821,6.849,23849.9,15
2026-06-17 13:00:00,6.849,6.855,6.839,6.852,19982.92,15
2026-06-17 13:15:00,6.852,6.852,6.818,6.831,17856.2,15
2026-06-17 13:30:00,6.83,6.872,6.815,6.862,29311.18,15
2026-06-17 13:45:00,6.862,6.87,6.829,6.832,13447.119999999999,15
2026-06-17 14:00:00,6.831,6.859,6.816,6.856,24733.25,15
2026-06-17 14:15:00,6.857,6.873,6.839,6.856,13865.289999999999,15
2026-06-17 14:30:00,6.857,6.864,6.843,6.853,9206.8,15
2026-06-17 14:45:00,6.853,6.865,6.79,6.837,44409.8,15
2026-06-17 15:00:00,6.837,6.866,6.827,6.865,13802.56,15
2026-06-17 15:15:00,6.864,6.898,6.861,6.887,35343.54,15
2026-06-17 15:30:00,6.888,6.915,6.881,6.915,32158.66,15
2026-06-17 15:45:00,6.916,6.971,6.909,6.968,99891.0,15
2026-06-17 16:00:00,6.968,6.977,6.941,6.954,28304.26,15
2026-06-17 16:15:00,6.954,7.018,6.951,7.0,71452.51,15
2026-06-17 16:30:00,7.001,7.004,6.947,6.956,40209.13,15
2026-06-17 16:45:00,6.956,6.957,6.91,6.91,29560.63,15
2026-06-17 17:00:00,6.911,6.924,6.884,6.894,45123.19,15
2026-06-17 17:15:00,6.894,6.937,6.894,6.934,16397.34,15
2026-06-17 17:30:00,6.934,6.943,6.899,6.904,13615.59,15
2026-06-17 17:45:00,6.905,6.97,6.893,6.965,40076.23,15
2026-06-17 18:00:00,6.964,6.964,6.775,6.842,167187.95,15
2026-06-17 18:15:00,6.841,6.883,6.834,6.849,33817.32,15
2026-06-17 18:30:00,6.848,6.96,6.825,6.942,111485.17,15
2026-06-17 18:45:00,6.942,6.959,6.881,6.897,46375.659999999996,15
2026-06-17 19:00:00,6.897,6.915,6.855,6.897,34265.61,15
2026-06-17 19:15:00,6.898,6.899,6.748,6.767,106345.88,15
2026-06-17 19:30:00,6.766,6.797,6.703,6.717,110522.40000000001,15
2026-06-17 19:45:00,6.718,6.762,6.711,6.737,102062.82,15
2026-06-17 20:00:00,6.736,6.763,6.718,6.739,45887.51,15
2026-06-17 20:15:00,6.74,6.763,6.733,6.754,18764.93,15
2026-06-17 20:30:00,6.755,6.785,6.749,6.752,22449.72,15
2026-06-17 20:45:00,6.752,6.796,6.743,6.791,26189.670000000002,15
2026-06-17 21:00:00,6.791,6.796,6.774,6.774,19814.27,15
2026-06-17 21:15:00,6.774,6.775,6.753,6.756,12594.6,15
2026-06-17 21:30:00,6.757,6.775,6.74,6.745,11184.32,15
2026-06-17 21:45:00,6.745,6.745,6.718,6.741,21584.81,15
2026-06-17 22:00:00,6.741,6.742,6.653,6.715,88494.33,15
2026-06-17 22:15:00,6.715,6.752,6.71,6.752,9816.75,15
2026-06-17 22:30:00,6.751,6.768,6.749,6.749,23140.7,15
2026-06-17 22:45:00,6.75,6.768,6.737,6.738,6855.7699999999995,15
2026-06-17 23:00:00,6.739,6.764,6.739,6.753,17881.62,15
2026-06-17 23:15:00,6.753,6.778,6.753,6.768,14549.119999999999,15
2026-06-17 23:30:00,6.767,6.77,6.747,6.751,9279.84,15
2026-06-17 23:45:00,6.75,6.769,6.741,6.766,5609.83,15
2026-06-18 00:00:00,6.766,6.786,6.761,6.778,11031.08,15
2026-06-18 00:15:00,6.779,6.787,6.77,6.78,14390.16,15
2026-06-18 00:30:00,6.78,6.795,6.769,6.777,13737.71,15
2026-06-18 00:45:00,6.777,6.786,6.759,6.762,13911.09,15
2026-06-18 01:00:00,6.762,6.804,6.761,6.793,13599.63,15
2026-06-18 01:15:00,6.793,6.794,6.78,6.784,9375.56,15
2026-06-18 01:30:00,6.785,6.797,6.774,6.775,4476.04,15
2026-06-18 01:45:00,6.774,6.776,6.761,6.772,4267.32,15
2026-06-18 02:00:00,6.773,6.789,6.771,6.771,9423.77,15
2026-06-18 02:15:00,6.77,6.795,6.752,6.794,10549.12,15
2026-06-18 02:30:00,6.795,6.796,6.779,6.796,5563.38,15
2026-06-18 02:45:00,6.797,6.798,6.789,6.789,1882.05,15
2026-06-18 03:00:00,6.788,6.788,6.763,6.764,6151.05,15
2026-06-18 03:15:00,6.764,6.765,6.721,6.721,19696.93,15
2026-06-18 03:30:00,6.721,6.733,6.703,6.715,32159.79,15
2026-06-18 03:45:00,6.715,6.73,6.712,6.712,14341.44,15
2026-06-18 04:00:00,6.713,6.714,6.646,6.667,69218.66,15
2026-06-18 04:15:00,6.667,6.683,6.647,6.671,33403.23,15
2026-06-18 04:30:00,6.671,6.674,6.647,6.647,19369.79,15
2026-06-18 04:45:00,6.647,6.651,6.623,6.639,43764.28,15
2026-06-18 05:00:00,6.638,6.64,6.575,6.599,86262.29,15
2026-06-18 05:15:00,6.598,6.616,6.593,6.599,30579.87,15
2026-06-18 05:30:00,6.6,6.614,6.586,6.598,27548.77,15
2026-06-18 05:45:00,6.599,6.62,6.599,6.62,15708.900000000001,15
2026-06-18 06:00:00,6.62,6.632,6.596,6.613,31486.96,15
2026-06-18 06:15:00,6.613,6.626,6.601,6.622,13492.380000000001,15
2026-06-18 06:30:00,6.622,6.634,6.619,6.634,16449.78,15
2026-06-18 06:45:00,6.633,6.65,6.629,6.646,15552.95,15
2026-06-18 07:00:00,6.646,6.646,6.62,6.64,20798.87,15
2026-06-18 07:15:00,6.639,6.672,6.636,6.668,21533.66,15
2026-06-18 07:30:00,6.668,6.684,6.66,6.675,21507.22,15
2026-06-18 07:45:00,6.675,6.682,6.67,6.676,22045.99,15
2026-06-18 08:00:00,6.677,6.69,6.652,6.675,29465.31,15
2026-06-18 08:15:00,6.676,6.688,6.667,6.688,16503.66,15
2026-06-18 08:30:00,6.688,6.698,6.683,6.686,16059.93,15
2026-06-18 08:45:00,6.686,6.689,6.667,6.67,25104.07,15
2026-06-18 09:00:00,6.67,6.672,6.658,6.667,7558.92,15
2026-06-18 09:15:00,6.667,6.678,6.645,6.646,26855.09,15
2026-06-18 09:30:00,6.646,6.671,6.643,6.671,10406.66,15
2026-06-18 09:45:00,6.671,6.683,6.665,6.674,39741.090000000004,15
2026-06-18 10:00:00,6.674,6.675,6.632,6.634,25277.21,15
2026-06-18 10:15:00,6.633,6.644,6.626,6.639,15378.36,15
2026-06-18 10:30:00,6.638,6.647,6.633,6.637,17933.57,15
2026-06-18 10:45:00,6.636,6.67,6.633,6.651,9499.029999999999,15
2026-06-18 11:00:00,6.651,6.662,6.632,6.643,29201.420000000002,15
2026-06-18 11:15:00,6.643,6.645,6.61,6.632,15026.720000000001,15
2026-06-18 11:30:00,6.633,6.64,6.607,6.62,18518.61,15
2026-06-18 11:45:00,6.621,6.629,6.608,6.62,11945.98,15
2026-06-18 12:00:00,6.621,6.628,6.609,6.625,16960.22,15
2026-06-18 12:15:00,6.624,6.658,6.622,6.657,24479.63,15
2026-06-18 12:30:00,6.657,6.665,6.652,6.661,17216.74,15
2026-06-18 12:45:00,6.661,6.669,6.652,6.666,10585.07,15
2026-06-18 13:00:00,6.666,6.675,6.658,6.662,20433.26,15
2026-06-18 13:15:00,6.662,6.68,6.658,6.67,21843.78,15
2026-06-18 13:30:00,6.67,6.67,6.57,6.57,64689.46,15
2026-06-18 13:45:00,6.571,6.633,6.559,6.619,35713.7,15
2026-06-18 14:00:00,6.619,6.636,6.604,6.609,22146.06,15
2026-06-18 14:15:00,6.61,6.673,6.597,6.629,27838.21,15
2026-06-18 14:30:00,6.629,6.637,6.606,6.609,29228.47,15
2026-06-18 14:45:00,6.609,6.621,6.568,6.593,31326.79,15
2026-06-18 15:00:00,6.593,6.594,6.537,6.538,69095.03,15
2026-06-18 15:15:00,6.537,6.54,6.33,6.345,435950.12,15
2026-06-18 15:30:00,6.344,6.37,6.261,6.267,348400.95,15
2026-06-18 15:45:00,6.266,6.285,6.214,6.245,279652.49,15
2026-06-18 16:00:00,6.244,6.324,6.228,6.315,136585.13,15
2026-06-18 16:15:00,6.314,6.319,6.283,6.294,64037.6,15
2026-06-18 16:30:00,6.293,6.313,6.274,6.304,49930.85,15
2026-06-18 16:45:00,6.305,6.338,6.291,6.334,40707.99,15
2026-06-18 17:00:00,6.335,6.341,6.286,6.302,57307.59,15
2026-06-18 17:15:00,6.301,6.312,6.252,6.294,74999.0,15
2026-06-18 17:30:00,6.294,6.315,6.264,6.278,44126.45,15
2026-06-18 17:45:00,6.277,6.31,6.275,6.291,31574.98,15
2026-06-18 18:00:00,6.291,6.295,6.27,6.283,30885.18,15
2026-06-18 18:15:00,6.282,6.316,6.264,6.3,58786.69,15
2026-06-18 18:30:00,6.3,6.312,6.282,6.31,38063.57,15
2026-06-18 18:45:00,6.31,6.32,6.296,6.306,17460.12,15
2026-06-18 19:00:00,6.305,6.316,6.298,6.312,13229.26,15
2026-06-18 19:15:00,6.312,6.335,6.3,6.33,24750.58,15
2026-06-18 19:30:00,6.33,6.366,6.324,6.363,27301.66,15
2026-06-18 19:45:00,6.363,6.368,6.342,6.356,44229.72,15
2026-06-18 20:00:00,6.357,6.386,6.356,6.366,54449.86,15
2026-06-18 20:15:00,6.366,6.377,6.35,6.37,19195.09,15
2026-06-18 20:30:00,6.369,6.384,6.354,6.359,29209.4,15
2026-06-18 20:45:00,6.359,6.359,6.326,6.352,33298.59,15
2026-06-18 21:00:00,6.352,6.354,6.303,6.31,28134.77,15
2026-06-18 21:15:00,6.31,6.314,6.289,6.309,30655.44,15
2026-06-18 21:30:00,6.309,6.33,6.288,6.293,54396.37,15
2026-06-18 21:45:00,6.293,6.302,6.277,6.293,48947.93,15
2026-06-18 22:00:00,6.293,6.311,6.288,6.3,20345.09,15
2026-06-18 22:15:00,6.301,6.305,6.286,6.297,15038.76,15
2026-06-18 22:30:00,6.298,6.298,6.28,6.295,17268.81,15
2026-06-18 22:45:00,6.295,6.311,6.288,6.307,10279.52,15
2026-06-18 23:00:00,6.306,6.308,6.286,6.287,33196.75,15
2026-06-18 23:15:00,6.287,6.307,6.275,6.302,31546.16,15
2026-06-18 23:30:00,6.303,6.314,6.3,6.307,14848.44,15
2026-06-18 23:45:00,6.306,6.322,6.295,6.318,16354.2,15
2026-06-19 00:00:00,6.317,6.318,6.29,6.301,28002.83,15
2026-06-19 00:15:00,6.302,6.32,6.298,6.31,11089.94,15
2026-06-19 00:30:00,6.311,6.324,6.303,6.313,11467.630000000001,15
2026-06-19 00:45:00,6.313,6.315,6.299,6.309,12557.47,15
2026-06-19 01:00:00,6.309,6.32,6.29,6.297,19872.64,15
2026-06-19 01:15:00,6.298,6.319,6.291,6.294,15895.619999999999,15
2026-06-19 01:30:00,6.294,6.302,6.273,6.3,17575.69,15
2026-06-19 01:45:00,6.301,6.321,6.299,6.306,35180.21,15
2026-06-19 02:00:00,6.306,6.323,6.298,6.299,31387.19,15
2026-06-19 02:15:00,6.3,6.304,6.263,6.265,27820.24,15
2026-06-19 02:30:00,6.265,6.265,6.25,6.259,43161.670000000006,15
2026-06-19 02:45:00,6.258,6.28,6.245,6.277,38740.1,15
2026-06-19 03:00:00,6.277,6.29,6.244,6.248,30408.39,15
2026-06-19 03:15:00,6.249,6.25,6.111,6.193,206239.69,15
2026-06-19 03:30:00,6.192,6.194,6.145,6.171,44648.28,15
2026-06-19 03:45:00,6.17,6.17,6.142,6.15,50540.93,15
2026-06-19 04:00:00,6.15,6.15,6.1,6.134,85387.83,15
2026-06-19 04:15:00,6.134,6.148,6.088,6.094,75674.28,15
2026-06-19 04:30:00,6.094,6.097,6.045,6.065,104524.58,15
2026-06-19 04:45:00,6.066,6.074,6.029,6.042,83831.38,15
2026-06-19 05:00:00,6.043,6.091,6.041,6.079,43914.28,15
2026-06-19 05:15:00,6.079,6.079,6.044,6.074,67528.12,15
2026-06-19 05:30:00,6.073,6.081,6.048,6.057,56595.25,15
2026-06-19 05:45:00,6.058,6.08,6.05,6.071,34501.25,15
2026-06-19 06:00:00,6.071,6.084,6.061,6.073,38843.13,15
2026-06-19 06:15:00,6.073,6.08,6.054,6.063,40982.94,15
2026-06-19 06:30:00,6.062,6.066,6.006,6.04,86610.61,15
2026-06-19 06:45:00,6.04,6.053,6.013,6.047,62207.200000000004,15
2026-06-19 07:00:00,6.047,6.047,6.016,6.018,63766.04,15
2026-06-19 07:15:00,6.017,6.034,6.0,6.02,133375.71,15
2026-06-19 07:30:00,6.02,6.033,5.979,5.992,273066.77999999997,15
2026-06-19 07:45:00,5.991,5.999,5.968,5.992,86565.31,15
2026-06-19 08:00:00,5.992,6.015,5.987,6.009,105621.84,15
2026-06-19 08:15:00,6.008,6.025,6.001,6.017,58148.11,15
2026-06-19 08:30:00,6.018,6.05,6.018,6.042,58309.57,15
2026-06-19 08:45:00,6.043,6.057,6.04,6.056,31829.120000000003,15
2026-06-19 09:00:00,6.057,6.068,6.03,6.044,92515.84,15
2026-06-19 09:15:00,6.044,6.077,6.043,6.065,75488.88,15
2026-06-19 09:30:00,6.065,6.102,6.064,6.087,76607.13,15
2026-06-19 09:45:00,6.086,6.094,6.059,6.063,37037.46,15
2026-06-19 10:00:00,6.063,6.071,6.045,6.061,35028.15,15
2026-06-19 10:15:00,6.06,6.06,6.036,6.053,29257.77,15
2026-06-19 10:30:00,6.052,6.052,6.008,6.015,34489.03,15
2026-06-19 10:45:00,6.014,6.051,6.009,6.042,26142.61,15
2026-06-19 11:00:00,6.042,6.045,6.01,6.022,34929.93,15
2026-06-19 11:15:00,6.022,6.048,6.017,6.038,26944.54,15
2026-06-19 11:30:00,6.037,6.061,6.027,6.06,50043.48,15
2026-06-19 11:45:00,6.059,6.073,6.044,6.047,43740.58,15
2026-06-19 12:00:00,6.047,6.066,6.047,6.055,33465.75,15
2026-06-19 12:15:00,6.054,6.072,6.04,6.062,25136.19,15
2026-06-19 12:30:00,6.062,6.084,6.048,6.066,44131.66,15
2026-06-19 12:45:00,6.065,6.124,6.035,6.11,65501.11,15
2026-06-19 13:00:00,6.11,6.118,6.09,6.093,56817.549999999996,15
2026-06-19 13:15:00,6.093,6.119,6.086,6.111,44476.1,15
2026-06-19 13:30:00,6.111,6.161,6.104,6.157,37359.54,15
2026-06-19 13:45:00,6.157,6.193,6.154,6.165,60835.86,15
2026-06-19 14:00:00,6.166,6.178,6.137,6.142,47308.729999999996,15
2026-06-19 14:15:00,6.142,6.174,6.11,6.172,42652.68,15
2026-06-19 14:30:00,6.172,6.176,6.143,6.144,42452.46,15
2026-06-19 14:45:00,6.144,6.151,6.114,6.119,35026.49,15
2026-06-19 15:00:00,6.119,6.132,6.11,6.132,22360.9,15
2026-06-19 15:15:00,6.132,6.135,6.111,6.116,23586.34,15
2026-06-19 15:30:00,6.117,6.15,6.114,6.135,30752.66,15
2026-06-19 15:45:00,6.135,6.138,6.111,6.122,38970.21,15
2026-06-19 16:00:00,6.123,6.157,6.109,6.157,53724.87,15
2026-06-19 16:15:00,6.156,6.156,6.133,6.15,44866.57,15
2026-06-19 16:30:00,6.15,6.154,6.11,6.11,52141.0,15
2026-06-19 16:45:00,6.11,6.113,6.069,6.071,83031.35,15
2026-06-19 17:00:00,6.071,6.098,6.068,6.097,14771.45,15
2026-06-19 17:15:00,6.098,6.123,6.093,6.097,18446.4,15
2026-06-19 17:30:00,6.097,6.12,6.097,6.111,26515.41,15
2026-06-19 17:45:00,6.112,6.133,5.983,5.993,274996.51,15
2026-06-19 18:00:00,5.993,6.05,5.987,6.049,160938.75,15
2026-06-19 18:15:00,6.049,6.052,5.968,5.97,203549.99000000002,15
2026-06-19 18:30:00,5.97,5.972,5.734,5.793,886134.04,15
2026-06-19 18:45:00,5.793,5.921,5.793,5.921,564655.51,15
2026-06-19 19:00:00,5.92,5.92,5.701,5.73,477508.41000000003,15
2026-06-19 19:15:00,5.729,5.76,5.681,5.754,315723.21,15
2026-06-19 19:30:00,5.754,5.797,5.729,5.778,196713.12,15
2026-06-19 19:45:00,5.778,5.916,5.765,5.879,237966.86000000002,15
2026-06-19 20:00:00,5.88,5.898,5.865,5.881,108040.40000000001,15
2026-06-19 20:15:00,5.881,5.881,5.802,5.869,95733.1,15
2026-06-19 20:30:00,5.868,5.882,5.839,5.87,49774.89,15
2026-06-19 20:45:00,5.871,5.937,5.871,5.933,66247.56,15
2026-06-19 21:00:00,5.932,5.934,5.89,5.911,62565.17,15
2026-06-19 21:15:00,5.911,5.935,5.875,5.885,30472.23,15
2026-06-19 21:30:00,5.885,5.909,5.872,5.895,22713.7,15
2026-06-19 21:45:00,5.896,5.948,5.888,5.942,39779.54,15
2026-06-19 22:00:00,5.941,5.966,5.926,5.955,37365.44,15
2026-06-19 22:15:00,5.954,5.975,5.946,5.951,31348.19,15
2026-06-19 22:30:00,5.951,5.965,5.944,5.962,37185.03,15
2026-06-19 22:45:00,5.961,5.964,5.932,5.933,101382.3,15
2026-06-19 23:00:00,5.932,5.939,5.892,5.897,79283.8,15
2026-06-19 23:15:00,5.897,5.907,5.873,5.907,34487.49,15
2026-06-19 23:30:00,5.906,5.919,5.887,5.906,27172.62,15
2026-06-19 23:45:00,5.906,5.926,5.886,5.896,49589.9,15
2026-06-20 00:00:00,5.896,5.915,5.883,5.902,55187.34,15
2026-06-20 00:15:00,5.903,5.947,5.903,5.939,56550.17,15
2026-06-20 00:30:00,5.939,5.972,5.928,5.933,74239.14,15
2026-06-20 00:45:00,5.934,5.953,5.9,5.902,51263.14,15
2026-06-20 01:00:00,5.903,5.928,5.899,5.925,43485.52,15
2026-06-20 01:15:00,5.925,5.963,5.924,5.939,32416.129999999997,15
2026-06-20 01:30:00,5.939,5.975,5.938,5.957,47462.85,15
2026-06-20 01:45:00,5.956,5.964,5.939,5.941,17337.02,15
2026-06-20 02:00:00,5.941,5.955,5.931,5.943,22161.77,15
2026-06-20 02:15:00,5.943,5.943,5.91,5.919,32896.74,15
2026-06-20 02:30:00,5.919,5.952,5.916,5.937,34988.7,15
2026-06-20 02:45:00,5.938,5.956,5.932,5.941,24800.78,15
2026-06-20 03:00:00,5.941,5.955,5.912,5.929,26954.91,15
2026-06-20 03:15:00,5.929,5.947,5.907,5.938,19479.739999999998,15
2026-06-20 03:30:00,5.938,5.968,5.932,5.956,44559.32,15
2026-06-20 03:45:00,5.955,5.955,5.934,5.95,20024.22,15
2026-06-20 04:00:00,5.949,5.952,5.936,5.938,22772.17,15
2026-06-20 04:15:00,5.938,5.971,5.933,5.963,36118.75,15
2026-06-20 04:30:00,5.963,5.997,5.962,5.978,40230.65,15
2026-06-20 04:45:00,5.977,5.985,5.967,5.98,15941.23,15
2026-06-20 05:00:00,5.981,6.053,5.98,6.034,80887.93,15
2026-06-20 05:15:00,6.033,6.038,6.002,6.012,31355.379999999997,15
2026-06-20 05:30:00,6.013,6.023,6.0,6.012,23494.19,15
2026-06-20 05:45:00,6.013,6.033,5.984,6.029,41669.200000000004,15
2026-06-20 06:00:00,6.028,6.047,6.016,6.034,76250.82,15
2026-06-20 06:15:00,6.035,6.035,6.011,6.022,18834.22,15
2026-06-20 06:30:00,6.022,6.024,5.981,5.994,40716.76,15
2026-06-20 06:45:00,5.994,6.0,5.819,5.94,826208.47,15
2026-06-20 07:00:00,5.939,6.02,5.866,6.018,742085.53,15
2026-06-20 07:15:00,6.017,6.259,6.013,6.209,740157.72,15
2026-06-20 07:30:00,6.209,6.222,6.145,6.149,122496.74,15
2026-06-20 07:45:00,6.149,6.158,6.135,6.148,33929.73,15
2026-06-20 08:00:00,6.149,6.15,6.098,6.145,56001.81,15
2026-06-20 08:15:00,6.145,6.157,6.113,6.127,51195.57,15
2026-06-20 08:30:00,6.127,6.148,6.12,6.143,41567.62,15
2026-06-20 08:45:00,6.143,6.177,6.131,6.163,44256.26,15
2026-06-20 09:00:00,6.163,6.211,6.163,6.205,54296.76,15
2026-06-20 09:15:00,6.205,6.21,6.166,6.17,32150.7,15
2026-06-20 09:30:00,6.169,6.195,6.167,6.175,29259.79,15
2026-06-20 09:45:00,6.176,6.192,6.171,6.188,19530.899999999998,15
2026-06-20 10:00:00,6.188,6.198,6.174,6.195,25368.38,15
2026-06-20 10:15:00,6.195,6.211,6.176,6.195,30106.88,15
2026-06-20 10:30:00,6.195,6.199,6.167,6.183,58117.48,15
2026-06-20 10:45:00,6.184,6.216,6.182,6.214,37841.01,15
2026-06-20 11:00:00,6.214,6.221,6.141,6.159,42941.23,15
2026-06-20 11:15:00,6.158,6.178,6.144,6.17,24794.29,15
2026-06-20 11:30:00,6.171,6.179,6.159,6.167,26495.329999999998,15
2026-06-20 11:45:00,6.167,6.179,6.146,6.162,22843.73,15
2026-06-20 12:00:00,6.163,6.176,6.151,6.17,22997.51,15
2026-06-20 12:15:00,6.17,6.187,6.167,6.179,31765.31,15
2026-06-20 12:30:00,6.18,6.188,6.162,6.173,30281.399999999998,15
2026-06-20 12:45:00,6.172,6.172,6.141,6.168,41135.88,15
2026-06-20 13:00:00,6.167,6.174,6.155,6.156,33294.36,15
2026-06-20 13:15:00,6.156,6.166,6.042,6.05,592451.92,15
2026-06-20 13:30:00,6.049,6.132,6.027,6.127,305200.28,15
2026-06-20 13:45:00,6.126,6.144,6.119,6.122,31683.81,15
2026-06-20 14:00:00,6.121,6.121,6.054,6.067,79474.06,15
2026-06-20 14:15:00,6.067,6.094,6.065,6.077,60744.090000000004,15
2026-06-20 14:30:00,6.078,6.091,6.047,6.08,110080.33,15
2026-06-20 14:45:00,6.079,6.161,6.069,6.107,144461.01,15
2026-06-20 15:00:00,6.107,6.123,6.09,6.104,55469.35,15
2026-06-20 15:15:00,6.104,6.162,6.1,6.146,85111.35,15
2026-06-20 15:30:00,6.146,6.153,6.118,6.127,13584.45,15
2026-06-20 15:45:00,6.127,6.153,6.127,6.15,14237.279999999999,15
2026-06-20 16:00:00,6.151,6.152,6.124,6.135,13364.33,15
2026-06-20 16:15:00,6.136,6.15,6.11,6.113,13572.58,15
2026-06-20 16:30:00,6.112,6.136,6.099,6.132,14641.960000000001,15
2026-06-20 16:45:00,6.131,6.148,6.122,6.142,12899.31,15
2026-06-20 17:00:00,6.142,6.145,6.115,6.117,13569.039999999999,15
2026-06-20 17:15:00,6.116,6.116,6.088,6.106,12223.34,15
2026-06-20 17:30:00,6.105,6.118,6.068,6.098,38392.68,15
2026-06-20 17:45:00,6.099,6.115,6.092,6.109,11168.27,15
2026-06-20 18:00:00,6.109,6.127,6.101,6.108,18806.02,15
2026-06-20 18:15:00,6.109,6.123,6.109,6.122,24721.6,15
2026-06-20 18:30:00,6.121,6.125,6.09,6.098,35814.7,15
2026-06-20 18:45:00,6.097,6.106,6.085,6.09,20967.48,15
2026-06-20 19:00:00,6.089,6.099,6.081,6.089,44150.36,15
2026-06-20 19:15:00,6.09,6.093,6.069,6.075,20927.809999999998,15
2026-06-20 19:30:00,6.075,6.117,6.074,6.112,17960.95,15
2026-06-20 19:45:00,6.113,6.121,6.106,6.116,13160.45,15
2026-06-20 20:00:00,6.117,6.14,6.111,6.132,46227.31,15
2026-06-20 20:15:00,6.132,6.132,6.121,6.126,18265.02,15
2026-06-20 20:30:00,6.126,6.129,6.106,6.128,19268.39,15
2026-06-20 20:45:00,6.127,6.148,6.126,6.14,28237.899999999998,15
2026-06-20 21:00:00,6.139,6.204,6.136,6.19,66376.23,15
2026-06-20 21:15:00,6.189,6.191,6.176,6.18,67911.98,15
2026-06-20 21:30:00,6.179,6.185,6.169,6.179,40277.159999999996,15
2026-06-20 21:45:00,6.178,6.192,6.156,6.182,42420.32,15
2026-06-20 22:00:00,6.182,6.227,6.166,6.219,56937.15,15
2026-06-20 22:15:00,6.218,6.241,6.191,6.228,93497.21,15
2026-06-20 22:30:00,6.228,6.256,6.223,6.243,84541.24,15
2026-06-20 22:45:00,6.243,6.255,6.228,6.242,36433.24,15
2026-06-20 23:00:00,6.241,6.244,6.228,6.239,22117.45,15
2026-06-20 23:15:00,6.239,6.26,6.238,6.249,36034.49,15
2026-06-20 23:30:00,6.25,6.263,6.238,6.251,30255.87,15
2026-06-20 23:45:00,6.25,6.25,6.229,6.239,23443.239999999998,15
2026-06-21 00:00:00,6.24,6.257,6.233,6.253,50737.45,15
2026-06-21 00:15:00,6.253,6.292,6.25,6.255,85203.44,15
2026-06-21 00:30:00,6.256,6.281,6.253,6.259,45440.94,15
2026-06-21 00:45:00,6.259,6.267,6.244,6.266,35263.45,15
2026-06-21 01:00:00,6.266,6.273,6.252,6.264,38062.62,15
2026-06-21 01:15:00,6.265,6.267,6.235,6.236,16597.010000000002,15
2026-06-21 01:30:00,6.236,6.267,6.228,6.26,40814.68,15
2026-06-21 01:45:00,6.26,6.269,6.248,6.248,21142.24,15
2026-06-21 02:00:00,6.248,6.248,6.231,6.237,13085.470000000001,15
2026-06-21 02:15:00,6.238,6.239,6.223,6.23,11154.27,15
2026-06-21 02:30:00,6.229,6.236,6.216,6.23,14632.91,15
2026-06-21 02:45:00,6.229,6.244,6.226,6.237,8332.02,15
2026-06-21 03:00:00,6.236,6.25,6.225,6.25,9743.81,15
2026-06-21 03:15:00,6.25,6.272,6.23,6.242,12467.87,15
2026-06-21 03:30:00,6.242,6.264,6.231,6.262,35683.76,15
2026-06-21 03:45:00,6.262,6.264,6.253,6.263,7289.63,15
2026-06-21 04:00:00,6.263,6.266,6.24,6.245,13169.19,15
2026-06-21 04:15:00,6.245,6.278,6.244,6.265,16480.54,15
2026-06-21 04:30:00,6.264,6.286,6.258,6.27,17749.6,15
2026-06-21 04:45:00,6.27,6.27,6.23,6.237,13239.8,15
2026-06-21 05:00:00,6.237,6.239,6.218,6.233,9296.06,15
2026-06-21 05:15:00,6.234,6.257,6.23,6.255,16901.87,15
2026-06-21 05:30:00,6.256,6.26,6.223,6.233,12880.84,15
2026-06-21 05:45:00,6.234,6.234,6.204,6.22,22247.26,15
2026-06-21 06:00:00,6.22,6.228,6.216,6.225,18023.57,15
2026-06-21 06:15:00,6.224,6.227,6.214,6.218,7433.06,15
2026-06-21 06:30:00,6.218,6.242,6.211,6.235,16262.220000000001,15
2026-06-21 06:45:00,6.236,6.25,6.224,6.241,5897.6900000000005,15
2026-06-21 07:00:00,6.241,6.243,6.23,6.236,9089.34,15
2026-06-21 07:15:00,6.236,6.238,6.218,6.228,14224.34,15
2026-06-21 07:30:00,6.227,6.338,6.225,6.337,88876.09,15
2026-06-21 07:45:00,6.338,6.345,6.273,6.287,43786.840000000004,15
2026-06-21 08:00:00,6.288,6.318,6.288,6.308,49602.82,15
2026-06-21 08:15:00,6.308,6.31,6.265,6.273,19894.69,15
2026-06-21 08:30:00,6.273,6.288,6.235,6.285,26245.789999999997,15
2026-06-21 08:45:00,6.285,6.292,6.252,6.288,20334.34,15
2026-06-21 09:00:00,6.288,6.294,6.264,6.278,22121.149999999998,15
2026-06-21 09:15:00,6.278,6.312,6.275,6.293,21137.52,15
2026-06-21 09:30:00,6.292,6.331,6.292,6.316,26876.73,15
2026-06-21 09:45:00,6.316,6.342,6.3,6.314,60233.69,15
2026-06-21 10:00:00,6.314,6.319,6.282,6.298,24941.920000000002,15
2026-06-21 10:15:00,6.297,6.31,6.284,6.289,12180.67,15
2026-06-21 10:30:00,6.289,6.321,6.289,6.312,99587.59,15
2026-06-21 10:45:00,6.312,6.326,6.291,6.303,28939.64,15
2026-06-21 11:00:00,6.303,6.312,6.277,6.31,27373.96,15
2026-06-21 11:15:00,6.309,6.309,6.262,6.302,30278.079999999998,15
2026-06-21 11:30:00,6.302,6.304,6.272,6.28,16878.01,15
2026-06-21 11:45:00,6.28,6.29,6.26,6.267,14877.98,15
2026-06-21 12:00:00,6.267,6.289,6.259,6.263,17933.13,15
2026-06-21 12:15:00,6.262,6.262,6.24,6.258,28867.1,15
2026-06-21 12:30:00,6.257,6.271,6.243,6.263,12163.61,15
2026-06-21 12:45:00,6.262,6.289,6.248,6.282,29748.02,15
2026-06-21 13:00:00,6.283,6.298,6.269,6.29,13232.68,15
2026-06-21 13:15:00,6.291,6.309,6.285,6.296,21172.899999999998,15
2026-06-21 13:30:00,6.297,6.3,6.272,6.276,13567.24,15
2026-06-21 13:45:00,6.275,6.298,6.274,6.297,10656.32,15
2026-06-21 14:00:00,6.297,6.306,6.283,6.288,8151.7,15
2026-06-21 14:15:00,6.288,6.372,6.263,6.323,77565.09999999999,15
2026-06-21 14:30:00,6.324,6.339,6.314,6.324,26934.760000000002,15
2026-06-21 14:45:00,6.324,6.325,6.306,6.324,16777.19,15
2026-06-21 15:00:00,6.325,6.348,6.317,6.331,24348.879999999997,15
2026-06-21 15:15:00,6.331,6.345,6.32,6.332,11326.880000000001,15
2026-06-21 15:30:00,6.333,6.334,6.311,6.321,18875.73,15
2026-06-21 15:45:00,6.321,6.334,6.317,6.331,10747.0,15
2026-06-21 16:00:00,6.331,6.335,6.29,6.302,26668.37,15
2026-06-21 16:15:00,6.303,6.303,6.257,6.257,27004.9,15
2026-06-21 16:30:00,6.257,6.264,6.241,6.261,21708.4,15
2026-06-21 16:45:00,6.261,6.287,6.259,6.273,15474.77,15
2026-06-21 17:00:00,6.273,6.297,6.264,6.293,16864.55,15
2026-06-21 17:15:00,6.293,6.298,6.261,6.265,13264.1,15
2026-06-21 17:30:00,6.265,6.27,6.233,6.254,20007.95,15
2026-06-21 17:45:00,6.254,6.264,6.247,6.247,16276.33,15
2026-06-21 18:00:00,6.247,6.251,6.228,6.241,28285.33,15
2026-06-21 18:15:00,6.241,6.251,6.231,6.238,10723.15,15
2026-06-21 18:30:00,6.239,6.276,6.236,6.262,13626.99,15
2026-06-21 18:45:00,6.261,6.27,6.254,6.267,7267.77,15
2026-06-21 19:00:00,6.266,6.277,6.254,6.269,9189.210000000001,15
2026-06-21 19:15:00,6.268,6.273,6.261,6.269,9944.07,15
2026-06-21 19:30:00,6.269,6.275,6.26,6.266,6664.0,15
2026-06-21 19:45:00,6.267,6.27,6.261,6.263,7715.77,15
2026-06-21 20:00:00,6.263,6.268,6.239,6.241,25450.14,15
2026-06-21 20:15:00,6.24,6.246,6.221,6.226,16549.02,15
2026-06-21 20:30:00,6.225,6.23,6.209,6.213,11437.22,15
2026-06-21 20:45:00,6.213,6.213,6.175,6.2,32451.260000000002,15
2026-06-21 21:00:00,6.2,6.207,6.128,6.154,44432.18,15
2026-06-21 21:15:00,6.154,6.171,6.129,6.16,31282.42,15
2026-06-21 21:30:00,6.16,6.187,6.145,6.183,15857.58,15
2026-06-21 21:45:00,6.182,6.191,6.165,6.174,12647.19,15
2026-06-21 22:00:00,6.174,6.204,6.158,6.172,18367.03,15
2026-06-21 22:15:00,6.173,6.186,6.161,6.167,16741.17,15
2026-06-21 22:30:00,6.166,6.166,6.123,6.138,24753.41,15
2026-06-21 22:45:00,6.138,6.16,6.136,6.144,10645.78,15
2026-06-21 23:00:00,6.144,6.144,6.111,6.114,16580.21,15
2026-06-21 23:15:00,6.115,6.143,6.1,6.131,19551.9,15
2026-06-21 23:30:00,6.132,6.134,6.097,6.108,25990.43,15
2026-06-21 23:45:00,6.109,6.123,6.103,6.113,14167.460000000001,15
2026-06-22 00:00:00,6.113,6.144,6.113,6.126,16932.79,15
2026-06-22 00:15:00,6.125,6.16,6.118,6.153,19710.78,15
2026-06-22 00:30:00,6.153,6.201,6.153,6.182,33296.06,15
2026-06-22 00:45:00,6.182,6.213,6.176,6.202,18578.62,15
2026-06-22 01:00:00,6.202,6.225,6.192,6.196,26934.030000000002,15
2026-06-22 01:15:00,6.197,6.336,6.197,6.307,72867.54000000001,15
2026-06-22 01:30:00,6.307,6.314,6.263,6.272,38275.42,15
2026-06-22 01:45:00,6.271,6.278,6.264,6.268,17068.739999999998,15
2026-06-22 02:00:00,6.268,6.274,6.236,6.241,14506.87,15
2026-06-22 02:15:00,6.24,6.264,6.233,6.253,10798.76,15
2026-06-22 02:30:00,6.253,6.269,6.239,6.26,6984.54,15
2026-06-22 02:45:00,6.261,6.261,6.228,6.231,11510.24,15
2026-06-22 03:00:00,6.232,6.242,6.202,6.231,11140.49,15
2026-06-22 03:15:00,6.232,6.286,6.232,6.267,40168.36,15
2026-06-22 03:30:00,6.267,6.293,6.239,6.242,31259.54,15
2026-06-22 03:45:00,6.241,6.242,6.213,6.23,30593.47,15
2026-06-22 04:00:00,6.23,6.264,6.218,6.254,16478.6,15
2026-06-22 04:15:00,6.253,6.258,6.239,6.256,14019.62,15
2026-06-22 04:30:00,6.257,6.264,6.246,6.247,8072.679999999999,15
2026-06-22 04:45:00,6.248,6.286,6.248,6.276,9673.0,15
2026-06-22 05:00:00,6.275,6.301,6.27,6.299,18967.440000000002,15
2026-06-22 05:15:00,6.298,6.31,6.29,6.299,12968.58,15
2026-06-22 05:30:00,6.299,6.32,6.293,6.31,13833.71,15
2026-06-22 05:45:00,6.309,6.314,6.29,6.301,17391.39,15
2026-06-22 06:00:00,6.302,6.306,6.196,6.273,381607.01,15
2026-06-22 06:15:00,6.272,6.278,6.259,6.263,30151.64,15
2026-06-22 06:30:00,6.262,6.264,6.243,6.252,25851.649999999998,15
2026-06-22 06:45:00,6.251,6.261,6.239,6.251,18902.45,15
2026-06-22 07:00:00,6.251,6.308,6.246,6.293,48798.520000000004,15
2026-06-22 07:15:00,6.292,6.3,6.282,6.289,25726.48,15
2026-06-22 07:30:00,6.289,6.297,6.275,6.277,18631.67,15
2026-06-22 07:45:00,6.277,6.304,6.277,6.286,9236.85,15
2026-06-22 08:00:00,6.286,6.288,6.263,6.285,14572.28,15
2026-06-22 08:15:00,6.284,6.287,6.22,6.255,94675.79999999999,15
2026-06-22 08:30:00,6.254,6.27,6.241,6.269,11899.94,15
2026-06-22 08:45:00,6.269,6.278,6.246,6.265,17285.45,15
2026-06-22 09:00:00,6.264,6.273,6.255,6.269,8077.6,15
2026-06-22 09:15:00,6.27,6.274,6.248,6.253,31094.229999999996,15
2026-06-22 09:30:00,6.252,6.26,6.24,6.254,11931.39,15
2026-06-22 09:45:00,6.254,6.257,6.239,6.24,19204.010000000002,15
2026-06-22 10:00:00,6.24,6.27,6.24,6.264,9347.51,15
2026-06-22 10:15:00,6.264,6.27,6.254,6.255,9811.27,15
2026-06-22 10:30:00,6.255,6.265,6.245,6.247,9172.69,15
2026-06-22 10:45:00,6.247,6.285,6.247,6.269,11946.98,15
2026-06-22 11:00:00,6.268,6.322,6.26,6.311,31226.93,15
2026-06-22 11:15:00,6.31,6.34,6.302,6.314,33427.25,15
2026-06-22 11:30:00,6.314,6.377,6.314,6.358,38869.31,15
2026-06-22 11:45:00,6.358,6.379,6.356,6.365,16674.7,15
2026-06-22 12:00:00,6.365,6.393,6.353,6.37,48505.63,15
2026-06-22 12:15:00,6.37,6.377,6.352,6.373,34641.17,15
2026-06-22 12:30:00,6.374,6.385,6.352,6.371,22305.78,15
2026-06-22 12:45:00,6.371,6.426,6.352,6.405,52119.38,15
2026-06-22 13:00:00,6.406,6.411,6.381,6.388,21472.3,15
2026-06-22 13:15:00,6.389,6.394,6.363,6.367,24714.18,15
2026-06-22 13:30:00,6.369,6.413,6.365,6.404,36496.869999999995,15
2026-06-22 13:45:00,6.404,6.472,6.402,6.463,83102.3,15
2026-06-22 14:00:00,6.464,6.468,6.399,6.407,40137.090000000004,15
2026-06-22 14:15:00,6.407,6.407,6.359,6.36,26994.59,15
2026-06-22 14:30:00,6.359,6.365,6.318,6.328,43880.62,15
2026-06-22 14:45:00,6.327,6.348,6.304,6.331,25970.09,15
2026-06-22 15:00:00,6.331,6.35,6.307,6.342,24256.54,15
2026-06-22 15:15:00,6.342,6.346,6.317,6.332,31419.89,15
2026-06-22 15:30:00,6.333,6.349,6.313,6.325,23763.01,15
2026-06-22 15:45:00,6.324,6.329,6.283,6.307,33472.7,15
2026-06-22 16:00:00,6.307,6.323,6.283,6.309,20215.31,15
2026-06-22 16:15:00,6.31,6.331,6.294,6.316,16180.380000000001,15
2026-06-22 16:30:00,6.316,6.316,6.281,6.299,32350.73,15
2026-06-22 16:45:00,6.298,6.325,6.287,6.313,26505.260000000002,15
2026-06-22 17:00:00,6.312,6.321,6.304,6.312,12297.59,15
2026-06-22 17:15:00,6.313,6.314,6.291,6.293,13037.869999999999,15
2026-06-22 17:30:00,6.292,6.298,6.268,6.292,33800.32,15
2026-06-22 17:45:00,6.293,6.329,6.293,6.32,26714.920000000002,15
2026-06-22 18:00:00,6.319,6.336,6.315,6.319,21572.57,15
2026-06-22 18:15:00,6.32,6.335,6.306,6.312,23705.09,15
2026-06-22 18:30:00,6.311,6.325,6.304,6.313,13778.57,15
2026-06-22 18:45:00,6.314,6.317,6.262,6.271,34859.62,15
2026-06-22 19:00:00,6.27,6.279,6.239,6.257,13058.34,15
2026-06-22 19:15:00,6.258,6.267,6.244,6.252,9958.19,15
2026-06-22 19:30:00,6.252,6.264,6.245,6.255,9330.51,15
2026-06-22 19:45:00,6.254,6.278,6.234,6.271,27681.510000000002,15
2026-06-22 20:00:00,6.272,6.297,6.269,6.286,10271.77,15
2026-06-22 20:15:00,6.286,6.288,6.265,6.278,8008.4800000000005,15
2026-06-22 20:30:00,6.278,6.29,6.278,6.289,4421.84,15
2026-06-22 20:45:00,6.288,6.292,6.267,6.277,7785.780000000001,15
2026-06-22 21:00:00,6.278,6.283,6.255,6.268,11276.04,15
2026-06-22 21:15:00,6.268,6.271,6.246,6.249,9734.11,15
2026-06-22 21:30:00,6.249,6.25,6.216,6.222,12417.9,15
2026-06-22 21:45:00,6.222,6.251,6.222,6.25,9413.12,15
2026-06-22 22:00:00,6.251,6.269,6.249,6.256,8041.820000000001,15
2026-06-22 22:15:00,6.257,6.258,6.188,6.195,34902.89,15
2026-06-22 22:30:00,6.195,6.209,6.166,6.186,37016.41,15
2026-06-22 22:45:00,6.186,6.219,6.185,6.211,9862.04,15
2026-06-22 23:00:00,6.21,6.214,6.201,6.201,9437.03,15
2026-06-22 23:15:00,6.2,6.234,6.193,6.226,33511.520000000004,15
2026-06-22 23:30:00,6.226,6.237,6.217,6.234,7905.78,15
2026-06-22 23:45:00,6.234,6.247,6.223,6.241,13994.43,15
2026-06-23 00:00:00,6.241,6.255,6.232,6.246,26081.07,15
2026-06-23 00:15:00,6.247,6.252,6.214,6.221,11240.62,15
2026-06-23 00:30:00,6.221,6.27,6.221,6.27,18306.13,15
2026-06-23 00:45:00,6.27,6.277,6.255,6.276,28915.87,15
2026-06-23 01:00:00,6.275,6.286,6.263,6.269,24532.19,15
2026-06-23 01:15:00,6.269,6.287,6.259,6.287,13886.15,15
2026-06-23 01:30:00,6.287,6.298,6.257,6.262,26063.47,15
2026-06-23 01:45:00,6.261,6.27,6.224,6.27,14639.08,15
2026-06-23 02:00:00,6.269,6.281,6.246,6.27,18641.48,15
2026-06-23 02:15:00,6.271,6.298,6.271,6.284,15667.21,15
2026-06-23 02:30:00,6.283,6.297,6.28,6.292,5960.35,15
2026-06-23 02:45:00,6.292,6.313,6.283,6.301,18983.34,15
2026-06-23 03:00:00,6.302,6.303,6.276,6.29,10149.51,15
2026-06-23 03:15:00,6.292,6.307,6.284,6.303,12358.97,15
2026-06-23 03:30:00,6.304,6.308,6.286,6.29,15018.65,15
2026-06-23 03:45:00,6.29,6.313,6.29,6.313,6123.71,15
2026-06-23 04:00:00,6.314,6.334,6.311,6.33,13249.56,15
2026-06-23 04:15:00,6.331,6.331,6.292,6.321,15729.109999999999,15
2026-06-23 04:30:00,6.322,6.322,6.272,6.275,13934.529999999999,15
2026-06-23 04:45:00,6.275,6.288,6.265,6.273,17554.23,15
2026-06-23 05:00:00,6.274,6.295,6.27,6.28,13441.38,15
2026-06-23 05:15:00,6.279,6.289,6.238,6.245,15707.91,15
2026-06-23 05:30:00,6.246,6.25,6.212,6.237,17353.8,15
2026-06-23 05:45:00,6.236,6.251,6.227,6.238,20669.57,15
2026-06-23 06:00:00,6.239,6.246,6.191,6.21,30988.11,15
2026-06-23 06:15:00,6.211,6.224,6.065,6.098,565961.35,15
2026-06-23 06:30:00,6.098,6.146,6.09,6.129,93457.51,15
2026-06-23 06:45:00,6.128,6.18,6.127,6.167,40186.09,15
2026-06-23 07:00:00,6.166,6.215,6.145,6.207,108204.06,15
2026-06-23 07:15:00,6.206,6.21,6.194,6.199,26774.5,15
2026-06-23 07:30:00,6.199,6.199,6.158,6.159,29203.0,15
2026-06-23 07:45:00,6.16,6.173,6.15,6.157,19832.329999999998,15
2026-06-23 08:00:00,6.157,6.166,6.12,6.121,21930.8,15
2026-06-23 08:15:00,6.121,6.122,6.013,6.043,112630.19,15
2026-06-23 08:30:00,6.042,6.112,6.041,6.105,43502.8,15
2026-06-23 08:45:00,6.105,6.136,6.097,6.125,46437.69,15
2026-06-23 09:00:00,6.124,6.162,6.124,6.15,50323.17,15
2026-06-23 09:15:00,6.151,6.208,6.151,6.206,44454.14,15
2026-06-23 09:30:00,6.207,6.214,6.174,6.184,80945.99,15
2026-06-23 09:45:00,6.185,6.212,6.173,6.211,58127.56,15
2026-06-23 10:00:00,6.211,6.246,6.208,6.215,34210.19,15
2026-06-23 10:15:00,6.215,6.22,6.191,6.195,36891.79,15
2026-06-23 10:30:00,6.194,6.197,6.171,6.182,38873.85,15
2026-06-23 10:45:00,6.181,6.206,6.178,6.202,41139.99,15
2026-06-23 11:00:00,6.202,6.228,6.201,6.226,42781.51,15
2026-06-23 11:15:00,6.225,6.258,6.21,6.235,42109.79,15
2026-06-23 11:30:00,6.235,6.257,6.233,6.245,29495.5,15
2026-06-23 11:45:00,6.245,6.258,6.226,6.257,19842.73,15
2026-06-23 12:00:00,6.258,6.297,6.258,6.283,50441.12,15
2026-06-23 12:15:00,6.284,6.305,6.28,6.283,45515.54,15
2026-06-23 12:30:00,6.283,6.301,6.241,6.258,47142.68,15
2026-06-23 12:45:00,6.258,6.262,6.233,6.247,40032.24,15
2026-06-23 13:00:00,6.247,6.255,6.217,6.247,36969.39,15
2026-06-23 13:15:00,6.246,6.267,6.226,6.251,53204.82,15
2026-06-23 13:30:00,6.25,6.307,6.227,6.262,81094.17,15
2026-06-23 13:45:00,6.261,6.291,6.242,6.285,36045.73,15
2026-06-23 14:00:00,6.286,6.456,6.275,6.38,255684.25,15
2026-06-23 14:15:00,6.379,6.379,6.315,6.332,97972.54000000001,15
2026-06-23 14:30:00,6.332,6.365,6.308,6.319,33332.6,15
2026-06-23 14:45:00,6.32,6.337,6.302,6.327,39176.11,15
2026-06-23 15:00:00,6.327,6.347,6.302,6.319,34356.89,15
2026-06-23 15:15:00,6.319,6.354,6.311,6.313,48050.56,15
2026-06-23 15:30:00,6.312,6.388,6.311,6.331,51866.34,15
2026-06-23 15:45:00,6.33,6.371,6.292,6.371,48356.75,15
2026-06-23 16:00:00,6.372,6.408,6.35,6.39,94924.01,15
2026-06-23 16:15:00,6.391,6.395,6.328,6.333,37998.090000000004,15
2026-06-23 16:30:00,6.333,6.364,6.33,6.36,25768.8,15
2026-06-23 16:45:00,6.361,6.367,6.331,6.335,29049.61,15
2026-06-23 17:00:00,6.335,6.335,6.281,6.287,75184.27,15
2026-06-23 17:15:00,6.286,6.351,6.286,6.346,34615.13,15
2026-06-23 17:30:00,6.346,6.352,6.294,6.3,22779.760000000002,15
2026-06-23 17:45:00,6.3,6.309,6.275,6.283,32171.879999999997,15
2026-06-23 18:00:00,6.283,6.299,6.277,6.295,22451.5,15
2026-06-23 18:15:00,6.294,6.306,6.282,6.289,10901.1,15
2026-06-23 18:30:00,6.288,6.3,6.271,6.276,56460.76,15
2026-06-23 18:45:00,6.277,6.313,6.271,6.302,16896.48,15
2026-06-23 19:00:00,6.302,6.324,6.296,6.312,22850.57,15
2026-06-23 19:15:00,6.312,6.353,6.306,6.346,39420.7,15
2026-06-23 19:30:00,6.346,6.353,6.32,6.32,34022.76,15
2026-06-23 19:45:00,6.32,6.349,6.315,6.34,24988.66,15
2026-06-23 20:00:00,6.341,6.45,6.341,6.421,171643.44,15
2026-06-23 20:15:00,6.42,6.45,6.417,6.423,61382.56,15
2026-06-23 20:30:00,6.424,6.436,6.401,6.409,45444.92,15
2026-06-23 20:45:00,6.408,6.419,6.394,6.413,31393.2,15
2026-06-23 21:00:00,6.413,6.45,6.409,6.437,62094.82,15
2026-06-23 21:15:00,6.437,6.45,6.413,6.427,28058.7,15
2026-06-23 21:30:00,6.427,6.451,6.417,6.436,22674.27,15
2026-06-23 21:45:00,6.435,6.444,6.426,6.431,8697.57,15
2026-06-23 22:00:00,6.43,6.497,6.423,6.492,49278.37,15
2026-06-23 22:15:00,6.493,6.527,6.481,6.494,57935.26,15
2026-06-23 22:30:00,6.494,6.503,6.451,6.452,30950.91,15
2026-06-23 22:45:00,6.453,6.483,6.452,6.473,28730.86,15
2026-06-23 23:00:00,6.472,6.486,6.442,6.481,39935.83,15
2026-06-23 23:15:00,6.481,6.514,6.476,6.493,39904.35,15
2026-06-23 23:30:00,6.493,6.504,6.46,6.47,36606.01,15
2026-06-23 23:45:00,6.47,6.502,6.47,6.484,26338.45,15
2026-06-24 00:00:00,6.484,6.542,6.484,6.536,81884.91,15
2026-06-24 00:15:00,6.536,6.544,6.504,6.522,35547.48,15
2026-06-24 00:30:00,6.522,6.543,6.519,6.537,20210.29,15
2026-06-24 00:45:00,6.536,6.538,6.511,6.514,21606.03,15
2026-06-24 01:00:00,6.515,6.518,6.471,6.504,37992.03,15
2026-06-24 01:15:00,6.503,6.513,6.474,6.506,17732.34,15
2026-06-24 01:30:00,6.506,6.54,6.506,6.525,41833.15,15
2026-06-24 01:45:00,6.526,6.529,6.455,6.455,40509.63,15
2026-06-24 02:00:00,6.456,6.464,6.417,6.443,40972.93,15
2026-06-24 02:15:00,6.441,6.442,6.412,6.431,26067.44,15
2026-06-24 02:30:00,6.431,6.463,6.431,6.454,48337.01,15
2026-06-24 02:45:00,6.454,6.46,6.434,6.437,10270.67,15
2026-06-24 03:00:00,6.438,6.45,6.425,6.44,19278.170000000002,15
2026-06-24 03:15:00,6.439,6.439,6.407,6.433,36424.02,15
2026-06-24 03:30:00,6.434,6.453,6.433,6.445,8149.77,15
2026-06-24 03:45:00,6.445,6.447,6.417,6.417,17131.3,15
2026-06-24 04:00:00,6.417,6.424,6.401,6.409,13618.619999999999,15
2026-06-24 04:15:00,6.41,6.415,6.367,6.385,34341.35,15
2026-06-24 04:30:00,6.384,6.405,6.374,6.404,24643.440000000002,15
2026-06-24 04:45:00,6.404,6.443,6.404,6.428,18336.14,15
2026-06-24 05:00:00,6.427,6.447,6.427,6.436,18457.61,15
2026-06-24 05:15:00,6.437,6.454,6.437,6.446,14280.3,15
2026-06-24 05:30:00,6.446,6.458,6.435,6.439,20181.329999999998,15
2026-06-24 05:45:00,6.438,6.448,6.428,6.437,10031.77,15
2026-06-24 06:00:00,6.436,6.458,6.433,6.446,15699.039999999999,15
2026-06-24 06:15:00,6.445,6.445,6.413,6.419,10600.83,15
2026-06-24 06:30:00,6.42,6.439,6.414,6.414,18264.79,15
2026-06-24 06:45:00,6.413,6.433,6.411,6.422,7961.01,15
2026-06-24 07:00:00,6.422,6.423,6.406,6.416,23044.88,15
2026-06-24 07:15:00,6.416,6.428,6.412,6.414,6474.99,15
2026-06-24 07:30:00,6.414,6.423,6.356,6.402,87797.29000000001,15
2026-06-24 07:45:00,6.401,6.406,6.385,6.395,27225.92,15
2026-06-24 08:00:00,6.394,6.4,6.383,6.389,19995.829999999998,15
2026-06-24 08:15:00,6.389,6.396,6.38,6.382,15670.55,15
2026-06-24 08:30:00,6.382,6.412,6.378,6.412,14595.51,15
2026-06-24 08:45:00,6.412,6.415,6.403,6.407,8490.19,15
2026-06-24 09:00:00,6.406,6.407,6.386,6.404,20540.670000000002,15
2026-06-24 09:15:00,6.405,6.407,6.393,6.399,7982.87,15
2026-06-24 09:30:00,6.4,6.407,6.395,6.402,10694.25,15
2026-06-24 09:45:00,6.402,6.418,6.397,6.411,17802.4,15
2026-06-24 10:00:00,6.411,6.431,6.41,6.422,30060.86,15
2026-06-24 10:15:00,6.422,6.422,6.386,6.405,22727.28,15
2026-06-24 10:30:00,6.406,6.412,6.39,6.41,15446.68,15
2026-06-24 10:45:00,6.41,6.412,6.398,6.404,7658.900000000001,15
2026-06-24 11:00:00,6.403,6.416,6.386,6.387,24569.27,15
2026-06-24 11:15:00,6.388,6.391,6.371,6.376,27394.65,15
2026-06-24 11:30:00,6.377,6.427,6.377,6.418,44573.57,15
2026-06-24 11:45:00,6.417,6.496,6.416,6.447,48121.869999999995,15
2026-06-24 12:00:00,6.447,6.45,6.424,6.431,15039.140000000001,15
2026-06-24 12:15:00,6.431,6.441,6.418,6.437,16784.54,15
2026-06-24 12:30:00,6.437,6.44,6.422,6.427,9067.23,15
2026-06-24 12:45:00,6.427,6.43,6.413,6.427,11695.11,15
2026-06-24 13:00:00,6.427,6.431,6.32,6.33,53549.29,15
2026-06-24 13:15:00,6.33,6.411,6.296,6.344,117687.08,15
2026-06-24 13:30:00,6.344,6.392,6.313,6.329,92942.11,15
2026-06-24 13:45:00,6.328,6.352,6.286,6.308,55307.48,15
2026-06-24 14:00:00,6.307,6.351,6.292,6.333,74370.95,15
2026-06-24 14:15:00,6.333,6.342,6.287,6.325,64034.630000000005,15
2026-06-24 14:30:00,6.325,6.358,6.305,6.334,29101.43,15
2026-06-24 14:45:00,6.336,6.36,6.314,6.329,41454.23,15
2026-06-24 15:00:00,6.33,6.335,6.292,6.299,45087.21,15
2026-06-24 15:15:00,6.299,6.332,6.298,6.326,28557.07,15
2026-06-24 15:30:00,6.326,6.326,6.239,6.248,65093.81,15
2026-06-24 15:45:00,6.248,6.252,6.206,6.234,99531.67,15
2026-06-24 16:00:00,6.233,6.282,6.214,6.276,63599.79,15
2026-06-24 16:15:00,6.276,6.306,6.264,6.283,31646.63,15
2026-06-24 16:30:00,6.282,6.29,6.236,6.252,36552.54,15
2026-06-24 16:45:00,6.252,6.252,6.106,6.144,137160.1,15
2026-06-24 17:00:00,6.146,6.173,6.103,6.123,47407.24,15
2026-06-24 17:15:00,6.122,6.126,6.02,6.06,98815.69,15
2026-06-24 17:30:00,6.06,6.077,6.031,6.035,43457.71,15
2026-06-24 17:45:00,6.035,6.044,5.998,6.023,65853.45,15
2026-06-24 18:00:00,6.023,6.075,6.005,6.075,41128.64,15
2026-06-24 18:15:00,6.075,6.158,6.068,6.133,47458.77,15
2026-06-24 18:30:00,6.133,6.142,6.112,6.115,18845.52,15
2026-06-24 18:45:00,6.115,6.123,6.08,6.098,27379.86,15
2026-06-24 19:00:00,6.098,6.128,6.076,6.089,36748.479999999996,15
2026-06-24 19:15:00,6.089,6.131,6.073,6.124,16750.87,15
2026-06-24 19:30:00,6.124,6.142,6.105,6.121,20802.93,15
2026-06-24 19:45:00,6.122,6.148,6.108,6.144,55256.530000000006,15
2026-06-24 20:00:00,6.143,6.266,6.119,6.26,111299.3,15
2026-06-24 20:15:00,6.26,6.286,6.255,6.276,39723.32,15
2026-06-24 20:30:00,6.277,6.34,6.274,6.335,60814.380000000005,15
2026-06-24 20:45:00,6.334,6.366,6.33,6.337,63086.13,15
2026-06-24 21:00:00,6.338,6.348,6.305,6.333,49423.67,15
2026-06-24 21:15:00,6.333,6.354,6.321,6.334,16513.47,15
2026-06-24 21:30:00,6.334,6.382,6.334,6.372,19742.4,15
2026-06-24 21:45:00,6.372,6.387,6.357,6.38,18216.89,15
2026-06-24 22:00:00,6.381,6.492,6.381,6.431,115370.0,15
2026-06-24 22:15:00,6.431,6.442,6.412,6.421,51814.83,15
2026-06-24 22:30:00,6.421,6.446,6.414,6.421,43488.03,15
2026-06-24 22:45:00,6.421,6.427,6.402,6.424,24496.23,15
2026-06-24 23:00:00,6.425,6.437,6.402,6.417,25755.02,15
2026-06-24 23:15:00,6.418,6.463,6.414,6.444,50611.32,15
2026-06-24 23:30:00,6.443,6.459,6.438,6.452,27679.4,15
2026-06-24 23:45:00,6.453,6.472,6.438,6.444,23442.41,15
2026-06-25 00:00:00,6.444,6.483,6.435,6.445,63700.89,15
2026-06-25 00:15:00,6.446,6.448,6.423,6.426,17180.4,15
2026-06-25 00:30:00,6.426,6.431,6.4,6.41,17103.42,15
2026-06-25 00:45:00,6.411,6.427,6.391,6.403,21091.5,15
2026-06-25 01:00:00,6.403,6.433,6.403,6.408,12943.61,15
2026-06-25 01:15:00,6.408,6.426,6.4,6.401,19696.1,15
2026-06-25 01:30:00,6.4,6.418,6.396,6.406,13823.58,15
2026-06-25 01:45:00,6.406,6.427,6.398,6.425,18090.89,15
2026-06-25 02:00:00,6.424,6.46,6.396,6.399,57831.07,15
2026-06-25 02:15:00,6.398,6.426,6.392,6.419,28423.579999999998,15
2026-06-25 02:30:00,6.418,6.425,6.39,6.39,10387.96,15
2026-06-25 02:45:00,6.391,6.417,6.391,6.411,19169.91,15
2026-06-25 03:00:00,6.411,6.419,6.395,6.405,12763.789999999999,15
2026-06-25 03:15:00,6.406,6.433,6.391,6.427,17356.53,15
2026-06-25 03:30:00,6.427,6.435,6.399,6.399,14150.9,15
2026-06-25 03:45:00,6.399,6.42,6.398,6.414,9820.73,15
2026-06-25 04:00:00,6.414,6.423,6.402,6.404,10012.82,15
2026-06-25 04:15:00,6.404,6.409,6.395,6.401,12836.58,15
2026-06-25 04:30:00,6.4,6.416,6.389,6.416,8200.57,15
2026-06-25 04:45:00,6.416,6.509,6.412,6.485,61196.63,15
2026-06-25 05:00:00,6.485,6.586,6.484,6.58,157953.75,15
2026-06-25 05:15:00,6.579,6.64,6.568,6.611,133779.30000000002,15
2026-06-25 05:30:00,6.611,6.62,6.57,6.574,58551.31,15
2026-06-25 05:45:00,6.574,6.575,6.536,6.551,54422.07,15
2026-06-25 06:00:00,6.55,6.616,6.55,6.607,66667.49,15
2026-06-25 06:15:00,6.607,6.622,6.577,6.577,35420.86,15
2026-06-25 06:30:00,6.576,6.588,6.565,6.581,18952.91,15
2026-06-25 06:45:00,6.58,6.593,6.57,6.578,15780.61,15
2026-06-25 07:00:00,6.579,6.589,6.525,6.539,58681.97,15
2026-06-25 07:15:00,6.538,6.562,6.538,6.55,19526.28,15
2026-06-25 07:30:00,6.549,6.55,6.533,6.546,12724.58,15
2026-06-25 07:45:00,6.545,6.545,6.515,6.531,86485.25,15
2026-06-25 08:00:00,6.531,6.534,6.505,6.507,17864.829999999998,15
2026-06-25 08:15:00,6.506,6.51,6.498,6.503,18081.9,15
2026-06-25 08:30:00,6.502,6.52,6.489,6.514,23319.11,15
2026-06-25 08:45:00,6.515,6.52,6.502,6.509,10882.46,15
2026-06-25 09:00:00,6.51,6.515,6.502,6.509,5871.66,15
2026-06-25 09:15:00,6.508,6.513,6.495,6.502,18601.75,15
2026-06-25 09:30:00,6.502,6.507,6.488,6.499,7578.79,15
2026-06-25 09:45:00,6.499,6.509,6.492,6.503,12399.27,15
2026-06-25 10:00:00,6.503,6.51,6.494,6.504,16631.85,15
2026-06-25 10:15:00,6.504,6.507,6.424,6.426,127585.85,15
2026-06-25 10:30:00,6.427,6.448,6.425,6.434,28120.34,15
2026-06-25 10:45:00,6.435,6.449,6.429,6.432,24826.09,15
2026-06-25 11:00:00,6.432,6.445,6.412,6.434,40148.85,15
2026-06-25 11:15:00,6.434,6.438,6.409,6.41,27911.149999999998,15
2026-06-25 11:30:00,6.411,6.435,6.411,6.421,27964.91,15
2026-06-25 11:45:00,6.421,6.423,6.385,6.404,29911.08,15
2026-06-25 12:00:00,6.404,6.408,6.384,6.388,24278.75,15
2026-06-25 12:15:00,6.388,6.39,6.34,6.346,31552.84,15
2026-06-25 12:30:00,6.347,6.447,6.347,6.386,55918.33,15
2026-06-25 12:45:00,6.387,6.399,6.368,6.379,31844.51,15
2026-06-25 13:00:00,6.379,6.393,6.365,6.373,22932.62,15
2026-06-25 13:15:00,6.372,6.376,6.362,6.366,17036.14,15
2026-06-25 13:30:00,6.366,6.392,6.217,6.22,140088.71,15
2026-06-25 13:45:00,6.22,6.243,5.954,5.979,425358.98,15
2026-06-25 14:00:00,5.98,6.18,5.98,6.134,230136.73,15
2026-06-25 14:15:00,6.135,6.166,6.066,6.117,107953.63,15
2026-06-25 14:30:00,6.118,6.232,6.098,6.107,135131.66,15
2026-06-25 14:45:00,6.107,6.162,6.094,6.125,62006.99,15
2026-06-25 15:00:00,6.125,6.132,6.066,6.072,55109.270000000004,15
2026-06-25 15:15:00,6.071,6.116,6.037,6.097,91316.26,15
2026-06-25 15:30:00,6.098,6.122,6.084,6.105,29191.62,15
2026-06-25 15:45:00,6.105,6.135,6.094,6.118,41619.409999999996,15
2026-06-25 16:00:00,6.119,6.173,6.11,6.144,36642.71,15
2026-06-25 16:15:00,6.145,6.156,6.135,6.142,16880.81,15
2026-06-25 16:30:00,6.141,6.141,6.082,6.088,34820.45,15
2026-06-25 16:45:00,6.089,6.108,6.073,6.106,17182.28,15
2026-06-25 17:00:00,6.108,6.223,6.108,6.206,69527.38,15
2026-06-25 17:15:00,6.206,6.254,6.18,6.212,100526.97,15
2026-06-25 17:30:00,6.211,6.227,6.201,6.205,24494.07,15
2026-06-25 17:45:00,6.204,6.26,6.193,6.258,36920.26,15
2026-06-25 18:00:00,6.258,6.26,6.195,6.198,32805.979999999996,15
2026-06-25 18:15:00,6.199,6.246,6.198,6.215,33755.48,15
2026-06-25 18:30:00,6.214,6.214,6.151,6.153,27176.809999999998,15
2026-06-25 18:45:00,6.153,6.156,6.12,6.14,31129.59,15
2026-06-25 19:00:00,6.14,6.14,6.105,6.107,25791.48,15
2026-06-25 19:15:00,6.106,6.106,6.075,6.096,40293.54,15
2026-06-25 19:30:00,6.096,6.119,6.082,6.103,17498.37,15
2026-06-25 19:45:00,6.103,6.109,6.046,6.109,57006.490000000005,15
2026-06-25 20:00:00,6.11,6.16,6.11,6.132,36138.159999999996,15
2026-06-25 20:15:00,6.133,6.181,6.133,6.166,16825.170000000002,15
2026-06-25 20:30:00,6.167,6.173,6.143,6.16,26738.18,15
2026-06-25 20:45:00,6.16,6.16,6.13,6.141,11645.47,15
2026-06-25 21:00:00,6.141,6.173,6.138,6.171,8181.77,15
2026-06-25 21:15:00,6.172,6.195,6.16,6.195,11387.76,15
2026-06-25 21:30:00,6.194,6.238,6.194,6.219,49546.07,15
2026-06-25 21:45:00,6.219,6.254,6.211,6.254,17913.34,15
2026-06-25 22:00:00,6.253,6.259,6.205,6.21,22985.27,15
2026-06-25 22:15:00,6.211,6.224,6.2,6.2,7393.3,15
2026-06-25 22:30:00,6.2,6.219,6.195,6.205,13039.19,15
2026-06-25 22:45:00,6.206,6.213,6.193,6.203,10112.41,15
2026-06-25 23:00:00,6.204,6.225,6.2,6.225,9688.27,15
2026-06-25 23:15:00,6.225,6.26,6.223,6.253,23290.98,15
2026-06-25 23:30:00,6.254,6.269,6.239,6.245,18324.989999999998,15
2026-06-25 23:45:00,6.245,6.245,6.224,6.235,11474.880000000001,15
2026-06-26 00:00:00,6.235,6.246,6.222,6.243,12767.18,15
2026-06-26 00:15:00,6.242,6.249,6.213,6.228,11400.14,15
2026-06-26 00:30:00,6.228,6.232,6.214,6.222,9432.74,15
2026-06-26 00:45:00,6.223,6.227,6.205,6.212,12238.46,15
2026-06-26 01:00:00,6.211,6.229,6.183,6.195,20436.92,15
2026-06-26 01:15:00,6.194,6.201,6.139,6.14,17773.97,15
2026-06-26 01:30:00,6.141,6.15,6.127,6.13,10513.08,15
2026-06-26 01:45:00,6.13,6.142,6.121,6.129,11624.6,15
2026-06-26 02:00:00,6.13,6.133,6.002,6.014,55617.58,15
2026-06-26 02:15:00,6.015,6.051,5.989,6.048,75597.63,15
2026-06-26 02:30:00,6.047,6.056,6.017,6.029,23125.7,15
2026-06-26 02:45:00,6.028,6.036,5.986,5.998,30481.87,15
2026-06-26 03:00:00,5.999,6.057,5.963,6.054,49282.65,15
2026-06-26 03:15:00,6.053,6.073,6.027,6.054,24618.690000000002,15
2026-06-26 03:30:00,6.053,6.091,6.03,6.09,36263.41,15
2026-06-26 03:45:00,6.089,6.157,6.088,6.143,55396.05,15
2026-06-26 04:00:00,6.144,6.151,6.123,6.135,19182.75,15
2026-06-26 04:15:00,6.135,6.158,6.117,6.122,18403.69,15
2026-06-26 04:30:00,6.122,6.125,6.103,6.114,9860.119999999999,15
2026-06-26 04:45:00,6.115,6.118,6.081,6.086,11732.66,15
2026-06-26 05:00:00,6.087,6.106,6.072,6.101,28979.73,15
2026-06-26 05:15:00,6.101,6.118,6.088,6.114,10425.51,15
2026-06-26 05:30:00,6.113,6.132,6.1,6.1,13327.12,15
2026-06-26 05:45:00,6.1,6.116,6.084,6.107,10873.22,15
2026-06-26 06:00:00,6.108,6.108,6.077,6.089,26312.36,15
2026-06-26 06:15:00,6.089,6.18,6.089,6.179,23519.82,15
2026-06-26 06:30:00,6.18,6.249,6.163,6.24,53819.79,15
2026-06-26 06:45:00,6.241,6.256,6.222,6.247,38975.54,15
2026-06-26 07:00:00,6.246,6.307,6.243,6.295,49274.9,15
2026-06-26 07:15:00,6.294,6.335,6.287,6.302,62835.78,15
2026-06-26 07:30:00,6.302,6.329,6.292,6.3,20815.190000000002,15
2026-06-26 07:45:00,6.301,6.321,6.282,6.312,35332.99,15
2026-06-26 08:00:00,6.312,6.322,6.259,6.265,47250.67,15
2026-06-26 08:15:00,6.266,6.273,6.241,6.254,25491.22,15
2026-06-26 08:30:00,6.255,6.256,6.226,6.228,17027.67,15
2026-06-26 08:45:00,6.228,6.231,6.215,6.226,18485.77,15
2026-06-26 09:00:00,6.227,6.23,6.208,6.226,16226.92,15
2026-06-26 09:15:00,6.225,6.225,6.203,6.215,17314.43,15
2026-06-26 09:30:00,6.215,6.26,6.203,6.217,42424.03,15
2026-06-26 09:45:00,6.217,6.217,6.152,6.159,17850.51,15
2026-06-26 10:00:00,6.16,6.169,6.141,6.159,14748.79,15
2026-06-26 10:15:00,6.159,6.17,6.147,6.163,15316.5,15
2026-06-26 10:30:00,6.163,6.179,6.143,6.155,12562.23,15
2026-06-26 10:45:00,6.155,6.164,6.141,6.151,11358.36,15
2026-06-26 11:00:00,6.152,6.175,6.148,6.153,14957.789999999999,15
2026-06-26 11:15:00,6.153,6.153,6.125,6.129,8886.64,15
2026-06-26 11:30:00,6.13,6.148,6.129,6.139,7498.32,15
2026-06-26 11:45:00,6.138,6.143,6.105,6.136,27959.41,15
2026-06-26 12:00:00,6.136,6.147,6.121,6.131,18399.46,15
2026-06-26 12:15:00,6.132,6.157,6.132,6.157,18295.49,15
2026-06-26 12:30:00,6.157,6.191,6.072,6.094,37794.94,15
2026-06-26 12:45:00,6.095,6.144,6.088,6.099,31800.81,15
2026-06-26 13:00:00,6.1,6.14,6.095,6.118,21507.22,15
2026-06-26 13:15:00,6.117,6.122,6.043,6.1,54294.56,15
2026-06-26 13:30:00,6.1,6.165,6.084,6.154,59483.33,15
2026-06-26 13:45:00,6.153,6.261,6.135,6.256,47967.369999999995,15
2026-06-26 14:00:00,6.255,6.282,6.205,6.233,52432.35,15
2026-06-26 14:15:00,6.233,6.287,6.226,6.273,38083.21,15
2026-06-26 14:30:00,6.274,6.285,6.219,6.231,44403.75,15
2026-06-26 14:45:00,6.232,6.271,6.211,6.226,34409.36,15
2026-06-26 15:00:00,6.228,6.285,6.21,6.242,17866.96,15
2026-06-26 15:15:00,6.241,6.314,6.24,6.294,36754.79,15
2026-06-26 15:30:00,6.296,6.358,6.296,6.352,50023.87,15
2026-06-26 15:45:00,6.354,6.377,6.295,6.373,108519.72,15
2026-06-26 16:00:00,6.374,6.458,6.374,6.439,96230.78,15
2026-06-26 16:15:00,6.439,6.444,6.343,6.39,79152.96,15
2026-06-26 16:30:00,6.39,6.447,6.385,6.385,66276.95,15
2026-06-26 16:45:00,6.386,6.408,6.371,6.383,41490.67,15
2026-06-26 17:00:00,6.382,6.465,6.375,6.451,52652.78,15
2026-06-26 17:15:00,6.451,6.523,6.399,6.499,112111.03,15
2026-06-26 17:30:00,6.498,6.521,6.467,6.496,59632.74,15
2026-06-26 17:45:00,6.497,6.506,6.467,6.471,44944.27,15
2026-06-26 18:00:00,6.47,6.504,6.47,6.485,36763.15,15
2026-06-26 18:15:00,6.486,6.495,6.456,6.456,27411.73,15
2026-06-26 18:30:00,6.455,6.466,6.418,6.423,26688.8,15
2026-06-26 18:45:00,6.423,6.423,6.39,6.401,27061.399999999998,15
2026-06-26 19:00:00,6.402,6.445,6.38,6.424,46723.45,15
2026-06-26 19:15:00,6.423,6.43,6.407,6.427,14985.11,15
2026-06-26 19:30:00,6.428,6.447,6.425,6.431,13497.210000000001,15
2026-06-26 19:45:00,6.432,6.444,6.373,6.383,50194.7,15
2026-06-26 20:00:00,6.383,6.451,6.383,6.4,51824.37,15
2026-06-26 20:15:00,6.4,6.413,6.393,6.406,8343.4,15
2026-06-26 20:30:00,6.406,6.406,6.354,6.359,40862.36,15
2026-06-26 20:45:00,6.358,6.366,6.342,6.359,47853.5,15
2026-06-26 21:00:00,6.359,6.361,6.335,6.358,10332.34,15
2026-06-26 21:15:00,6.358,6.375,6.351,6.372,4072.17,15
2026-06-26 21:30:00,6.371,6.386,6.365,6.382,8499.9,15
2026-06-26 21:45:00,6.381,6.383,6.348,6.349,4989.18,15
2026-06-26 22:00:00,6.348,6.367,6.32,6.358,28059.77,15
2026-06-26 22:15:00,6.357,6.406,6.349,6.386,44017.71,15
2026-06-26 22:30:00,6.386,6.549,6.381,6.529,125596.28,15
2026-06-26 22:45:00,6.53,6.55,6.525,6.533,42877.95,15
2026-06-26 23:00:00,6.532,6.571,6.527,6.563,48730.34,15
2026-06-26 23:15:00,6.563,6.613,6.538,6.579,69555.09,15
2026-06-26 23:30:00,6.579,6.601,6.565,6.578,39493.38,15
2026-06-26 23:45:00,6.579,6.634,6.568,6.633,63801.79,15
2026-06-27 00:00:00,6.633,6.67,6.6,6.612,96187.51,15
2026-06-27 00:15:00,6.611,6.611,6.547,6.547,38941.340000000004,15
2026-06-27 00:30:00,6.547,6.595,6.521,6.553,60237.5,15
2026-06-27 00:45:00,6.553,6.599,6.544,6.59,63535.81,15
2026-06-27 01:00:00,6.59,6.59,6.541,6.541,27323.86,15
2026-06-27 01:15:00,6.54,6.569,6.535,6.543,19729.97,15
2026-06-27 01:30:00,6.543,6.553,6.53,6.541,8826.529999999999,15
2026-06-27 01:45:00,6.541,6.555,6.527,6.537,25711.25,15
2026-06-27 02:00:00,6.537,6.577,6.499,6.572,61670.76,15
2026-06-27 02:15:00,6.573,6.664,6.572,6.638,47690.270000000004,15
2026-06-27 02:30:00,6.638,6.66,6.627,6.643,27723.16,15
2026-06-27 02:45:00,6.644,6.671,6.635,6.654,33206.58,15
2026-06-27 03:00:00,6.653,6.653,6.609,6.626,37014.96,15
2026-06-27 03:15:00,6.625,6.641,6.611,6.612,12579.23,15
2026-06-27 03:30:00,6.612,6.62,6.559,6.561,20762.47,15
2026-06-27 03:45:00,6.561,6.57,6.544,6.549,11548.03,15
2026-06-27 04:00:00,6.55,6.571,6.546,6.561,59799.04,15
2026-06-27 04:15:00,6.56,6.596,6.543,6.562,33492.01,15
2026-06-27 04:30:00,6.562,6.575,6.554,6.57,15383.4,15
2026-06-27 04:45:00,6.569,6.583,6.554,6.554,22323.64,15
2026-06-27 05:00:00,6.555,6.57,6.545,6.558,18394.21,15
2026-06-27 05:15:00,6.558,6.558,6.524,6.525,11820.189999999999,15
2026-06-27 05:30:00,6.525,6.546,6.521,6.54,10324.96,15
2026-06-27 05:45:00,6.539,6.576,6.536,6.569,18112.77,15
2026-06-27 06:00:00,6.569,6.578,6.54,6.548,15891.93,15
2026-06-27 06:15:00,6.549,6.563,6.543,6.554,18385.19,15
2026-06-27 06:30:00,6.553,6.635,6.553,6.631,45979.36,15
2026-06-27 06:45:00,6.631,6.637,6.589,6.593,39072.04,15
2026-06-27 07:00:00,6.593,6.6,6.562,6.57,16811.03,15
2026-06-27 07:15:00,6.57,6.584,6.564,6.571,10598.58,15
2026-06-27 07:30:00,6.572,6.574,6.556,6.557,10107.56,15
2026-06-27 07:45:00,6.558,6.576,6.558,6.563,21146.899999999998,15
2026-06-27 08:00:00,6.562,6.584,6.554,6.575,22034.53,15
2026-06-27 08:15:00,6.576,6.583,6.564,6.576,20218.48,15
2026-06-27 08:30:00,6.576,6.576,6.543,6.548,15896.64,15
2026-06-27 08:45:00,6.548,6.565,6.548,6.565,8270.45,15
2026-06-27 09:00:00,6.566,6.573,6.538,6.538,19154.98,15
2026-06-27 09:15:00,6.537,6.537,6.518,6.521,20442.98,15
2026-06-27 09:30:00,6.522,6.528,6.513,6.518,12343.109999999999,15
2026-06-27 09:45:00,6.517,6.536,6.516,6.533,12646.720000000001,15
2026-06-27 10:00:00,6.533,6.536,6.517,6.524,16207.18,15
2026-06-27 10:15:00,6.523,6.523,6.503,6.51,21354.39,15
2026-06-27 10:30:00,6.51,6.543,6.507,6.534,23925.95,15
2026-06-27 10:45:00,6.534,6.543,6.523,6.526,12264.67,15
2026-06-27 11:00:00,6.525,6.531,6.503,6.512,22992.32,15
2026-06-27 11:15:00,6.513,6.513,6.45,6.457,55563.14,15
2026-06-27 11:30:00,6.457,6.51,6.454,6.491,51566.11,15
2026-06-27 11:45:00,6.491,6.581,6.491,6.579,38932.63,15
2026-06-27 12:00:00,6.58,6.581,6.533,6.554,35230.82,15
2026-06-27 12:15:00,6.555,6.56,6.533,6.538,7889.7,15
2026-06-27 12:30:00,6.538,6.547,6.521,6.532,19516.29,15
2026-06-27 12:45:00,6.533,6.541,6.521,6.538,15442.97,15
2026-06-27 13:00:00,6.538,6.554,6.533,6.549,9582.68,15
2026-06-27 13:15:00,6.548,6.562,6.536,6.549,7492.08,15
2026-06-27 13:30:00,6.549,6.581,6.539,6.573,27118.19,15
2026-06-27 13:45:00,6.572,6.588,6.571,6.58,15853.779999999999,15
2026-06-27 14:00:00,6.581,6.646,6.567,6.636,36561.659999999996,15
2026-06-27 14:15:00,6.636,6.636,6.609,6.626,36993.87,15
2026-06-27 14:30:00,6.625,6.626,6.598,6.61,16200.37,15
2026-06-27 14:45:00,6.609,6.627,6.607,6.615,15392.130000000001,15
2026-06-27 15:00:00,6.616,6.676,6.608,6.64,47675.270000000004,15
2026-06-27 15:15:00,6.64,6.653,6.629,6.642,30047.53,15
2026-06-27 15:30:00,6.642,6.653,6.631,6.633,19411.3,15
2026-06-27 15:45:00,6.633,6.651,6.618,6.637,14375.58,15
2026-06-27 16:00:00,6.638,6.653,6.622,6.633,30874.84,15
2026-06-27 16:15:00,6.633,6.633,6.618,6.625,18841.11,15
2026-06-27 16:30:00,6.626,6.639,6.615,6.62,38308.66,15
2026-06-27 16:45:00,6.62,6.636,6.614,6.623,19290.56,15
2026-06-27 17:00:00,6.623,6.623,6.532,6.562,48594.130000000005,15
2026-06-27 17:15:00,6.561,6.563,6.54,6.544,23059.17,15
2026-06-27 17:30:00,6.544,6.55,6.533,6.542,16495.71,15
2026-06-27 17:45:00,6.542,6.555,6.534,6.535,13092.880000000001,15
2026-06-27 18:00:00,6.535,6.535,6.514,6.525,17495.72,15
2026-06-27 18:15:00,6.525,6.536,6.514,6.525,8656.17,15
2026-06-27 18:30:00,6.524,6.528,6.501,6.503,12014.63,15
2026-06-27 18:45:00,6.503,6.514,6.499,6.508,15936.27,15
2026-06-27 19:00:00,6.509,6.521,6.49,6.494,16808.33,15
2026-06-27 19:15:00,6.494,6.496,6.428,6.45,42948.19,15
2026-06-27 19:30:00,6.45,6.45,6.4,6.429,54723.049999999996,15
2026-06-27 19:45:00,6.428,6.448,6.426,6.431,36008.33,15
2026-06-27 20:00:00,6.431,6.447,6.429,6.446,7733.82,15
2026-06-27 20:15:00,6.446,6.46,6.443,6.444,13559.95,15
2026-06-27 20:30:00,6.443,6.448,6.431,6.432,7131.16,15
2026-06-27 20:45:00,6.432,6.441,6.427,6.432,11776.9,15
2026-06-27 21:00:00,6.433,6.459,6.433,6.449,16500.19,15
2026-06-27 21:15:00,6.449,6.452,6.435,6.442,7586.78,15
2026-06-27 21:30:00,6.442,6.444,6.389,6.398,16767.559999999998,15
2026-06-27 21:45:00,6.398,6.409,6.374,6.402,15455.47,15
2026-06-27 22:00:00,6.401,6.401,6.384,6.385,23353.52,15
2026-06-27 22:15:00,6.384,6.39,6.336,6.386,39250.38,15
2026-06-27 22:30:00,6.384,6.424,6.376,6.417,33144.71,15
2026-06-27 22:45:00,6.417,6.434,6.417,6.429,14177.88,15
2026-06-27 23:00:00,6.43,6.464,6.422,6.422,20714.88,15
2026-06-27 23:15:00,6.421,6.444,6.414,6.437,17446.75,15
2026-06-27 23:30:00,6.436,6.452,6.431,6.443,12245.47,15
2026-06-27 23:45:00,6.444,6.445,6.43,6.433,7489.37,15
2026-06-28 00:00:00,6.433,6.435,6.411,6.43,21991.72,15
2026-06-28 00:15:00,6.43,6.439,6.414,6.427,13426.18,15
2026-06-28 00:30:00,6.426,6.443,6.42,6.433,11086.39,15
2026-06-28 00:45:00,6.434,6.435,6.42,6.429,13143.89,15
2026-06-28 01:00:00,6.429,6.43,6.385,6.39,30179.18,15
2026-06-28 01:15:00,6.389,6.405,6.386,6.398,5684.55,15
2026-06-28 01:30:00,6.398,6.408,6.393,6.405,4894.23,15
2026-06-28 01:45:00,6.404,6.408,6.394,6.394,6831.17,15
2026-06-28 02:00:00,6.395,6.423,6.394,6.418,15314.1,15
2026-06-28 02:15:00,6.418,6.423,6.367,6.382,36318.01,15
2026-06-28 02:30:00,6.382,6.389,6.368,6.373,11995.94,15
2026-06-28 02:45:00,6.373,6.379,6.366,6.372,3485.5,15
2026-06-28 03:00:00,6.372,6.413,6.369,6.397,9256.58,15
2026-06-28 03:15:00,6.396,6.396,6.382,6.39,4218.42,15
2026-06-28 03:30:00,6.39,6.395,6.383,6.392,4686.58,15
2026-06-28 03:45:00,6.393,6.408,6.386,6.406,4510.42,15
2026-06-28 04:00:00,6.405,6.405,6.382,6.384,5760.93,15
2026-06-28 04:15:00,6.385,6.403,6.383,6.395,2431.96,15
2026-06-28 04:30:00,6.395,6.399,6.376,6.399,4621.82,15
2026-06-28 04:45:00,6.4,6.41,6.395,6.398,6111.08,15
2026-06-28 05:00:00,6.399,6.399,6.377,6.385,14439.529999999999,15
2026-06-28 05:15:00,6.384,6.394,6.359,6.368,39156.9,15
2026-06-28 05:30:00,6.367,6.375,6.355,6.375,11528.17,15
2026-06-28 05:45:00,6.374,6.382,6.365,6.374,2969.29,15
2026-06-28 06:00:00,6.375,6.385,6.316,6.317,27696.67,15
2026-06-28 06:15:00,6.318,6.329,6.302,6.325,22698.969999999998,15
2026-06-28 06:30:00,6.325,6.342,6.323,6.327,11784.94,15
2026-06-28 06:45:00,6.326,6.34,6.322,6.331,10179.59,15
2026-06-28 07:00:00,6.33,6.361,6.324,6.341,9452.9,15
2026-06-28 07:15:00,6.342,6.342,6.323,6.323,3213.6,15
2026-06-28 07:30:00,6.323,6.343,6.318,6.337,10865.35,15
2026-06-28 07:45:00,6.337,6.345,6.327,6.341,6355.650000000001,15
2026-06-28 08:00:00,6.341,6.353,6.333,6.335,7167.02,15
2026-06-28 08:15:00,6.335,6.335,6.307,6.314,16292.630000000001,15
2026-06-28 08:30:00,6.313,6.374,6.308,6.373,26786.97,15
2026-06-28 08:45:00,6.372,6.384,6.364,6.368,37175.409999999996,15
2026-06-28 09:00:00,6.369,6.395,6.351,6.381,29216.03,15
2026-06-28 09:15:00,6.382,6.384,6.372,6.381,8272.289999999999,15
2026-06-28 09:30:00,6.38,6.383,6.372,6.379,6958.47,15
2026-06-28 09:45:00,6.379,6.384,6.313,6.327,24472.21,15
2026-06-28 10:00:00,6.327,6.356,6.313,6.353,20680.55,15
2026-06-28 10:15:00,6.352,6.356,6.324,6.327,6649.46,15
2026-06-28 10:30:00,6.328,6.33,6.315,6.324,7561.54,15
2026-06-28 10:45:00,6.325,6.328,6.319,6.322,4734.6,15
2026-06-28 11:00:00,6.323,6.346,6.318,6.318,9381.22,15
2026-06-28 11:15:00,6.319,6.357,6.312,6.34,5595.29,15
2026-06-28 11:30:00,6.34,6.34,6.318,6.338,4211.17,15
2026-06-28 11:45:00,6.338,6.364,6.329,6.358,11761.5,15
2026-06-28 12:00:00,6.357,6.357,6.323,6.331,17648.95,15
2026-06-28 12:15:00,6.331,6.346,6.306,6.344,13999.48,15
2026-06-28 12:30:00,6.344,6.357,6.308,6.311,13708.0,15
2026-06-28 12:45:00,6.312,6.328,6.312,6.324,2548.32,15
2026-06-28 13:00:00,6.324,6.324,6.28,6.313,30350.27,15
2026-06-28 13:15:00,6.313,6.316,6.302,6.308,3946.42,15
2026-06-28 13:30:00,6.308,6.317,6.3,6.317,13399.79,15
2026-06-28 13:45:00,6.318,6.324,6.299,6.302,8404.08,15
2026-06-28 14:00:00,6.302,6.313,6.294,6.313,15380.58,15
2026-06-28 14:15:00,6.314,6.342,6.311,6.322,9036.89,15
2026-06-28 14:30:00,6.321,6.333,6.318,6.326,8440.72,15
2026-06-28 14:45:00,6.325,6.336,6.317,6.321,11826.789999999999,15
2026-06-28 15:00:00,6.322,6.348,6.313,6.348,14424.119999999999,15
2026-06-28 15:15:00,6.348,6.351,6.333,6.339,6608.2,15
2026-06-28 15:30:00,6.338,6.355,6.322,6.338,8781.880000000001,15
2026-06-28 15:45:00,6.337,6.337,6.311,6.327,12761.47,15
2026-06-28 16:00:00,6.327,6.33,6.303,6.305,15299.85,15
2026-06-28 16:15:00,6.305,6.312,6.285,6.296,19275.91,15
2026-06-28 16:30:00,6.297,6.302,6.27,6.281,20006.47,15
2026-06-28 16:45:00,6.281,6.316,6.281,6.312,71689.3,15
2026-06-28 17:00:00,6.311,6.336,6.299,6.312,9480.3,15
2026-06-28 17:15:00,6.312,6.316,6.292,6.294,13406.74,15
2026-06-28 17:30:00,6.294,6.322,6.279,6.319,15575.630000000001,15
2026-06-28 17:45:00,6.318,6.324,6.313,6.32,12299.02,15
2026-06-28 18:00:00,6.319,6.346,6.315,6.328,20822.68,15
2026-06-28 18:15:00,6.327,6.334,6.316,6.321,5455.04,15
2026-06-28 18:30:00,6.322,6.336,6.316,6.329,4303.57,15
2026-06-28 18:45:00,6.328,6.353,6.326,6.349,6871.1,15
2026-06-28 19:00:00,6.349,6.349,6.319,6.328,9775.2,15
2026-06-28 19:15:00,6.329,6.333,6.318,6.332,3730.43,15
2026-06-28 19:30:00,6.333,6.369,6.329,6.334,16062.1,15
2026-06-28 19:45:00,6.334,6.339,6.308,6.335,10157.99,15
2026-06-28 20:00:00,6.334,6.407,6.33,6.401,28447.93,15
2026-06-28 20:15:00,6.401,6.473,6.396,6.461,41690.71,15
2026-06-28 20:30:00,6.462,6.475,6.431,6.443,36608.33,15
2026-06-28 20:45:00,6.443,6.443,6.402,6.406,22316.89,15
2026-06-28 21:00:00,6.407,6.42,6.379,6.404,23738.52,15
2026-06-28 21:15:00,6.404,6.406,6.367,6.378,7748.74,15
2026-06-28 21:30:00,6.377,6.407,6.374,6.393,14263.699999999999,15
2026-06-28 21:45:00,6.393,6.394,6.299,6.327,38639.979999999996,15
2026-06-28 22:00:00,6.328,6.445,6.324,6.407,37035.97,15
2026-06-28 22:15:00,6.408,6.418,6.359,6.39,26416.75,15
2026-06-28 22:30:00,6.391,6.405,6.366,6.368,16285.3,15
2026-06-28 22:45:00,6.368,6.377,6.316,6.351,17912.9,15
2026-06-28 23:00:00,6.35,6.399,6.337,6.376,14985.8,15
2026-06-28 23:15:00,6.376,6.411,6.365,6.402,14511.97,15
2026-06-28 23:30:00,6.402,6.477,6.401,6.461,27936.41,15
2026-06-28 23:45:00,6.461,6.487,6.442,6.448,26428.56,15
2026-06-29 00:00:00,6.45,6.464,6.407,6.444,33969.02,15
2026-06-29 00:15:00,6.443,6.45,6.393,6.393,19002.7,15
2026-06-29 00:30:00,6.393,6.482,6.364,6.477,42575.79,15
2026-06-29 00:45:00,6.477,6.489,6.426,6.483,20199.93,15
2026-06-29 01:00:00,6.484,6.489,6.446,6.449,12328.77,15
2026-06-29 01:15:00,6.449,6.464,6.425,6.442,11344.04,15
2026-06-29 01:30:00,6.441,6.523,6.427,6.515,23397.239999999998,15
2026-06-29 01:45:00,6.516,6.546,6.503,6.508,19951.329999999998,15
2026-06-29 02:00:00,6.509,6.529,6.406,6.423,34873.08,15
2026-06-29 02:15:00,6.424,6.513,6.419,6.505,27991.12,15
2026-06-29 02:30:00,6.506,6.54,6.499,6.533,33517.33,15
2026-06-29 02:45:00,6.533,6.541,6.511,6.521,23151.7,15
2026-06-29 03:00:00,6.522,6.608,6.521,6.582,48552.299999999996,15
2026-06-29 03:15:00,6.581,6.653,6.579,6.652,48178.04,15
2026-06-29 03:30:00,6.653,6.663,6.6,6.601,47686.0,15
2026-06-29 03:45:00,6.6,6.631,6.593,6.617,24977.83,15
2026-06-29 04:00:00,6.618,6.62,6.578,6.592,15968.64,15
2026-06-29 04:15:00,6.591,6.611,6.569,6.584,34001.28,15
2026-06-29 04:30:00,6.585,6.586,6.527,6.539,26411.9,15
2026-06-29 04:45:00,6.539,6.634,6.526,6.588,160638.63,15
2026-06-29 05:00:00,6.588,6.596,6.504,6.532,34896.32,15
2026-06-29 05:15:00,6.532,6.552,6.528,6.539,11279.619999999999,15
2026-06-29 05:30:00,6.539,6.601,6.534,6.596,32554.309999999998,15
2026-06-29 05:45:00,6.596,6.617,6.585,6.613,20070.31,15
2026-06-29 06:00:00,6.614,6.627,6.602,6.622,24454.68,15
2026-06-29 06:15:00,6.621,6.65,6.609,6.613,57490.840000000004,15
2026-06-29 06:30:00,6.613,6.616,6.536,6.539,56140.700000000004,15
2026-06-29 06:45:00,6.538,6.544,6.531,6.539,13232.789999999999,15
2026-06-29 07:00:00,6.539,6.54,6.5,6.512,17351.6,15
2026-06-29 07:15:00,6.512,6.566,6.512,6.555,33441.479999999996,15
2026-06-29 07:30:00,6.555,6.56,6.541,6.541,8631.55,15
2026-06-29 07:45:00,6.54,6.565,6.534,6.55,9636.7,15
2026-06-29 08:00:00,6.551,6.574,6.523,6.53,33078.63,15
2026-06-29 08:15:00,6.53,6.548,6.508,6.511,15069.58,15
2026-06-29 08:30:00,6.511,6.533,6.5,6.525,11793.95,15
2026-06-29 08:45:00,6.524,6.577,6.522,6.529,111179.03,15
2026-06-29 09:00:00,6.529,6.55,6.523,6.549,16619.73,15
2026-06-29 09:15:00,6.548,6.581,6.547,6.568,26328.25,15
2026-06-29 09:30:00,6.569,6.588,6.557,6.581,22463.64,15
2026-06-29 09:45:00,6.58,6.613,6.568,6.613,29584.37,15
2026-06-29 10:00:00,6.613,6.63,6.592,6.622,31138.09,15
2026-06-29 10:15:00,6.623,6.63,6.59,6.596,19344.36,15
2026-06-29 10:30:00,6.595,6.603,6.564,6.588,25397.93,15
2026-06-29 10:45:00,6.587,6.599,6.574,6.599,16831.87,15
2026-06-29 11:00:00,6.599,6.603,6.561,6.563,14701.27,15
2026-06-29 11:15:00,6.562,6.573,6.538,6.563,14171.13,15
2026-06-29 11:30:00,6.563,6.611,6.554,6.578,45821.15,15
2026-06-29 11:45:00,6.578,6.593,6.57,6.574,9334.2,15
2026-06-29 12:00:00,6.574,6.714,6.529,6.695,117169.51,15
2026-06-29 12:15:00,6.695,6.706,6.653,6.658,46029.58,15
2026-06-29 12:30:00,6.658,6.659,6.573,6.583,53786.63,15
2026-06-29 12:45:00,6.582,6.6,6.558,6.569,18784.72,15
2026-06-29 13:00:00,6.569,6.621,6.569,6.61,18935.74,15
2026-06-29 13:15:00,6.611,6.621,6.559,6.559,40897.62,15
2026-06-29 13:30:00,6.558,6.609,6.525,6.543,51448.83,15
2026-06-29 13:45:00,6.543,6.573,6.527,6.564,26480.15,15
2026-06-29 14:00:00,6.565,6.567,6.503,6.506,40514.72,15
2026-06-29 14:15:00,6.506,6.524,6.448,6.498,90695.39,15
2026-06-29 14:30:00,6.497,6.555,6.496,6.503,27510.8,15
2026-06-29 14:45:00,6.502,6.566,6.488,6.566,29627.98,15
2026-06-29 15:00:00,6.566,6.567,6.497,6.534,40413.07,15
2026-06-29 15:15:00,6.535,6.604,6.53,6.604,35463.26,15
2026-06-29 15:30:00,6.605,6.649,6.605,6.644,53403.0,15
2026-06-29 15:45:00,6.643,6.671,6.629,6.659,53378.63,15
2026-06-29 16:00:00,6.66,6.69,6.651,6.677,47835.19,15
2026-06-29 16:15:00,6.678,6.689,6.626,6.634,38387.21,15
2026-06-29 16:30:00,6.634,6.689,6.629,6.677,52323.69,15
2026-06-29 16:45:00,6.676,6.703,6.675,6.688,41316.62,15
2026-06-29 17:00:00,6.688,6.821,6.686,6.794,132151.72,15
2026-06-29 17:15:00,6.794,6.822,6.731,6.774,138164.51,15
2026-06-29 17:30:00,6.773,6.789,6.736,6.776,44996.1,15
2026-06-29 17:45:00,6.775,6.786,6.749,6.757,41894.19,15
2026-06-29 18:00:00,6.757,6.77,6.745,6.748,27759.88,15
2026-06-29 18:15:00,6.749,6.759,6.729,6.745,20251.29,15
2026-06-29 18:30:00,6.744,6.753,6.73,6.745,17848.73,15
2026-06-29 18:45:00,6.746,6.75,6.721,6.727,12208.3,15
2026-06-29 19:00:00,6.727,6.729,6.707,6.712,17332.05,15
2026-06-29 19:15:00,6.712,6.744,6.71,6.739,17389.65,15
2026-06-29 19:30:00,6.738,6.743,6.725,6.729,17876.22,15
2026-06-29 19:45:00,6.73,6.735,6.714,6.725,24381.34,15
2026-06-29 20:00:00,6.725,6.736,6.716,6.727,10154.18,15
2026-06-29 20:15:00,6.726,6.726,6.703,6.705,12760.09,15
2026-06-29 20:30:00,6.704,6.707,6.687,6.688,22714.04,15
2026-06-29 20:45:00,6.688,6.693,6.671,6.671,15203.72,15
2026-06-29 21:00:00,6.671,6.709,6.662,6.692,28486.829999999998,15
2026-06-29 21:15:00,6.693,6.701,6.683,6.699,5596.37,15
2026-06-29 21:30:00,6.699,6.716,6.699,6.709,20245.98,15
2026-06-29 21:45:00,6.708,6.714,6.695,6.703,13515.019999999999,15
2026-06-29 22:00:00,6.704,6.72,6.697,6.705,32384.19,15
2026-06-29 22:15:00,6.706,6.715,6.694,6.699,10216.94,15
2026-06-29 22:30:00,6.699,6.711,6.688,6.709,12992.81,15
2026-06-29 22:45:00,6.708,6.718,6.696,6.696,22448.88,15
2026-06-29 23:00:00,6.696,6.701,6.686,6.696,12549.73,15
2026-06-29 23:15:00,6.696,6.697,6.667,6.668,6018.4,15
2026-06-29 23:30:00,6.667,6.681,6.661,6.672,7455.95,15
2026-06-29 23:45:00,6.673,6.684,6.666,6.679,12141.92,15
2026-06-30 00:00:00,6.678,6.681,6.661,6.673,16015.640000000001,15
2026-06-30 00:15:00,6.673,6.679,6.641,6.648,9880.630000000001,15
2026-06-30 00:30:00,6.648,6.649,6.611,6.649,27218.690000000002,15
2026-06-30 00:45:00,6.65,6.661,6.643,6.655,19528.02,15
2026-06-30 01:00:00,6.654,6.66,6.627,6.64,13403.289999999999,15
2026-06-30 01:15:00,6.639,6.672,6.638,6.669,9616.76,15
2026-06-30 01:30:00,6.67,6.677,6.627,6.645,16245.78,15
2026-06-30 01:45:00,6.645,6.664,6.637,6.659,8573.49,15
2026-06-30 02:00:00,6.659,6.66,6.632,6.635,10732.25,15
2026-06-30 02:15:00,6.634,6.665,6.628,6.654,8446.01,15
2026-06-30 02:30:00,6.654,6.664,6.648,6.654,4095.88,15
2026-06-30 02:45:00,6.655,6.677,6.655,6.671,10899.61,15
2026-06-30 03:00:00,6.671,6.671,6.651,6.659,17896.65,15
2026-06-30 03:15:00,6.66,6.671,6.636,6.651,5939.33,15
2026-06-30 03:30:00,6.651,6.654,6.639,6.649,6798.38,15
2026-06-30 03:45:00,6.649,6.65,6.622,6.629,11962.68,15
2026-06-30 04:00:00,6.629,6.632,6.601,6.629,15668.1,15
2026-06-30 04:15:00,6.629,6.632,6.606,6.626,9106.51,15
2026-06-30 04:30:00,6.626,6.64,6.623,6.632,8550.67,15
2026-06-30 04:45:00,6.631,6.64,6.622,6.633,9479.86,15
2026-06-30 05:00:00,6.633,6.638,6.623,6.63,7056.96,15
2026-06-30 05:15:00,6.63,6.63,6.585,6.586,11702.539999999999,15
2026-06-30 05:30:00,6.587,6.612,6.581,6.602,12078.27,15
2026-06-30 05:45:00,6.603,6.616,6.598,6.611,9747.89,15
2026-06-30 06:00:00,6.612,6.616,6.584,6.595,9650.58,15
2026-06-30 06:15:00,6.595,6.612,6.576,6.609,10041.1,15
2026-06-30 06:30:00,6.609,6.613,6.6,6.608,5970.599999999999,15
2026-06-30 06:45:00,6.607,6.612,6.599,6.599,4823.95,15
2026-06-30 07:00:00,6.598,6.607,6.568,6.597,33241.5,15
2026-06-30 07:15:00,6.597,6.616,6.589,6.59,15359.31,15
2026-06-30 07:30:00,6.589,6.596,6.577,6.588,17424.0,15
2026-06-30 07:45:00,6.587,6.599,6.576,6.579,18642.34,15
2026-06-30 08:00:00,6.579,6.585,6.57,6.578,15619.26,15
2026-06-30 08:15:00,6.578,6.596,6.565,6.596,14948.41,15
2026-06-30 08:30:00,6.596,6.635,6.576,6.604,61116.42,15
2026-06-30 08:45:00,6.603,6.648,6.586,6.64,56114.22,15
2026-06-30 09:00:00,6.641,6.655,6.605,6.616,48332.409999999996,15
2026-06-30 09:15:00,6.616,6.619,6.604,6.606,16918.239999999998,15
2026-06-30 09:30:00,6.605,6.636,6.6,6.626,24851.86,15
2026-06-30 09:45:00,6.625,6.646,6.624,6.634,10917.45,15
2026-06-30 10:00:00,6.635,6.639,6.605,6.614,19440.81,15
2026-06-30 10:15:00,6.615,6.622,6.608,6.613,7115.67,15
2026-06-30 10:30:00,6.613,6.616,6.599,6.615,4329.63,15
2026-06-30 10:45:00,6.614,6.623,6.608,6.608,7042.66,15
2026-06-30 11:00:00,6.607,6.613,6.602,6.608,8522.91,15
2026-06-30 11:15:00,6.609,6.609,6.567,6.571,21172.17,15
2026-06-30 11:30:00,6.571,6.571,6.555,6.567,26235.739999999998,15
2026-06-30 11:45:00,6.566,6.57,6.525,6.535,25624.37,15
2026-06-30 12:00:00,6.534,6.534,6.467,6.472,35529.61,15
2026-06-30 12:15:00,6.473,6.48,6.416,6.436,60637.05,15
2026-06-30 12:30:00,6.435,6.435,6.409,6.42,52776.51,15
2026-06-30 12:45:00,6.421,6.432,6.387,6.397,49275.53,15
2026-06-30 13:00:00,6.397,6.433,6.385,6.414,53015.09,15
2026-06-30 13:15:00,6.413,6.43,6.412,6.419,19047.39,15
2026-06-30 13:30:00,6.419,6.452,6.39,6.439,48676.29,15
2026-06-30 13:45:00,6.439,6.48,6.422,6.475,35476.74,15
2026-06-30 14:00:00,6.475,6.527,6.465,6.513,45556.53,15
2026-06-30 14:15:00,6.513,6.531,6.503,6.507,17544.14,15
2026-06-30 14:30:00,6.507,6.515,6.468,6.5,14822.9,15
2026-06-30 14:45:00,6.499,6.499,6.436,6.45,16240.369999999999,15
2026-06-30 15:00:00,6.45,6.472,6.432,6.466,7812.82,15
2026-06-30 15:15:00,6.467,6.482,6.434,6.464,24975.989999999998,15
2026-06-30 15:30:00,6.464,6.487,6.456,6.483,10215.16,15
2026-06-30 15:45:00,6.484,6.533,6.484,6.499,20029.48,15
2026-06-30 16:00:00,6.5,6.521,6.486,6.487,8016.75,15
2026-06-30 16:15:00,6.487,6.499,6.466,6.484,23696.09,15
2026-06-30 16:30:00,6.485,6.542,6.485,6.516,20139.03,15
2026-06-30 16:45:00,6.516,6.558,6.513,6.54,21257.510000000002,15
2026-06-30 17:00:00,6.54,6.578,6.538,6.557,20884.08,15
2026-06-30 17:15:00,6.557,6.565,6.549,6.551,12594.46,15
2026-06-30 17:30:00,6.552,6.561,6.534,6.539,14872.39,15
2026-06-30 17:45:00,6.538,6.542,6.504,6.504,22023.45,15
2026-06-30 18:00:00,6.504,6.51,6.489,6.504,16125.47,15
2026-06-30 18:15:00,6.505,6.555,6.504,6.524,24452.440000000002,15
2026-06-30 18:30:00,6.525,6.527,6.498,6.523,8710.8,15
2026-06-30 18:45:00,6.523,6.561,6.522,6.558,8479.51,15
2026-06-30 19:00:00,6.557,6.57,6.548,6.557,5561.28,15
2026-06-30 19:15:00,6.556,6.558,6.538,6.553,12968.369999999999,15
2026-06-30 19:30:00,6.553,6.598,6.55,6.588,29829.440000000002,15
2026-06-30 19:45:00,6.588,6.588,6.564,6.575,12243.61,15
2026-06-30 20:00:00,6.575,6.594,6.569,6.585,5755.55,15
2026-06-30 20:15:00,6.584,6.585,6.562,6.571,7424.4400000000005,15
2026-06-30 20:30:00,6.571,6.571,6.543,6.545,7070.8,15
2026-06-30 20:45:00,6.544,6.568,6.543,6.555,6601.21,15
2026-06-30 21:00:00,6.555,6.563,6.529,6.535,17801.93,15
2026-06-30 21:15:00,6.535,6.553,6.535,6.543,4315.42,15
2026-06-30 21:30:00,6.543,6.56,6.541,6.542,2782.35,15
2026-06-30 21:45:00,6.541,6.555,6.538,6.554,5515.25,15
2026-06-30 22:00:00,6.554,6.578,6.547,6.554,22299.75,15
2026-06-30 22:15:00,6.553,6.563,6.537,6.539,8827.36,15
2026-06-30 22:30:00,6.538,6.538,6.518,6.522,8076.92,15
2026-06-30 22:45:00,6.523,6.527,6.511,6.519,3254.85,15
2026-06-30 23:00:00,6.52,6.522,6.508,6.51,15708.99,15
2026-06-30 23:15:00,6.511,6.529,6.511,6.522,6050.29,15
2026-06-30 23:30:00,6.522,6.53,6.517,6.528,1535.67,15
2026-06-30 23:45:00,6.527,6.541,6.526,6.538,3823.13,15
2026-07-01 00:00:00,6.539,6.551,6.528,6.538,6767.14,15
2026-07-01 00:15:00,6.538,6.546,6.513,6.527,13319.92,15
2026-07-01 00:30:00,6.528,6.555,6.527,6.541,7374.57,15
2026-07-01 00:45:00,6.541,6.55,6.535,6.541,4301.17,15
2026-07-01 01:00:00,6.542,6.545,6.427,6.487,42778.630000000005,15
2026-07-01 01:15:00,6.488,6.526,6.47,6.524,21987.15,15
2026-07-01 01:30:00,6.523,6.596,6.521,6.578,17660.07,15
2026-07-01 01:45:00,6.578,6.589,6.561,6.571,14821.01,15
2026-07-01 02:00:00,6.571,6.583,6.55,6.573,6711.08,15
2026-07-01 02:15:00,6.572,6.602,6.568,6.597,9119.75,15
2026-07-01 02:30:00,6.598,6.626,6.592,6.618,14437.66,15
2026-07-01 02:45:00,6.617,6.62,6.6,6.605,14198.349999999999,15
2026-07-01 03:00:00,6.605,6.65,6.605,6.624,30635.22,15
2026-07-01 03:15:00,6.624,6.635,6.615,6.632,11988.490000000002,15
2026-07-01 03:30:00,6.632,6.711,6.628,6.673,33928.28,15
2026-07-01 03:45:00,6.673,6.727,6.673,6.704,89750.72,15
2026-07-01 04:00:00,6.705,6.72,6.672,6.674,52917.74,15
2026-07-01 04:15:00,6.674,6.699,6.674,6.699,11157.880000000001,15
2026-07-01 04:30:00,6.698,6.702,6.672,6.699,23752.61,15
2026-07-01 04:45:00,6.698,6.723,6.691,6.699,19961.77,15
2026-07-01 05:00:00,6.699,6.705,6.675,6.688,13975.34,15
2026-07-01 05:15:00,6.688,6.694,6.669,6.672,10153.41,15
2026-07-01 05:30:00,6.671,6.681,6.651,6.681,40182.06,15
2026-07-01 05:45:00,6.682,6.685,6.671,6.682,7403.52,15
2026-07-01 06:00:00,6.682,6.686,6.657,6.66,14537.82,15
2026-07-01 06:15:00,6.66,6.663,6.632,6.65,15396.22,15
2026-07-01 06:30:00,6.651,6.658,6.605,6.637,25016.79,15
2026-07-01 06:45:00,6.636,6.636,6.609,6.635,9893.89,15
2026-07-01 07:00:00,6.636,6.642,6.619,6.64,23497.260000000002,15
2026-07-01 07:15:00,6.641,6.659,6.634,6.651,9302.47,15
2026-07-01 07:30:00,6.65,6.654,6.639,6.644,6260.17,15
2026-07-01 07:45:00,6.644,6.664,6.638,6.654,19296.94,15
2026-07-01 08:00:00,6.654,6.656,6.626,6.64,22720.09,15
2026-07-01 08:15:00,6.64,6.646,6.621,6.625,17009.57,15
2026-07-01 08:30:00,6.625,6.653,6.617,6.651,23671.33,15
2026-07-01 08:45:00,6.651,6.671,6.636,6.669,27466.98,15
2026-07-01 09:00:00,6.668,6.691,6.65,6.678,36285.78,15
2026-07-01 09:15:00,6.678,6.69,6.674,6.685,21062.399999999998,15
2026-07-01 09:30:00,6.686,6.695,6.678,6.688,24228.2,15
2026-07-01 09:45:00,6.688,6.697,6.681,6.686,39040.94,15
2026-07-01 10:00:00,6.686,6.695,6.658,6.659,23309.82,15
2026-07-01 10:15:00,6.66,6.664,6.62,6.637,19707.22,15
2026-07-01 10:30:00,6.638,6.654,6.632,6.637,22960.88,15
2026-07-01 10:45:00,6.637,6.658,6.637,6.647,13491.72,15
2026-07-01 11:00:00,6.648,6.671,6.629,6.666,18427.61,15
2026-07-01 11:15:00,6.666,6.669,6.653,6.66,10124.77,15
2026-07-01 11:30:00,6.659,6.667,6.647,6.663,9358.22,15
2026-07-01 11:45:00,6.663,6.666,6.639,6.659,9513.0,15
2026-07-01 12:00:00,6.66,6.664,6.626,6.63,22407.899999999998,15
2026-07-01 12:15:00,6.631,6.646,6.624,6.64,12415.789999999999,15
2026-07-01 12:30:00,6.639,6.654,6.618,6.621,21718.32,15
2026-07-01 12:45:00,6.622,6.623,6.595,6.609,18472.32,15
2026-07-01 13:00:00,6.61,6.624,6.589,6.604,27128.0,15
2026-07-01 13:15:00,6.604,6.635,6.592,6.626,21503.62,15
2026-07-01 13:30:00,6.626,6.644,6.561,6.624,52078.0,15
2026-07-01 13:45:00,6.623,6.663,6.611,6.647,41239.12,15
2026-07-01 14:00:00,6.647,6.689,6.635,6.688,28089.59,15
2026-07-01 14:15:00,6.689,6.715,6.676,6.679,42472.299999999996,15
2026-07-01 14:30:00,6.68,6.685,6.654,6.656,21110.79,15
2026-07-01 14:45:00,6.655,6.682,6.633,6.669,20987.35,15
2026-07-01 15:00:00,6.67,6.712,6.664,6.681,24432.56,15
2026-07-01 15:15:00,6.681,6.748,6.674,6.724,36913.130000000005,15
2026-07-01 15:30:00,6.724,6.743,6.722,6.731,31547.69,15
2026-07-01 15:45:00,6.73,6.733,6.713,6.73,24286.11,15
2026-07-01 16:00:00,6.73,6.744,6.721,6.734,20136.55,15
2026-07-01 16:15:00,6.734,6.758,6.721,6.745,27366.96,15
2026-07-01 16:30:00,6.745,6.753,6.716,6.719,20705.18,15
2026-07-01 16:45:00,6.719,6.719,6.688,6.695,17517.11,15
2026-07-01 17:00:00,6.696,6.698,6.667,6.697,22572.52,15
2026-07-01 17:15:00,6.698,6.736,6.698,6.728,15608.22,15
2026-07-01 17:30:00,6.727,6.735,6.717,6.728,9829.75,15
2026-07-01 17:45:00,6.729,6.754,6.728,6.744,18288.28,15
2026-07-01 18:00:00,6.745,6.751,6.723,6.734,17834.96,15
2026-07-01 18:15:00,6.734,6.741,6.716,6.72,14876.53,15
2026-07-01 18:30:00,6.721,6.733,6.71,6.73,31167.25,15
2026-07-01 18:45:00,6.73,6.731,6.703,6.722,24312.27,15
2026-07-01 19:00:00,6.721,6.735,6.715,6.727,14491.68,15
2026-07-01 19:15:00,6.728,6.735,6.682,6.693,27036.98,15
2026-07-01 19:30:00,6.692,6.702,6.678,6.692,19104.79,15
2026-07-01 19:45:00,6.692,6.707,6.681,6.695,15339.0,15
2026-07-01 20:00:00,6.695,6.705,6.681,6.701,14759.8,15
2026-07-01 20:15:00,6.7,6.703,6.672,6.686,10372.189999999999,15
2026-07-01 20:30:00,6.686,6.695,6.679,6.69,17174.46,15
2026-07-01 20:45:00,6.691,6.711,6.689,6.711,17716.09,15
2026-07-01 21:00:00,6.712,6.745,6.707,6.745,42332.26,15
2026-07-01 21:15:00,6.746,6.757,6.733,6.749,27425.59,15
2026-07-01 21:30:00,6.75,6.792,6.75,6.78,33514.32,15
2026-07-01 21:45:00,6.781,6.795,6.776,6.781,30959.59,15
2026-07-01 22:00:00,6.78,6.784,6.755,6.761,32755.06,15
2026-07-01 22:15:00,6.761,6.814,6.749,6.75,83076.33,15
2026-07-01 22:30:00,6.751,6.762,6.734,6.734,15228.9,15
2026-07-01 22:45:00,6.733,6.741,6.721,6.73,30917.8,15
2026-07-01 23:00:00,6.729,6.729,6.694,6.697,25919.04,15
2026-07-01 23:15:00,6.698,6.712,6.695,6.701,15187.63,15
2026-07-01 23:30:00,6.701,6.707,6.677,6.681,20073.73,15
2026-07-01 23:45:00,6.682,6.687,6.663,6.666,20382.1,15
2026-07-02 00:00:00,6.667,6.668,6.638,6.657,24868.04,15
2026-07-02 00:15:00,6.658,6.664,6.631,6.634,30381.600000000002,15
2026-07-02 00:30:00,6.635,6.635,6.613,6.617,26349.97,15
2026-07-02 00:45:00,6.618,6.654,6.618,6.643,34671.85,15
2026-07-02 01:00:00,6.644,6.688,6.641,6.686,31363.7,15
2026-07-02 01:15:00,6.686,6.707,6.685,6.7,20304.68,15
2026-07-02 01:30:00,6.701,6.729,6.701,6.711,19254.94,15
2026-07-02 01:45:00,6.71,6.72,6.691,6.696,13172.439999999999,15
2026-07-02 02:00:00,6.695,6.704,6.669,6.678,12270.42,15
2026-07-02 02:15:00,6.679,6.689,6.671,6.674,15775.25,15
2026-07-02 02:30:00,6.674,6.697,6.671,6.688,21859.27,15
2026-07-02 02:45:00,6.688,6.694,6.672,6.672,16604.45,15
2026-07-02 03:00:00,6.672,6.676,6.659,6.676,13306.52,15
2026-07-02 03:15:00,6.676,6.723,6.654,6.693,28077.57,15
2026-07-02 03:30:00,6.693,6.709,6.686,6.701,11993.89,15
2026-07-02 03:45:00,6.701,6.727,6.69,6.716,19044.55,15
2026-07-02 04:00:00,6.715,6.727,6.706,6.713,18245.56,15
2026-07-02 04:15:00,6.713,6.716,6.704,6.713,10310.14,15
2026-07-02 04:30:00,6.713,6.72,6.703,6.72,14685.7,15
2026-07-02 04:45:00,6.72,6.731,6.717,6.728,8019.8,15
2026-07-02 05:00:00,6.727,6.735,6.71,6.718,25045.55,15
2026-07-02 05:15:00,6.719,6.728,6.704,6.704,8354.77,15
2026-07-02 05:30:00,6.703,6.705,6.683,6.685,19206.39,15
2026-07-02 05:45:00,6.685,6.695,6.685,6.695,9443.82,15
2026-07-02 06:00:00,6.694,6.694,6.663,6.669,6906.38,15
2026-07-02 06:15:00,6.669,6.698,6.666,6.683,22062.98,15
2026-07-02 06:30:00,6.682,6.707,6.682,6.696,11310.86,15
2026-07-02 06:45:00,6.696,6.698,6.664,6.672,13969.78,15
2026-07-02 07:00:00,6.672,6.684,6.668,6.676,7831.59,15
2026-07-02 07:15:00,6.675,6.684,6.666,6.679,10942.12,15
2026-07-02 07:30:00,6.679,6.689,6.675,6.685,16404.28,15
2026-07-02 07:45:00,6.686,6.687,6.67,6.671,13700.79,15
2026-07-02 08:00:00,6.672,6.686,6.666,6.675,9611.33,15
2026-07-02 08:15:00,6.676,6.704,6.676,6.694,12930.0,15
2026-07-02 08:30:00,6.693,6.71,6.688,6.702,21073.78,15
2026-07-02 08:45:00,6.703,6.715,6.696,6.711,10286.37,15
2026-07-02 09:00:00,6.711,6.715,6.7,6.703,10659.63,15
2026-07-02 09:15:00,6.704,6.716,6.695,6.715,15002.82,15
2026-07-02 09:30:00,6.715,6.778,6.714,6.758,59144.53,15
2026-07-02 09:45:00,6.758,6.774,6.745,6.764,38244.99,15
2026-07-02 10:00:00,6.764,6.77,6.751,6.765,21294.67,15
2026-07-02 10:15:00,6.764,6.775,6.75,6.767,23026.0,15
2026-07-02 10:30:00,6.768,6.788,6.767,6.775,19902.9,15
2026-07-02 10:45:00,6.776,6.797,6.773,6.796,24118.77,15
2026-07-02 11:00:00,6.797,6.814,6.773,6.793,50517.159999999996,15
2026-07-02 11:15:00,6.794,6.804,6.781,6.794,17772.54,15
2026-07-02 11:30:00,6.795,6.808,6.777,6.789,24457.010000000002,15
2026-07-02 11:45:00,6.789,6.8,6.764,6.782,20885.51,15
2026-07-02 12:00:00,6.781,6.798,6.768,6.792,36858.15,15
2026-07-02 12:15:00,6.793,6.8,6.756,6.791,44792.25,15
2026-07-02 12:30:00,6.792,6.815,6.781,6.797,38015.88,15
2026-07-02 12:45:00,6.798,6.833,6.795,6.819,23386.19,15
2026-07-02 13:00:00,6.82,6.828,6.797,6.817,14780.17,15
2026-07-02 13:15:00,6.818,6.862,6.81,6.815,57286.67,15
2026-07-02 13:30:00,6.816,6.88,6.796,6.868,80362.52,15
2026-07-02 13:45:00,6.868,6.874,6.816,6.818,68585.65,15
2026-07-02 14:00:00,6.819,6.846,6.796,6.828,70684.29,15
2026-07-02 14:15:00,6.827,6.844,6.747,6.762,56721.5,15
2026-07-02 14:30:00,6.761,6.777,6.747,6.752,33638.25,15
2026-07-02 14:45:00,6.752,6.769,6.74,6.768,25331.71,15
2026-07-02 15:00:00,6.768,6.781,6.741,6.766,21817.5,15
2026-07-02 15:15:00,6.766,6.777,6.748,6.765,26150.33,15
2026-07-02 15:30:00,6.764,6.788,6.764,6.783,10605.96,15
2026-07-02 15:45:00,6.782,6.79,6.761,6.777,11437.09,15
2026-07-02 16:00:00,6.777,6.784,6.757,6.777,16155.939999999999,15
2026-07-02 16:15:00,6.776,6.776,6.74,6.742,31413.57,15
2026-07-02 16:30:00,6.743,6.763,6.738,6.758,14254.44,15
2026-07-02 16:45:00,6.758,6.784,6.756,6.775,11954.26,15
2026-07-02 17:00:00,6.775,6.79,6.768,6.771,10010.96,15
2026-07-02 17:15:00,6.771,6.785,6.768,6.781,9293.43,15
2026-07-02 17:30:00,6.781,6.781,6.736,6.765,14817.76,15
2026-07-02 17:45:00,6.765,6.769,6.75,6.754,7948.93,15
2026-07-02 18:00:00,6.754,6.769,6.753,6.765,8910.380000000001,15
2026-07-02 18:15:00,6.764,6.764,6.749,6.761,9559.869999999999,15
2026-07-02 18:30:00,6.761,6.767,6.751,6.751,6572.25,15
2026-07-02 18:45:00,6.751,6.761,6.747,6.757,17442.86,15
2026-07-02 19:00:00,6.757,6.762,6.742,6.761,8185.4400000000005,15
2026-07-02 19:15:00,6.76,6.76,6.717,6.746,23320.27,15
2026-07-02 19:30:00,6.746,6.751,6.735,6.748,10494.94,15
2026-07-02 19:45:00,6.749,6.763,6.738,6.744,26831.100000000002,15
2026-07-02 20:00:00,6.745,6.746,6.735,6.743,5836.84,15
2026-07-02 20:15:00,6.743,6.747,6.725,6.727,9212.06,15
2026-07-02 20:30:00,6.726,6.74,6.723,6.732,10036.44,15
2026-07-02 20:45:00,6.733,6.761,6.733,6.753,41577.340000000004,15
2026-07-02 21:00:00,6.754,6.772,6.752,6.769,19965.43,15
2026-07-02 21:15:00,6.768,6.793,6.764,6.786,14719.9,15
2026-07-02 21:30:00,6.785,6.798,6.776,6.781,12233.24,15
2026-07-02 21:45:00,6.781,6.791,6.772,6.787,16162.82,15
2026-07-02 22:00:00,6.786,6.794,6.762,6.783,20960.69,15
2026-07-02 22:15:00,6.783,6.808,6.783,6.796,46888.96,15
2026-07-02 22:30:00,6.796,6.807,6.794,6.797,13180.189999999999,15
2026-07-02 22:45:00,6.798,6.823,6.789,6.812,25556.78,15
2026-07-02 23:00:00,6.812,6.812,6.788,6.79,12795.8,15
2026-07-02 23:15:00,6.79,6.81,6.788,6.804,19552.27,15
2026-07-02 23:30:00,6.804,6.814,6.8,6.805,13911.4,15
2026-07-02 23:45:00,6.805,6.806,6.796,6.8,19831.55,15
2026-07-03 00:00:00,6.801,6.812,6.783,6.804,34461.83,15
2026-07-03 00:15:00,6.803,6.81,6.79,6.794,18423.08,15
2026-07-03 00:30:00,6.795,6.807,6.786,6.792,19383.6,15
2026-07-03 00:45:00,6.793,6.799,6.783,6.789,12359.46,15
2026-07-03 01:00:00,6.789,6.841,6.787,6.835,23251.18,15
2026-07-03 01:15:00,6.835,6.84,6.816,6.832,19712.19,15
2026-07-03 01:30:00,6.831,6.868,6.825,6.857,34044.8,15
2026-07-03 01:45:00,6.858,6.864,6.85,6.854,9722.94,15
2026-07-03 02:00:00,6.855,6.862,6.84,6.842,25060.79,15
2026-07-03 02:15:00,6.843,6.872,6.843,6.854,24644.87,15
2026-07-03 02:30:00,6.855,6.863,6.838,6.846,21948.16,15
2026-07-03 02:45:00,6.846,6.862,6.824,6.859,12871.27,15
2026-07-03 03:00:00,6.858,6.858,6.813,6.832,53214.54000000001,15
2026-07-03 03:15:00,6.833,6.869,6.833,6.866,20570.94,15
2026-07-03 03:30:00,6.867,6.88,6.846,6.847,17825.52,15
2026-07-03 03:45:00,6.848,6.861,6.848,6.85,14606.83,15
2026-07-03 04:00:00,6.851,6.854,6.812,6.831,26009.37,15
2026-07-03 04:15:00,6.831,6.831,6.817,6.821,10698.869999999999,15
2026-07-03 04:30:00,6.821,6.837,6.816,6.834,20002.88,15
2026-07-03 04:45:00,6.834,6.834,6.814,6.818,14352.93,15
2026-07-03 05:00:00,6.818,6.842,6.812,6.829,27674.84,15
2026-07-03 05:15:00,6.83,6.847,6.827,6.844,14506.960000000001,15
2026-07-03 05:30:00,6.843,6.871,6.84,6.852,17588.31,15
2026-07-03 05:45:00,6.851,6.855,6.842,6.85,7686.5,15
2026-07-03 06:00:00,6.85,6.878,6.848,6.866,18118.68,15
2026-07-03 06:15:00,6.866,6.874,6.849,6.861,22709.71,15
2026-07-03 06:30:00,6.861,6.862,6.838,6.852,27016.7,15
2026-07-03 06:45:00,6.853,6.863,6.851,6.855,12907.08,15
2026-07-03 07:00:00,6.856,6.861,6.844,6.844,19594.05,15
2026-07-03 07:15:00,6.845,6.848,6.833,6.838,16553.37,15
2026-07-03 07:30:00,6.839,6.846,6.83,6.843,19004.8,15
2026-07-03 07:45:00,6.842,6.85,6.837,6.838,22177.030000000002,15
2026-07-03 08:00:00,6.839,6.843,6.826,6.838,20282.25,15
2026-07-03 08:15:00,6.837,6.866,6.835,6.866,37336.24,15
2026-07-03 08:30:00,6.866,6.891,6.845,6.876,51137.55,15
2026-07-03 08:45:00,6.875,6.876,6.829,6.843,29475.7,15
2026-07-03 09:00:00,6.842,6.856,6.831,6.855,26503.54,15
2026-07-03 09:15:00,6.856,6.858,6.835,6.844,13430.48,15
2026-07-03 09:30:00,6.843,6.848,6.833,6.839,8734.51,15
2026-07-03 09:45:00,6.84,6.858,6.838,6.838,11610.29,15
2026-07-03 10:00:00,6.837,6.87,6.835,6.867,40555.96,15
