timestamp,open,high,low,close,volume,source_1m_count
2026-06-03 10:30:00,643.41,643.71,641.43,642.49,1470.539,15
2026-06-03 10:45:00,642.49,643.64,640.9,641.7,1558.774,15
2026-06-03 11:00:00,641.7,642.72,641.11,642.54,2491.06,15
2026-06-03 11:15:00,642.53,645.0,641.34,643.45,1524.179,15
2026-06-03 11:30:00,643.44,643.44,640.03,641.04,1264.282,15
2026-06-03 11:45:00,641.05,641.05,637.04,637.38,3945.786,15
2026-06-03 12:00:00,637.38,637.53,633.98,634.84,4306.915,15
2026-06-03 12:15:00,634.83,635.79,633.61,635.38,1964.529,15
2026-06-03 12:30:00,635.39,636.11,633.12,634.64,2648.296,15
2026-06-03 12:45:00,634.64,636.74,634.27,635.43,4596.607999999999,15
2026-06-03 13:00:00,635.43,637.24,634.38,634.63,2426.418,15
2026-06-03 13:15:00,634.63,636.99,631.8,631.82,3061.564,15
2026-06-03 13:30:00,631.82,635.49,630.91,630.99,3528.215,15
2026-06-03 13:45:00,630.99,634.22,630.05,633.11,3637.169,15
2026-06-03 14:00:00,633.11,635.04,632.77,634.44,1798.249,15
2026-06-03 14:15:00,634.44,635.19,630.18,631.37,2779.877,15
2026-06-03 14:30:00,631.38,634.91,631.1,634.32,1881.408,15
2026-06-03 14:45:00,634.3,637.64,634.05,637.02,1689.76,15
2026-06-03 15:00:00,637.04,637.7,634.83,636.06,2446.824,15
2026-06-03 15:15:00,636.06,639.31,635.0,638.17,1749.383,15
2026-06-03 15:30:00,638.17,638.83,634.74,635.79,1969.996,15
2026-06-03 15:45:00,635.78,635.91,632.85,632.99,1808.016,15
2026-06-03 16:00:00,633.0,633.6,624.52,626.23,11613.707999999999,15
2026-06-03 16:15:00,626.22,627.06,620.0,622.05,7682.2660000000005,15
2026-06-03 16:30:00,622.05,627.33,621.91,626.02,4706.5070000000005,15
2026-06-03 16:45:00,626.03,628.32,624.98,628.25,2011.807,15
2026-06-03 17:00:00,628.26,628.7,624.02,625.11,2256.491,15
2026-06-03 17:15:00,625.12,626.0,623.8,625.51,1647.7540000000001,15
2026-06-03 17:30:00,625.51,629.33,624.62,627.64,3085.7909999999997,15
2026-06-03 17:45:00,627.64,627.72,625.56,627.16,1791.271,15
2026-06-03 18:00:00,627.16,628.7,626.55,627.44,904.825,15
2026-06-03 18:15:00,627.44,627.54,625.23,626.65,1274.0349999999999,15
2026-06-03 18:30:00,626.65,628.47,625.68,628.09,1157.398,15
2026-06-03 18:45:00,628.08,629.0,627.68,628.13,595.06,15
2026-06-03 19:00:00,628.13,628.98,627.02,628.07,1213.685,15
2026-06-03 19:15:00,628.07,628.57,623.7,624.23,1956.953,15
2026-06-03 19:30:00,624.21,626.59,622.97,626.19,1102.123,15
2026-06-03 19:45:00,626.19,626.98,621.74,622.77,3596.136,15
2026-06-03 20:00:00,622.77,625.31,620.47,624.89,2281.851,15
2026-06-03 20:15:00,624.88,625.53,621.77,625.32,1361.117,15
2026-06-03 20:30:00,625.32,625.78,620.15,620.22,3128.803,15
2026-06-03 20:45:00,620.23,620.64,616.21,619.8,9638.909,15
2026-06-03 21:00:00,619.8,626.93,618.88,624.94,4122.348,15
2026-06-03 21:15:00,624.94,625.99,624.65,625.01,2553.907,15
2026-06-03 21:30:00,625.01,627.5,624.42,625.82,5473.032999999999,15
2026-06-03 21:45:00,625.82,629.63,625.82,629.43,2256.601,15
2026-06-03 22:00:00,629.44,630.0,627.84,628.34,4579.216,15
2026-06-03 22:15:00,628.34,628.7,627.3,628.51,5187.825,15
2026-06-03 22:30:00,628.51,630.0,628.2,629.09,3369.642,15
2026-06-03 22:45:00,629.09,629.2,625.83,627.43,3086.1189999999997,15
2026-06-03 23:00:00,627.43,627.94,623.42,624.65,3639.707,15
2026-06-03 23:15:00,624.64,624.64,620.66,622.86,2140.446,15
2026-06-03 23:30:00,622.86,624.39,621.14,621.45,2311.245,15
2026-06-03 23:45:00,621.45,622.11,620.32,620.63,1400.44,15
2026-06-04 00:00:00,620.63,624.38,620.5,623.89,2136.447,15
2026-06-04 00:15:00,623.89,624.57,615.52,615.53,3358.449,15
2026-06-04 00:30:00,615.52,619.12,612.93,618.06,9993.728,15
2026-06-04 00:45:00,618.06,618.06,613.31,616.23,2891.8959999999997,15
2026-06-04 01:00:00,616.23,617.72,613.82,614.15,2931.266,15
2026-06-04 01:15:00,614.16,614.31,605.86,606.89,16097.791,15
2026-06-04 01:30:00,606.9,612.12,606.79,608.36,5210.419,15
2026-06-04 01:45:00,608.36,608.47,599.14,602.49,23055.434999999998,15
2026-06-04 02:00:00,602.5,603.21,590.46,599.82,27155.845999999998,15
2026-06-04 02:15:00,599.83,607.73,597.14,606.67,8274.811,15
2026-06-04 02:30:00,606.66,609.16,604.99,608.5,7049.987,15
2026-06-04 02:45:00,608.5,609.99,606.83,608.05,5822.63,15
2026-06-04 03:00:00,608.05,615.9,608.04,614.91,5619.446,15
2026-06-04 03:15:00,614.91,616.98,614.74,615.92,4101.232,15
2026-06-04 03:30:00,615.92,621.4,615.71,620.32,5565.894,15
2026-06-04 03:45:00,620.31,621.02,618.27,618.99,2776.456,15
2026-06-04 04:00:00,618.99,621.36,618.6,620.12,1965.5739999999998,15
2026-06-04 04:15:00,620.13,620.86,618.35,619.04,1512.076,15
2026-06-04 04:30:00,619.03,619.48,615.12,616.75,4337.495,15
2026-06-04 04:45:00,616.74,616.96,613.87,614.63,2396.542,15
2026-06-04 05:00:00,614.63,614.63,602.13,604.53,38418.849,15
2026-06-04 05:15:00,604.52,606.81,600.61,602.51,12589.594000000001,15
2026-06-04 05:30:00,602.5,608.37,602.38,605.7,20205.754,15
2026-06-04 05:45:00,605.69,605.87,603.24,604.23,2766.485,15
2026-06-04 06:00:00,604.24,608.38,603.49,607.59,1837.606,15
2026-06-04 06:15:00,607.59,610.98,606.42,606.6,3436.183,15
2026-06-04 06:30:00,606.6,607.85,604.86,607.77,3601.7000000000003,15
2026-06-04 06:45:00,607.76,607.76,605.06,605.4,2368.498,15
2026-06-04 07:00:00,605.4,605.84,600.3,603.39,4537.885,15
2026-06-04 07:15:00,603.39,603.84,599.99,602.33,4855.422,15
2026-06-04 07:30:00,602.33,604.46,601.47,603.18,5627.552,15
2026-06-04 07:45:00,603.18,603.37,599.22,600.2,4225.917,15
2026-06-04 08:00:00,600.2,602.9,597.48,597.49,2900.724,15
2026-06-04 08:15:00,597.49,601.09,596.45,600.72,3629.687,15
2026-06-04 08:30:00,600.72,602.99,599.74,600.54,2080.361,15
2026-06-04 08:45:00,600.54,603.7,600.32,602.28,1468.4080000000001,15
2026-06-04 09:00:00,602.29,602.48,598.03,598.89,2450.482,15
2026-06-04 09:15:00,598.89,598.89,591.4,591.89,6897.442,15
2026-06-04 09:30:00,591.89,595.36,591.16,594.51,4397.946,15
2026-06-04 09:45:00,594.51,598.03,594.4,597.99,3449.62,15
2026-06-04 10:00:00,597.99,598.09,593.24,593.9,2620.2980000000002,15
2026-06-04 10:15:00,593.9,596.11,592.71,592.88,2867.812,15
2026-06-04 10:30:00,592.88,595.16,592.16,592.96,2752.196,15
2026-06-04 10:45:00,592.96,593.22,588.1,590.47,10647.331,15
2026-06-04 11:00:00,590.48,592.03,588.95,589.51,3480.904,15
2026-06-04 11:15:00,589.51,594.38,588.95,593.2,2531.38,15
2026-06-04 11:30:00,593.2,595.06,589.94,591.77,3718.3740000000003,15
2026-06-04 11:45:00,591.77,595.52,591.7,595.3,2881.0789999999997,15
2026-06-04 12:00:00,595.31,597.47,593.94,594.7,2195.214,15
2026-06-04 12:15:00,594.69,601.21,594.45,600.87,6011.186,15
2026-06-04 12:30:00,600.87,604.49,599.71,602.56,4267.003,15
2026-06-04 12:45:00,602.54,604.98,601.51,603.55,2045.0149999999999,15
2026-06-04 13:00:00,603.56,604.38,601.66,601.66,1784.02,15
2026-06-04 13:15:00,601.65,602.42,597.01,599.9,3663.703,15
2026-06-04 13:30:00,599.9,606.04,599.39,602.4,4627.183,15
2026-06-04 13:45:00,602.41,605.08,601.15,604.81,2705.3720000000003,15
2026-06-04 14:00:00,604.82,606.56,602.34,605.35,4047.517,15
2026-06-04 14:15:00,605.35,606.49,603.06,604.39,2762.997,15
2026-06-04 14:30:00,604.39,605.68,602.17,604.68,3452.483,15
2026-06-04 14:45:00,604.68,605.24,602.7,604.75,2294.311,15
2026-06-04 15:00:00,604.74,609.1,603.85,609.1,5368.914,15
2026-06-04 15:15:00,609.1,609.5,604.24,605.65,2367.945,15
2026-06-04 15:30:00,605.65,606.64,604.75,605.54,1329.285,15
2026-06-04 15:45:00,605.53,607.11,604.17,606.4,1663.115,15
2026-06-04 16:00:00,606.4,607.46,604.94,605.03,1699.121,15
2026-06-04 16:15:00,605.09,606.92,604.23,604.44,1595.106,15
2026-06-04 16:30:00,604.44,607.42,603.31,604.76,4514.7300000000005,15
2026-06-04 16:45:00,604.76,606.34,603.03,603.74,3185.1540000000005,15
2026-06-04 17:00:00,603.73,605.2,602.64,604.57,819.457,15
2026-06-04 17:15:00,604.57,604.57,600.85,601.87,2380.382,15
2026-06-04 17:30:00,601.86,602.27,599.31,600.36,1837.337,15
2026-06-04 17:45:00,600.37,605.37,599.5,604.54,1614.405,15
2026-06-04 18:00:00,604.54,605.08,602.87,602.99,563.121,15
2026-06-04 18:15:00,603.0,608.44,603.0,608.43,1887.672,15
2026-06-04 18:30:00,608.44,610.12,607.98,608.73,1921.144,15
2026-06-04 18:45:00,608.74,610.35,608.11,609.17,727.844,15
2026-06-04 19:00:00,609.17,609.45,606.48,608.45,782.44,15
2026-06-04 19:15:00,608.46,610.19,608.01,609.31,671.881,15
2026-06-04 19:30:00,609.31,609.46,607.28,607.4,431.303,15
2026-06-04 19:45:00,607.39,607.41,605.15,606.35,712.043,15
2026-06-04 20:00:00,606.35,606.56,603.44,604.95,863.657,15
2026-06-04 20:15:00,604.94,605.95,603.1,604.65,772.539,15
2026-06-04 20:30:00,604.68,606.36,604.24,605.57,529.331,15
2026-06-04 20:45:00,605.56,606.04,604.15,605.42,519.424,15
2026-06-04 21:00:00,605.42,607.59,604.41,606.61,1267.86,15
2026-06-04 21:15:00,606.61,606.95,602.55,602.87,2152.786,15
2026-06-04 21:30:00,602.87,603.31,597.99,601.0,3372.766,15
2026-06-04 21:45:00,601.01,601.49,599.29,599.29,962.068,15
2026-06-04 22:00:00,599.29,601.93,598.49,600.65,2014.666,15
2026-06-04 22:15:00,600.65,601.77,599.6,600.45,760.918,15
2026-06-04 22:30:00,600.44,600.94,598.15,599.97,1410.579,15
2026-06-04 22:45:00,599.96,603.71,599.12,603.0,1291.7649999999999,15
2026-06-04 23:00:00,602.97,604.5,602.31,602.66,471.80400000000003,15
2026-06-04 23:15:00,602.64,602.64,599.16,601.01,1627.1409999999998,15
2026-06-04 23:30:00,601.01,604.1,600.82,603.86,662.745,15
2026-06-04 23:45:00,603.87,605.32,602.88,604.53,1324.404,15
2026-06-05 00:00:00,604.5,605.14,602.25,602.78,1231.378,15
2026-06-05 00:15:00,602.78,607.28,602.78,606.94,2543.7039999999997,15
2026-06-05 00:30:00,606.94,608.0,605.4,606.02,1964.743,15
2026-06-05 00:45:00,606.01,607.11,601.72,602.09,1437.507,15
2026-06-05 01:00:00,602.09,602.09,595.75,599.85,4269.22,15
2026-06-05 01:15:00,599.84,601.25,597.81,600.39,1240.167,15
2026-06-05 01:30:00,600.41,602.91,599.86,601.98,1536.2,15
2026-06-05 01:45:00,601.98,602.99,600.34,602.47,1189.433,15
2026-06-05 02:00:00,602.47,603.12,600.48,600.81,1339.596,15
2026-06-05 02:15:00,600.81,601.51,597.15,597.15,2365.223,15
2026-06-05 02:30:00,597.16,599.91,594.56,596.61,3148.045,15
2026-06-05 02:45:00,596.61,598.81,595.51,595.92,2245.905,15
2026-06-05 03:00:00,595.95,596.43,591.4,592.9,9143.844,15
2026-06-05 03:15:00,592.9,596.86,592.9,594.33,3559.091,15
2026-06-05 03:30:00,594.32,597.52,594.32,596.5,3485.029,15
2026-06-05 03:45:00,596.49,598.0,595.26,595.76,1416.869,15
2026-06-05 04:00:00,595.76,599.38,593.47,597.19,6872.908,15
2026-06-05 04:15:00,597.19,598.44,594.51,598.11,2644.5930000000003,15
2026-06-05 04:30:00,598.12,598.71,595.92,596.18,2375.918,15
2026-06-05 04:45:00,596.17,602.74,594.5,602.01,4500.386,15
2026-06-05 05:00:00,602.02,602.85,597.82,598.02,2623.992,15
2026-06-05 05:15:00,598.03,598.93,596.58,598.13,2324.7169999999996,15
2026-06-05 05:30:00,598.12,598.35,588.31,589.65,6730.455,15
2026-06-05 05:45:00,589.65,591.16,583.27,584.55,14430.822,15
2026-06-05 06:00:00,584.55,585.42,580.03,580.75,10013.486,15
2026-06-05 06:15:00,580.75,582.04,570.61,576.27,28873.013,15
2026-06-05 06:30:00,576.27,582.99,575.02,582.47,9743.398,15
2026-06-05 06:45:00,582.46,583.14,578.51,580.62,4332.906,15
2026-06-05 07:00:00,580.62,581.28,574.36,574.47,6809.079,15
2026-06-05 07:15:00,574.46,586.0,574.44,584.93,6555.906,15
2026-06-05 07:30:00,584.93,591.29,584.48,590.66,9205.898,15
2026-06-05 07:45:00,590.67,593.56,588.72,593.26,5405.132,15
2026-06-05 08:00:00,593.26,593.26,587.93,589.08,2915.207,15
2026-06-05 08:15:00,589.08,589.38,586.33,588.15,2928.374,15
2026-06-05 08:30:00,588.16,589.32,586.0,586.59,2348.6,15
2026-06-05 08:45:00,586.59,588.56,585.6,587.02,2590.853,15
2026-06-05 09:00:00,587.02,592.76,586.68,592.76,3078.527,15
2026-06-05 09:15:00,592.77,595.22,591.38,595.2,3655.501,15
2026-06-05 09:30:00,595.21,595.49,592.76,593.86,2500.0280000000002,15
2026-06-05 09:45:00,593.86,597.0,593.72,596.14,2659.766,15
2026-06-05 10:00:00,596.14,596.72,593.14,593.72,2098.816,15
2026-06-05 10:15:00,593.73,593.75,591.66,592.66,1434.373,15
2026-06-05 10:30:00,592.65,593.5,590.88,593.16,2421.848,15
2026-06-05 10:45:00,593.17,593.54,591.62,592.89,1471.357,15
2026-06-05 11:00:00,592.89,594.06,589.49,591.93,3325.18,15
2026-06-05 11:15:00,591.92,595.51,591.51,593.18,2296.747,15
2026-06-05 11:30:00,593.17,593.52,590.15,590.22,1340.761,15
2026-06-05 11:45:00,590.23,591.61,589.37,590.11,2118.213,15
2026-06-05 12:00:00,590.12,591.73,586.74,589.56,3551.442,15
2026-06-05 12:15:00,589.55,593.28,589.51,591.82,2556.376,15
2026-06-05 12:30:00,591.82,593.75,587.0,590.72,8394.773,15
2026-06-05 12:45:00,590.71,591.59,589.21,591.15,2002.6209999999999,15
2026-06-05 13:00:00,591.16,596.27,591.13,593.85,4998.622,15
2026-06-05 13:15:00,593.85,596.0,592.95,593.31,2678.614,15
2026-06-05 13:30:00,593.3,595.8,590.61,591.46,3042.726,15
2026-06-05 13:45:00,591.47,591.94,580.58,581.02,6562.333,15
2026-06-05 14:00:00,581.02,588.95,580.0,586.71,9568.869,15
2026-06-05 14:15:00,586.71,589.96,581.86,583.25,6081.8,15
2026-06-05 14:30:00,583.24,588.91,582.3,585.56,4499.369,15
2026-06-05 14:45:00,585.54,587.89,581.26,582.93,4121.933,15
2026-06-05 15:00:00,582.94,583.8,576.87,578.19,6942.009,15
2026-06-05 15:15:00,578.18,583.93,576.66,581.38,7039.23,15
2026-06-05 15:30:00,581.37,582.23,575.0,577.5,7843.93,15
2026-06-05 15:45:00,577.52,580.27,574.66,578.75,7286.429,15
2026-06-05 16:00:00,578.75,578.75,567.79,572.68,50883.437,15
2026-06-05 16:15:00,572.68,583.0,571.7,575.89,31421.439000000002,15
2026-06-05 16:30:00,575.89,576.96,569.09,571.5,10507.798999999999,15
2026-06-05 16:45:00,571.49,579.35,571.35,577.76,8004.958,15
2026-06-05 17:00:00,577.76,579.96,574.4,575.13,5596.0,15
2026-06-05 17:15:00,575.13,576.1,572.73,574.1,3995.486,15
2026-06-05 17:30:00,574.05,577.92,573.81,574.58,2427.014,15
2026-06-05 17:45:00,574.58,576.21,574.0,576.06,1580.592,15
2026-06-05 18:00:00,576.09,576.9,574.6,574.78,1871.951,15
2026-06-05 18:15:00,574.75,575.0,567.21,567.89,11316.994999999999,15
2026-06-05 18:30:00,567.89,571.13,565.37,567.86,7992.79,15
2026-06-05 18:45:00,567.87,568.37,560.83,561.32,14050.01,15
2026-06-05 19:00:00,561.32,563.55,556.46,560.13,17595.387,15
2026-06-05 19:15:00,560.12,564.52,557.31,564.17,3651.601,15
2026-06-05 19:30:00,564.18,564.95,560.1,562.84,3052.017,15
2026-06-05 19:45:00,562.83,570.0,562.78,567.33,3573.2169999999996,15
2026-06-05 20:00:00,567.28,572.39,563.19,571.67,4220.118,15
2026-06-05 20:15:00,571.69,573.99,570.76,572.55,2595.1639999999998,15
2026-06-05 20:30:00,572.57,575.85,571.78,575.31,2232.0280000000002,15
2026-06-05 20:45:00,575.33,578.37,573.87,577.54,3825.512,15
2026-06-05 21:00:00,577.53,579.4,575.93,576.91,4584.614,15
2026-06-05 21:15:00,576.91,577.8,575.65,576.38,2367.973,15
2026-06-05 21:30:00,576.37,578.7,575.88,577.79,4734.392,15
2026-06-05 21:45:00,577.78,578.3,576.49,576.5,1631.7350000000001,15
2026-06-05 22:00:00,576.5,576.5,572.23,574.8,5592.5419999999995,15
2026-06-05 22:15:00,574.8,577.5,574.2,575.97,3233.011,15
2026-06-05 22:30:00,575.97,578.1,575.56,576.48,5808.324,15
2026-06-05 22:45:00,576.48,577.96,575.7,577.01,3836.868,15
2026-06-05 23:00:00,577.01,578.0,575.34,575.35,7414.844,15
2026-06-05 23:15:00,575.34,575.35,572.3,573.05,8828.960000000001,15
2026-06-05 23:30:00,573.05,573.05,566.89,569.02,3067.453,15
2026-06-05 23:45:00,569.02,572.68,568.01,572.22,1430.014,15
2026-06-06 00:00:00,572.17,577.7,571.99,577.39,2521.304,15
2026-06-06 00:15:00,577.39,577.8,575.51,576.88,1885.2199999999998,15
2026-06-06 00:30:00,576.88,577.6,575.0,576.33,5095.3730000000005,15
2026-06-06 00:45:00,576.33,577.5,576.2,576.52,3108.895,15
2026-06-06 01:00:00,576.52,577.3,575.8,576.7,2007.08,15
2026-06-06 01:15:00,576.72,579.0,574.57,579.0,6075.588,15
2026-06-06 01:30:00,578.99,579.7,576.1,576.79,4977.6449999999995,15
2026-06-06 01:45:00,576.79,578.4,576.0,576.4,6049.609,15
2026-06-06 02:00:00,576.39,577.5,576.1,576.5,5132.732,15
2026-06-06 02:15:00,576.51,577.2,573.65,575.73,6900.451,15
2026-06-06 02:30:00,575.73,577.4,575.3,576.73,2769.959,15
2026-06-06 02:45:00,576.72,579.0,575.44,576.4,5029.598,15
2026-06-06 03:00:00,576.41,576.82,573.08,575.23,4700.598,15
2026-06-06 03:15:00,575.24,575.58,571.78,573.03,1345.864,15
2026-06-06 03:30:00,573.02,573.69,570.6,573.43,2335.815,15
2026-06-06 03:45:00,573.44,574.19,572.41,573.13,541.89,15
2026-06-06 04:00:00,573.13,575.67,566.7,567.22,2744.424,15
2026-06-06 04:15:00,567.22,568.36,561.3,562.36,6107.333,15
2026-06-06 04:30:00,562.32,564.9,559.68,564.22,8354.165,15
2026-06-06 04:45:00,564.24,568.0,563.04,565.47,3419.699,15
2026-06-06 05:00:00,565.47,565.64,560.41,561.97,4286.612,15
2026-06-06 05:15:00,561.98,574.45,561.8,571.59,4692.041,15
2026-06-06 05:30:00,571.6,574.26,568.71,573.32,3705.023,15
2026-06-06 05:45:00,573.32,576.89,572.69,576.28,1819.279,15
2026-06-06 06:00:00,576.27,579.09,576.12,577.9,8046.562,15
2026-06-06 06:15:00,577.9,578.0,576.06,576.67,4069.055,15
2026-06-06 06:30:00,576.67,577.9,575.0,575.0,5209.973,15
2026-06-06 06:45:00,575.0,577.3,574.8,576.39,4814.795,15
2026-06-06 07:00:00,576.39,578.8,575.9,578.74,6805.002,15
2026-06-06 07:15:00,578.74,580.89,576.21,576.99,3913.642,15
2026-06-06 07:30:00,576.99,580.94,576.57,580.36,3369.608,15
2026-06-06 07:45:00,580.37,581.58,578.88,579.06,1487.549,15
2026-06-06 08:00:00,579.06,580.81,578.0,580.05,1305.875,15
2026-06-06 08:15:00,580.06,583.79,578.75,583.33,1999.415,15
2026-06-06 08:30:00,583.32,584.43,581.05,581.51,1895.068,15
2026-06-06 08:45:00,581.5,582.96,580.02,580.78,1295.55,15
2026-06-06 09:00:00,580.79,581.43,578.82,579.67,1111.437,15
2026-06-06 09:15:00,579.66,582.62,579.48,582.4,1000.065,15
2026-06-06 09:30:00,582.4,582.4,579.74,580.18,1151.189,15
2026-06-06 09:45:00,580.2,580.27,575.0,576.55,3973.043,15
2026-06-06 10:00:00,576.55,576.57,572.5,574.05,8883.165,15
2026-06-06 10:15:00,574.04,576.13,573.9,574.89,3278.301,15
2026-06-06 10:30:00,574.9,575.04,571.05,572.74,3764.1789999999996,15
2026-06-06 10:45:00,572.73,574.3,571.41,573.81,1206.088,15
2026-06-06 11:00:00,573.8,576.06,573.37,573.92,1461.397,15
2026-06-06 11:15:00,573.92,576.17,573.48,576.17,1081.6589999999999,15
2026-06-06 11:30:00,576.16,576.69,575.09,575.5,998.147,15
2026-06-06 11:45:00,575.5,576.12,573.59,574.06,4194.902,15
2026-06-06 12:00:00,574.07,575.74,573.91,574.63,865.776,15
2026-06-06 12:15:00,574.62,574.99,572.41,572.41,1158.119,15
2026-06-06 12:30:00,572.41,574.46,571.89,574.19,1607.358,15
2026-06-06 12:45:00,574.2,577.4,573.77,575.91,2332.729,15
2026-06-06 13:00:00,575.91,576.85,575.33,575.58,1368.974,15
2026-06-06 13:15:00,575.57,576.84,574.28,574.74,1973.637,15
2026-06-06 13:30:00,574.74,576.25,573.19,576.24,1758.016,15
2026-06-06 13:45:00,576.24,577.2,574.21,574.49,1437.163,15
2026-06-06 14:00:00,574.5,576.95,574.03,576.19,1584.124,15
2026-06-06 14:15:00,576.19,577.1,574.59,575.81,1559.781,15
2026-06-06 14:30:00,575.8,577.2,575.16,576.79,1294.312,15
2026-06-06 14:45:00,576.78,577.0,574.91,574.95,1226.724,15
2026-06-06 15:00:00,574.95,575.86,572.23,572.74,1703.13,15
2026-06-06 15:15:00,572.73,574.42,571.04,573.8,1613.795,15
2026-06-06 15:30:00,573.79,576.39,573.01,576.1,1163.867,15
2026-06-06 15:45:00,576.06,576.87,574.93,575.86,1202.612,15
2026-06-06 16:00:00,575.86,577.66,575.02,575.37,2380.992,15
2026-06-06 16:15:00,575.37,575.74,572.44,572.69,2007.035,15
2026-06-06 16:30:00,572.68,574.21,571.25,574.12,2094.764,15
2026-06-06 16:45:00,574.13,575.32,573.32,574.11,955.552,15
2026-06-06 17:00:00,574.12,575.17,573.0,573.78,994.793,15
2026-06-06 17:15:00,573.77,574.62,572.71,573.47,1296.914,15
2026-06-06 17:30:00,573.47,575.23,572.66,574.88,1334.489,15
2026-06-06 17:45:00,574.89,575.32,572.72,573.92,730.402,15
2026-06-06 18:00:00,573.92,574.52,573.1,573.59,569.098,15
2026-06-06 18:15:00,573.58,576.08,573.06,575.58,804.8439999999999,15
2026-06-06 18:30:00,575.57,575.63,574.01,574.6,425.699,15
2026-06-06 18:45:00,574.6,574.98,573.42,574.38,610.588,15
2026-06-06 19:00:00,574.37,576.01,573.63,575.26,950.038,15
2026-06-06 19:15:00,575.26,575.27,574.16,574.45,540.617,15
2026-06-06 19:30:00,574.45,574.68,573.48,574.35,936.242,15
2026-06-06 19:45:00,574.35,574.56,573.66,573.73,794.293,15
2026-06-06 20:00:00,573.74,574.65,572.65,573.81,898.2180000000001,15
2026-06-06 20:15:00,573.76,574.68,573.41,574.0,980.199,15
2026-06-06 20:30:00,574.01,575.6,573.59,575.33,926.263,15
2026-06-06 20:45:00,575.28,575.61,574.02,574.8,452.387,15
2026-06-06 21:00:00,574.81,575.96,574.56,575.59,594.4929999999999,15
2026-06-06 21:15:00,575.59,576.25,575.14,575.68,463.008,15
2026-06-06 21:30:00,575.68,576.86,575.33,575.62,481.625,15
2026-06-06 21:45:00,575.62,576.02,575.0,575.02,432.421,15
2026-06-06 22:00:00,575.01,575.01,570.93,571.99,2098.585,15
2026-06-06 22:15:00,571.98,573.47,571.35,571.7,784.226,15
2026-06-06 22:30:00,571.71,573.17,571.62,572.33,478.038,15
2026-06-06 22:45:00,572.34,574.0,572.27,572.46,680.052,15
2026-06-06 23:00:00,572.46,574.52,572.16,574.02,742.114,15
2026-06-06 23:15:00,574.02,574.38,572.61,573.73,675.616,15
2026-06-06 23:30:00,573.74,575.5,573.73,574.73,1474.647,15
2026-06-06 23:45:00,574.73,575.1,574.4,574.53,830.2909999999999,15
2026-06-07 00:00:00,574.54,575.3,573.9,574.44,1339.089,15
2026-06-07 00:15:00,574.45,575.05,573.9,574.82,729.3389999999999,15
2026-06-07 00:30:00,574.82,576.1,574.0,574.01,2111.525,15
2026-06-07 00:45:00,574.0,574.74,573.9,574.13,386.642,15
2026-06-07 01:00:00,574.14,578.7,573.6,578.38,11681.449999999999,15
2026-06-07 01:15:00,578.37,581.41,577.75,581.24,3842.135,15
2026-06-07 01:30:00,581.24,581.64,579.05,579.95,1564.866,15
2026-06-07 01:45:00,579.95,580.23,578.45,579.74,2232.069,15
2026-06-07 02:00:00,579.73,581.28,579.43,580.31,4528.017,15
2026-06-07 02:15:00,580.31,580.37,577.08,578.0,1276.453,15
2026-06-07 02:30:00,578.0,578.88,577.0,578.25,1335.058,15
2026-06-07 02:45:00,578.26,580.05,578.21,579.08,1126.311,15
2026-06-07 03:00:00,579.08,579.42,578.0,579.09,712.3050000000001,15
2026-06-07 03:15:00,579.09,580.77,578.36,580.38,1098.774,15
2026-06-07 03:30:00,580.37,580.92,579.37,580.65,1220.898,15
2026-06-07 03:45:00,580.66,581.34,579.63,581.1,785.072,15
2026-06-07 04:00:00,581.09,581.19,578.95,579.69,860.298,15
2026-06-07 04:15:00,579.69,580.07,578.0,578.32,886.304,15
2026-06-07 04:30:00,578.31,581.77,578.04,581.27,1657.1599999999999,15
2026-06-07 04:45:00,581.26,582.95,580.8,582.79,3034.502,15
2026-06-07 05:00:00,582.79,584.42,581.65,583.2,3167.757,15
2026-06-07 05:15:00,583.2,587.0,583.07,585.42,7977.179,15
2026-06-07 05:30:00,585.41,586.56,584.42,586.56,3330.8160000000003,15
2026-06-07 05:45:00,586.57,586.64,584.73,585.24,1483.309,15
2026-06-07 06:00:00,585.24,585.62,583.95,584.14,2054.853,15
2026-06-07 06:15:00,584.13,587.68,583.85,587.04,2646.317,15
2026-06-07 06:30:00,587.04,588.81,586.88,588.38,4768.308,15
2026-06-07 06:45:00,588.39,589.0,587.52,588.4,1871.9180000000001,15
2026-06-07 07:00:00,588.4,589.87,587.33,588.91,2260.064,15
2026-06-07 07:15:00,588.91,589.67,587.85,589.59,1129.014,15
2026-06-07 07:30:00,589.59,590.0,588.33,588.88,1969.566,15
2026-06-07 07:45:00,588.88,589.95,588.53,589.67,972.2909999999999,15
2026-06-07 08:00:00,589.67,589.67,587.45,588.23,2099.17,15
2026-06-07 08:15:00,588.22,591.36,587.51,591.1,5448.2919999999995,15
2026-06-07 08:30:00,591.11,595.16,590.31,594.49,3516.228,15
2026-06-07 08:45:00,594.49,599.0,594.49,597.94,4727.189,15
2026-06-07 09:00:00,597.94,598.24,595.86,596.54,2587.225,15
2026-06-07 09:15:00,596.54,597.85,594.96,596.66,1928.14,15
2026-06-07 09:30:00,596.65,596.66,593.32,594.27,2378.291,15
2026-06-07 09:45:00,594.27,594.27,592.0,592.94,1605.798,15
2026-06-07 10:00:00,592.95,593.21,590.04,590.64,2011.9080000000001,15
2026-06-07 10:15:00,590.65,593.73,590.29,593.27,2310.849,15
2026-06-07 10:30:00,593.28,594.0,591.43,592.85,1464.444,15
2026-06-07 10:45:00,592.86,593.45,591.45,592.82,944.315,15
2026-06-07 11:00:00,592.82,595.48,592.81,593.62,2376.775,15
2026-06-07 11:15:00,593.63,594.39,593.0,593.85,933.11,15
2026-06-07 11:30:00,593.85,594.99,592.48,594.01,968.627,15
2026-06-07 11:45:00,594.02,594.8,593.15,593.38,511.622,15
2026-06-07 12:00:00,593.37,593.99,587.04,587.63,4672.446,15
2026-06-07 12:15:00,587.59,590.12,587.0,588.54,3875.3,15
2026-06-07 12:30:00,588.53,588.59,585.73,586.87,2968.112,15
2026-06-07 12:45:00,586.85,589.23,586.85,588.51,1840.992,15
2026-06-07 13:00:00,588.51,588.61,587.0,587.99,1708.106,15
2026-06-07 13:15:00,587.99,588.78,587.07,588.34,1370.2820000000002,15
2026-06-07 13:30:00,588.34,589.03,587.33,588.41,700.177,15
2026-06-07 13:45:00,588.42,589.88,588.22,588.89,806.6170000000001,15
2026-06-07 14:00:00,588.89,589.96,588.67,589.52,715.788,15
2026-06-07 14:15:00,589.51,592.23,589.2,591.67,1301.655,15
2026-06-07 14:30:00,591.67,593.91,590.62,591.2,2016.904,15
2026-06-07 14:45:00,591.2,591.73,589.32,591.4,1336.533,15
2026-06-07 15:00:00,591.4,591.72,589.08,591.55,1352.344,15
2026-06-07 15:15:00,591.55,592.42,590.13,591.03,1248.637,15
2026-06-07 15:30:00,591.04,593.16,590.95,592.51,1422.94,15
2026-06-07 15:45:00,592.5,592.5,590.49,591.52,1287.039,15
2026-06-07 16:00:00,591.53,592.0,590.04,591.42,1340.782,15
2026-06-07 16:15:00,591.42,592.64,591.09,592.48,704.279,15
2026-06-07 16:30:00,592.48,594.91,592.45,594.06,1666.087,15
2026-06-07 16:45:00,594.06,595.28,592.74,594.05,1731.5919999999999,15
2026-06-07 17:00:00,594.06,596.5,593.56,595.97,782.8489999999999,15
2026-06-07 17:15:00,595.97,597.35,595.43,595.94,871.191,15
2026-06-07 17:30:00,595.95,596.34,595.2,595.48,968.0269999999999,15
2026-06-07 17:45:00,595.48,597.39,594.8,596.14,884.524,15
2026-06-07 18:00:00,596.16,597.59,596.01,597.47,465.717,15
2026-06-07 18:15:00,597.47,597.6,596.2,597.31,276.94100000000003,15
2026-06-07 18:30:00,597.3,597.65,596.16,596.16,365.71500000000003,15
2026-06-07 18:45:00,596.16,596.38,594.88,595.1,511.259,15
2026-06-07 19:00:00,595.11,595.4,590.21,590.43,2804.154,15
2026-06-07 19:15:00,590.4,590.4,587.26,588.95,1908.663,15
2026-06-07 19:30:00,589.0,589.2,586.96,587.19,753.6,15
2026-06-07 19:45:00,587.2,589.87,586.7,588.62,1682.844,15
2026-06-07 20:00:00,588.64,591.59,587.8,590.96,1603.024,15
2026-06-07 20:15:00,590.96,593.59,590.01,592.62,1019.915,15
2026-06-07 20:30:00,592.62,593.45,591.9,592.68,592.421,15
2026-06-07 20:45:00,592.67,594.55,592.28,593.92,644.511,15
2026-06-07 21:00:00,593.92,595.06,592.67,594.89,851.83,15
2026-06-07 21:15:00,594.84,595.1,593.36,593.6,467.669,15
2026-06-07 21:30:00,593.61,594.09,592.44,592.59,510.305,15
2026-06-07 21:45:00,592.6,594.19,592.46,594.08,284.784,15
2026-06-07 22:00:00,594.09,608.0,592.93,607.13,7092.495999999999,15
2026-06-07 22:15:00,607.27,610.54,601.89,603.7,7284.661,15
2026-06-07 22:30:00,603.7,607.24,602.13,606.17,3949.726,15
2026-06-07 22:45:00,606.18,607.03,602.74,603.45,3227.402,15
2026-06-07 23:00:00,603.36,605.43,602.88,605.27,2481.725,15
2026-06-07 23:15:00,605.3,605.99,603.27,605.1,1704.644,15
2026-06-07 23:30:00,605.14,605.43,603.15,603.81,1078.671,15
2026-06-07 23:45:00,603.81,605.64,602.95,604.44,1856.84,15
2026-06-08 00:00:00,604.44,605.02,603.0,604.37,866.889,15
2026-06-08 00:15:00,604.37,606.7,603.73,606.22,1577.154,15
2026-06-08 00:30:00,606.23,608.39,604.67,607.35,2936.177,15
2026-06-08 00:45:00,607.35,607.35,604.93,605.65,1912.4279999999999,15
2026-06-08 01:00:00,605.65,605.92,600.85,600.92,1594.651,15
2026-06-08 01:15:00,600.88,602.95,599.0,599.73,2143.124,15
2026-06-08 01:30:00,599.74,602.74,599.2,602.66,1308.49,15
2026-06-08 01:45:00,602.66,604.18,602.17,604.04,737.219,15
2026-06-08 02:00:00,604.05,604.2,602.34,603.81,885.672,15
2026-06-08 02:15:00,603.8,604.47,602.21,603.67,454.58,15
2026-06-08 02:30:00,603.67,604.02,601.45,602.53,1099.22,15
2026-06-08 02:45:00,602.53,603.0,601.46,601.93,783.8100000000001,15
2026-06-08 03:00:00,601.92,604.41,601.01,603.48,515.741,15
2026-06-08 03:15:00,603.47,603.54,601.83,601.85,611.683,15
2026-06-08 03:30:00,601.85,603.09,601.85,602.68,625.728,15
2026-06-08 03:45:00,602.68,603.73,602.28,603.35,595.136,15
2026-06-08 04:00:00,603.36,603.7,599.33,599.82,1773.992,15
2026-06-08 04:15:00,599.82,599.97,596.34,597.97,1929.0549999999998,15
2026-06-08 04:30:00,597.97,599.35,596.0,597.13,2008.3020000000001,15
2026-06-08 04:45:00,597.12,598.81,596.4,596.4,782.069,15
2026-06-08 05:00:00,596.41,597.36,593.33,593.33,1616.6970000000001,15
2026-06-08 05:15:00,593.34,595.95,593.33,595.51,1302.032,15
2026-06-08 05:30:00,595.53,595.55,591.55,592.5,2402.6349999999998,15
2026-06-08 05:45:00,592.49,595.29,592.02,595.12,905.31,15
2026-06-08 06:00:00,595.12,596.6,594.86,595.95,1498.441,15
2026-06-08 06:15:00,595.95,597.54,595.35,596.83,1797.402,15
2026-06-08 06:30:00,596.83,597.0,595.02,595.95,1144.126,15
2026-06-08 06:45:00,595.96,596.3,595.24,595.88,810.696,15
2026-06-08 07:00:00,595.89,596.88,593.58,595.71,1564.144,15
2026-06-08 07:15:00,595.7,596.75,594.62,596.1,2326.6760000000004,15
2026-06-08 07:30:00,596.1,597.09,595.86,596.2,1125.647,15
2026-06-08 07:45:00,596.21,597.57,595.9,596.39,1944.613,15
2026-06-08 08:00:00,596.4,596.44,593.88,595.65,1158.055,15
2026-06-08 08:15:00,595.64,596.05,593.68,594.84,1821.525,15
2026-06-08 08:30:00,594.86,596.06,594.19,594.92,1093.764,15
2026-06-08 08:45:00,594.92,595.77,593.43,595.33,1049.547,15
2026-06-08 09:00:00,595.33,599.5,595.27,599.45,1995.237,15
2026-06-08 09:15:00,599.46,601.0,598.45,598.9,1457.526,15
2026-06-08 09:30:00,598.9,599.33,596.72,598.15,2627.003,15
2026-06-08 09:45:00,598.15,599.99,598.05,599.72,1009.389,15
2026-06-08 10:00:00,599.72,599.96,598.63,599.31,783.2810000000001,15
2026-06-08 10:15:00,599.32,599.32,596.86,597.39,885.8969999999999,15
2026-06-08 10:30:00,597.39,600.02,596.88,598.32,1699.47,15
2026-06-08 10:45:00,598.32,598.76,597.31,598.02,690.873,15
2026-06-08 11:00:00,598.02,600.35,597.09,600.11,1260.518,15
2026-06-08 11:15:00,600.11,602.58,599.46,601.44,2103.233,15
2026-06-08 11:30:00,601.45,604.39,601.45,602.63,1624.648,15
2026-06-08 11:45:00,602.62,602.78,601.78,602.29,990.828,15
2026-06-08 12:00:00,602.29,603.33,597.86,597.9,2422.903,15
2026-06-08 12:15:00,597.89,600.39,597.89,600.38,1046.0240000000001,15
2026-06-08 12:30:00,600.39,602.57,599.82,601.93,2220.03,15
2026-06-08 12:45:00,601.93,603.59,600.9,603.36,1782.762,15
2026-06-08 13:00:00,603.38,603.6,601.42,601.72,2400.716,15
2026-06-08 13:15:00,601.71,602.44,600.0,600.01,2718.2309999999998,15
2026-06-08 13:30:00,600.01,601.25,598.2,599.78,2480.163,15
2026-06-08 13:45:00,599.82,601.84,599.28,600.34,1567.786,15
2026-06-08 14:00:00,600.35,601.86,599.49,601.52,1296.232,15
2026-06-08 14:15:00,601.51,602.03,599.98,601.22,1243.117,15
2026-06-08 14:30:00,601.21,602.58,600.38,601.3,1545.756,15
2026-06-08 14:45:00,601.3,603.48,600.85,603.29,1685.761,15
2026-06-08 15:00:00,603.29,606.0,603.21,605.8,2626.131,15
2026-06-08 15:15:00,605.8,606.28,604.0,604.84,2262.95,15
2026-06-08 15:30:00,604.84,604.92,603.21,604.68,1533.65,15
2026-06-08 15:45:00,604.7,605.96,603.6,604.2,1129.548,15
2026-06-08 16:00:00,604.21,606.27,603.69,605.35,934.184,15
2026-06-08 16:15:00,605.35,607.75,605.34,606.28,1273.195,15
2026-06-08 16:30:00,606.28,606.56,604.41,604.98,1027.573,15
2026-06-08 16:45:00,604.98,605.28,603.33,603.84,898.495,15
2026-06-08 17:00:00,603.85,604.76,602.38,603.05,1226.512,15
2026-06-08 17:15:00,603.1,605.2,602.95,604.93,558.54,15
2026-06-08 17:30:00,604.93,605.26,603.21,605.26,912.46,15
2026-06-08 17:45:00,605.26,607.99,605.01,607.95,1133.837,15
2026-06-08 18:00:00,607.95,609.79,607.95,609.09,2052.5,15
2026-06-08 18:15:00,609.09,609.8,608.41,609.44,1819.345,15
2026-06-08 18:30:00,609.44,609.98,606.96,607.33,702.057,15
2026-06-08 18:45:00,607.32,608.57,606.61,607.77,835.961,15
2026-06-08 19:00:00,607.76,608.58,606.74,606.74,654.245,15
2026-06-08 19:15:00,606.73,608.37,606.35,607.55,647.662,15
2026-06-08 19:30:00,607.55,608.6,607.37,608.17,522.029,15
2026-06-08 19:45:00,608.14,608.51,606.83,607.66,484.21000000000004,15
2026-06-08 20:00:00,607.67,608.19,606.1,606.78,417.901,15
2026-06-08 20:15:00,606.78,606.96,605.48,605.81,663.023,15
2026-06-08 20:30:00,605.81,607.05,605.66,606.53,327.734,15
2026-06-08 20:45:00,606.52,606.83,605.61,606.83,377.373,15
2026-06-08 21:00:00,606.83,610.44,606.63,609.7,1542.196,15
2026-06-08 21:15:00,609.69,610.28,608.51,609.4,545.763,15
2026-06-08 21:30:00,609.4,610.08,609.01,609.75,383.18399999999997,15
2026-06-08 21:45:00,609.76,609.99,607.59,607.6,423.03499999999997,15
2026-06-08 22:00:00,607.59,607.59,605.57,605.62,833.338,15
2026-06-08 22:15:00,605.62,606.33,604.5,605.47,715.952,15
2026-06-08 22:30:00,605.47,605.84,604.7,605.2,319.829,15
2026-06-08 22:45:00,605.19,606.42,604.24,606.27,428.382,15
2026-06-08 23:00:00,606.3,607.36,606.06,607.16,451.133,15
2026-06-08 23:15:00,607.13,607.54,601.55,602.78,1627.473,15
2026-06-08 23:30:00,602.77,603.7,601.9,602.96,314.858,15
2026-06-08 23:45:00,602.96,602.96,601.09,601.86,629.434,15
2026-06-09 00:00:00,601.86,602.44,600.9,600.97,891.924,15
2026-06-09 00:15:00,600.97,602.92,596.44,596.99,3578.641,15
2026-06-09 00:30:00,596.99,597.16,593.1,596.08,3759.6389999999997,15
2026-06-09 00:45:00,596.08,596.66,594.0,595.72,2023.054,15
2026-06-09 01:00:00,595.72,597.21,594.84,596.2,1382.527,15
2026-06-09 01:15:00,596.2,598.22,595.81,597.42,948.145,15
2026-06-09 01:30:00,597.42,599.02,596.96,597.51,990.495,15
2026-06-09 01:45:00,597.52,598.46,596.92,597.69,839.28,15
2026-06-09 02:00:00,597.69,598.34,596.66,597.27,310.334,15
2026-06-09 02:15:00,597.28,597.64,595.78,597.64,1084.756,15
2026-06-09 02:30:00,597.64,597.94,594.59,596.53,1164.198,15
2026-06-09 02:45:00,596.53,598.33,596.15,598.32,893.9879999999999,15
2026-06-09 03:00:00,598.32,598.91,597.9,598.78,834.582,15
2026-06-09 03:15:00,598.78,599.66,598.31,598.87,1501.809,15
2026-06-09 03:30:00,598.87,599.4,597.35,598.94,601.044,15
2026-06-09 03:45:00,598.95,599.96,598.14,599.14,1272.81,15
2026-06-09 04:00:00,599.14,599.64,597.89,598.83,903.638,15
2026-06-09 04:15:00,598.82,598.91,597.0,597.29,552.496,15
2026-06-09 04:30:00,597.29,603.07,596.5,602.1,2087.155,15
2026-06-09 04:45:00,602.09,603.25,601.6,602.4,1416.039,15
2026-06-09 05:00:00,602.41,602.79,600.64,601.82,980.665,15
2026-06-09 05:15:00,601.81,603.86,601.81,603.75,1132.148,15
2026-06-09 05:30:00,603.75,605.68,603.58,603.92,1579.771,15
2026-06-09 05:45:00,603.93,604.63,603.4,603.54,658.625,15
2026-06-09 06:00:00,603.55,604.65,602.81,604.02,786.082,15
2026-06-09 06:15:00,604.02,605.2,603.8,603.99,778.815,15
2026-06-09 06:30:00,604.0,604.99,603.69,604.01,975.231,15
2026-06-09 06:45:00,604.01,604.34,602.97,604.04,1085.186,15
2026-06-09 07:00:00,604.04,605.0,603.81,604.33,1890.613,15
2026-06-09 07:15:00,604.33,605.0,601.15,601.66,2397.205,15
2026-06-09 07:30:00,601.66,604.24,601.66,604.17,1261.449,15
2026-06-09 07:45:00,604.18,604.28,603.42,604.23,1412.485,15
2026-06-09 08:00:00,604.24,604.58,601.24,602.8,1891.971,15
2026-06-09 08:15:00,602.8,603.52,602.09,603.1,687.337,15
2026-06-09 08:30:00,603.1,603.67,602.3,603.16,686.792,15
2026-06-09 08:45:00,603.16,603.4,601.72,601.95,815.835,15
2026-06-09 09:00:00,601.94,602.81,601.37,602.73,964.826,15
2026-06-09 09:15:00,602.73,603.74,602.0,602.0,842.195,15
2026-06-09 09:30:00,602.0,602.01,599.46,599.98,1829.536,15
2026-06-09 09:45:00,599.99,600.33,599.66,600.19,779.699,15
2026-06-09 10:00:00,600.19,601.09,597.05,598.3,2660.625,15
2026-06-09 10:15:00,598.31,599.73,597.65,599.34,687.78,15
2026-06-09 10:30:00,599.35,600.0,598.5,599.95,660.132,15
2026-06-09 10:45:00,599.94,600.32,599.09,600.09,946.842,15
2026-06-09 11:00:00,600.08,600.23,598.65,598.71,867.53,15
2026-06-09 11:15:00,598.71,599.1,596.58,596.58,1630.7359999999999,15
2026-06-09 11:30:00,596.58,597.86,596.22,597.16,1462.004,15
2026-06-09 11:45:00,597.16,597.89,596.63,596.94,1275.873,15
2026-06-09 12:00:00,596.93,599.68,596.72,598.38,3222.339,15
2026-06-09 12:15:00,598.38,598.67,597.03,597.97,1318.279,15
2026-06-09 12:30:00,597.96,598.4,596.73,597.26,1114.464,15
2026-06-09 12:45:00,597.27,597.9,596.1,597.46,1289.959,15
2026-06-09 13:00:00,597.46,598.51,596.7,596.79,1384.846,15
2026-06-09 13:15:00,596.79,596.99,593.7,594.18,2697.982,15
2026-06-09 13:30:00,594.18,596.26,593.43,595.96,3248.123,15
2026-06-09 13:45:00,595.96,596.78,594.57,594.58,1448.749,15
2026-06-09 14:00:00,594.58,595.5,591.69,591.98,2795.542,15
2026-06-09 14:15:00,591.97,592.38,587.44,587.63,4435.428,15
2026-06-09 14:30:00,587.64,588.33,584.63,585.88,4667.945,15
2026-06-09 14:45:00,585.88,588.79,584.64,588.79,3020.315,15
2026-06-09 15:00:00,588.8,591.58,588.0,590.75,2661.471,15
2026-06-09 15:15:00,590.75,591.16,587.51,587.59,1942.167,15
2026-06-09 15:30:00,587.6,589.03,586.61,588.47,2006.174,15
2026-06-09 15:45:00,588.48,588.97,586.04,586.91,1280.734,15
2026-06-09 16:00:00,586.91,587.6,584.66,585.62,2672.68,15
2026-06-09 16:15:00,585.64,587.27,584.51,587.06,1426.2160000000001,15
2026-06-09 16:30:00,587.06,588.98,583.84,587.16,3707.254,15
2026-06-09 16:45:00,587.15,589.53,586.36,588.6,2914.891,15
2026-06-09 17:00:00,588.61,591.52,588.44,590.84,1526.386,15
2026-06-09 17:15:00,590.83,593.26,590.64,591.95,2077.973,15
2026-06-09 17:30:00,591.95,593.11,591.4,591.46,1353.783,15
2026-06-09 17:45:00,591.46,591.95,590.55,591.65,1208.9180000000001,15
2026-06-09 18:00:00,591.65,593.1,591.25,592.67,619.555,15
2026-06-09 18:15:00,592.67,595.15,592.42,593.58,1319.899,15
2026-06-09 18:30:00,593.57,594.6,592.89,592.89,638.837,15
2026-06-09 18:45:00,592.9,594.63,592.9,594.34,713.796,15
2026-06-09 19:00:00,594.34,595.27,593.5,593.94,563.349,15
2026-06-09 19:15:00,593.95,594.95,593.36,594.63,734.753,15
2026-06-09 19:30:00,594.63,596.39,594.08,595.22,1147.909,15
2026-06-09 19:45:00,595.21,596.97,594.01,596.76,1244.343,15
2026-06-09 20:00:00,596.76,598.05,596.06,598.04,906.338,15
2026-06-09 20:15:00,598.05,598.62,596.62,597.46,646.941,15
2026-06-09 20:30:00,597.45,597.86,596.49,597.33,477.714,15
2026-06-09 20:45:00,597.33,597.38,596.21,597.04,423.21,15
2026-06-09 21:00:00,597.04,597.39,596.06,596.4,710.91,15
2026-06-09 21:15:00,596.4,596.51,594.62,594.77,773.597,15
2026-06-09 21:30:00,594.77,595.58,594.66,594.76,636.249,15
2026-06-09 21:45:00,594.76,595.05,594.04,594.56,611.21,15
2026-06-09 22:00:00,594.56,595.24,593.78,595.24,491.312,15
2026-06-09 22:15:00,595.24,596.02,594.2,594.27,463.544,15
2026-06-09 22:30:00,594.27,595.07,593.86,594.6,525.651,15
2026-06-09 22:45:00,594.57,594.87,592.44,592.89,1032.363,15
2026-06-09 23:00:00,592.88,593.52,592.26,593.41,1103.443,15
2026-06-09 23:15:00,593.41,593.96,592.15,592.29,790.375,15
2026-06-09 23:30:00,592.3,592.8,590.9,592.56,1186.733,15
2026-06-09 23:45:00,592.56,593.72,592.39,593.44,787.534,15
2026-06-10 00:00:00,593.44,594.83,593.44,594.61,949.4540000000001,15
2026-06-10 00:15:00,594.6,594.72,593.18,594.06,1070.7939999999999,15
2026-06-10 00:30:00,594.02,594.27,590.03,590.53,1008.148,15
2026-06-10 00:45:00,590.54,593.67,590.16,593.43,1163.57,15
2026-06-10 01:00:00,593.43,594.23,591.64,592.79,704.399,15
2026-06-10 01:15:00,592.79,593.67,592.34,592.78,572.256,15
2026-06-10 01:30:00,592.78,593.41,590.62,591.3,920.142,15
2026-06-10 01:45:00,591.3,593.01,590.88,591.76,755.436,15
2026-06-10 02:00:00,591.77,592.77,590.21,590.21,698.909,15
2026-06-10 02:15:00,590.22,590.3,588.35,589.41,1079.6889999999999,15
2026-06-10 02:30:00,589.42,589.9,587.08,587.41,2235.546,15
2026-06-10 02:45:00,587.4,587.61,586.48,586.86,601.5219999999999,15
2026-06-10 03:00:00,586.85,588.23,586.52,586.97,862.7280000000001,15
2026-06-10 03:15:00,586.98,589.33,586.98,589.05,513.971,15
2026-06-10 03:30:00,589.05,589.08,587.36,587.95,629.2750000000001,15
2026-06-10 03:45:00,587.94,588.6,587.61,587.87,491.409,15
2026-06-10 04:00:00,587.88,588.16,586.83,587.5,577.3389999999999,15
2026-06-10 04:15:00,587.51,588.24,587.13,587.29,1651.641,15
2026-06-10 04:30:00,587.29,587.32,584.21,584.41,1648.993,15
2026-06-10 04:45:00,584.41,585.55,584.15,585.39,734.623,15
2026-06-10 05:00:00,585.39,586.03,584.2,584.67,602.369,15
2026-06-10 05:15:00,584.67,586.53,583.58,586.52,1522.426,15
2026-06-10 05:30:00,586.53,586.83,584.42,585.34,1930.903,15
2026-06-10 05:45:00,585.33,586.55,584.72,585.52,1489.174,15
2026-06-10 06:00:00,585.53,586.21,584.86,585.81,1322.001,15
2026-06-10 06:15:00,585.81,586.79,585.43,586.18,1506.481,15
2026-06-10 06:30:00,586.19,586.61,583.99,586.21,1684.508,15
2026-06-10 06:45:00,586.2,586.73,585.38,586.1,1674.962,15
2026-06-10 07:00:00,586.1,587.61,585.86,587.35,668.753,15
2026-06-10 07:15:00,587.34,589.01,587.11,588.66,1765.906,15
2026-06-10 07:30:00,588.66,589.46,587.64,588.61,775.299,15
2026-06-10 07:45:00,588.61,589.0,588.02,588.63,721.025,15
2026-06-10 08:00:00,588.63,588.64,586.17,586.53,1445.201,15
2026-06-10 08:15:00,586.54,587.57,585.64,585.86,908.801,15
2026-06-10 08:30:00,585.86,586.52,584.34,584.34,1242.793,15
2026-06-10 08:45:00,584.35,585.61,583.96,584.68,817.561,15
2026-06-10 09:00:00,584.69,585.46,582.56,582.86,1361.812,15
2026-06-10 09:15:00,582.88,584.71,581.26,584.46,2112.743,15
2026-06-10 09:30:00,584.47,585.56,584.36,584.57,1206.115,15
2026-06-10 09:45:00,584.58,585.41,583.33,584.89,731.919,15
2026-06-10 10:00:00,584.89,584.9,583.44,583.95,739.414,15
2026-06-10 10:15:00,583.95,585.06,583.0,584.9,645.638,15
2026-06-10 10:30:00,584.88,585.82,584.05,584.47,664.104,15
2026-06-10 10:45:00,584.47,584.86,583.76,584.49,748.986,15
2026-06-10 11:00:00,584.5,584.93,581.03,582.9,3147.317,15
2026-06-10 11:15:00,582.9,583.64,580.68,581.58,1389.122,15
2026-06-10 11:30:00,581.57,583.1,581.16,582.73,955.992,15
2026-06-10 11:45:00,582.72,583.76,582.5,583.0,514.987,15
2026-06-10 12:00:00,583.01,584.92,582.4,584.24,1166.019,15
2026-06-10 12:15:00,584.25,585.18,583.2,585.08,869.422,15
2026-06-10 12:30:00,585.09,591.32,584.73,589.45,4652.053,15
2026-06-10 12:45:00,589.46,590.41,589.0,589.0,762.114,15
2026-06-10 13:00:00,589.01,589.21,587.98,587.98,927.37,15
2026-06-10 13:15:00,587.99,589.57,587.68,589.02,943.684,15
2026-06-10 13:30:00,589.0,596.49,588.28,596.46,4305.263,15
2026-06-10 13:45:00,596.5,596.63,592.48,592.87,2712.609,15
2026-06-10 14:00:00,592.88,594.36,591.82,592.1,1605.296,15
2026-06-10 14:15:00,592.11,593.41,590.88,592.43,1251.061,15
2026-06-10 14:30:00,592.43,593.12,590.52,591.67,1041.881,15
2026-06-10 14:45:00,591.66,593.0,590.42,592.99,1123.239,15
2026-06-10 15:00:00,593.0,594.94,591.42,592.06,1488.987,15
2026-06-10 15:15:00,592.06,595.56,591.3,594.9,1157.014,15
2026-06-10 15:30:00,594.9,596.56,594.67,596.39,3091.042,15
2026-06-10 15:45:00,596.38,598.52,593.81,596.9,3399.152,15
2026-06-10 16:00:00,596.9,597.16,594.55,595.04,1623.362,15
2026-06-10 16:15:00,595.05,595.98,593.68,595.12,1181.5639999999999,15
2026-06-10 16:30:00,595.12,595.57,593.1,593.22,1034.225,15
2026-06-10 16:45:00,593.2,593.2,590.75,592.45,1549.973,15
2026-06-10 17:00:00,592.48,594.02,591.04,591.72,908.9870000000001,15
2026-06-10 17:15:00,591.72,592.37,589.47,589.56,1779.599,15
2026-06-10 17:30:00,589.56,590.28,587.58,587.89,2431.089,15
2026-06-10 17:45:00,587.89,590.63,587.76,590.1,965.389,15
2026-06-10 18:00:00,590.1,590.71,589.13,589.61,533.911,15
2026-06-10 18:15:00,589.61,590.8,588.64,590.71,587.58,15
2026-06-10 18:30:00,590.71,590.71,587.75,588.06,692.048,15
2026-06-10 18:45:00,588.06,589.92,587.05,589.84,729.8259999999999,15
2026-06-10 19:00:00,589.84,590.52,588.66,588.83,348.102,15
2026-06-10 19:15:00,588.82,589.25,587.5,589.03,468.57,15
2026-06-10 19:30:00,589.03,590.06,588.85,589.48,664.208,15
2026-06-10 19:45:00,589.47,589.71,587.15,588.06,1117.16,15
2026-06-10 20:00:00,588.05,588.29,586.28,587.39,1058.64,15
2026-06-10 20:15:00,587.4,589.22,586.82,588.54,1491.922,15
2026-06-10 20:30:00,588.53,588.53,587.58,587.59,574.528,15
2026-06-10 20:45:00,587.59,587.95,586.24,587.25,458.386,15
2026-06-10 21:00:00,587.23,587.23,584.41,584.65,2271.795,15
2026-06-10 21:15:00,584.63,586.07,584.57,585.64,623.3389999999999,15
2026-06-10 21:30:00,585.63,586.81,585.57,586.22,347.774,15
2026-06-10 21:45:00,586.22,586.38,582.1,583.35,1392.212,15
2026-06-10 22:00:00,583.35,584.74,582.54,583.91,724.861,15
2026-06-10 22:15:00,583.92,584.14,582.31,583.46,860.135,15
2026-06-10 22:30:00,583.47,585.96,583.46,585.4,1049.85,15
2026-06-10 22:45:00,585.41,585.41,584.0,584.0,774.5989999999999,15
2026-06-10 23:00:00,584.01,584.13,583.02,583.27,684.599,15
2026-06-10 23:15:00,583.28,587.0,582.86,586.8,1011.016,15
2026-06-10 23:30:00,586.81,587.12,585.84,586.71,628.623,15
2026-06-10 23:45:00,586.72,587.18,586.05,586.53,615.768,15
2026-06-11 00:00:00,586.51,588.4,586.51,588.3,739.997,15
2026-06-11 00:15:00,588.3,590.0,588.3,589.51,1009.948,15
2026-06-11 00:30:00,589.5,589.57,588.12,588.34,487.68399999999997,15
2026-06-11 00:45:00,588.35,589.6,588.35,589.02,281.986,15
2026-06-11 01:00:00,589.04,591.7,589.04,591.33,944.587,15
2026-06-11 01:15:00,591.33,592.66,591.03,592.27,1052.54,15
2026-06-11 01:30:00,592.27,594.2,590.96,593.52,1291.665,15
2026-06-11 01:45:00,593.53,594.12,592.89,593.01,667.671,15
2026-06-11 02:00:00,593.02,593.25,590.88,591.12,1034.562,15
2026-06-11 02:15:00,591.12,591.89,590.14,590.3,717.235,15
2026-06-11 02:30:00,590.3,591.33,589.51,591.15,1159.685,15
2026-06-11 02:45:00,591.15,592.8,590.62,592.35,788.752,15
2026-06-11 03:00:00,592.36,592.83,591.43,591.9,646.535,15
2026-06-11 03:15:00,591.9,593.0,591.81,592.89,432.60200000000003,15
2026-06-11 03:30:00,592.89,595.27,592.63,593.67,1535.3700000000001,15
2026-06-11 03:45:00,593.67,597.75,593.3,596.43,4164.27,15
2026-06-11 04:00:00,596.43,596.57,594.86,595.26,1310.209,15
2026-06-11 04:15:00,595.26,595.58,594.57,594.61,808.2760000000001,15
2026-06-11 04:30:00,594.6,595.54,594.04,594.99,1300.033,15
2026-06-11 04:45:00,595.0,596.36,594.76,595.14,1153.243,15
2026-06-11 05:00:00,595.14,595.18,593.72,594.37,1250.481,15
2026-06-11 05:15:00,594.38,595.7,594.29,594.99,967.481,15
2026-06-11 05:30:00,594.99,595.56,594.6,595.44,934.729,15
2026-06-11 05:45:00,595.44,595.58,594.3,594.35,1427.054,15
2026-06-11 06:00:00,594.35,596.13,594.0,596.13,717.917,15
2026-06-11 06:15:00,596.13,597.63,595.96,596.85,1405.457,15
2026-06-11 06:30:00,596.84,597.27,596.52,597.0,625.506,15
2026-06-11 06:45:00,597.01,597.07,595.65,596.08,729.409,15
2026-06-11 07:00:00,596.09,596.55,595.11,595.42,1082.529,15
2026-06-11 07:15:00,595.41,597.09,595.12,597.09,614.3000000000001,15
2026-06-11 07:30:00,597.09,597.38,595.48,596.34,710.2379999999999,15
2026-06-11 07:45:00,596.35,598.26,596.34,598.21,812.563,15
2026-06-11 08:00:00,598.21,601.5,598.15,601.24,3945.661,15
2026-06-11 08:15:00,601.23,603.77,601.0,602.53,5810.893,15
2026-06-11 08:30:00,602.54,602.61,600.33,600.58,1045.7640000000001,15
2026-06-11 08:45:00,600.58,601.64,600.38,601.2,835.447,15
2026-06-11 09:00:00,601.2,601.51,599.49,599.72,944.934,15
2026-06-11 09:15:00,599.72,599.72,598.8,598.88,887.054,15
2026-06-11 09:30:00,598.88,600.41,598.87,599.96,1095.23,15
2026-06-11 09:45:00,599.96,601.39,599.9,600.57,1167.397,15
2026-06-11 10:00:00,600.58,600.83,599.54,599.64,830.288,15
2026-06-11 10:15:00,599.64,600.18,598.5,599.61,2073.523,15
2026-06-11 10:30:00,599.6,600.22,599.08,599.58,1433.248,15
2026-06-11 10:45:00,599.58,600.65,599.32,599.86,1393.094,15
2026-06-11 11:00:00,599.86,599.92,598.5,599.47,814.0459999999999,15
2026-06-11 11:15:00,599.47,601.26,598.72,600.63,1207.491,15
2026-06-11 11:30:00,600.64,601.51,600.53,600.81,1626.766,15
2026-06-11 11:45:00,600.81,602.74,600.63,600.63,1094.924,15
2026-06-11 12:00:00,600.64,600.76,599.91,600.71,784.656,15
2026-06-11 12:15:00,600.71,601.08,597.28,598.45,2267.075,15
2026-06-11 12:30:00,598.45,600.35,597.63,600.06,2208.717,15
2026-06-11 12:45:00,600.03,600.16,598.87,599.88,1663.541,15
2026-06-11 13:00:00,599.88,600.0,598.93,599.95,583.017,15
2026-06-11 13:15:00,599.94,601.08,599.29,599.47,866.538,15
2026-06-11 13:30:00,599.47,600.79,598.22,600.7,1133.294,15
2026-06-11 13:45:00,600.71,602.99,600.71,601.64,1825.6499999999999,15
2026-06-11 14:00:00,601.65,602.2,599.2,599.33,996.733,15
2026-06-11 14:15:00,599.33,600.48,598.04,600.1,1054.392,15
2026-06-11 14:30:00,600.11,600.93,599.58,600.0,837.7280000000001,15
2026-06-11 14:45:00,600.0,600.6,598.62,598.85,999.771,15
2026-06-11 15:00:00,598.84,599.84,597.2,598.87,1501.844,15
2026-06-11 15:15:00,598.86,599.51,598.26,598.81,1079.037,15
2026-06-11 15:30:00,598.8,600.0,597.93,598.72,656.1560000000001,15
2026-06-11 15:45:00,598.72,598.99,597.75,598.48,1041.516,15
2026-06-11 16:00:00,598.48,600.5,598.17,600.42,1427.677,15
2026-06-11 16:15:00,600.43,600.52,598.39,599.0,1053.635,15
2026-06-11 16:30:00,598.99,600.37,598.0,599.22,736.312,15
2026-06-11 16:45:00,599.22,599.33,598.14,598.39,729.45,15
2026-06-11 17:00:00,598.39,599.22,597.12,597.66,1412.348,15
2026-06-11 17:15:00,597.65,600.31,596.03,600.31,3382.283,15
2026-06-11 17:30:00,600.3,604.5,599.79,604.28,4693.798,15
2026-06-11 17:45:00,604.29,606.0,603.73,605.82,2854.583,15
2026-06-11 18:00:00,605.77,607.33,603.33,605.39,1684.146,15
2026-06-11 18:15:00,605.4,606.32,604.03,604.67,1162.7740000000001,15
2026-06-11 18:30:00,604.67,605.54,604.55,605.51,551.299,15
2026-06-11 18:45:00,605.51,605.67,604.67,604.67,454.03,15
2026-06-11 19:00:00,604.67,605.24,602.66,603.49,2399.813,15
2026-06-11 19:15:00,603.49,605.25,603.44,604.56,493.534,15
2026-06-11 19:30:00,604.55,606.57,604.48,604.94,1293.335,15
2026-06-11 19:45:00,604.94,605.51,604.27,604.46,971.8729999999999,15
2026-06-11 20:00:00,604.44,604.68,603.17,603.42,572.395,15
2026-06-11 20:15:00,603.43,603.5,601.02,601.44,939.9789999999999,15
2026-06-11 20:30:00,601.44,601.73,600.8,601.01,702.615,15
2026-06-11 20:45:00,601.02,602.58,601.0,602.5,481.747,15
2026-06-11 21:00:00,602.5,604.65,602.5,604.58,758.996,15
2026-06-11 21:15:00,604.58,604.91,603.29,604.29,1655.708,15
2026-06-11 21:30:00,604.29,604.71,603.67,604.19,909.708,15
2026-06-11 21:45:00,604.19,604.32,602.84,603.28,432.927,15
2026-06-11 22:00:00,603.29,604.9,603.18,604.49,585.892,15
2026-06-11 22:15:00,604.49,604.87,603.46,604.06,347.95799999999997,15
2026-06-11 22:30:00,604.06,604.89,603.31,603.58,305.12,15
2026-06-11 22:45:00,603.58,604.06,603.2,603.5,359.756,15
2026-06-11 23:00:00,603.51,603.51,602.3,603.3,1576.513,15
2026-06-11 23:15:00,603.3,603.67,602.86,603.44,437.25,15
2026-06-11 23:30:00,603.45,605.98,603.44,605.67,978.681,15
2026-06-11 23:45:00,605.68,606.32,605.43,605.76,949.855,15
2026-06-12 00:00:00,605.77,606.0,603.97,605.12,1018.189,15
2026-06-12 00:15:00,605.12,605.24,603.77,604.53,795.207,15
2026-06-12 00:30:00,604.53,605.9,604.23,605.3,605.361,15
2026-06-12 00:45:00,605.31,605.62,604.14,604.19,551.605,15
2026-06-12 01:00:00,604.2,604.2,603.27,603.75,837.103,15
2026-06-12 01:15:00,603.75,604.11,601.68,602.09,556.096,15
2026-06-12 01:30:00,602.09,602.44,601.46,601.62,569.337,15
2026-06-12 01:45:00,601.62,602.22,601.22,601.8,365.765,15
2026-06-12 02:00:00,601.8,605.25,601.8,604.43,2471.393,15
2026-06-12 02:15:00,604.44,604.6,603.55,603.96,1003.562,15
2026-06-12 02:30:00,603.96,606.09,603.75,606.09,1215.1480000000001,15
2026-06-12 02:45:00,606.09,606.15,604.68,604.8,667.285,15
2026-06-12 03:00:00,604.79,604.84,603.54,603.88,457.837,15
2026-06-12 03:15:00,603.88,603.88,602.53,602.94,963.537,15
2026-06-12 03:30:00,602.95,603.35,602.71,602.83,770.01,15
2026-06-12 03:45:00,602.83,603.28,602.07,602.24,1254.916,15
2026-06-12 04:00:00,602.24,602.87,601.79,602.46,1658.464,15
2026-06-12 04:15:00,602.47,604.46,602.35,603.99,1079.923,15
2026-06-12 04:30:00,603.99,604.9,603.47,603.84,896.173,15
2026-06-12 04:45:00,603.85,604.19,603.53,603.53,392.405,15
2026-06-12 05:00:00,603.54,603.67,602.07,602.24,571.53,15
2026-06-12 05:15:00,602.24,602.58,602.04,602.05,332.602,15
2026-06-12 05:30:00,602.06,602.44,600.87,601.09,936.2529999999999,15
2026-06-12 05:45:00,601.09,601.3,600.47,600.61,961.2429999999999,15
2026-06-12 06:00:00,600.6,601.95,600.47,600.99,765.613,15
2026-06-12 06:15:00,601.0,601.0,598.23,598.86,1085.195,15
2026-06-12 06:30:00,598.85,598.85,596.58,597.59,2013.263,15
2026-06-12 06:45:00,597.59,598.8,597.56,598.15,1192.792,15
2026-06-12 07:00:00,598.16,599.31,598.16,598.37,1107.941,15
2026-06-12 07:15:00,598.37,599.24,598.11,599.17,958.8240000000001,15
2026-06-12 07:30:00,599.17,600.5,598.95,600.27,1207.15,15
2026-06-12 07:45:00,600.26,601.41,599.56,599.82,1614.528,15
2026-06-12 08:00:00,599.83,603.13,599.78,602.81,1721.377,15
2026-06-12 08:15:00,602.81,605.1,602.67,604.73,1362.651,15
2026-06-12 08:30:00,604.73,605.07,603.32,604.17,1191.665,15
2026-06-12 08:45:00,604.17,606.0,603.97,605.23,965.193,15
2026-06-12 09:00:00,605.23,605.42,604.5,605.17,702.08,15
2026-06-12 09:15:00,605.18,606.95,604.88,606.82,2172.832,15
2026-06-12 09:30:00,606.81,607.86,606.48,607.38,1061.711,15
2026-06-12 09:45:00,607.38,607.94,606.9,606.96,744.0989999999999,15
2026-06-12 10:00:00,606.96,607.83,606.34,606.67,914.4939999999999,15
2026-06-12 10:15:00,606.67,606.86,604.58,604.89,1183.62,15
2026-06-12 10:30:00,604.89,605.66,604.56,605.02,657.041,15
2026-06-12 10:45:00,605.02,606.31,604.87,605.98,546.122,15
2026-06-12 11:00:00,605.99,607.22,605.89,606.26,401.203,15
2026-06-12 11:15:00,606.26,608.68,606.15,608.1,2906.4269999999997,15
2026-06-12 11:30:00,608.1,608.1,606.47,607.29,1014.822,15
2026-06-12 11:45:00,607.3,608.01,606.65,606.65,1018.408,15
2026-06-12 12:00:00,606.64,606.64,605.73,606.1,965.391,15
2026-06-12 12:15:00,606.1,606.61,604.87,605.53,1757.41,15
2026-06-12 12:30:00,605.52,606.62,605.14,605.87,1834.997,15
2026-06-12 12:45:00,605.87,606.64,605.57,606.36,699.755,15
2026-06-12 13:00:00,606.37,607.0,605.93,606.55,738.2860000000001,15
2026-06-12 13:15:00,606.55,607.22,606.13,606.97,1049.576,15
2026-06-12 13:30:00,606.97,607.33,603.48,604.25,2530.632,15
2026-06-12 13:45:00,604.23,605.75,604.16,605.29,1297.595,15
2026-06-12 14:00:00,605.3,607.64,604.93,606.9,1622.1019999999999,15
2026-06-12 14:15:00,606.89,608.5,605.81,608.37,1934.455,15
2026-06-12 14:30:00,608.37,610.19,607.11,607.12,3324.78,15
2026-06-12 14:45:00,607.12,610.02,606.62,609.54,1964.971,15
2026-06-12 15:00:00,609.54,613.39,609.04,612.86,4712.78,15
2026-06-12 15:15:00,612.85,613.0,610.0,610.87,4503.95,15
2026-06-12 15:30:00,610.87,610.87,608.38,608.81,3800.219,15
2026-06-12 15:45:00,608.81,608.85,605.03,605.34,2755.0099999999998,15
2026-06-12 16:00:00,605.34,608.83,604.7,607.88,2073.191,15
2026-06-12 16:15:00,607.87,608.65,606.68,607.72,1095.9080000000001,15
2026-06-12 16:30:00,607.73,609.04,607.13,607.79,637.126,15
2026-06-12 16:45:00,607.79,609.03,607.57,608.51,819.413,15
2026-06-12 17:00:00,608.52,609.47,607.3,607.6,787.0260000000001,15
2026-06-12 17:15:00,607.6,607.6,606.22,606.67,594.395,15
2026-06-12 17:30:00,606.66,606.95,605.83,606.84,1017.623,15
2026-06-12 17:45:00,606.83,607.26,606.5,606.87,475.23400000000004,15
2026-06-12 18:00:00,606.87,607.44,605.59,606.68,660.764,15
2026-06-12 18:15:00,606.69,607.13,605.59,606.54,1135.542,15
2026-06-12 18:30:00,606.53,607.95,606.09,607.57,597.233,15
2026-06-12 18:45:00,607.56,607.7,605.85,605.86,265.572,15
2026-06-12 19:00:00,605.85,606.4,605.69,606.1,282.457,15
2026-06-12 19:15:00,606.1,606.31,605.49,605.83,702.614,15
2026-06-12 19:30:00,605.83,606.55,604.84,604.96,517.9240000000001,15
2026-06-12 19:45:00,604.97,605.31,602.74,603.45,1208.532,15
2026-06-12 20:00:00,603.46,604.23,603.2,604.19,780.765,15
2026-06-12 20:15:00,604.19,604.28,603.69,604.14,235.834,15
2026-06-12 20:30:00,604.13,604.61,603.77,603.84,376.235,15
2026-06-12 20:45:00,603.84,603.9,602.74,602.85,514.619,15
2026-06-12 21:00:00,602.84,604.03,602.33,603.87,532.994,15
2026-06-12 21:15:00,603.86,604.23,603.73,603.73,713.482,15
2026-06-12 21:30:00,603.73,604.52,603.73,604.29,339.7,15
2026-06-12 21:45:00,604.28,604.29,603.14,603.56,506.62,15
2026-06-12 22:00:00,603.57,603.79,602.48,603.09,377.983,15
2026-06-12 22:15:00,603.1,604.08,602.9,603.39,345.058,15
2026-06-12 22:30:00,603.4,603.67,602.38,602.49,217.678,15
2026-06-12 22:45:00,602.49,603.12,602.4,602.97,823.3190000000001,15
2026-06-12 23:00:00,602.97,603.0,602.11,603.0,373.823,15
2026-06-12 23:15:00,603.0,603.49,602.54,603.4,380.57,15
2026-06-12 23:30:00,603.39,604.02,603.36,603.52,661.371,15
2026-06-12 23:45:00,603.51,603.99,603.24,603.83,353.818,15
2026-06-13 00:00:00,603.84,604.74,603.42,604.37,767.879,15
2026-06-13 00:15:00,604.36,604.89,604.08,604.57,725.0459999999999,15
2026-06-13 00:30:00,604.57,605.17,604.38,604.8,482.94,15
2026-06-13 00:45:00,604.8,605.27,604.55,604.88,285.407,15
2026-06-13 01:00:00,604.89,605.64,604.61,604.93,319.888,15
2026-06-13 01:15:00,604.93,605.08,603.83,604.71,290.811,15
2026-06-13 01:30:00,604.71,606.0,604.48,605.09,665.798,15
2026-06-13 01:45:00,605.09,606.27,604.94,606.08,374.615,15
2026-06-13 02:00:00,606.09,606.15,604.96,605.02,266.361,15
2026-06-13 02:15:00,605.02,605.13,604.22,605.09,867.7080000000001,15
2026-06-13 02:30:00,605.08,605.5,604.37,604.46,1439.347,15
2026-06-13 02:45:00,604.45,604.53,603.33,603.72,625.21,15
2026-06-13 03:00:00,603.72,604.62,603.72,604.4,1758.295,15
2026-06-13 03:15:00,604.4,604.4,602.85,603.46,971.508,15
2026-06-13 03:30:00,603.45,603.57,599.33,600.99,7742.188,15
2026-06-13 03:45:00,600.98,601.08,600.3,600.37,858.864,15
2026-06-13 04:00:00,600.37,601.27,600.1,600.11,1154.897,15
2026-06-13 04:15:00,600.12,600.75,600.05,600.06,1040.488,15
2026-06-13 04:30:00,600.05,600.93,599.9,600.53,762.194,15
2026-06-13 04:45:00,600.53,600.8,599.5,599.55,911.778,15
2026-06-13 05:00:00,599.56,600.59,599.48,600.46,1126.633,15
2026-06-13 05:15:00,600.46,600.6,599.87,600.01,792.684,15
2026-06-13 05:30:00,600.0,600.4,599.71,600.03,587.3720000000001,15
2026-06-13 05:45:00,600.02,600.56,599.54,600.56,557.904,15
2026-06-13 06:00:00,600.56,601.38,600.52,600.77,1222.6090000000002,15
2026-06-13 06:15:00,600.77,601.45,600.41,601.45,536.029,15
2026-06-13 06:30:00,601.45,602.2,601.0,601.0,908.6659999999999,15
2026-06-13 06:45:00,601.01,602.93,601.01,602.7,1534.369,15
2026-06-13 07:00:00,602.71,602.71,601.85,602.48,559.266,15
2026-06-13 07:15:00,602.49,603.72,602.1,603.46,464.013,15
2026-06-13 07:30:00,603.45,603.56,602.76,603.35,495.624,15
2026-06-13 07:45:00,603.34,604.0,603.05,603.27,660.328,15
2026-06-13 08:00:00,603.28,604.0,602.72,603.32,828.431,15
2026-06-13 08:15:00,603.33,603.98,603.21,603.68,790.782,15
2026-06-13 08:30:00,603.67,604.5,603.53,604.01,840.059,15
2026-06-13 08:45:00,604.0,604.5,603.69,603.88,1038.74,15
2026-06-13 09:00:00,603.88,604.3,603.48,603.49,425.07099999999997,15
2026-06-13 09:15:00,603.5,604.27,603.48,603.61,1585.68,15
2026-06-13 09:30:00,603.61,603.77,603.26,603.4,759.55,15
2026-06-13 09:45:00,603.4,603.83,603.07,603.77,986.84,15
2026-06-13 10:00:00,603.78,604.64,603.58,604.58,433.536,15
2026-06-13 10:15:00,604.59,605.02,604.26,604.55,457.624,15
2026-06-13 10:30:00,604.55,605.44,604.55,605.34,482.733,15
2026-06-13 10:45:00,605.34,605.62,604.75,604.97,489.289,15
2026-06-13 11:00:00,604.97,607.0,604.83,606.99,1104.99,15
2026-06-13 11:15:00,607.0,607.49,606.67,607.24,855.5889999999999,15
2026-06-13 11:30:00,607.24,607.24,606.0,606.11,377.2,15
2026-06-13 11:45:00,606.11,606.67,606.07,606.67,284.156,15
2026-06-13 12:00:00,606.67,607.0,606.16,606.97,1140.807,15
2026-06-13 12:15:00,606.97,607.23,606.6,607.02,1009.644,15
2026-06-13 12:30:00,607.01,607.99,606.86,607.76,1685.811,15
2026-06-13 12:45:00,607.77,609.0,607.77,608.9,1761.7579999999998,15
2026-06-13 13:00:00,608.91,609.26,608.01,608.67,1181.237,15
2026-06-13 13:15:00,608.66,609.79,608.33,609.35,687.818,15
2026-06-13 13:30:00,609.34,610.16,608.64,609.32,1978.157,15
2026-06-13 13:45:00,609.33,609.58,608.01,608.61,1176.4950000000001,15
2026-06-13 14:00:00,608.61,609.28,608.52,609.23,998.098,15
2026-06-13 14:15:00,609.23,609.83,608.55,608.55,648.034,15
2026-06-13 14:30:00,608.56,609.09,607.87,608.06,820.9110000000001,15
2026-06-13 14:45:00,608.07,610.57,608.06,610.45,1263.666,15
2026-06-13 15:00:00,610.46,610.57,609.74,610.57,611.688,15
2026-06-13 15:15:00,610.57,611.08,609.8,610.34,742.758,15
2026-06-13 15:30:00,610.33,611.05,609.69,609.77,711.509,15
2026-06-13 15:45:00,609.77,610.48,609.35,610.37,531.549,15
2026-06-13 16:00:00,610.38,610.49,608.06,608.51,1078.0230000000001,15
2026-06-13 16:15:00,608.51,608.9,607.49,607.85,619.481,15
2026-06-13 16:30:00,607.85,609.2,607.7,609.16,507.586,15
2026-06-13 16:45:00,609.16,609.93,608.27,608.9,716.777,15
2026-06-13 17:00:00,608.91,609.24,607.91,608.42,328.56,15
2026-06-13 17:15:00,608.42,609.07,607.56,608.61,931.644,15
2026-06-13 17:30:00,608.62,608.7,608.04,608.2,289.999,15
2026-06-13 17:45:00,608.21,608.23,606.69,607.09,434.161,15
2026-06-13 18:00:00,607.09,608.19,607.09,608.16,103.135,15
2026-06-13 18:15:00,608.15,608.61,607.55,608.29,152.118,15
2026-06-13 18:30:00,608.29,608.69,608.0,608.49,178.703,15
2026-06-13 18:45:00,608.49,608.61,607.25,607.81,275.348,15
2026-06-13 19:00:00,607.81,608.2,607.75,608.08,219.411,15
2026-06-13 19:15:00,608.08,608.13,607.4,607.42,100.018,15
2026-06-13 19:30:00,607.42,608.65,607.35,608.65,373.09499999999997,15
2026-06-13 19:45:00,608.65,608.79,608.42,608.48,185.353,15
2026-06-13 20:00:00,608.49,608.92,607.68,608.8,230.10399999999998,15
2026-06-13 20:15:00,608.8,609.47,608.19,608.58,516.721,15
2026-06-13 20:30:00,608.58,608.89,608.27,608.51,145.034,15
2026-06-13 20:45:00,608.52,609.01,608.43,608.99,126.336,15
2026-06-13 21:00:00,608.99,609.36,608.6,608.61,289.767,15
2026-06-13 21:15:00,608.61,609.28,608.61,608.75,159.20000000000002,15
2026-06-13 21:30:00,608.75,612.33,608.75,610.11,1659.061,15
2026-06-13 21:45:00,610.11,610.59,609.33,609.77,413.031,15
2026-06-13 22:00:00,609.78,609.87,608.56,608.87,305.923,15
2026-06-13 22:15:00,608.87,609.18,608.42,609.09,284.537,15
2026-06-13 22:30:00,609.09,609.45,608.72,609.04,522.982,15
2026-06-13 22:45:00,609.03,609.43,608.8,609.09,323.853,15
2026-06-13 23:00:00,609.08,609.47,608.8,609.22,305.608,15
2026-06-13 23:15:00,609.21,610.0,609.0,609.05,302.844,15
2026-06-13 23:30:00,609.05,610.76,609.0,609.72,682.5419999999999,15
2026-06-13 23:45:00,609.71,610.0,609.11,609.65,283.269,15
2026-06-14 00:00:00,609.66,609.66,609.12,609.23,231.382,15
2026-06-14 00:15:00,609.23,609.72,608.88,609.36,312.939,15
2026-06-14 00:30:00,609.36,610.13,609.29,609.78,407.851,15
2026-06-14 00:45:00,609.78,609.82,609.0,609.47,379.266,15
2026-06-14 01:00:00,609.47,610.72,609.0,610.11,822.63,15
2026-06-14 01:15:00,610.12,611.01,610.05,610.33,594.544,15
2026-06-14 01:30:00,610.33,610.33,609.7,609.71,292.308,15
2026-06-14 01:45:00,609.7,610.33,609.02,609.26,772.74,15
2026-06-14 02:00:00,609.26,610.51,609.11,610.42,262.819,15
2026-06-14 02:15:00,610.41,610.62,609.79,609.98,439.138,15
2026-06-14 02:30:00,609.98,610.09,609.3,609.3,462.801,15
2026-06-14 02:45:00,609.31,609.62,609.08,609.33,609.893,15
2026-06-14 03:00:00,609.33,609.48,609.0,609.01,694.4340000000001,15
2026-06-14 03:15:00,609.0,609.52,608.51,609.42,1152.113,15
2026-06-14 03:30:00,609.42,609.63,609.15,609.16,668.421,15
2026-06-14 03:45:00,609.16,610.21,609.15,610.04,353.033,15
2026-06-14 04:00:00,610.04,610.21,609.45,609.68,358.111,15
2026-06-14 04:15:00,609.68,609.78,609.11,609.11,886.283,15
2026-06-14 04:30:00,609.11,609.18,608.14,608.17,1298.513,15
2026-06-14 04:45:00,608.16,608.92,608.0,608.81,1200.2,15
2026-06-14 05:00:00,608.82,609.75,608.82,609.54,970.679,15
2026-06-14 05:15:00,609.55,609.71,608.81,609.0,1156.987,15
2026-06-14 05:30:00,609.01,610.02,608.7,609.76,646.089,15
2026-06-14 05:45:00,609.76,610.16,609.5,610.15,201.452,15
2026-06-14 06:00:00,610.14,612.1,610.14,611.97,957.474,15
2026-06-14 06:15:00,611.97,611.97,610.75,611.37,263.46999999999997,15
2026-06-14 06:30:00,611.38,611.42,610.15,610.51,379.625,15
2026-06-14 06:45:00,610.5,611.32,610.27,611.32,618.1850000000001,15
2026-06-14 07:00:00,611.31,611.61,610.39,610.39,1210.163,15
2026-06-14 07:15:00,610.38,611.24,610.38,610.72,994.341,15
2026-06-14 07:30:00,610.72,610.74,609.8,609.9,762.954,15
2026-06-14 07:45:00,609.89,610.68,609.8,610.31,281.29,15
2026-06-14 08:00:00,610.32,610.95,610.13,610.75,983.865,15
2026-06-14 08:15:00,610.75,611.28,610.74,610.99,341.674,15
2026-06-14 08:30:00,611.0,611.59,610.82,611.32,345.804,15
2026-06-14 08:45:00,611.31,611.63,610.3,610.54,476.164,15
2026-06-14 09:00:00,610.54,610.99,610.01,610.57,405.296,15
2026-06-14 09:15:00,610.58,610.76,609.73,610.75,1577.275,15
2026-06-14 09:30:00,610.76,612.98,610.61,612.5,1436.0770000000002,15
2026-06-14 09:45:00,612.5,612.5,611.86,611.86,1065.628,15
2026-06-14 10:00:00,611.87,612.0,611.39,611.99,306.181,15
2026-06-14 10:15:00,612.0,613.03,611.99,612.18,1449.23,15
2026-06-14 10:30:00,612.18,612.66,611.64,611.72,1455.4700000000003,15
2026-06-14 10:45:00,611.73,611.9,610.9,611.09,1266.247,15
2026-06-14 11:00:00,611.09,612.2,611.09,612.11,703.604,15
2026-06-14 11:15:00,612.11,612.4,611.64,612.31,693.231,15
2026-06-14 11:30:00,612.32,612.9,612.31,612.49,1058.078,15
2026-06-14 11:45:00,612.5,612.8,611.98,612.26,854.977,15
2026-06-14 12:00:00,612.26,612.5,611.6,611.61,721.769,15
2026-06-14 12:15:00,611.6,611.84,611.6,611.61,618.97,15
2026-06-14 12:30:00,611.6,612.09,611.0,611.91,2072.619,15
2026-06-14 12:45:00,611.92,611.92,610.01,611.26,4341.001,15
2026-06-14 13:00:00,611.26,612.11,611.2,611.67,1919.744,15
2026-06-14 13:15:00,611.68,612.0,611.1,611.32,1416.376,15
2026-06-14 13:30:00,611.31,612.0,611.3,611.93,1581.949,15
2026-06-14 13:45:00,611.93,612.16,611.1,611.31,1294.931,15
2026-06-14 14:00:00,611.31,611.83,611.1,611.59,999.491,15
2026-06-14 14:15:00,611.58,611.69,610.4,610.64,1939.884,15
2026-06-14 14:30:00,610.63,610.63,605.83,606.41,6114.0,15
2026-06-14 14:45:00,606.41,606.74,605.34,605.85,2093.477,15
2026-06-14 15:00:00,605.85,607.2,605.85,606.9,1605.642,15
2026-06-14 15:15:00,606.91,607.13,605.73,606.94,2004.704,15
2026-06-14 15:30:00,606.93,607.7,606.6,607.32,1869.093,15
2026-06-14 15:45:00,607.32,608.38,607.2,608.15,711.605,15
2026-06-14 16:00:00,608.16,608.76,608.0,608.36,1216.6299999999999,15
2026-06-14 16:15:00,608.36,608.58,607.68,607.76,1211.475,15
2026-06-14 16:30:00,607.76,608.0,607.5,607.7,959.147,15
2026-06-14 16:45:00,607.69,607.75,606.0,606.2,932.069,15
2026-06-14 17:00:00,606.2,607.19,606.01,607.09,1031.122,15
2026-06-14 17:15:00,607.08,607.63,606.15,606.15,627.659,15
2026-06-14 17:30:00,606.16,606.59,604.5,605.29,1143.692,15
2026-06-14 17:45:00,605.3,605.5,604.0,604.19,1243.069,15
2026-06-14 18:00:00,604.2,605.49,604.06,605.28,1983.8899999999999,15
2026-06-14 18:15:00,605.28,605.45,603.57,604.27,1633.902,15
2026-06-14 18:30:00,604.28,604.62,604.05,604.4,548.064,15
2026-06-14 18:45:00,604.4,604.7,604.21,604.4,536.26,15
2026-06-14 19:00:00,604.39,604.75,603.79,604.44,640.144,15
2026-06-14 19:15:00,604.44,604.95,603.02,603.66,2311.643,15
2026-06-14 19:30:00,603.67,604.25,603.18,603.18,754.492,15
2026-06-14 19:45:00,603.19,603.33,602.88,603.28,619.903,15
2026-06-14 20:00:00,603.27,604.07,602.79,602.88,772.717,15
2026-06-14 20:15:00,602.88,604.0,602.88,603.71,668.93,15
2026-06-14 20:30:00,603.71,605.86,603.56,605.42,717.088,15
2026-06-14 20:45:00,605.41,605.59,604.85,604.92,276.98,15
2026-06-14 21:00:00,604.92,606.14,604.73,606.09,470.44800000000004,15
2026-06-14 21:15:00,606.09,612.5,606.09,612.36,5738.3949999999995,15
2026-06-14 21:30:00,612.36,615.99,611.94,615.32,5854.626,15
2026-06-14 21:45:00,615.32,617.24,614.58,614.58,2715.616,15
2026-06-14 22:00:00,614.59,616.57,612.7,613.53,5550.363,15
2026-06-14 22:15:00,613.53,614.3,611.68,612.7,4101.313,15
2026-06-14 22:30:00,612.71,614.61,612.14,613.82,5310.61,15
2026-06-14 22:45:00,613.82,614.52,613.23,614.11,1541.711,15
2026-06-14 23:00:00,614.11,615.7,612.76,615.12,987.5939999999999,15
2026-06-14 23:15:00,615.12,616.5,614.05,616.32,1713.248,15
2026-06-14 23:30:00,616.32,616.66,614.93,615.37,951.438,15
2026-06-14 23:45:00,615.37,616.92,615.2,616.79,897.1890000000001,15
2026-06-15 00:00:00,616.79,618.08,615.62,617.95,1859.257,15
2026-06-15 00:15:00,617.95,617.95,616.14,617.02,1537.4940000000001,15
2026-06-15 00:30:00,617.01,617.2,614.7,615.05,1486.651,15
2026-06-15 00:45:00,615.06,615.82,614.77,615.51,922.062,15
2026-06-15 01:00:00,615.51,615.63,613.23,614.9,1287.824,15
2026-06-15 01:15:00,614.91,614.97,613.08,613.73,1065.745,15
2026-06-15 01:30:00,613.74,616.0,613.29,616.0,1334.082,15
2026-06-15 01:45:00,616.0,616.13,613.46,613.56,1122.627,15
2026-06-15 02:00:00,613.56,615.49,612.66,615.39,626.396,15
2026-06-15 02:15:00,615.39,616.81,615.33,615.36,1082.321,15
2026-06-15 02:30:00,615.34,615.8,614.86,615.53,357.055,15
2026-06-15 02:45:00,615.53,616.1,614.8,615.62,606.264,15
2026-06-15 03:00:00,615.62,616.88,615.3,616.8,489.924,15
2026-06-15 03:15:00,616.8,617.1,616.42,616.92,1044.125,15
2026-06-15 03:30:00,616.92,617.33,616.31,617.23,737.371,15
2026-06-15 03:45:00,617.23,618.3,616.97,617.83,1000.988,15
2026-06-15 04:00:00,617.84,617.99,616.75,616.79,1045.6789999999999,15
2026-06-15 04:15:00,616.79,617.31,616.35,616.4,650.312,15
2026-06-15 04:30:00,616.39,616.7,615.97,616.67,473.911,15
2026-06-15 04:45:00,616.67,617.15,616.4,616.67,853.991,15
2026-06-15 05:00:00,616.68,617.59,616.09,617.4,2935.4320000000002,15
2026-06-15 05:15:00,617.39,618.29,617.0,618.28,1087.525,15
2026-06-15 05:30:00,618.28,618.29,616.0,616.32,870.082,15
2026-06-15 05:45:00,616.33,617.64,616.07,617.64,701.441,15
2026-06-15 06:00:00,617.64,618.83,617.32,618.83,1783.5230000000001,15
2026-06-15 06:15:00,618.83,619.0,617.76,618.35,1309.895,15
2026-06-15 06:30:00,618.34,618.62,616.5,617.59,1285.254,15
2026-06-15 06:45:00,617.59,617.85,616.91,617.44,932.527,15
2026-06-15 07:00:00,617.44,617.44,616.26,617.13,819.881,15
2026-06-15 07:15:00,617.13,617.66,616.28,616.99,1118.964,15
2026-06-15 07:30:00,617.01,617.12,615.54,615.96,1937.667,15
2026-06-15 07:45:00,615.96,616.21,615.49,615.58,492.683,15
2026-06-15 08:00:00,615.59,616.55,615.49,616.36,697.972,15
2026-06-15 08:15:00,616.36,616.52,615.32,615.99,547.823,15
2026-06-15 08:30:00,615.99,617.15,615.94,616.7,466.438,15
2026-06-15 08:45:00,616.7,617.0,615.76,616.13,731.987,15
2026-06-15 09:00:00,616.14,616.22,614.79,614.85,1536.995,15
2026-06-15 09:15:00,614.84,616.06,614.7,614.71,1301.285,15
2026-06-15 09:30:00,614.7,614.77,612.74,613.4,1517.272,15
2026-06-15 09:45:00,613.39,614.62,613.38,614.23,753.701,15
2026-06-15 10:00:00,614.24,615.42,614.14,614.91,875.342,15
2026-06-15 10:15:00,614.91,615.18,614.34,614.34,723.014,15
2026-06-15 10:30:00,614.34,615.46,614.34,615.2,492.491,15
2026-06-15 10:45:00,615.19,618.42,614.87,617.53,2670.493,15
2026-06-15 11:00:00,617.53,618.14,616.53,617.55,1568.528,15
2026-06-15 11:15:00,617.54,622.51,617.54,622.51,4625.066,15
2026-06-15 11:30:00,622.52,622.88,620.35,620.76,5411.515,15
2026-06-15 11:45:00,620.76,621.72,619.17,620.65,2172.359,15
2026-06-15 12:00:00,620.65,620.9,619.61,620.28,1819.328,15
2026-06-15 12:15:00,620.27,621.33,619.34,621.33,2080.728,15
2026-06-15 12:30:00,621.32,622.3,620.32,622.29,2713.865,15
2026-06-15 12:45:00,622.29,624.5,622.06,624.5,2804.165,15
2026-06-15 13:00:00,624.5,628.43,623.52,628.03,11834.432999999999,15
2026-06-15 13:15:00,628.02,632.9,628.02,630.72,9877.686,15
2026-06-15 13:30:00,630.72,630.99,625.53,627.42,7589.361,15
2026-06-15 13:45:00,627.41,627.6,625.5,626.33,2510.7309999999998,15
2026-06-15 14:00:00,626.33,628.09,625.37,626.47,3996.178,15
2026-06-15 14:15:00,626.46,627.38,625.55,627.03,2062.676,15
2026-06-15 14:30:00,627.04,627.93,626.0,627.36,1381.033,15
2026-06-15 14:45:00,627.37,629.35,627.18,627.9,1908.6689999999999,15
2026-06-15 15:00:00,627.91,628.14,625.19,625.4,4763.358,15
2026-06-15 15:15:00,625.41,626.56,624.26,624.26,5676.674,15
2026-06-15 15:30:00,624.27,627.93,624.26,626.86,2584.376,15
2026-06-15 15:45:00,626.85,630.28,626.85,629.07,5955.317,15
2026-06-15 16:00:00,629.07,629.24,627.54,629.01,2652.315,15
2026-06-15 16:15:00,629.01,629.01,627.2,628.68,3015.342,15
2026-06-15 16:30:00,628.68,629.68,627.9,628.63,1965.824,15
2026-06-15 16:45:00,628.63,628.75,627.7,627.71,1139.027,15
2026-06-15 17:00:00,627.71,627.71,625.13,626.66,2909.466,15
2026-06-15 17:15:00,626.66,626.81,625.0,625.5,1198.546,15
2026-06-15 17:30:00,625.51,625.77,623.96,625.33,1088.8,15
2026-06-15 17:45:00,625.33,625.95,624.84,625.18,581.008,15
2026-06-15 18:00:00,625.19,625.19,623.5,623.96,824.594,15
2026-06-15 18:15:00,623.96,623.97,622.68,622.77,1204.877,15
2026-06-15 18:30:00,622.77,622.95,622.05,622.59,1132.428,15
2026-06-15 18:45:00,622.58,624.0,621.92,622.02,1214.547,15
2026-06-15 19:00:00,622.01,624.18,621.67,623.7,941.451,15
2026-06-15 19:15:00,623.71,623.94,618.69,619.72,3116.255,15
2026-06-15 19:30:00,619.72,622.0,619.64,621.89,1019.692,15
2026-06-15 19:45:00,621.89,622.12,619.83,620.91,1848.656,15
2026-06-15 20:00:00,620.91,621.77,619.87,621.57,1345.987,15
2026-06-15 20:15:00,621.57,621.57,620.37,620.67,607.1279999999999,15
2026-06-15 20:30:00,620.67,621.52,620.35,620.48,654.586,15
2026-06-15 20:45:00,620.47,620.61,619.33,619.68,719.915,15
2026-06-15 21:00:00,619.67,620.0,618.2,620.0,1302.318,15
2026-06-15 21:15:00,619.99,621.0,618.81,618.81,497.649,15
2026-06-15 21:30:00,618.8,620.1,618.05,620.1,567.055,15
2026-06-15 21:45:00,620.1,620.25,619.03,619.32,302.481,15
2026-06-15 22:00:00,619.32,620.25,619.14,619.27,348.507,15
2026-06-15 22:15:00,619.28,619.71,616.15,617.04,1362.8899999999999,15
2026-06-15 22:30:00,617.04,618.85,616.11,617.52,722.654,15
2026-06-15 22:45:00,617.53,617.78,615.66,615.67,2379.485,15
2026-06-15 23:00:00,615.67,617.22,615.43,616.7,1108.671,15
2026-06-15 23:15:00,616.71,616.92,615.3,616.17,750.397,15
2026-06-15 23:30:00,616.18,617.07,615.43,617.07,604.031,15
2026-06-15 23:45:00,617.07,618.0,616.86,617.87,901.2479999999999,15
2026-06-16 00:00:00,617.87,619.12,617.43,618.79,835.996,15
2026-06-16 00:15:00,618.79,619.13,615.82,615.94,3029.002,15
2026-06-16 00:30:00,615.94,617.8,615.93,617.05,667.345,15
2026-06-16 00:45:00,617.04,617.23,615.48,615.94,635.434,15
2026-06-16 01:00:00,615.94,617.53,615.9,616.32,721.15,15
2026-06-16 01:15:00,616.31,617.55,615.95,617.44,940.1529999999999,15
2026-06-16 01:30:00,617.44,618.0,617.29,617.35,594.865,15
2026-06-16 01:45:00,617.35,617.71,615.54,615.8,1326.636,15
2026-06-16 02:00:00,615.79,615.92,613.44,613.57,2175.266,15
2026-06-16 02:15:00,613.57,614.08,611.2,611.33,2614.962,15
2026-06-16 02:30:00,611.32,613.35,611.1,613.13,2444.226,15
2026-06-16 02:45:00,613.13,613.47,611.9,612.44,1286.286,15
2026-06-16 03:00:00,612.44,612.91,611.8,612.76,1622.875,15
2026-06-16 03:15:00,612.76,614.2,611.9,613.89,1885.182,15
2026-06-16 03:30:00,613.88,614.82,613.83,614.82,604.7189999999999,15
2026-06-16 03:45:00,614.81,615.36,614.81,615.06,756.621,15
2026-06-16 04:00:00,615.07,615.88,613.78,613.97,1030.565,15
2026-06-16 04:15:00,613.97,614.1,612.8,612.8,1123.187,15
2026-06-16 04:30:00,612.8,612.85,611.8,612.54,3016.334,15
2026-06-16 04:45:00,612.54,613.0,612.3,612.9,1842.903,15
2026-06-16 05:00:00,612.91,615.08,612.9,613.93,1814.233,15
2026-06-16 05:15:00,613.92,614.3,613.44,613.95,986.504,15
2026-06-16 05:30:00,613.95,614.3,613.59,614.23,891.628,15
2026-06-16 05:45:00,614.22,614.4,613.65,613.65,737.9689999999999,15
2026-06-16 06:00:00,613.66,614.5,613.66,614.32,902.6320000000001,15
2026-06-16 06:15:00,614.32,615.33,613.84,615.26,1383.0240000000001,15
2026-06-16 06:30:00,615.25,616.14,614.99,615.82,1827.594,15
2026-06-16 06:45:00,615.81,616.5,615.37,615.38,1703.702,15
2026-06-16 07:00:00,615.38,616.4,615.31,615.7,2697.782,15
2026-06-16 07:15:00,615.7,617.5,615.42,617.24,8420.903,15
2026-06-16 07:30:00,617.25,619.21,617.2,617.7,3740.59,15
2026-06-16 07:45:00,617.7,617.79,615.74,615.77,2266.341,15
2026-06-16 08:00:00,615.77,616.42,615.48,616.26,2101.412,15
2026-06-16 08:15:00,616.27,617.46,616.22,616.64,1850.67,15
2026-06-16 08:30:00,616.64,617.13,615.93,616.82,2000.107,15
2026-06-16 08:45:00,616.82,619.5,616.68,619.06,2887.443,15
2026-06-16 09:00:00,619.06,619.32,617.94,618.15,2186.938,15
2026-06-16 09:15:00,618.14,618.15,615.52,616.04,1613.177,15
2026-06-16 09:30:00,616.04,616.77,615.61,616.08,1862.526,15
2026-06-16 09:45:00,616.09,616.39,614.7,615.15,1481.8,15
2026-06-16 10:00:00,615.16,615.21,614.02,614.74,1817.966,15
2026-06-16 10:15:00,614.73,616.32,614.73,615.96,1656.112,15
2026-06-16 10:30:00,615.95,615.96,614.35,614.42,1601.794,15
2026-06-16 10:45:00,614.41,614.48,613.6,613.87,1786.194,15
2026-06-16 11:00:00,613.87,614.83,613.7,614.09,1468.075,15
2026-06-16 11:15:00,614.08,614.77,613.7,614.0,1447.188,15
2026-06-16 11:30:00,614.01,614.43,613.3,614.32,2272.067,15
2026-06-16 11:45:00,614.32,614.45,613.9,614.28,1602.31,15
2026-06-16 12:00:00,614.29,614.67,613.36,614.3,2019.77,15
2026-06-16 12:15:00,614.31,616.44,614.31,615.34,2467.629,15
2026-06-16 12:30:00,615.35,617.94,615.0,615.17,2629.39,15
2026-06-16 12:45:00,615.16,615.37,614.15,614.54,2133.233,15
2026-06-16 13:00:00,614.54,614.59,609.3,610.45,10156.598,15
2026-06-16 13:15:00,610.46,611.95,601.33,605.36,19368.545,15
2026-06-16 13:30:00,605.35,609.83,604.0,608.41,9486.116,15
2026-06-16 13:45:00,608.42,608.79,605.75,606.35,3944.265,15
2026-06-16 14:00:00,606.36,608.15,605.66,606.52,2539.114,15
2026-06-16 14:15:00,606.53,606.77,602.81,604.25,6516.4220000000005,15
2026-06-16 14:30:00,604.25,607.27,602.3,606.41,5931.743,15
2026-06-16 14:45:00,606.4,607.02,605.4,605.72,1897.222,15
2026-06-16 15:00:00,605.72,607.0,605.49,606.95,1273.285,15
2026-06-16 15:15:00,606.96,607.19,605.44,606.1,1128.135,15
2026-06-16 15:30:00,606.1,607.93,605.64,605.78,1325.027,15
2026-06-16 15:45:00,605.78,607.44,604.98,606.47,1258.846,15
2026-06-16 16:00:00,606.48,608.0,606.44,607.21,1358.212,15
2026-06-16 16:15:00,607.21,607.53,606.0,606.92,955.867,15
2026-06-16 16:30:00,606.91,606.92,604.98,605.78,1596.323,15
2026-06-16 16:45:00,605.78,605.9,604.05,604.26,2659.434,15
2026-06-16 17:00:00,604.27,605.64,604.01,604.58,1380.75,15
2026-06-16 17:15:00,604.59,605.68,604.34,605.17,984.6800000000001,15
2026-06-16 17:30:00,605.17,605.78,604.4,605.3,1215.943,15
2026-06-16 17:45:00,605.29,608.74,605.29,607.94,912.161,15
2026-06-16 18:00:00,607.94,610.76,607.72,609.42,1263.317,15
2026-06-16 18:15:00,609.42,609.42,607.33,607.7,651.682,15
2026-06-16 18:30:00,607.7,608.45,607.17,607.92,618.509,15
2026-06-16 18:45:00,607.92,608.5,607.2,607.98,711.543,15
2026-06-16 19:00:00,607.97,607.97,606.14,606.72,866.784,15
2026-06-16 19:15:00,606.73,607.78,605.97,607.44,863.126,15
2026-06-16 19:30:00,607.45,608.12,606.67,607.21,816.538,15
2026-06-16 19:45:00,607.21,607.89,606.66,607.05,1624.924,15
2026-06-16 20:00:00,607.06,608.11,606.42,608.05,642.727,15
2026-06-16 20:15:00,608.05,608.82,607.02,607.19,654.717,15
2026-06-16 20:30:00,607.2,608.3,607.0,608.25,627.787,15
2026-06-16 20:45:00,608.26,608.93,608.0,608.32,595.35,15
2026-06-16 21:00:00,608.32,608.55,607.62,607.8,828.506,15
2026-06-16 21:15:00,607.81,607.84,606.59,606.62,689.413,15
2026-06-16 21:30:00,606.63,607.29,606.04,606.9,684.596,15
2026-06-16 21:45:00,606.9,607.46,606.65,607.28,539.108,15
2026-06-16 22:00:00,607.29,608.0,606.29,607.6,1142.627,15
2026-06-16 22:15:00,607.6,607.78,605.73,606.5,695.322,15
2026-06-16 22:30:00,606.5,606.83,605.92,605.92,817.155,15
2026-06-16 22:45:00,605.93,606.53,605.28,606.15,1032.866,15
2026-06-16 23:00:00,606.16,607.18,605.43,605.65,1066.117,15
2026-06-16 23:15:00,605.64,605.95,604.74,605.72,1071.833,15
2026-06-16 23:30:00,605.73,606.71,605.35,605.58,747.485,15
2026-06-16 23:45:00,605.57,605.93,604.56,604.94,1636.287,15
2026-06-17 00:00:00,604.94,606.54,604.73,605.82,1374.821,15
2026-06-17 00:15:00,605.83,606.33,605.15,605.47,1245.244,15
2026-06-17 00:30:00,605.47,606.33,604.96,606.05,692.596,15
2026-06-17 00:45:00,606.06,606.35,604.89,605.09,736.94,15
2026-06-17 01:00:00,605.09,606.12,604.95,605.52,599.641,15
2026-06-17 01:15:00,605.53,605.53,603.1,603.71,1332.063,15
2026-06-17 01:30:00,603.72,606.47,603.46,605.65,901.046,15
2026-06-17 01:45:00,605.66,607.79,605.66,607.49,1066.538,15
2026-06-17 02:00:00,607.5,607.59,606.44,606.47,783.375,15
2026-06-17 02:15:00,606.46,608.4,606.33,608.11,1677.462,15
2026-06-17 02:30:00,608.1,608.24,604.19,604.79,1538.298,15
2026-06-17 02:45:00,604.79,605.5,604.57,605.23,783.861,15
2026-06-17 03:00:00,605.23,605.71,604.48,604.97,968.258,15
2026-06-17 03:15:00,604.96,604.96,604.0,604.11,1023.879,15
2026-06-17 03:30:00,604.11,605.28,604.04,604.31,891.436,15
2026-06-17 03:45:00,604.3,605.45,604.3,604.77,785.355,15
2026-06-17 04:00:00,604.78,606.23,604.3,605.73,1118.347,15
2026-06-17 04:15:00,605.73,606.62,605.23,606.62,1145.806,15
2026-06-17 04:30:00,606.63,608.6,606.47,608.08,2145.915,15
2026-06-17 04:45:00,608.08,609.4,607.56,607.59,2007.03,15
2026-06-17 05:00:00,607.59,608.85,607.07,607.27,865.6070000000001,15
2026-06-17 05:15:00,607.28,607.73,606.52,607.7,1135.8899999999999,15
2026-06-17 05:30:00,607.71,609.7,607.68,609.55,1743.175,15
2026-06-17 05:45:00,609.55,609.55,607.62,607.89,797.871,15
2026-06-17 06:00:00,607.89,608.31,607.52,607.68,1140.228,15
2026-06-17 06:15:00,607.68,607.85,605.77,606.04,1322.48,15
2026-06-17 06:30:00,606.04,607.0,605.55,606.86,1389.4569999999999,15
2026-06-17 06:45:00,606.86,607.47,606.6,607.15,844.125,15
2026-06-17 07:00:00,607.15,607.81,606.34,607.62,1060.443,15
2026-06-17 07:15:00,607.62,607.95,606.0,606.29,1378.624,15
2026-06-17 07:30:00,606.28,606.82,606.0,606.61,2016.806,15
2026-06-17 07:45:00,606.62,607.06,605.02,606.62,1760.304,15
2026-06-17 08:00:00,606.63,606.69,605.0,605.01,1490.358,15
2026-06-17 08:15:00,605.01,605.13,602.75,602.77,2893.12,15
2026-06-17 08:30:00,602.76,602.98,601.5,601.86,2404.571,15
2026-06-17 08:45:00,601.85,602.93,601.42,602.43,1202.202,15
2026-06-17 09:00:00,602.42,603.21,601.82,602.28,1551.011,15
2026-06-17 09:15:00,602.27,603.14,601.83,602.45,1521.2359999999999,15
2026-06-17 09:30:00,602.45,602.82,601.97,601.97,1067.483,15
2026-06-17 09:45:00,601.98,602.51,600.9,601.38,1275.349,15
2026-06-17 10:00:00,601.38,602.29,600.99,601.94,968.6020000000001,15
2026-06-17 10:15:00,601.94,602.83,601.71,602.77,829.9219999999999,15
2026-06-17 10:30:00,602.77,603.14,601.88,602.38,763.566,15
2026-06-17 10:45:00,602.38,602.76,601.55,602.05,876.052,15
2026-06-17 11:00:00,602.05,603.41,600.9,602.57,1127.19,15
2026-06-17 11:15:00,602.58,603.89,601.8,603.35,1151.254,15
2026-06-17 11:30:00,603.35,604.07,603.08,603.8,1128.858,15
2026-06-17 11:45:00,603.81,604.86,603.73,604.07,2047.9379999999999,15
2026-06-17 12:00:00,604.07,607.62,603.74,607.62,3025.835,15
2026-06-17 12:15:00,607.63,607.68,605.45,606.03,2563.438,15
2026-06-17 12:30:00,606.03,608.0,605.79,607.72,2307.719,15
2026-06-17 12:45:00,607.73,609.6,607.72,609.47,3116.029,15
2026-06-17 13:00:00,609.48,611.96,609.06,609.88,4627.375,15
2026-06-17 13:15:00,609.88,610.51,608.75,609.56,2759.118,15
2026-06-17 13:30:00,609.56,612.5,609.08,611.3,4014.157,15
2026-06-17 13:45:00,611.3,611.34,608.5,608.59,4076.862,15
2026-06-17 14:00:00,608.59,608.59,605.66,606.55,10770.293,15
2026-06-17 14:15:00,606.55,607.28,602.6,603.6,7108.094999999999,15
2026-06-17 14:30:00,603.6,604.16,602.72,603.28,2637.87,15
2026-06-17 14:45:00,603.28,603.54,601.01,601.6,5935.346,15
2026-06-17 15:00:00,601.61,603.54,601.61,603.32,1299.321,15
2026-06-17 15:15:00,603.31,604.13,602.63,603.18,1045.26,15
2026-06-17 15:30:00,603.19,604.5,602.68,604.31,1401.372,15
2026-06-17 15:45:00,604.31,606.27,604.14,605.55,1327.385,15
2026-06-17 16:00:00,605.56,607.53,605.52,607.14,1105.122,15
2026-06-17 16:15:00,607.14,609.4,606.52,608.43,2198.122,15
2026-06-17 16:30:00,608.42,608.46,602.35,605.61,5122.656,15
2026-06-17 16:45:00,605.6,606.75,605.43,605.69,758.061,15
2026-06-17 17:00:00,605.69,606.21,605.05,605.31,687.564,15
2026-06-17 17:15:00,605.32,607.3,605.16,607.28,576.081,15
2026-06-17 17:30:00,607.29,607.65,606.39,606.69,686.3059999999999,15
2026-06-17 17:45:00,606.69,609.19,606.0,608.66,1795.559,15
2026-06-17 18:00:00,608.67,608.67,600.39,604.05,4665.889,15
2026-06-17 18:15:00,604.04,605.2,603.42,604.59,700.301,15
2026-06-17 18:30:00,604.59,608.97,603.48,608.77,2620.035,15
2026-06-17 18:45:00,608.76,609.75,606.95,607.76,2398.572,15
2026-06-17 19:00:00,607.77,609.39,606.53,608.24,1203.121,15
2026-06-17 19:15:00,608.24,608.31,600.2,601.23,2954.197,15
2026-06-17 19:30:00,601.22,602.53,597.55,598.6,4349.552,15
2026-06-17 19:45:00,598.61,600.39,597.03,598.62,4927.772,15
2026-06-17 20:00:00,598.6,599.48,597.6,597.6,2445.0370000000003,15
2026-06-17 20:15:00,597.6,598.99,597.6,598.35,1751.363,15
2026-06-17 20:30:00,598.38,600.08,598.26,598.3,763.609,15
2026-06-17 20:45:00,598.3,601.02,597.85,600.86,726.171,15
2026-06-17 21:00:00,600.86,601.09,599.91,600.48,929.865,15
2026-06-17 21:15:00,600.48,601.55,600.38,601.31,363.417,15
2026-06-17 21:30:00,601.26,602.0,600.46,600.55,592.477,15
2026-06-17 21:45:00,600.56,600.56,599.09,599.45,330.052,15
2026-06-17 22:00:00,599.45,599.57,595.11,598.36,2103.002,15
2026-06-17 22:15:00,598.36,600.13,598.15,599.89,1188.675,15
2026-06-17 22:30:00,599.89,600.4,599.44,599.87,446.912,15
2026-06-17 22:45:00,599.87,601.11,599.4,599.52,585.914,15
2026-06-17 23:00:00,599.52,600.95,599.48,599.95,506.623,15
2026-06-17 23:15:00,599.97,601.98,599.97,601.31,451.312,15
2026-06-17 23:30:00,601.32,601.74,600.9,601.74,469.11899999999997,15
2026-06-17 23:45:00,601.74,602.29,601.33,601.63,394.623,15
2026-06-18 00:00:00,601.63,602.94,601.36,602.74,652.098,15
2026-06-18 00:15:00,602.74,603.32,602.1,602.24,1433.449,15
2026-06-18 00:30:00,602.24,603.24,602.15,602.81,757.925,15
2026-06-18 00:45:00,602.8,603.35,601.85,602.32,642.404,15
2026-06-18 01:00:00,602.33,604.31,602.33,603.82,785.397,15
2026-06-18 01:15:00,603.82,603.9,602.81,603.0,300.774,15
2026-06-18 01:30:00,603.01,603.6,601.8,602.12,392.566,15
2026-06-18 01:45:00,602.12,602.12,600.66,601.72,905.782,15
2026-06-18 02:00:00,601.73,602.6,600.98,601.36,1262.987,15
2026-06-18 02:15:00,601.35,603.15,600.74,603.05,1072.886,15
2026-06-18 02:30:00,603.06,603.47,601.59,602.07,1323.494,15
2026-06-18 02:45:00,602.07,602.15,601.48,601.8,993.251,15
2026-06-18 03:00:00,601.81,602.02,599.48,599.48,1654.542,15
2026-06-18 03:15:00,599.48,599.75,596.69,596.88,2309.739,15
2026-06-18 03:30:00,596.87,597.63,596.25,596.74,2143.43,15
2026-06-18 03:45:00,596.74,597.42,596.38,596.6,1013.8969999999999,15
2026-06-18 04:00:00,596.6,597.04,591.0,592.41,5248.428,15
2026-06-18 04:15:00,592.41,593.57,591.61,592.52,1587.598,15
2026-06-18 04:30:00,592.51,592.9,591.23,591.24,1399.3220000000001,15
2026-06-18 04:45:00,591.24,592.15,590.75,591.23,2308.991,15
2026-06-18 05:00:00,591.24,591.35,587.5,588.63,5280.365,15
2026-06-18 05:15:00,588.63,589.95,588.27,588.66,2149.871,15
2026-06-18 05:30:00,588.67,589.56,587.5,589.06,2637.13,15
2026-06-18 05:45:00,589.07,589.78,588.44,589.58,1527.301,15
2026-06-18 06:00:00,589.58,590.51,587.87,588.8,2145.009,15
2026-06-18 06:15:00,588.81,589.23,587.38,588.08,2152.77,15
2026-06-18 06:30:00,588.07,589.17,587.77,588.65,1543.8,15
2026-06-18 06:45:00,588.64,589.99,588.46,589.37,1218.145,15
2026-06-18 07:00:00,589.38,590.23,587.97,588.41,1711.029,15
2026-06-18 07:15:00,588.41,590.67,588.09,590.04,2107.752,15
2026-06-18 07:30:00,590.04,590.77,589.66,589.82,1952.77,15
2026-06-18 07:45:00,589.82,590.49,589.34,589.57,1479.805,15
2026-06-18 08:00:00,589.56,592.14,589.13,591.24,1845.121,15
2026-06-18 08:15:00,591.25,592.27,590.89,591.9,1197.1490000000001,15
2026-06-18 08:30:00,591.9,592.8,591.76,592.01,837.42,15
2026-06-18 08:45:00,592.01,592.5,591.4,591.59,547.48,15
2026-06-18 09:00:00,591.58,591.88,590.82,591.78,638.883,15
2026-06-18 09:15:00,591.79,592.71,590.86,591.02,461.046,15
2026-06-18 09:30:00,591.02,591.74,590.63,591.3,546.168,15
2026-06-18 09:45:00,591.3,591.64,590.28,590.66,661.796,15
2026-06-18 10:00:00,590.67,590.77,589.0,589.19,1237.986,15
2026-06-18 10:15:00,589.19,589.56,588.87,589.46,890.678,15
2026-06-18 10:30:00,589.47,589.7,588.84,589.21,904.808,15
2026-06-18 10:45:00,589.21,591.2,589.0,590.36,545.82,15
2026-06-18 11:00:00,590.36,591.12,589.52,590.05,674.062,15
2026-06-18 11:15:00,590.06,590.26,589.02,590.06,671.789,15
2026-06-18 11:30:00,590.07,590.76,588.49,588.96,976.394,15
2026-06-18 11:45:00,588.95,589.74,588.59,589.64,448.625,15
2026-06-18 12:00:00,589.64,590.19,589.02,589.36,822.479,15
2026-06-18 12:15:00,589.36,591.54,589.36,590.54,2454.196,15
2026-06-18 12:30:00,590.54,591.45,590.06,591.14,1171.172,15
2026-06-18 12:45:00,591.14,591.96,591.0,591.51,1647.626,15
2026-06-18 13:00:00,591.52,591.92,590.82,591.51,678.048,15
2026-06-18 13:15:00,591.51,592.5,591.3,591.51,800.3389999999999,15
2026-06-18 13:30:00,591.5,591.61,588.49,588.5,1520.42,15
2026-06-18 13:45:00,588.49,590.5,587.67,589.55,2274.106,15
2026-06-18 14:00:00,589.56,590.19,588.46,588.59,1040.871,15
2026-06-18 14:15:00,588.59,592.4,588.1,589.82,980.686,15
2026-06-18 14:30:00,589.82,591.83,589.53,590.18,818.053,15
2026-06-18 14:45:00,590.18,591.09,588.37,589.55,972.347,15
2026-06-18 15:00:00,589.54,589.54,586.84,586.99,2182.112,15
2026-06-18 15:15:00,586.99,587.27,581.27,581.67,8573.744,15
2026-06-18 15:30:00,581.66,583.01,575.33,577.29,10061.688,15
2026-06-18 15:45:00,577.28,578.0,573.0,573.74,8154.929,15
2026-06-18 16:00:00,573.75,579.83,573.48,577.98,5051.71,15
2026-06-18 16:15:00,577.99,578.25,575.82,575.82,2502.286,15
2026-06-18 16:30:00,575.82,577.02,574.91,576.33,2668.61,15
2026-06-18 16:45:00,576.34,577.9,576.18,577.66,1791.109,15
2026-06-18 17:00:00,577.67,577.87,575.63,575.89,1791.484,15
2026-06-18 17:15:00,575.89,577.07,574.5,576.33,1745.56,15
2026-06-18 17:30:00,576.34,578.29,576.1,576.77,1202.885,15
2026-06-18 17:45:00,576.77,577.74,575.34,576.07,857.3779999999999,15
2026-06-18 18:00:00,576.08,576.99,575.65,576.57,1019.285,15
2026-06-18 18:15:00,576.57,577.87,575.63,577.25,2238.4900000000002,15
2026-06-18 18:30:00,577.24,577.6,575.0,576.68,2052.326,15
2026-06-18 18:45:00,576.68,577.15,575.62,576.19,754.976,15
2026-06-18 19:00:00,576.19,576.74,575.62,576.48,518.392,15
2026-06-18 19:15:00,576.47,577.22,575.82,576.96,1731.8090000000002,15
2026-06-18 19:30:00,576.95,579.07,576.95,578.88,761.576,15
2026-06-18 19:45:00,578.89,579.37,578.48,578.88,749.234,15
2026-06-18 20:00:00,578.88,581.0,578.88,580.0,922.9350000000001,15
2026-06-18 20:15:00,579.99,580.67,579.06,580.14,1155.449,15
2026-06-18 20:30:00,580.13,581.12,579.74,580.6,709.203,15
2026-06-18 20:45:00,580.6,580.6,579.64,579.88,364.605,15
2026-06-18 21:00:00,579.89,580.08,578.53,578.63,1463.096,15
2026-06-18 21:15:00,578.64,579.84,578.07,579.66,458.914,15
2026-06-18 21:30:00,579.65,580.07,578.78,579.28,633.8969999999999,15
2026-06-18 21:45:00,579.29,579.71,578.79,579.57,581.633,15
2026-06-18 22:00:00,579.57,580.64,578.62,580.08,1694.3010000000002,15
2026-06-18 22:15:00,580.08,580.09,578.47,578.75,414.668,15
2026-06-18 22:30:00,578.76,579.03,578.05,579.03,640.643,15
2026-06-18 22:45:00,579.03,579.76,577.45,578.23,1511.387,15
2026-06-18 23:00:00,578.22,578.41,576.94,577.01,636.604,15
2026-06-18 23:15:00,577.01,578.14,577.0,577.98,421.61,15
2026-06-18 23:30:00,578.0,578.7,578.0,578.55,464.416,15
2026-06-18 23:45:00,578.54,578.89,577.69,578.48,725.593,15
2026-06-19 00:00:00,578.48,578.57,577.62,578.11,634.686,15
2026-06-19 00:15:00,578.11,579.08,578.01,579.03,679.384,15
2026-06-19 00:30:00,579.04,579.64,579.0,579.55,616.056,15
2026-06-19 00:45:00,579.55,579.89,578.77,579.38,731.546,15
2026-06-19 01:00:00,579.39,582.52,579.39,581.19,1285.298,15
2026-06-19 01:15:00,581.19,582.22,580.7,580.79,604.4200000000001,15
2026-06-19 01:30:00,580.79,581.3,580.42,580.94,734.704,15
2026-06-19 01:45:00,580.94,581.95,580.94,581.95,375.353,15
2026-06-19 02:00:00,581.96,582.84,581.65,581.94,516.585,15
2026-06-19 02:15:00,581.95,582.09,580.8,581.02,562.214,15
2026-06-19 02:30:00,581.06,581.99,580.56,581.89,864.1750000000001,15
2026-06-19 02:45:00,581.89,582.6,581.13,582.49,703.922,15
2026-06-19 03:00:00,582.5,583.29,580.43,580.66,821.157,15
2026-06-19 03:15:00,580.65,580.9,575.9,579.0,3696.0389999999998,15
2026-06-19 03:30:00,579.02,579.02,576.86,577.47,1036.0149999999999,15
2026-06-19 03:45:00,577.47,578.44,576.94,578.19,826.967,15
2026-06-19 04:00:00,578.19,578.5,575.91,578.5,1100.1299999999999,15
2026-06-19 04:15:00,578.5,578.89,575.55,575.63,1019.403,15
2026-06-19 04:30:00,575.63,575.63,570.82,573.93,5164.285,15
2026-06-19 04:45:00,573.94,574.68,572.07,572.61,1079.563,15
2026-06-19 05:00:00,572.61,575.39,572.47,575.1,595.307,15
2026-06-19 05:15:00,575.11,575.18,573.74,574.64,551.422,15
2026-06-19 05:30:00,574.64,575.28,574.12,575.08,597.933,15
2026-06-19 05:45:00,575.07,576.11,575.0,575.87,535.971,15
2026-06-19 06:00:00,575.87,577.16,575.76,577.02,700.777,15
2026-06-19 06:15:00,577.01,577.01,575.48,575.61,1315.1209999999999,15
2026-06-19 06:30:00,575.6,576.01,574.38,574.78,1438.395,15
2026-06-19 06:45:00,574.77,574.78,573.49,574.5,1659.136,15
2026-06-19 07:00:00,574.51,574.72,573.69,574.09,901.014,15
2026-06-19 07:15:00,574.08,575.59,573.88,574.47,722.519,15
2026-06-19 07:30:00,574.47,575.12,572.82,573.99,2092.161,15
2026-06-19 07:45:00,574.0,575.09,573.36,574.97,1878.758,15
2026-06-19 08:00:00,574.97,574.98,573.26,573.99,1847.592,15
2026-06-19 08:15:00,573.98,575.28,573.75,574.37,1046.684,15
2026-06-19 08:30:00,574.38,575.19,573.44,574.15,899.828,15
2026-06-19 08:45:00,574.15,574.75,573.7,574.17,977.857,15
2026-06-19 09:00:00,574.17,574.46,571.66,572.21,1615.146,15
2026-06-19 09:15:00,572.21,572.48,571.07,571.77,1626.923,15
2026-06-19 09:30:00,571.78,572.75,571.66,572.28,1139.472,15
2026-06-19 09:45:00,572.27,572.31,571.14,571.44,1093.941,15
2026-06-19 10:00:00,571.44,572.57,571.44,572.04,1020.192,15
2026-06-19 10:15:00,572.04,573.27,571.0,573.01,1646.04,15
2026-06-19 10:30:00,573.01,573.01,571.46,571.51,814.02,15
2026-06-19 10:45:00,571.5,573.42,571.39,573.04,684.48,15
2026-06-19 11:00:00,573.04,573.17,571.81,572.55,869.731,15
2026-06-19 11:15:00,572.56,573.86,572.4,573.2,654.1610000000001,15
2026-06-19 11:30:00,573.21,573.48,572.73,573.29,639.1840000000001,15
2026-06-19 11:45:00,573.29,573.51,572.83,573.28,634.804,15
2026-06-19 12:00:00,573.29,574.23,573.29,573.46,699.512,15
2026-06-19 12:15:00,573.45,573.92,572.72,573.5,671.999,15
2026-06-19 12:30:00,573.5,574.09,572.42,573.31,962.309,15
2026-06-19 12:45:00,573.3,576.17,572.12,575.55,2652.533,15
2026-06-19 13:00:00,575.56,575.65,573.93,574.1,2465.155,15
2026-06-19 13:15:00,574.11,574.63,573.22,574.14,780.394,15
2026-06-19 13:30:00,574.14,576.83,573.69,576.83,1341.111,15
2026-06-19 13:45:00,576.82,578.5,576.68,577.73,2510.242,15
2026-06-19 14:00:00,577.73,578.12,576.63,577.07,1802.407,15
2026-06-19 14:15:00,577.08,578.75,576.47,578.25,819.46,15
2026-06-19 14:30:00,578.25,579.24,577.77,578.34,990.745,15
2026-06-19 14:45:00,578.34,578.98,577.38,577.61,882.1809999999999,15
2026-06-19 15:00:00,577.6,577.83,576.93,577.23,1289.097,15
2026-06-19 15:15:00,577.23,577.59,576.47,577.41,775.68,15
2026-06-19 15:30:00,577.41,579.66,577.41,579.52,1552.252,15
2026-06-19 15:45:00,579.51,579.73,578.51,578.77,1160.926,15
2026-06-19 16:00:00,578.77,580.21,578.46,580.21,838.038,15
2026-06-19 16:15:00,580.2,580.7,579.5,580.15,990.688,15
2026-06-19 16:30:00,580.15,580.51,579.36,579.7,750.475,15
2026-06-19 16:45:00,579.7,579.87,577.2,577.46,1376.976,15
2026-06-19 17:00:00,577.47,578.25,577.2,578.25,730.005,15
2026-06-19 17:15:00,578.25,579.21,577.44,577.81,366.475,15
2026-06-19 17:30:00,577.8,579.47,577.8,579.12,384.806,15
2026-06-19 17:45:00,579.12,580.26,579.07,579.92,796.673,15
2026-06-19 18:00:00,579.93,580.16,579.07,579.65,170.328,15
2026-06-19 18:15:00,579.65,579.69,579.1,579.23,254.114,15
2026-06-19 18:30:00,579.23,579.57,578.26,578.81,361.731,15
2026-06-19 18:45:00,578.81,579.33,578.76,579.25,214.678,15
2026-06-19 19:00:00,579.25,579.58,578.18,578.6,216.431,15
2026-06-19 19:15:00,578.59,578.73,577.87,578.5,317.595,15
2026-06-19 19:30:00,578.51,579.06,578.26,578.85,603.532,15
2026-06-19 19:45:00,578.85,582.0,578.67,579.93,1257.2549999999999,15
2026-06-19 20:00:00,579.94,580.74,579.47,580.14,2041.19,15
2026-06-19 20:15:00,580.13,580.14,578.97,580.13,261.83799999999997,15
2026-06-19 20:30:00,580.13,580.54,579.62,580.31,753.145,15
2026-06-19 20:45:00,580.32,581.86,580.32,581.7,340.081,15
2026-06-19 21:00:00,581.7,582.47,581.29,582.17,505.0160000000001,15
2026-06-19 21:15:00,582.17,582.17,580.92,581.02,334.104,15
2026-06-19 21:30:00,581.02,581.32,579.86,580.33,756.678,15
2026-06-19 21:45:00,580.32,580.57,579.89,580.14,165.461,15
2026-06-19 22:00:00,580.13,580.25,579.83,580.25,323.695,15
2026-06-19 22:15:00,580.25,581.5,580.24,581.4,722.688,15
2026-06-19 22:30:00,581.4,581.4,580.74,581.25,423.58299999999997,15
2026-06-19 22:45:00,581.25,581.25,580.43,580.57,498.461,15
2026-06-19 23:00:00,580.57,580.7,580.08,580.19,542.9100000000001,15
2026-06-19 23:15:00,580.19,581.0,580.18,580.95,651.913,15
2026-06-19 23:30:00,580.94,581.0,580.57,580.71,348.905,15
2026-06-19 23:45:00,580.71,582.4,580.43,581.42,1437.249,15
2026-06-20 00:00:00,581.41,582.0,580.7,581.64,1594.1779999999999,15
2026-06-20 00:15:00,581.64,582.2,581.18,582.08,1027.811,15
2026-06-20 00:30:00,582.08,582.75,581.33,581.49,2240.0769999999998,15
2026-06-20 00:45:00,581.5,581.7,580.88,580.91,685.427,15
2026-06-20 01:00:00,580.91,581.19,580.42,580.75,747.7379999999999,15
2026-06-20 01:15:00,580.74,581.46,580.53,581.12,1054.552,15
2026-06-20 01:30:00,581.13,581.77,581.07,581.18,1409.195,15
2026-06-20 01:45:00,581.18,581.69,581.07,581.25,922.135,15
2026-06-20 02:00:00,581.25,581.48,580.75,580.82,724.794,15
2026-06-20 02:15:00,580.81,580.83,580.3,580.41,662.538,15
2026-06-20 02:30:00,580.42,580.9,580.35,580.43,1147.35,15
2026-06-20 02:45:00,580.43,580.5,580.13,580.18,438.98900000000003,15
2026-06-20 03:00:00,580.19,580.48,580.12,580.44,347.64799999999997,15
2026-06-20 03:15:00,580.44,580.8,580.35,580.43,604.44,15
2026-06-20 03:30:00,580.43,581.1,580.43,580.95,1240.648,15
2026-06-20 03:45:00,580.95,580.95,580.41,580.6,477.48400000000004,15
2026-06-20 04:00:00,580.6,580.6,580.24,580.59,622.018,15
2026-06-20 04:15:00,580.59,581.1,580.28,581.08,1620.513,15
2026-06-20 04:30:00,581.09,581.17,580.38,581.04,1368.646,15
2026-06-20 04:45:00,581.05,581.2,580.72,581.0,1390.214,15
2026-06-20 05:00:00,581.0,584.2,580.87,583.72,6084.69,15
2026-06-20 05:15:00,583.71,584.2,581.52,581.7,2088.115,15
2026-06-20 05:30:00,581.7,582.58,581.69,582.11,1543.365,15
2026-06-20 05:45:00,582.12,582.88,581.64,582.83,787.267,15
2026-06-20 06:00:00,582.83,584.17,582.83,584.17,616.149,15
2026-06-20 06:15:00,584.17,587.5,584.17,586.68,2324.655,15
2026-06-20 06:30:00,586.68,588.5,586.13,588.05,1352.548,15
2026-06-20 06:45:00,588.06,588.15,587.0,587.25,987.9399999999999,15
2026-06-20 07:00:00,587.25,587.49,585.27,586.44,830.74,15
2026-06-20 07:15:00,586.44,589.16,586.36,589.15,1333.124,15
2026-06-20 07:30:00,589.16,589.43,587.38,587.56,1094.682,15
2026-06-20 07:45:00,587.57,587.87,586.86,587.69,620.822,15
2026-06-20 08:00:00,587.7,587.87,586.17,586.92,974.99,15
2026-06-20 08:15:00,586.93,587.64,586.03,586.25,804.722,15
2026-06-20 08:30:00,586.25,586.35,585.38,586.16,851.3870000000001,15
2026-06-20 08:45:00,586.16,586.23,585.45,585.67,1983.355,15
2026-06-20 09:00:00,585.68,586.71,585.61,586.27,911.923,15
2026-06-20 09:15:00,586.27,586.59,585.84,586.58,558.701,15
2026-06-20 09:30:00,586.58,587.72,586.58,587.33,733.015,15
2026-06-20 09:45:00,587.34,588.3,587.05,587.81,1803.392,15
2026-06-20 10:00:00,587.81,587.92,586.67,586.68,540.314,15
2026-06-20 10:15:00,586.68,587.34,586.68,586.95,632.168,15
2026-06-20 10:30:00,586.95,587.05,585.68,585.96,641.086,15
2026-06-20 10:45:00,585.97,586.98,585.87,586.98,844.887,15
2026-06-20 11:00:00,586.98,587.51,586.39,587.28,934.5070000000001,15
2026-06-20 11:15:00,587.28,587.76,587.01,587.32,434.846,15
2026-06-20 11:30:00,587.31,587.43,586.15,586.56,650.759,15
2026-06-20 11:45:00,586.57,587.52,586.38,586.38,944.558,15
2026-06-20 12:00:00,586.37,587.06,586.21,586.74,491.54,15
2026-06-20 12:15:00,586.73,587.15,586.3,586.99,436.221,15
2026-06-20 12:30:00,586.98,587.02,585.79,586.08,586.744,15
2026-06-20 12:45:00,586.08,586.46,585.71,586.42,416.764,15
2026-06-20 13:00:00,586.42,586.77,585.93,586.01,397.444,15
2026-06-20 13:15:00,586.02,586.2,583.13,583.64,1976.762,15
2026-06-20 13:30:00,583.63,584.56,583.19,584.18,1321.196,15
2026-06-20 13:45:00,584.18,584.89,584.0,584.73,606.502,15
2026-06-20 14:00:00,584.73,584.73,582.28,582.29,1243.756,15
2026-06-20 14:15:00,582.28,583.38,582.16,582.61,1114.444,15
2026-06-20 14:30:00,582.61,583.43,582.0,583.43,737.121,15
2026-06-20 14:45:00,583.43,588.27,583.34,586.04,3234.751,15
2026-06-20 15:00:00,586.04,586.63,585.09,586.44,1314.585,15
2026-06-20 15:15:00,586.44,589.0,586.01,587.67,2425.376,15
2026-06-20 15:30:00,587.68,587.84,586.33,586.69,1354.838,15
2026-06-20 15:45:00,586.7,587.43,586.53,587.2,575.062,15
2026-06-20 16:00:00,587.21,587.36,585.98,586.79,613.963,15
2026-06-20 16:15:00,586.79,587.26,585.84,586.06,824.936,15
2026-06-20 16:30:00,586.06,587.0,585.47,586.91,537.28,15
2026-06-20 16:45:00,586.91,587.4,586.49,586.8,380.619,15
2026-06-20 17:00:00,586.8,586.8,585.56,585.9,320.096,15
2026-06-20 17:15:00,585.91,586.12,585.2,585.97,326.03000000000003,15
2026-06-20 17:30:00,585.96,586.25,584.0,585.52,877.417,15
2026-06-20 17:45:00,585.52,585.82,585.25,585.34,124.943,15
2026-06-20 18:00:00,585.34,586.4,585.33,586.02,432.677,15
2026-06-20 18:15:00,586.02,586.89,586.02,586.84,253.132,15
2026-06-20 18:30:00,586.84,587.04,585.54,585.82,282.397,15
2026-06-20 18:45:00,585.82,585.98,585.3,585.37,184.351,15
2026-06-20 19:00:00,585.37,586.41,585.3,586.22,249.661,15
2026-06-20 19:15:00,586.22,586.4,585.42,585.76,335.651,15
2026-06-20 19:30:00,585.77,586.53,585.61,586.15,261.591,15
2026-06-20 19:45:00,586.16,586.37,585.85,585.92,239.101,15
2026-06-20 20:00:00,585.92,586.22,585.6,585.81,252.659,15
2026-06-20 20:15:00,585.81,585.86,585.44,585.53,306.562,15
2026-06-20 20:30:00,585.52,585.75,585.0,585.54,341.824,15
2026-06-20 20:45:00,585.54,586.55,585.53,586.39,191.22500000000002,15
2026-06-20 21:00:00,586.4,587.37,586.06,586.72,277.925,15
2026-06-20 21:15:00,586.72,586.72,585.64,585.83,163.396,15
2026-06-20 21:30:00,585.82,586.24,585.67,586.15,322.033,15
2026-06-20 21:45:00,586.16,586.64,585.96,586.46,264.319,15
2026-06-20 22:00:00,586.46,588.11,585.99,587.86,710.0129999999999,15
2026-06-20 22:15:00,587.87,588.37,586.96,588.06,434.504,15
2026-06-20 22:30:00,588.06,588.45,587.54,587.96,659.16,15
2026-06-20 22:45:00,587.96,588.5,587.53,587.91,320.82599999999996,15
2026-06-20 23:00:00,587.91,588.26,587.77,588.0,346.319,15
2026-06-20 23:15:00,588.0,588.34,587.51,587.58,361.29200000000003,15
2026-06-20 23:30:00,587.58,588.5,587.38,588.22,285.231,15
2026-06-20 23:45:00,588.23,588.5,587.89,588.03,590.829,15
2026-06-21 00:00:00,588.03,588.65,587.82,588.55,509.001,15
2026-06-21 00:15:00,588.55,588.55,587.51,587.92,577.976,15
2026-06-21 00:30:00,587.92,587.97,587.41,587.59,481.431,15
2026-06-21 00:45:00,587.59,588.02,587.32,587.49,768.231,15
2026-06-21 01:00:00,587.48,587.72,587.0,587.4,340.471,15
2026-06-21 01:15:00,587.41,588.4,587.4,588.15,520.626,15
2026-06-21 01:30:00,588.15,589.75,587.75,589.75,472.616,15
2026-06-21 01:45:00,589.74,590.22,589.44,589.44,811.4689999999999,15
2026-06-21 02:00:00,589.44,589.7,588.57,588.86,327.54699999999997,15
2026-06-21 02:15:00,588.85,589.18,588.41,589.18,199.088,15
2026-06-21 02:30:00,589.17,589.45,588.63,589.3,371.43199999999996,15
2026-06-21 02:45:00,589.29,589.65,589.01,589.52,601.4449999999999,15
2026-06-21 03:00:00,589.53,590.19,589.02,589.88,829.63,15
2026-06-21 03:15:00,589.88,591.0,589.27,589.88,775.495,15
2026-06-21 03:30:00,589.88,590.34,589.34,589.83,1918.692,15
2026-06-21 03:45:00,589.85,590.91,589.81,590.36,862.843,15
2026-06-21 04:00:00,590.37,590.72,589.8,590.01,968.403,15
2026-06-21 04:15:00,590.02,590.85,589.42,590.35,710.4879999999999,15
2026-06-21 04:30:00,590.35,590.86,589.86,590.18,236.357,15
2026-06-21 04:45:00,590.18,590.18,589.1,589.24,1125.231,15
2026-06-21 05:00:00,589.24,589.39,588.81,589.18,430.302,15
2026-06-21 05:15:00,589.19,589.89,588.88,589.89,437.725,15
2026-06-21 05:30:00,589.88,590.63,589.88,590.31,318.327,15
2026-06-21 05:45:00,590.32,590.35,589.49,589.76,292.32300000000004,15
2026-06-21 06:00:00,589.76,589.76,589.07,589.28,335.48900000000003,15
2026-06-21 06:15:00,589.29,590.65,589.1,590.38,806.971,15
2026-06-21 06:30:00,590.39,591.65,590.22,591.19,1034.7830000000001,15
2026-06-21 06:45:00,591.2,591.27,590.0,590.27,896.23,15
2026-06-21 07:00:00,590.28,590.61,589.62,590.2,468.723,15
2026-06-21 07:15:00,590.2,590.71,589.58,589.95,353.45,15
2026-06-21 07:30:00,589.96,591.83,589.95,591.69,715.43,15
2026-06-21 07:45:00,591.69,591.7,590.77,590.94,296.918,15
2026-06-21 08:00:00,590.94,591.01,590.05,590.56,652.816,15
2026-06-21 08:15:00,590.58,590.64,589.05,589.22,922.7330000000001,15
2026-06-21 08:30:00,589.23,589.4,587.51,588.17,1726.1190000000001,15
2026-06-21 08:45:00,588.16,588.89,587.71,588.88,417.007,15
2026-06-21 09:00:00,588.89,588.98,588.24,588.39,308.716,15
2026-06-21 09:15:00,588.39,589.31,588.19,589.09,715.968,15
2026-06-21 09:30:00,589.08,590.44,589.08,589.7,699.926,15
2026-06-21 09:45:00,589.71,590.27,589.47,589.97,613.382,15
2026-06-21 10:00:00,589.97,590.58,589.83,590.1,406.717,15
2026-06-21 10:15:00,590.1,591.78,589.76,590.69,606.709,15
2026-06-21 10:30:00,590.68,590.79,590.25,590.38,377.84,15
2026-06-21 10:45:00,590.39,590.51,589.84,590.21,741.751,15
2026-06-21 11:00:00,590.22,590.79,589.48,589.92,512.088,15
2026-06-21 11:15:00,589.92,589.92,588.01,589.41,676.275,15
2026-06-21 11:30:00,589.41,589.42,588.34,588.86,646.261,15
2026-06-21 11:45:00,588.86,588.86,588.0,588.45,578.422,15
2026-06-21 12:00:00,588.44,588.56,585.15,585.92,2078.183,15
2026-06-21 12:15:00,585.91,586.69,585.5,586.37,1666.274,15
2026-06-21 12:30:00,586.37,587.0,585.89,586.67,2003.23,15
2026-06-21 12:45:00,586.66,588.23,585.94,587.08,3171.572,15
2026-06-21 13:00:00,587.09,588.49,586.77,587.76,1072.483,15
2026-06-21 13:15:00,587.75,589.16,587.75,588.16,566.369,15
2026-06-21 13:30:00,588.15,588.18,587.31,587.5,484.851,15
2026-06-21 13:45:00,587.5,588.59,587.49,588.42,235.232,15
2026-06-21 14:00:00,588.43,588.5,587.84,588.19,301.193,15
2026-06-21 14:15:00,588.19,588.79,587.85,588.3,420.07,15
2026-06-21 14:30:00,588.3,589.74,588.19,589.31,802.739,15
2026-06-21 14:45:00,589.31,589.83,588.76,589.82,399.121,15
2026-06-21 15:00:00,589.82,590.5,589.32,589.41,693.667,15
2026-06-21 15:15:00,589.41,590.49,589.41,589.96,557.235,15
2026-06-21 15:30:00,589.95,590.1,589.49,589.72,313.552,15
2026-06-21 15:45:00,589.72,589.92,589.32,589.88,405.316,15
2026-06-21 16:00:00,589.88,589.94,589.16,589.62,427.138,15
2026-06-21 16:15:00,589.61,590.39,589.34,590.05,265.095,15
2026-06-21 16:30:00,590.04,590.05,588.58,589.41,486.401,15
2026-06-21 16:45:00,589.41,590.04,589.35,589.8,471.63300000000004,15
2026-06-21 17:00:00,589.8,591.44,589.74,591.02,1033.665,15
2026-06-21 17:15:00,591.03,591.11,590.29,590.76,374.826,15
2026-06-21 17:30:00,590.75,590.76,589.82,590.39,251.236,15
2026-06-21 17:45:00,590.39,591.25,590.39,590.86,316.469,15
2026-06-21 18:00:00,590.85,591.01,589.14,589.5,445.473,15
2026-06-21 18:15:00,589.5,590.1,589.38,590.0,244.958,15
2026-06-21 18:30:00,590.01,591.78,589.87,591.4,417.082,15
2026-06-21 18:45:00,591.39,591.69,590.79,591.68,592.796,15
2026-06-21 19:00:00,591.68,592.56,591.33,591.85,1019.5260000000001,15
2026-06-21 19:15:00,591.85,592.07,591.45,591.92,243.504,15
2026-06-21 19:30:00,591.93,592.11,591.66,591.69,189.822,15
2026-06-21 19:45:00,591.69,592.04,591.59,591.85,103.223,15
2026-06-21 20:00:00,591.85,591.89,590.97,591.04,251.32899999999998,15
2026-06-21 20:15:00,591.04,591.35,590.24,590.33,249.97899999999998,15
2026-06-21 20:30:00,590.34,590.58,589.87,590.01,218.028,15
2026-06-21 20:45:00,590.01,590.01,587.4,588.46,953.357,15
2026-06-21 21:00:00,588.48,588.66,585.14,586.79,1357.4189999999999,15
2026-06-21 21:15:00,586.79,587.98,585.3,587.05,623.606,15
2026-06-21 21:30:00,587.05,588.47,586.67,588.34,341.342,15
2026-06-21 21:45:00,588.34,588.62,587.34,587.68,172.487,15
2026-06-21 22:00:00,587.67,588.9,586.5,587.9,1066.519,15
2026-06-21 22:15:00,587.9,588.3,587.0,587.12,967.6580000000001,15
2026-06-21 22:30:00,587.13,587.13,585.58,586.18,528.632,15
2026-06-21 22:45:00,586.17,588.28,586.14,587.49,442.12,15
2026-06-21 23:00:00,587.5,587.5,585.5,586.23,642.061,15
2026-06-21 23:15:00,586.22,587.42,585.96,586.43,461.686,15
2026-06-21 23:30:00,586.43,586.43,584.18,584.64,2105.758,15
2026-06-21 23:45:00,584.65,585.17,583.6,584.23,527.464,15
2026-06-22 00:00:00,584.23,585.59,584.07,584.87,859.302,15
2026-06-22 00:15:00,584.87,586.81,584.81,586.61,574.864,15
2026-06-22 00:30:00,586.62,589.43,586.37,588.3,1020.87,15
2026-06-22 00:45:00,588.3,588.57,586.98,587.88,564.659,15
2026-06-22 01:00:00,587.88,588.95,587.11,587.64,1209.536,15
2026-06-22 01:15:00,587.65,595.32,587.65,594.11,2820.734,15
2026-06-22 01:30:00,594.1,594.3,591.57,593.46,2366.943,15
2026-06-22 01:45:00,593.47,596.31,593.38,594.51,4254.121999999999,15
2026-06-22 02:00:00,594.52,594.72,592.78,593.17,3012.596,15
2026-06-22 02:15:00,593.16,594.18,592.75,593.44,767.672,15
2026-06-22 02:30:00,593.44,593.67,592.64,592.95,849.92,15
2026-06-22 02:45:00,592.96,593.16,591.32,591.33,768.2139999999999,15
2026-06-22 03:00:00,591.32,591.44,589.07,590.51,1195.273,15
2026-06-22 03:15:00,590.51,592.64,590.51,591.66,624.641,15
2026-06-22 03:30:00,591.65,592.7,591.08,591.17,671.6469999999999,15
2026-06-22 03:45:00,591.18,591.54,589.47,590.05,1044.875,15
2026-06-22 04:00:00,590.05,590.65,589.31,589.8,1061.479,15
2026-06-22 04:15:00,589.8,590.5,589.33,589.85,1019.155,15
2026-06-22 04:30:00,589.84,590.67,589.53,589.65,666.708,15
2026-06-22 04:45:00,589.65,590.6,589.64,590.57,693.822,15
2026-06-22 05:00:00,590.56,591.27,590.11,591.16,516.3870000000001,15
2026-06-22 05:15:00,591.16,591.8,590.71,591.36,557.489,15
2026-06-22 05:30:00,591.36,592.34,591.04,592.22,525.133,15
2026-06-22 05:45:00,592.21,592.99,591.83,592.99,404.406,15
2026-06-22 06:00:00,593.0,594.12,592.19,593.75,750.447,15
2026-06-22 06:15:00,593.74,593.87,592.08,592.24,842.51,15
2026-06-22 06:30:00,592.24,592.61,591.35,591.53,931.929,15
2026-06-22 06:45:00,591.52,591.6,590.46,590.82,1131.3490000000002,15
2026-06-22 07:00:00,590.83,593.5,590.59,593.26,1277.488,15
2026-06-22 07:15:00,593.26,594.85,593.21,594.13,1183.483,15
2026-06-22 07:30:00,594.13,595.03,593.69,594.22,1676.609,15
2026-06-22 07:45:00,594.22,594.71,593.58,593.96,1633.103,15
2026-06-22 08:00:00,593.97,594.42,593.22,594.42,808.8389999999999,15
2026-06-22 08:15:00,594.41,594.9,593.61,593.63,696.518,15
2026-06-22 08:30:00,593.64,594.07,592.41,593.88,807.858,15
2026-06-22 08:45:00,593.88,594.4,592.87,593.18,540.848,15
2026-06-22 09:00:00,593.18,593.66,592.94,593.31,600.204,15
2026-06-22 09:15:00,593.32,593.64,592.38,592.92,856.89,15
2026-06-22 09:30:00,592.91,593.44,592.52,592.89,850.723,15
2026-06-22 09:45:00,592.89,593.33,592.62,593.12,514.826,15
2026-06-22 10:00:00,593.11,593.33,592.32,592.35,825.427,15
2026-06-22 10:15:00,592.35,592.63,592.0,592.12,515.249,15
2026-06-22 10:30:00,592.12,592.45,591.23,591.42,632.2139999999999,15
2026-06-22 10:45:00,591.41,592.52,591.41,592.07,537.479,15
2026-06-22 11:00:00,592.07,594.67,591.88,594.05,1594.239,15
2026-06-22 11:15:00,594.05,595.44,593.52,595.0,985.748,15
2026-06-22 11:30:00,595.01,597.32,595.0,596.78,2021.825,15
2026-06-22 11:45:00,596.77,598.0,596.4,597.17,1617.247,15
2026-06-22 12:00:00,597.17,599.0,597.17,597.74,1901.165,15
2026-06-22 12:15:00,597.73,599.44,597.53,598.91,809.3770000000001,15
2026-06-22 12:30:00,598.91,600.0,597.98,599.64,2605.459,15
2026-06-22 12:45:00,599.64,601.0,599.19,600.63,2611.9,15
2026-06-22 13:00:00,600.64,600.75,599.33,600.17,1374.971,15
2026-06-22 13:15:00,600.16,600.31,599.21,599.59,797.446,15
2026-06-22 13:30:00,599.59,601.66,599.35,601.2,2350.22,15
2026-06-22 13:45:00,601.2,602.31,600.98,602.1,1614.218,15
2026-06-22 14:00:00,602.11,602.3,599.56,600.4,2233.802,15
2026-06-22 14:15:00,600.39,600.56,598.1,598.21,2284.569,15
2026-06-22 14:30:00,598.2,598.2,596.36,596.61,4466.275,15
2026-06-22 14:45:00,596.62,598.23,596.12,597.96,2447.409,15
2026-06-22 15:00:00,597.95,599.06,597.2,598.37,860.05,15
2026-06-22 15:15:00,598.38,598.55,597.31,598.2,1307.027,15
2026-06-22 15:30:00,598.21,599.38,598.0,598.8,1280.856,15
2026-06-22 15:45:00,598.79,598.8,595.5,596.25,1544.091,15
2026-06-22 16:00:00,596.25,596.43,594.83,595.35,1345.334,15
2026-06-22 16:15:00,595.35,595.67,593.99,594.12,889.5409999999999,15
2026-06-22 16:30:00,594.12,594.13,592.8,593.21,1027.759,15
2026-06-22 16:45:00,593.2,595.28,592.58,594.79,1040.184,15
2026-06-22 17:00:00,594.79,595.73,594.7,595.34,622.0649999999999,15
2026-06-22 17:15:00,595.33,595.69,593.69,593.69,773.254,15
2026-06-22 17:30:00,593.69,594.5,593.01,593.93,723.365,15
2026-06-22 17:45:00,593.94,595.65,593.94,595.44,396.606,15
2026-06-22 18:00:00,595.44,596.79,595.44,596.69,606.646,15
2026-06-22 18:15:00,596.69,597.0,596.02,596.39,664.357,15
2026-06-22 18:30:00,596.39,596.7,595.62,595.66,442.30899999999997,15
2026-06-22 18:45:00,595.67,595.8,593.17,593.35,729.31,15
2026-06-22 19:00:00,593.34,593.96,590.23,591.38,1741.246,15
2026-06-22 19:15:00,591.38,591.85,590.54,591.5,1468.605,15
2026-06-22 19:30:00,591.5,592.37,591.4,591.91,654.3860000000001,15
2026-06-22 19:45:00,591.92,592.45,590.64,592.29,1083.2079999999999,15
2026-06-22 20:00:00,592.29,593.15,591.49,592.05,474.438,15
2026-06-22 20:15:00,592.05,592.11,589.92,590.85,701.388,15
2026-06-22 20:30:00,590.85,592.13,590.84,591.92,427.898,15
2026-06-22 20:45:00,591.91,592.39,590.83,591.56,1314.571,15
2026-06-22 21:00:00,591.56,592.02,591.3,592.0,298.112,15
2026-06-22 21:15:00,592.0,592.07,590.73,591.01,339.57099999999997,15
2026-06-22 21:30:00,591.0,591.01,589.17,589.82,452.377,15
2026-06-22 21:45:00,589.83,591.25,589.83,591.17,264.14099999999996,15
2026-06-22 22:00:00,591.16,591.94,590.76,591.45,352.003,15
2026-06-22 22:15:00,591.45,591.57,588.0,588.93,802.155,15
2026-06-22 22:30:00,588.92,589.84,587.88,588.45,1230.437,15
2026-06-22 22:45:00,588.45,589.97,588.33,589.97,331.651,15
2026-06-22 23:00:00,589.97,590.22,589.25,589.25,320.906,15
2026-06-22 23:15:00,589.28,590.72,589.0,590.67,275.784,15
2026-06-22 23:30:00,590.66,591.19,589.95,590.3,319.291,15
2026-06-22 23:45:00,590.3,591.04,589.82,590.15,946.3979999999999,15
2026-06-23 00:00:00,590.14,590.5,589.47,589.82,1007.043,15
2026-06-23 00:15:00,589.82,590.25,588.8,589.24,899.7420000000001,15
2026-06-23 00:30:00,589.24,591.45,589.24,591.45,552.971,15
2026-06-23 00:45:00,591.46,591.77,591.07,591.4,832.157,15
2026-06-23 01:00:00,591.4,592.27,591.19,591.53,684.9350000000001,15
2026-06-23 01:15:00,591.53,591.91,591.04,591.54,407.89500000000004,15
2026-06-23 01:30:00,591.55,591.68,589.38,589.45,718.157,15
2026-06-23 01:45:00,589.44,590.47,588.03,590.38,993.652,15
2026-06-23 02:00:00,590.38,590.94,589.85,590.6,450.359,15
2026-06-23 02:15:00,590.61,591.78,590.6,591.28,508.001,15
2026-06-23 02:30:00,591.28,591.63,591.0,591.43,640.952,15
2026-06-23 02:45:00,591.43,592.83,591.29,592.62,979.3539999999999,15
2026-06-23 03:00:00,592.63,592.64,589.76,590.87,595.631,15
2026-06-23 03:15:00,590.86,591.91,590.84,591.86,681.872,15
2026-06-23 03:30:00,591.85,592.67,591.27,592.06,1084.381,15
2026-06-23 03:45:00,592.06,592.62,591.25,591.96,611.34,15
2026-06-23 04:00:00,591.97,592.31,590.58,591.06,464.798,15
2026-06-23 04:15:00,591.07,591.07,589.66,590.15,531.128,15
2026-06-23 04:30:00,590.16,590.16,588.85,588.9,699.746,15
2026-06-23 04:45:00,588.91,589.44,587.1,587.21,864.884,15
2026-06-23 05:00:00,587.21,588.03,587.07,587.21,645.413,15
2026-06-23 05:15:00,587.2,587.52,585.0,586.18,1270.521,15
2026-06-23 05:30:00,586.18,586.75,585.58,586.38,666.199,15
2026-06-23 05:45:00,586.38,586.59,585.11,585.6,1113.739,15
2026-06-23 06:00:00,585.61,585.97,581.59,583.1,2944.552,15
2026-06-23 06:15:00,583.1,583.78,577.46,579.34,4698.67,15
2026-06-23 06:30:00,579.33,581.31,578.35,580.71,1523.349,15
2026-06-23 06:45:00,580.71,581.65,580.33,581.14,999.691,15
2026-06-23 07:00:00,581.14,582.2,580.84,582.03,991.2040000000001,15
2026-06-23 07:15:00,582.03,582.66,581.58,582.24,837.139,15
2026-06-23 07:30:00,582.23,582.42,580.79,581.13,977.936,15
2026-06-23 07:45:00,581.13,582.22,580.74,580.88,1022.605,15
2026-06-23 08:00:00,580.87,581.43,579.35,579.72,2943.139,15
2026-06-23 08:15:00,579.72,579.72,570.57,572.67,8126.509,15
2026-06-23 08:30:00,572.67,575.13,572.53,574.48,2535.696,15
2026-06-23 08:45:00,574.48,575.27,573.55,574.08,1251.0,15
2026-06-23 09:00:00,574.08,574.83,571.85,572.4,4077.668,15
2026-06-23 09:15:00,572.41,573.85,572.41,573.39,1348.24,15
2026-06-23 09:30:00,573.4,573.55,571.51,571.98,1661.516,15
2026-06-23 09:45:00,571.97,572.55,571.51,571.92,1946.355,15
2026-06-23 10:00:00,571.92,573.61,571.77,572.38,1197.737,15
2026-06-23 10:15:00,572.39,573.08,571.9,572.39,1009.1179999999999,15
2026-06-23 10:30:00,572.4,572.9,571.22,571.83,2216.059,15
2026-06-23 10:45:00,571.84,572.72,570.86,572.11,3529.1009999999997,15
2026-06-23 11:00:00,572.11,572.81,571.71,572.26,1531.261,15
2026-06-23 11:15:00,572.26,574.64,572.25,573.81,3554.496,15
2026-06-23 11:30:00,573.81,574.48,573.54,574.17,1198.4089999999999,15
2026-06-23 11:45:00,574.18,574.68,573.13,574.07,824.77,15
2026-06-23 12:00:00,574.07,574.86,573.79,574.86,772.815,15
2026-06-23 12:15:00,574.86,575.0,573.87,574.92,1039.825,15
2026-06-23 12:30:00,574.93,575.6,573.99,573.99,1917.872,15
2026-06-23 12:45:00,574.0,574.13,573.0,573.76,1312.95,15
2026-06-23 13:00:00,573.75,573.93,571.87,573.07,1644.66,15
2026-06-23 13:15:00,573.07,573.07,571.52,571.98,1101.4180000000001,15
2026-06-23 13:30:00,571.99,575.2,571.21,573.54,2353.661,15
2026-06-23 13:45:00,573.54,575.46,572.37,575.28,1384.5259999999998,15
2026-06-23 14:00:00,575.27,576.51,574.87,576.51,1158.2350000000001,15
2026-06-23 14:15:00,576.48,577.02,573.96,575.7,1417.298,15
2026-06-23 14:30:00,575.71,576.88,574.24,574.5,1056.926,15
2026-06-23 14:45:00,574.51,574.92,573.21,573.84,1246.558,15
2026-06-23 15:00:00,573.84,574.15,572.66,573.67,823.0070000000001,15
2026-06-23 15:15:00,573.66,573.91,572.73,573.46,785.61,15
2026-06-23 15:30:00,573.45,574.96,573.0,573.37,771.335,15
2026-06-23 15:45:00,573.36,574.67,572.07,574.67,753.876,15
2026-06-23 16:00:00,574.67,577.25,574.12,576.97,1507.739,15
2026-06-23 16:15:00,576.98,577.13,575.4,575.74,389.977,15
2026-06-23 16:30:00,575.73,575.8,574.49,575.07,509.238,15
2026-06-23 16:45:00,575.07,575.55,574.21,574.72,551.216,15
2026-06-23 17:00:00,574.71,574.95,573.49,573.71,662.516,15
2026-06-23 17:15:00,573.7,575.44,573.48,575.33,600.876,15
2026-06-23 17:30:00,575.34,575.92,574.22,574.59,664.284,15
2026-06-23 17:45:00,574.59,574.84,573.58,574.08,570.525,15
2026-06-23 18:00:00,574.07,574.67,573.11,573.94,439.671,15
2026-06-23 18:15:00,573.94,575.19,573.75,574.88,497.546,15
2026-06-23 18:30:00,574.86,574.86,573.0,573.1,462.048,15
2026-06-23 18:45:00,573.1,574.18,572.7,573.82,509.368,15
2026-06-23 19:00:00,573.81,575.33,573.78,574.99,398.782,15
2026-06-23 19:15:00,575.0,575.28,574.25,575.28,1388.629,15
2026-06-23 19:30:00,575.27,575.85,574.88,575.45,1418.755,15
2026-06-23 19:45:00,575.45,576.81,575.01,576.2,841.639,15
2026-06-23 20:00:00,576.2,577.11,576.18,576.47,379.112,15
2026-06-23 20:15:00,576.47,576.9,576.08,576.63,224.12,15
2026-06-23 20:30:00,576.63,576.63,576.07,576.38,320.439,15
2026-06-23 20:45:00,576.37,576.41,575.51,576.25,561.833,15
2026-06-23 21:00:00,576.25,577.17,576.09,576.52,229.365,15
2026-06-23 21:15:00,576.51,577.52,576.36,577.52,560.558,15
2026-06-23 21:30:00,577.51,577.83,577.05,577.19,546.428,15
2026-06-23 21:45:00,577.2,577.66,576.77,577.0,793.13,15
2026-06-23 22:00:00,577.01,578.18,577.0,578.06,401.249,15
2026-06-23 22:15:00,578.06,578.4,576.59,577.04,457.624,15
2026-06-23 22:30:00,577.04,577.5,576.56,577.12,163.855,15
2026-06-23 22:45:00,577.11,578.38,576.48,577.99,720.225,15
2026-06-23 23:00:00,577.98,577.98,576.6,576.76,420.635,15
2026-06-23 23:15:00,576.76,578.35,576.76,578.22,482.478,15
2026-06-23 23:30:00,578.21,578.22,577.08,577.34,411.188,15
2026-06-23 23:45:00,577.34,579.24,577.09,578.08,378.17199999999997,15
2026-06-24 00:00:00,578.09,579.91,577.95,579.85,818.975,15
2026-06-24 00:15:00,579.85,580.44,579.37,579.61,573.286,15
2026-06-24 00:30:00,579.61,581.11,579.16,580.42,850.224,15
2026-06-24 00:45:00,580.43,580.6,579.07,579.82,389.496,15
2026-06-24 01:00:00,579.82,580.62,578.86,580.61,806.221,15
2026-06-24 01:15:00,580.61,580.84,578.77,580.27,453.191,15
2026-06-24 01:30:00,580.28,581.63,580.01,580.06,634.548,15
2026-06-24 01:45:00,580.07,580.72,579.5,579.54,595.854,15
2026-06-24 02:00:00,579.54,579.75,578.6,579.17,216.641,15
2026-06-24 02:15:00,579.18,579.18,577.95,578.43,367.881,15
2026-06-24 02:30:00,578.42,578.91,577.47,578.53,478.774,15
2026-06-24 02:45:00,578.53,578.83,577.33,577.49,457.77,15
2026-06-24 03:00:00,577.48,577.7,576.32,576.83,459.773,15
2026-06-24 03:15:00,576.84,576.84,575.38,576.78,895.762,15
2026-06-24 03:30:00,576.78,578.59,576.76,578.5,370.724,15
2026-06-24 03:45:00,578.5,578.59,577.84,577.85,226.281,15
2026-06-24 04:00:00,577.85,578.04,576.66,576.84,355.955,15
2026-06-24 04:15:00,576.84,577.13,574.24,575.01,761.614,15
2026-06-24 04:30:00,575.0,577.12,574.85,577.05,656.774,15
2026-06-24 04:45:00,577.05,578.81,577.04,577.45,464.202,15
2026-06-24 05:00:00,577.46,578.6,577.24,578.25,269.109,15
2026-06-24 05:15:00,578.25,579.79,578.24,579.78,363.02500000000003,15
2026-06-24 05:30:00,579.78,581.4,579.63,580.39,592.867,15
2026-06-24 05:45:00,580.39,580.6,579.45,579.93,424.20000000000005,15
2026-06-24 06:00:00,579.92,580.26,578.88,579.93,337.66700000000003,15
2026-06-24 06:15:00,579.94,580.58,579.39,579.86,311.86199999999997,15
2026-06-24 06:30:00,579.87,580.5,579.41,579.43,303.382,15
2026-06-24 06:45:00,579.42,579.47,578.84,579.0,403.134,15
2026-06-24 07:00:00,579.0,579.17,577.41,579.07,1011.392,15
2026-06-24 07:15:00,579.08,579.08,577.88,578.05,613.988,15
2026-06-24 07:30:00,578.04,578.45,577.0,577.33,849.009,15
2026-06-24 07:45:00,577.34,577.7,576.3,576.92,883.016,15
2026-06-24 08:00:00,576.93,577.25,576.53,577.13,774.324,15
2026-06-24 08:15:00,577.14,577.5,576.69,577.02,600.284,15
2026-06-24 08:30:00,577.02,578.13,576.63,577.8,1259.818,15
2026-06-24 08:45:00,577.8,578.01,577.21,577.88,652.708,15
2026-06-24 09:00:00,577.89,577.89,576.74,577.04,536.074,15
2026-06-24 09:15:00,577.04,577.14,576.54,576.55,471.93,15
2026-06-24 09:30:00,576.56,576.9,576.07,576.8,688.828,15
2026-06-24 09:45:00,576.8,577.43,576.61,577.01,349.158,15
2026-06-24 10:00:00,577.0,577.05,576.15,576.77,445.467,15
2026-06-24 10:15:00,576.78,576.78,575.45,575.96,696.083,15
2026-06-24 10:30:00,575.96,576.29,575.52,576.01,1061.101,15
2026-06-24 10:45:00,576.01,576.33,575.22,575.52,1244.589,15
2026-06-24 11:00:00,575.53,575.87,573.84,574.96,1515.743,15
2026-06-24 11:15:00,574.96,575.42,573.9,575.21,769.193,15
2026-06-24 11:30:00,575.21,577.76,575.2,577.76,654.8530000000001,15
2026-06-24 11:45:00,577.75,582.21,577.44,579.79,2128.433,15
2026-06-24 12:00:00,579.79,580.33,578.61,578.97,2030.73,15
2026-06-24 12:15:00,578.97,579.37,578.0,578.8,952.651,15
2026-06-24 12:30:00,578.8,579.48,578.0,578.41,1002.891,15
2026-06-24 12:45:00,578.41,578.56,576.54,576.75,621.501,15
2026-06-24 13:00:00,576.75,576.97,572.63,573.41,1654.467,15
2026-06-24 13:15:00,573.42,574.37,568.29,571.05,7315.32,15
2026-06-24 13:30:00,571.04,574.25,569.39,570.29,4266.012,15
2026-06-24 13:45:00,570.28,572.52,569.15,570.11,2551.459,15
2026-06-24 14:00:00,570.14,571.54,569.06,570.21,2693.453,15
2026-06-24 14:15:00,570.15,570.98,567.59,570.28,2319.1,15
2026-06-24 14:30:00,570.28,571.76,568.8,569.9,2299.399,15
2026-06-24 14:45:00,569.89,570.98,568.57,570.45,1928.741,15
2026-06-24 15:00:00,570.46,570.46,567.41,567.68,1417.128,15
2026-06-24 15:15:00,567.69,570.0,567.51,567.67,2303.119,15
2026-06-24 15:30:00,567.68,567.83,563.0,563.48,6001.04,15
2026-06-24 15:45:00,563.49,563.68,561.02,561.41,4067.307,15
2026-06-24 16:00:00,561.4,562.36,558.38,561.39,6113.093,15
2026-06-24 16:15:00,561.39,563.79,560.48,562.7,2013.455,15
2026-06-24 16:30:00,562.71,562.97,560.69,561.05,2231.3250000000003,15
2026-06-24 16:45:00,561.05,561.05,552.0,554.75,14336.201,15
2026-06-24 17:00:00,554.74,557.15,554.21,555.32,3153.907,15
2026-06-24 17:15:00,555.33,555.71,550.0,553.28,9211.74,15
2026-06-24 17:30:00,553.28,554.48,551.17,551.6,4128.222,15
2026-06-24 17:45:00,551.59,551.97,546.6,549.04,10341.409,15
2026-06-24 18:00:00,549.05,552.0,548.14,551.81,2931.7960000000003,15
2026-06-24 18:15:00,551.82,556.0,551.82,554.49,3057.893,15
2026-06-24 18:30:00,554.48,555.46,553.15,554.09,1507.7849999999999,15
2026-06-24 18:45:00,554.09,554.24,552.37,553.59,770.305,15
2026-06-24 19:00:00,553.6,554.77,552.25,553.32,1009.532,15
2026-06-24 19:15:00,553.32,554.5,552.66,554.49,879.8729999999999,15
2026-06-24 19:30:00,554.49,555.47,553.61,554.13,786.838,15
2026-06-24 19:45:00,554.14,555.61,553.74,555.57,1115.01,15
2026-06-24 20:00:00,555.57,563.55,554.67,562.26,5977.524,15
2026-06-24 20:15:00,562.25,563.17,560.76,561.64,2068.666,15
2026-06-24 20:30:00,561.64,562.76,561.12,562.38,924.328,15
2026-06-24 20:45:00,562.36,564.61,562.23,563.2,2000.878,15
2026-06-24 21:00:00,563.22,563.38,560.39,560.39,1156.548,15
2026-06-24 21:15:00,560.39,561.76,559.94,561.68,737.578,15
2026-06-24 21:30:00,561.67,563.62,561.21,563.12,1235.152,15
2026-06-24 21:45:00,563.13,564.24,562.68,564.21,704.557,15
2026-06-24 22:00:00,564.21,566.26,564.03,564.7,1695.289,15
2026-06-24 22:15:00,564.7,564.93,563.47,563.6,1959.196,15
2026-06-24 22:30:00,563.61,564.34,562.92,563.87,637.044,15
2026-06-24 22:45:00,563.88,563.88,562.95,563.35,691.257,15
2026-06-24 23:00:00,563.35,563.76,562.73,563.04,538.538,15
2026-06-24 23:15:00,563.03,564.96,563.0,564.3,843.109,15
2026-06-24 23:30:00,564.29,565.0,563.85,564.37,798.012,15
2026-06-24 23:45:00,564.37,564.91,563.66,564.67,882.437,15
2026-06-25 00:00:00,564.66,565.97,564.5,565.59,1167.799,15
2026-06-25 00:15:00,565.58,565.98,564.19,564.8,728.531,15
2026-06-25 00:30:00,564.8,565.3,564.24,564.42,743.019,15
2026-06-25 00:45:00,564.43,564.92,563.09,564.05,969.654,15
2026-06-25 01:00:00,564.05,564.92,563.64,564.02,441.43399999999997,15
2026-06-25 01:15:00,564.02,565.43,563.48,564.69,528.315,15
2026-06-25 01:30:00,564.68,565.56,564.46,565.16,479.708,15
2026-06-25 01:45:00,565.15,566.76,564.95,566.21,992.684,15
2026-06-25 02:00:00,566.2,566.76,565.33,565.59,715.004,15
2026-06-25 02:15:00,565.58,567.11,565.32,567.1,1174.989,15
2026-06-25 02:30:00,567.1,567.1,565.44,565.69,1001.547,15
2026-06-25 02:45:00,565.68,566.2,565.36,565.82,594.439,15
2026-06-25 03:00:00,565.81,566.91,565.65,565.75,519.877,15
2026-06-25 03:15:00,565.76,566.44,564.86,565.93,771.367,15
2026-06-25 03:30:00,565.94,566.16,564.56,564.79,393.468,15
2026-06-25 03:45:00,564.78,566.19,564.78,565.79,493.529,15
2026-06-25 04:00:00,565.78,566.0,565.0,565.03,567.85,15
2026-06-25 04:15:00,565.03,565.25,564.29,564.77,426.164,15
2026-06-25 04:30:00,564.77,565.78,563.79,565.78,588.076,15
2026-06-25 04:45:00,565.78,568.96,565.71,568.46,1340.695,15
2026-06-25 05:00:00,568.46,570.44,567.98,569.64,2921.8810000000003,15
2026-06-25 05:15:00,569.64,571.0,569.19,569.94,3501.688,15
2026-06-25 05:30:00,569.94,571.18,569.46,570.63,2605.5879999999997,15
2026-06-25 05:45:00,570.63,571.06,570.18,570.19,493.737,15
2026-06-25 06:00:00,570.19,572.0,570.18,571.54,1252.991,15
2026-06-25 06:15:00,571.54,572.72,571.49,571.54,1131.382,15
2026-06-25 06:30:00,571.54,571.58,570.5,571.33,373.048,15
2026-06-25 06:45:00,571.33,572.12,570.54,571.3,1326.457,15
2026-06-25 07:00:00,571.31,572.06,570.5,570.5,1164.665,15
2026-06-25 07:15:00,570.51,571.23,569.88,570.38,1130.566,15
2026-06-25 07:30:00,570.38,571.35,570.3,571.18,737.571,15
2026-06-25 07:45:00,571.17,571.17,570.13,570.47,668.922,15
2026-06-25 08:00:00,570.47,570.61,569.88,570.04,938.004,15
2026-06-25 08:15:00,570.04,570.05,568.99,569.59,1850.4,15
2026-06-25 08:30:00,569.59,569.8,569.27,569.75,632.242,15
2026-06-25 08:45:00,569.74,570.4,569.31,569.56,1228.527,15
2026-06-25 09:00:00,569.56,570.28,569.19,570.02,1423.5320000000002,15
2026-06-25 09:15:00,570.02,570.29,568.56,568.73,1113.607,15
2026-06-25 09:30:00,568.72,569.15,568.31,568.94,1961.1490000000001,15
2026-06-25 09:45:00,568.94,569.11,568.55,568.68,687.4350000000001,15
2026-06-25 10:00:00,568.67,568.84,568.29,568.44,766.225,15
2026-06-25 10:15:00,568.43,568.87,567.26,567.27,1207.972,15
2026-06-25 10:30:00,567.27,567.33,565.47,565.47,1227.964,15
2026-06-25 10:45:00,565.47,565.48,562.44,563.7,2511.885,15
2026-06-25 11:00:00,563.71,564.25,560.46,563.74,3692.192,15
2026-06-25 11:15:00,563.73,564.13,562.22,562.36,1130.09,15
2026-06-25 11:30:00,562.36,563.72,562.36,563.03,446.902,15
2026-06-25 11:45:00,563.03,563.16,561.88,562.7,722.8910000000001,15
2026-06-25 12:00:00,562.71,563.28,562.21,562.61,641.913,15
2026-06-25 12:15:00,562.61,562.81,561.07,561.36,1013.54,15
2026-06-25 12:30:00,561.36,566.9,561.36,563.34,3082.0099999999998,15
2026-06-25 12:45:00,563.31,564.32,562.33,563.06,1921.204,15
2026-06-25 13:00:00,563.06,565.62,562.89,565.15,1656.419,15
2026-06-25 13:15:00,565.15,568.51,564.73,567.62,3539.609,15
2026-06-25 13:30:00,567.63,568.58,558.62,558.65,4052.956,15
2026-06-25 13:45:00,558.66,560.1,540.6,542.2,20474.146,15
2026-06-25 14:00:00,542.2,556.73,542.2,554.09,16154.069,15
2026-06-25 14:15:00,554.08,554.7,549.0,552.53,6266.32,15
2026-06-25 14:30:00,552.53,559.47,551.49,553.4,6767.092000000001,15
2026-06-25 14:45:00,553.43,555.51,552.6,553.16,1749.034,15
2026-06-25 15:00:00,553.16,553.29,549.29,549.86,2520.688,15
2026-06-25 15:15:00,549.87,554.29,548.24,552.81,4509.124,15
2026-06-25 15:30:00,552.8,554.34,551.45,552.31,1318.537,15
2026-06-25 15:45:00,552.31,554.56,551.88,554.04,970.476,15
2026-06-25 16:00:00,554.04,557.35,553.71,555.74,1422.5639999999999,15
2026-06-25 16:15:00,555.75,556.6,555.44,555.96,1098.9270000000001,15
2026-06-25 16:30:00,555.97,555.97,553.26,553.41,1142.464,15
2026-06-25 16:45:00,553.41,554.31,552.46,554.17,1117.464,15
2026-06-25 17:00:00,554.17,556.13,553.23,556.02,859.975,15
2026-06-25 17:15:00,556.01,558.87,556.01,558.46,1233.7179999999998,15
2026-06-25 17:30:00,558.45,559.61,557.73,558.12,973.015,15
2026-06-25 17:45:00,558.12,559.63,557.21,559.63,832.759,15
2026-06-25 18:00:00,559.63,560.24,557.25,557.26,1068.268,15
2026-06-25 18:15:00,557.26,560.18,557.26,559.26,792.674,15
2026-06-25 18:30:00,559.27,559.27,556.23,556.34,1032.084,15
2026-06-25 18:45:00,556.34,557.05,554.72,555.52,1872.9679999999998,15
2026-06-25 19:00:00,555.52,555.54,553.63,553.64,818.809,15
2026-06-25 19:15:00,553.63,554.13,552.55,553.81,865.529,15
2026-06-25 19:30:00,553.82,554.56,553.67,554.0,332.269,15
2026-06-25 19:45:00,553.93,554.51,553.03,554.27,457.199,15
2026-06-25 20:00:00,554.28,556.9,554.28,555.69,600.194,15
2026-06-25 20:15:00,555.7,557.2,555.7,556.72,463.202,15
2026-06-25 20:30:00,556.72,556.83,554.95,555.65,580.795,15
2026-06-25 20:45:00,555.63,555.66,554.27,555.47,420.26599999999996,15
2026-06-25 21:00:00,555.46,557.0,555.42,556.92,411.703,15
2026-06-25 21:15:00,556.92,558.56,556.66,558.11,938.9110000000001,15
2026-06-25 21:30:00,558.1,560.86,557.98,559.71,755.335,15
2026-06-25 21:45:00,559.72,561.63,559.4,561.41,612.802,15
2026-06-25 22:00:00,561.4,561.4,559.51,560.08,1171.218,15
2026-06-25 22:15:00,560.08,561.12,559.61,559.91,694.17,15
2026-06-25 22:30:00,559.92,560.82,559.67,560.34,429.459,15
2026-06-25 22:45:00,560.34,560.8,559.72,560.37,371.459,15
2026-06-25 23:00:00,560.37,560.76,559.27,560.16,586.401,15
2026-06-25 23:15:00,560.16,562.69,560.14,562.32,767.622,15
2026-06-25 23:30:00,562.31,563.0,561.76,562.12,766.347,15
2026-06-25 23:45:00,562.1,562.1,560.35,560.62,652.547,15
2026-06-26 00:00:00,560.63,563.8,560.63,563.56,1447.363,15
2026-06-26 00:15:00,563.55,563.55,561.43,562.29,643.761,15
2026-06-26 00:30:00,562.29,564.98,559.6,562.43,10419.999,15
2026-06-26 00:45:00,562.43,562.43,560.0,560.8,1138.064,15
2026-06-26 01:00:00,560.8,561.49,558.94,559.79,1147.12,15
2026-06-26 01:15:00,559.79,560.33,557.96,557.97,751.901,15
2026-06-26 01:30:00,557.97,558.11,557.03,558.01,868.126,15
2026-06-26 01:45:00,558.02,558.94,557.67,558.53,1032.077,15
2026-06-26 02:00:00,558.53,558.63,551.12,551.79,2783.213,15
2026-06-26 02:15:00,551.78,554.62,550.37,554.39,2755.227,15
2026-06-26 02:30:00,554.4,555.6,553.35,554.5,2498.6710000000003,15
2026-06-26 02:45:00,554.5,554.53,551.66,552.43,4096.363,15
2026-06-26 03:00:00,552.44,557.89,551.01,557.38,3832.718,15
2026-06-26 03:15:00,557.39,558.14,555.19,557.01,1425.489,15
2026-06-26 03:30:00,557.0,559.37,555.99,559.03,1678.274,15
2026-06-26 03:45:00,559.04,563.63,558.97,562.99,2736.279,15
2026-06-26 04:00:00,562.99,563.14,561.62,561.71,1542.508,15
2026-06-26 04:15:00,561.71,563.31,560.56,561.07,1129.715,15
2026-06-26 04:30:00,561.07,561.28,560.27,560.91,1280.0819999999999,15
2026-06-26 04:45:00,560.92,560.96,559.52,560.28,1346.893,15
2026-06-26 05:00:00,560.29,560.74,559.72,560.45,1392.868,15
2026-06-26 05:15:00,560.45,561.28,559.19,560.58,1899.875,15
2026-06-26 05:30:00,560.57,561.83,560.27,560.53,1815.589,15
2026-06-26 05:45:00,560.54,561.45,559.91,561.09,1642.2269999999999,15
2026-06-26 06:00:00,561.1,561.1,559.06,559.07,863.713,15
2026-06-26 06:15:00,559.06,562.9,559.04,562.33,1453.566,15
2026-06-26 06:30:00,562.33,564.46,561.26,564.36,2070.627,15
2026-06-26 06:45:00,564.37,565.32,563.42,564.14,2350.835,15
2026-06-26 07:00:00,564.14,567.94,564.1,567.59,5752.85,15
2026-06-26 07:15:00,567.59,569.33,566.51,568.57,2254.857,15
2026-06-26 07:30:00,568.58,570.23,568.44,568.96,1865.504,15
2026-06-26 07:45:00,568.97,570.34,568.32,569.48,2040.425,15
2026-06-26 08:00:00,569.49,569.96,566.99,567.09,2383.117,15
2026-06-26 08:15:00,567.09,568.67,567.03,568.05,1188.0910000000001,15
2026-06-26 08:30:00,568.05,569.2,566.7,568.45,1820.051,15
2026-06-26 08:45:00,568.45,569.13,567.55,568.58,1500.484,15
2026-06-26 09:00:00,568.58,568.68,567.25,568.06,1660.331,15
2026-06-26 09:15:00,568.06,568.25,567.02,567.34,1582.734,15
2026-06-26 09:30:00,567.34,567.57,566.43,566.92,2401.782,15
2026-06-26 09:45:00,566.91,567.28,563.43,564.21,3230.669,15
2026-06-26 10:00:00,564.21,565.42,563.03,564.76,3151.486,15
2026-06-26 10:15:00,564.75,566.27,564.75,565.61,2232.467,15
2026-06-26 10:30:00,565.62,566.49,564.01,565.25,1981.058,15
2026-06-26 10:45:00,565.25,565.59,563.5,564.17,2130.729,15
2026-06-26 11:00:00,564.16,565.64,563.87,564.97,2106.404,15
2026-06-26 11:15:00,564.97,564.97,563.5,563.91,1952.471,15
2026-06-26 11:30:00,563.91,564.78,563.51,563.82,2623.665,15
2026-06-26 11:45:00,563.82,563.82,558.82,558.99,4820.828,15
2026-06-26 12:00:00,558.99,560.55,558.01,558.6,9214.259,15
2026-06-26 12:15:00,558.61,560.33,558.48,559.47,3178.962,15
2026-06-26 12:30:00,559.47,561.41,554.36,555.2,3417.328,15
2026-06-26 12:45:00,555.19,558.0,554.66,556.27,2206.332,15
2026-06-26 13:00:00,556.27,557.08,554.46,555.68,1676.549,15
2026-06-26 13:15:00,555.68,556.13,551.92,555.93,2708.797,15
2026-06-26 13:30:00,555.93,559.55,554.89,559.46,2594.929,15
2026-06-26 13:45:00,559.45,564.21,558.27,563.88,4081.921,15
2026-06-26 14:00:00,563.9,564.52,560.81,561.15,4144.527,15
2026-06-26 14:15:00,561.15,564.9,559.97,563.64,3443.337,15
2026-06-26 14:30:00,563.64,563.95,559.65,560.33,3312.343,15
2026-06-26 14:45:00,560.33,562.79,559.15,559.8,1543.598,15
2026-06-26 15:00:00,559.81,563.51,559.6,561.3,1827.737,15
2026-06-26 15:15:00,561.29,565.8,561.06,564.89,2248.185,15
2026-06-26 15:30:00,564.89,567.2,564.4,566.83,2122.321,15
2026-06-26 15:45:00,566.84,567.0,563.69,565.28,2903.949,15
2026-06-26 16:00:00,565.28,567.61,564.44,564.53,1558.938,15
2026-06-26 16:15:00,564.53,565.16,562.77,564.78,2202.064,15
2026-06-26 16:30:00,564.78,568.98,564.78,566.54,3517.512,15
2026-06-26 16:45:00,566.55,567.41,566.35,566.83,1726.407,15
2026-06-26 17:00:00,566.83,568.0,566.49,567.52,1214.38,15
2026-06-26 17:15:00,567.52,567.59,566.24,567.29,919.64,15
2026-06-26 17:30:00,567.28,568.32,566.21,567.7,1092.849,15
2026-06-26 17:45:00,567.7,568.25,567.06,567.45,830.186,15
2026-06-26 18:00:00,567.45,568.57,567.37,567.95,1221.434,15
2026-06-26 18:15:00,567.95,568.26,566.28,566.52,1035.235,15
2026-06-26 18:30:00,566.53,566.97,565.5,566.03,628.892,15
2026-06-26 18:45:00,566.02,566.02,564.8,565.3,445.44,15
2026-06-26 19:00:00,565.3,568.68,564.85,567.25,1163.797,15
2026-06-26 19:15:00,567.25,567.25,565.23,566.56,1185.284,15
2026-06-26 19:30:00,566.57,568.1,566.57,567.64,525.669,15
2026-06-26 19:45:00,567.64,568.06,565.61,565.82,898.4739999999999,15
2026-06-26 20:00:00,565.85,568.59,565.76,566.4,1275.475,15
2026-06-26 20:15:00,566.4,567.19,566.21,567.09,313.263,15
2026-06-26 20:30:00,567.1,567.1,564.67,565.2,868.114,15
2026-06-26 20:45:00,565.2,565.89,564.63,565.05,414.881,15
2026-06-26 21:00:00,565.06,565.71,564.46,565.62,307.336,15
2026-06-26 21:15:00,565.63,566.22,565.29,566.19,139.827,15
2026-06-26 21:30:00,566.18,568.09,566.15,568.01,629.9770000000001,15
2026-06-26 21:45:00,568.02,568.26,567.7,568.0,1088.987,15
2026-06-26 22:00:00,568.01,568.2,565.72,567.91,896.49,15
2026-06-26 22:15:00,567.9,568.13,567.34,567.55,616.426,15
2026-06-26 22:30:00,567.55,568.22,567.22,568.0,350.644,15
2026-06-26 22:45:00,568.01,568.5,567.5,568.23,290.199,15
2026-06-26 23:00:00,568.23,568.68,568.13,568.57,389.53999999999996,15
2026-06-26 23:15:00,568.58,568.64,567.23,567.23,712.734,15
2026-06-26 23:30:00,567.23,568.08,567.12,568.0,226.387,15
2026-06-26 23:45:00,568.0,568.21,567.45,567.64,168.706,15
2026-06-27 00:00:00,567.65,568.66,567.63,568.2,615.723,15
2026-06-27 00:15:00,568.19,568.28,567.0,567.16,354.029,15
2026-06-27 00:30:00,567.16,567.17,565.8,566.41,552.101,15
2026-06-27 00:45:00,566.42,567.73,566.18,567.72,387.48400000000004,15
2026-06-27 01:00:00,567.72,567.75,566.57,566.57,270.031,15
2026-06-27 01:15:00,566.57,566.79,566.19,566.42,504.598,15
2026-06-27 01:30:00,566.42,566.52,565.75,566.29,373.444,15
2026-06-27 01:45:00,566.29,566.66,565.62,565.76,518.646,15
2026-06-27 02:00:00,565.75,566.74,565.23,566.66,719.479,15
2026-06-27 02:15:00,566.66,567.99,566.39,567.37,941.135,15
2026-06-27 02:30:00,567.37,568.29,566.82,568.17,1728.773,15
2026-06-27 02:45:00,568.18,568.44,567.83,567.88,630.8870000000001,15
2026-06-27 03:00:00,567.87,568.12,566.05,566.18,943.506,15
2026-06-27 03:15:00,566.17,567.26,566.04,566.51,469.97,15
2026-06-27 03:30:00,566.52,566.89,566.2,566.61,675.659,15
2026-06-27 03:45:00,566.61,567.2,566.13,566.96,982.723,15
2026-06-27 04:00:00,566.96,567.91,566.82,567.62,793.356,15
2026-06-27 04:15:00,567.61,567.95,566.67,566.68,729.406,15
2026-06-27 04:30:00,566.67,566.68,565.07,565.41,851.769,15
2026-06-27 04:45:00,565.41,565.41,564.34,564.54,808.7950000000001,15
2026-06-27 05:00:00,564.54,566.3,564.52,566.3,3597.576,15
2026-06-27 05:15:00,566.29,566.34,563.93,564.03,1787.558,15
2026-06-27 05:30:00,564.03,564.76,564.02,564.76,582.88,15
2026-06-27 05:45:00,564.76,565.72,564.6,565.46,651.114,15
2026-06-27 06:00:00,565.45,565.54,564.41,564.79,423.71,15
2026-06-27 06:15:00,564.79,565.19,564.42,564.73,463.185,15
2026-06-27 06:30:00,564.72,566.19,564.68,566.19,1108.239,15
2026-06-27 06:45:00,566.19,566.7,565.42,565.43,894.669,15
2026-06-27 07:00:00,565.43,565.69,564.94,565.12,1058.05,15
2026-06-27 07:15:00,565.13,565.78,564.93,565.4,513.374,15
2026-06-27 07:30:00,565.4,565.63,565.12,565.41,586.96,15
2026-06-27 07:45:00,565.41,565.6,565.2,565.53,935.442,15
2026-06-27 08:00:00,565.53,565.72,564.99,565.26,1564.031,15
2026-06-27 08:15:00,565.25,565.53,564.54,564.86,1250.618,15
2026-06-27 08:30:00,564.85,565.09,564.36,564.39,1042.685,15
2026-06-27 08:45:00,564.39,565.57,564.3,565.41,1106.996,15
2026-06-27 09:00:00,565.4,565.69,564.41,564.48,726.4399999999999,15
2026-06-27 09:15:00,564.49,564.84,564.17,564.34,690.426,15
2026-06-27 09:30:00,564.34,564.95,564.33,564.54,478.715,15
2026-06-27 09:45:00,564.54,564.8,564.41,564.63,372.60699999999997,15
2026-06-27 10:00:00,564.62,564.7,563.63,564.49,1834.941,15
2026-06-27 10:15:00,564.49,564.77,564.12,564.14,583.025,15
2026-06-27 10:30:00,564.14,564.46,563.75,564.34,647.649,15
2026-06-27 10:45:00,564.34,564.65,564.19,564.64,763.316,15
2026-06-27 11:00:00,564.64,564.69,563.35,563.7,575.787,15
2026-06-27 11:15:00,563.7,563.71,562.53,562.71,522.876,15
2026-06-27 11:30:00,562.71,563.09,562.57,562.73,596.785,15
2026-06-27 11:45:00,562.74,563.7,562.73,563.16,451.138,15
2026-06-27 12:00:00,563.16,563.17,562.47,562.83,411.741,15
2026-06-27 12:15:00,562.83,563.58,562.82,563.36,552.355,15
2026-06-27 12:30:00,563.35,564.04,563.26,563.71,391.245,15
2026-06-27 12:45:00,563.72,564.67,563.48,564.3,514.057,15
2026-06-27 13:00:00,564.29,564.77,564.12,564.36,603.098,15
2026-06-27 13:15:00,564.36,564.77,564.0,564.23,508.907,15
2026-06-27 13:30:00,564.23,565.49,563.68,564.93,1197.578,15
2026-06-27 13:45:00,564.93,565.19,563.69,564.18,1603.615,15
2026-06-27 14:00:00,564.18,565.29,563.18,564.93,748.523,15
2026-06-27 14:15:00,564.93,564.93,563.89,564.24,828.588,15
2026-06-27 14:30:00,564.24,564.78,564.08,564.48,1295.975,15
2026-06-27 14:45:00,564.47,565.18,564.3,564.5,758.37,15
2026-06-27 15:00:00,564.5,567.04,564.22,566.54,2530.112,15
2026-06-27 15:15:00,566.55,566.65,565.3,565.94,1208.841,15
2026-06-27 15:30:00,565.95,566.76,565.51,565.81,1140.308,15
2026-06-27 15:45:00,565.81,565.81,565.05,565.46,749.468,15
2026-06-27 16:00:00,565.47,565.94,565.13,565.14,1092.425,15
2026-06-27 16:15:00,565.14,565.72,565.0,565.72,1114.198,15
2026-06-27 16:30:00,565.72,566.6,565.51,566.27,447.794,15
2026-06-27 16:45:00,566.28,566.58,566.0,566.51,268.222,15
2026-06-27 17:00:00,566.5,566.76,563.95,564.47,2339.2889999999998,15
2026-06-27 17:15:00,564.47,564.8,563.95,564.36,385.25899999999996,15
2026-06-27 17:30:00,564.35,564.66,563.82,564.32,653.755,15
2026-06-27 17:45:00,564.33,564.33,563.29,563.3,440.75600000000003,15
2026-06-27 18:00:00,563.3,563.51,562.68,563.25,352.692,15
2026-06-27 18:15:00,563.25,563.4,562.21,562.66,430.504,15
2026-06-27 18:30:00,562.65,562.92,562.05,562.17,586.947,15
2026-06-27 18:45:00,562.17,562.59,561.8,562.24,792.931,15
2026-06-27 19:00:00,562.24,562.9,562.23,562.4,269.214,15
2026-06-27 19:15:00,562.4,562.4,559.72,560.54,1391.259,15
2026-06-27 19:30:00,560.54,560.58,557.95,559.2,1207.8519999999999,15
2026-06-27 19:45:00,559.21,559.72,559.0,559.12,369.976,15
2026-06-27 20:00:00,559.11,559.99,559.03,559.62,304.553,15
2026-06-27 20:15:00,559.61,559.98,559.49,559.69,985.6310000000001,15
2026-06-27 20:30:00,559.7,559.92,559.37,559.38,276.652,15
2026-06-27 20:45:00,559.38,559.89,559.22,559.73,451.135,15
2026-06-27 21:00:00,559.75,563.28,559.47,562.3,3317.9069999999997,15
2026-06-27 21:15:00,562.3,562.65,561.96,562.33,469.515,15
2026-06-27 21:30:00,562.34,562.47,558.54,558.84,849.8989999999999,15
2026-06-27 21:45:00,558.84,559.03,556.25,557.41,1158.549,15
2026-06-27 22:00:00,557.4,557.46,556.36,556.72,894.918,15
2026-06-27 22:15:00,556.72,557.76,554.53,557.66,3374.8089999999997,15
2026-06-27 22:30:00,557.66,559.0,557.57,558.19,406.118,15
2026-06-27 22:45:00,558.18,559.07,558.1,559.0,951.5160000000001,15
2026-06-27 23:00:00,558.99,559.12,557.36,557.36,438.354,15
2026-06-27 23:15:00,557.35,557.94,556.98,557.35,203.013,15
2026-06-27 23:30:00,557.32,557.9,557.03,557.77,232.088,15
2026-06-27 23:45:00,557.76,557.76,557.03,557.2,249.09300000000002,15
2026-06-28 00:00:00,557.19,557.71,556.85,557.49,492.439,15
2026-06-28 00:15:00,557.49,558.43,557.49,558.22,360.291,15
2026-06-28 00:30:00,558.21,558.48,557.53,558.1,499.343,15
2026-06-28 00:45:00,558.1,558.22,557.6,557.87,376.497,15
2026-06-28 01:00:00,557.88,557.88,556.46,556.86,468.572,15
2026-06-28 01:15:00,556.86,557.94,556.66,557.37,346.318,15
2026-06-28 01:30:00,557.38,558.31,557.2,558.12,290.341,15
2026-06-28 01:45:00,558.13,558.29,557.79,558.03,265.827,15
2026-06-28 02:00:00,558.03,558.71,558.03,558.56,293.463,15
2026-06-28 02:15:00,558.57,558.8,556.78,557.26,507.861,15
2026-06-28 02:30:00,557.27,557.97,557.16,557.77,715.6070000000001,15
2026-06-28 02:45:00,557.77,558.04,557.56,557.57,194.639,15
2026-06-28 03:00:00,557.56,558.85,557.56,558.71,163.704,15
2026-06-28 03:15:00,558.72,558.81,558.18,558.57,315.211,15
2026-06-28 03:30:00,558.57,558.84,558.43,558.78,379.834,15
2026-06-28 03:45:00,558.78,558.83,558.19,558.74,197.315,15
2026-06-28 04:00:00,558.74,558.74,558.0,558.44,310.581,15
2026-06-28 04:15:00,558.45,558.64,557.86,557.86,381.099,15
2026-06-28 04:30:00,557.87,557.87,556.92,557.34,393.919,15
2026-06-28 04:45:00,557.35,557.64,556.78,556.92,289.082,15
2026-06-28 05:00:00,556.92,557.1,555.64,556.6,444.796,15
2026-06-28 05:15:00,556.61,557.3,555.02,555.15,758.243,15
2026-06-28 05:30:00,555.15,556.14,554.66,555.77,782.165,15
2026-06-28 05:45:00,555.78,556.37,555.74,556.05,532.236,15
2026-06-28 06:00:00,556.06,556.37,554.15,554.25,493.808,15
2026-06-28 06:15:00,554.25,555.29,554.03,555.03,552.044,15
2026-06-28 06:30:00,555.03,555.35,554.5,554.71,879.846,15
2026-06-28 06:45:00,554.7,555.7,554.51,554.94,876.926,15
2026-06-28 07:00:00,554.94,556.8,554.93,556.22,578.884,15
2026-06-28 07:15:00,556.22,556.22,555.45,555.53,376.31600000000003,15
2026-06-28 07:30:00,555.54,556.7,555.35,556.4,512.799,15
2026-06-28 07:45:00,556.39,556.77,556.17,556.45,604.334,15
2026-06-28 08:00:00,556.46,556.9,555.3,555.68,443.38800000000003,15
2026-06-28 08:15:00,555.68,556.3,555.4,555.78,500.465,15
2026-06-28 08:30:00,555.79,558.89,555.75,558.08,1217.8120000000001,15
2026-06-28 08:45:00,558.08,558.66,557.22,557.37,607.259,15
2026-06-28 09:00:00,557.4,558.03,556.48,557.24,1692.914,15
2026-06-28 09:15:00,557.24,557.34,556.75,556.82,935.013,15
2026-06-28 09:30:00,556.83,557.21,556.64,557.03,544.487,15
2026-06-28 09:45:00,557.03,557.21,555.16,555.25,729.096,15
2026-06-28 10:00:00,555.26,556.24,555.05,555.99,624.421,15
2026-06-28 10:15:00,555.98,555.98,554.35,554.91,763.643,15
2026-06-28 10:30:00,554.92,555.3,554.6,554.91,477.262,15
2026-06-28 10:45:00,554.92,555.52,554.92,555.16,520.2529999999999,15
2026-06-28 11:00:00,555.17,556.15,555.02,555.17,450.706,15
2026-06-28 11:15:00,555.17,556.65,555.1,556.21,475.18600000000004,15
2026-06-28 11:30:00,556.2,556.46,555.63,556.32,1456.247,15
2026-06-28 11:45:00,556.33,557.41,555.94,557.29,3333.704,15
2026-06-28 12:00:00,557.29,557.4,556.19,556.51,640.015,15
2026-06-28 12:15:00,556.52,557.15,555.51,557.12,637.462,15
2026-06-28 12:30:00,557.11,558.0,555.5,555.79,733.261,15
2026-06-28 12:45:00,555.8,556.92,555.79,556.63,730.262,15
2026-06-28 13:00:00,556.63,556.71,554.14,555.15,1454.4070000000002,15
2026-06-28 13:15:00,555.16,555.69,554.85,555.07,438.413,15
2026-06-28 13:30:00,555.08,556.53,554.79,556.39,496.887,15
2026-06-28 13:45:00,556.39,556.53,555.09,555.28,531.625,15
2026-06-28 14:00:00,555.28,556.5,555.08,556.03,829.487,15
2026-06-28 14:15:00,556.03,557.09,555.01,555.6,657.638,15
2026-06-28 14:30:00,555.6,556.23,555.0,555.12,727.85,15
2026-06-28 14:45:00,555.12,556.23,554.94,554.95,455.981,15
2026-06-28 15:00:00,554.95,555.97,554.3,555.46,679.158,15
2026-06-28 15:15:00,555.46,556.09,554.91,555.15,442.568,15
2026-06-28 15:30:00,555.15,556.0,554.32,555.02,741.507,15
2026-06-28 15:45:00,555.01,555.05,553.8,554.55,824.031,15
2026-06-28 16:00:00,554.56,554.84,554.03,554.08,438.536,15
2026-06-28 16:15:00,554.08,554.81,552.6,553.32,1241.547,15
2026-06-28 16:30:00,553.33,553.54,551.56,551.7,1087.749,15
2026-06-28 16:45:00,551.7,552.79,551.48,552.42,453.66299999999995,15
2026-06-28 17:00:00,552.42,553.43,551.01,551.56,975.645,15
2026-06-28 17:15:00,551.56,552.18,550.56,550.7,1157.387,15
2026-06-28 17:30:00,550.7,551.34,550.0,550.91,1091.236,15
2026-06-28 17:45:00,550.9,552.46,550.85,551.98,722.048,15
2026-06-28 18:00:00,551.98,552.48,551.67,551.76,432.515,15
2026-06-28 18:15:00,551.77,552.53,551.32,551.7,463.759,15
2026-06-28 18:30:00,551.7,552.7,551.68,552.37,834.809,15
2026-06-28 18:45:00,552.37,553.94,552.07,553.86,583.41,15
2026-06-28 19:00:00,553.86,553.86,552.22,552.33,699.285,15
2026-06-28 19:15:00,552.34,552.55,550.13,550.34,1827.537,15
2026-06-28 19:30:00,550.33,551.58,548.48,548.74,2739.223,15
2026-06-28 19:45:00,548.74,548.79,547.23,548.45,2555.852,15
2026-06-28 20:00:00,548.44,554.15,548.33,553.24,3355.2780000000002,15
2026-06-28 20:15:00,553.23,555.28,550.95,551.15,3636.372,15
2026-06-28 20:30:00,551.15,551.22,549.75,550.01,1670.432,15
2026-06-28 20:45:00,550.01,550.38,549.53,550.1,591.289,15
2026-06-28 21:00:00,550.1,550.86,549.87,550.56,381.402,15
2026-06-28 21:15:00,550.55,551.02,550.11,550.77,301.65,15
2026-06-28 21:30:00,550.78,551.67,550.66,551.16,288.899,15
2026-06-28 21:45:00,551.17,551.33,548.44,548.94,396.35699999999997,15
2026-06-28 22:00:00,548.94,553.13,548.94,550.95,1001.411,15
2026-06-28 22:15:00,550.93,550.95,547.58,549.38,621.457,15
2026-06-28 22:30:00,549.39,550.96,548.26,548.48,1711.993,15
2026-06-28 22:45:00,548.49,548.91,545.62,547.29,1685.345,15
2026-06-28 23:00:00,547.28,549.63,546.9,548.51,685.7869999999999,15
2026-06-28 23:15:00,548.51,550.86,548.19,550.46,592.0260000000001,15
2026-06-28 23:30:00,550.46,553.26,550.32,552.12,1249.095,15
2026-06-28 23:45:00,552.11,552.33,551.02,551.07,968.115,15
2026-06-29 00:00:00,551.07,552.79,549.79,551.83,734.6959999999999,15
2026-06-29 00:15:00,551.83,551.99,548.84,548.84,507.015,15
2026-06-29 00:30:00,548.85,550.72,546.67,550.52,1248.721,15
2026-06-29 00:45:00,550.52,553.09,549.01,552.84,673.86,15
2026-06-29 01:00:00,552.83,552.96,551.25,551.51,669.267,15
2026-06-29 01:15:00,551.51,551.87,549.64,550.36,445.619,15
2026-06-29 01:30:00,550.36,552.66,549.75,552.24,724.7379999999999,15
2026-06-29 01:45:00,552.24,553.07,551.89,552.27,523.024,15
2026-06-29 02:00:00,552.28,552.9,547.42,548.04,862.141,15
2026-06-29 02:15:00,548.05,552.79,547.74,552.57,788.649,15
2026-06-29 02:30:00,552.6,554.35,552.03,554.03,774.027,15
2026-06-29 02:45:00,554.03,554.8,553.35,553.78,872.653,15
2026-06-29 03:00:00,553.78,556.5,553.78,555.44,2235.6710000000003,15
2026-06-29 03:15:00,555.44,556.69,555.06,556.21,622.486,15
2026-06-29 03:30:00,556.21,556.38,553.69,553.9,637.75,15
2026-06-29 03:45:00,553.89,555.36,553.55,555.19,597.311,15
2026-06-29 04:00:00,555.2,555.26,552.68,552.93,771.783,15
2026-06-29 04:15:00,552.93,553.39,552.28,552.9,648.75,15
2026-06-29 04:30:00,552.91,553.19,551.2,551.87,726.248,15
2026-06-29 04:45:00,551.87,552.17,550.91,551.33,493.431,15
2026-06-29 05:00:00,551.33,551.57,548.37,549.64,1471.2450000000001,15
2026-06-29 05:15:00,549.64,550.59,549.48,550.03,610.926,15
2026-06-29 05:30:00,550.04,551.63,549.58,551.57,812.411,15
2026-06-29 05:45:00,551.56,553.33,551.5,553.33,924.697,15
2026-06-29 06:00:00,553.33,554.41,553.04,553.99,1373.61,15
2026-06-29 06:15:00,553.99,555.53,553.69,554.58,1263.568,15
2026-06-29 06:30:00,554.59,554.7,553.12,553.31,720.8679999999999,15
2026-06-29 06:45:00,553.31,554.0,553.01,554.0,979.811,15
2026-06-29 07:00:00,554.0,554.11,552.73,553.68,1144.467,15
2026-06-29 07:15:00,553.69,554.66,553.0,554.06,951.981,15
2026-06-29 07:30:00,554.06,554.34,553.32,553.37,976.674,15
2026-06-29 07:45:00,553.36,554.47,553.28,553.6,485.741,15
2026-06-29 08:00:00,553.6,554.13,552.9,553.54,700.422,15
2026-06-29 08:15:00,553.54,554.48,552.08,552.29,1243.664,15
2026-06-29 08:30:00,552.29,553.3,551.52,552.77,1268.541,15
2026-06-29 08:45:00,552.76,553.85,552.67,552.94,801.135,15
2026-06-29 09:00:00,552.95,553.36,552.54,553.23,689.454,15
2026-06-29 09:15:00,553.22,554.62,552.32,553.68,2269.431,15
2026-06-29 09:30:00,553.69,554.05,552.59,552.91,1330.153,15
2026-06-29 09:45:00,552.92,553.82,552.48,553.6,743.125,15
2026-06-29 10:00:00,553.59,555.78,553.55,555.05,935.769,15
2026-06-29 10:15:00,555.06,555.59,554.52,554.99,885.046,15
2026-06-29 10:30:00,554.98,554.99,553.67,553.88,1050.227,15
2026-06-29 10:45:00,553.88,554.64,553.51,553.8,640.971,15
2026-06-29 11:00:00,553.81,553.98,552.36,552.38,532.228,15
2026-06-29 11:15:00,552.37,552.48,551.51,552.33,865.385,15
2026-06-29 11:30:00,552.33,554.69,550.88,551.3,1761.598,15
2026-06-29 11:45:00,551.31,552.03,550.51,551.87,739.523,15
2026-06-29 12:00:00,551.86,558.12,549.68,557.58,3724.804,15
2026-06-29 12:15:00,557.59,558.42,556.11,556.63,1267.707,15
2026-06-29 12:30:00,556.63,556.89,552.59,553.48,1519.437,15
2026-06-29 12:45:00,553.48,554.25,552.17,553.3,795.865,15
2026-06-29 13:00:00,553.3,555.94,553.3,555.13,1209.192,15
2026-06-29 13:15:00,555.13,555.92,553.2,553.26,1383.333,15
2026-06-29 13:30:00,553.25,555.46,550.01,550.22,2443.551,15
2026-06-29 13:45:00,550.22,551.28,549.0,550.7,2548.498,15
2026-06-29 14:00:00,550.71,550.88,546.79,547.21,2674.668,15
2026-06-29 14:15:00,547.2,550.46,546.17,550.19,2774.516,15
2026-06-29 14:30:00,550.19,552.04,548.62,549.12,1323.256,15
2026-06-29 14:45:00,549.1,551.61,548.52,550.98,957.7710000000001,15
2026-06-29 15:00:00,551.0,551.0,547.5,548.5,1165.907,15
2026-06-29 15:15:00,548.5,550.7,547.72,550.67,796.935,15
2026-06-29 15:30:00,550.68,552.33,550.51,551.8,1106.44,15
2026-06-29 15:45:00,551.81,552.62,551.34,551.97,1076.741,15
2026-06-29 16:00:00,551.97,552.8,551.58,551.92,1518.267,15
2026-06-29 16:15:00,551.92,552.53,550.34,550.57,318.232,15
2026-06-29 16:30:00,550.58,553.96,550.57,553.65,915.8910000000001,15
2026-06-29 16:45:00,553.66,559.04,553.3,556.15,12183.917,15
2026-06-29 17:00:00,556.15,560.95,556.05,560.14,2305.161,15
2026-06-29 17:15:00,560.15,562.21,559.68,561.37,2336.686,15
2026-06-29 17:30:00,561.37,562.34,560.1,562.06,1628.931,15
2026-06-29 17:45:00,562.06,562.96,560.85,561.12,1386.57,15
2026-06-29 18:00:00,561.13,562.38,560.34,562.36,1149.57,15
2026-06-29 18:15:00,562.36,562.4,560.55,560.59,435.853,15
2026-06-29 18:30:00,560.59,561.7,560.34,561.48,582.798,15
2026-06-29 18:45:00,561.5,561.6,560.42,561.14,542.471,15
2026-06-29 19:00:00,561.14,561.18,559.94,560.11,763.074,15
2026-06-29 19:15:00,560.1,562.45,559.97,562.16,429.57800000000003,15
2026-06-29 19:30:00,562.15,562.18,561.0,561.82,448.36199999999997,15
2026-06-29 19:45:00,561.81,563.16,561.21,561.78,2016.2730000000001,15
2026-06-29 20:00:00,561.78,562.21,561.33,562.04,463.479,15
2026-06-29 20:15:00,562.04,562.04,560.99,561.2,425.688,15
2026-06-29 20:30:00,561.21,561.7,560.89,560.89,411.199,15
2026-06-29 20:45:00,560.9,560.9,559.98,560.08,545.399,15
2026-06-29 21:00:00,560.08,560.93,559.42,560.7,1127.876,15
2026-06-29 21:15:00,560.69,560.69,559.8,560.19,252.307,15
2026-06-29 21:30:00,560.19,561.21,560.19,561.17,449.32,15
2026-06-29 21:45:00,561.18,561.84,560.91,561.2,202.207,15
2026-06-29 22:00:00,561.2,561.77,560.7,561.55,287.371,15
2026-06-29 22:15:00,561.56,561.88,560.86,561.13,402.219,15
2026-06-29 22:30:00,561.13,561.2,560.49,561.18,350.911,15
2026-06-29 22:45:00,561.18,561.18,560.01,560.12,357.629,15
2026-06-29 23:00:00,560.12,560.55,560.09,560.28,262.997,15
2026-06-29 23:15:00,560.28,560.34,559.32,559.5,296.172,15
2026-06-29 23:30:00,559.51,560.19,559.3,559.84,212.54399999999998,15
2026-06-29 23:45:00,559.83,560.1,559.28,559.52,286.04,15
2026-06-30 00:00:00,559.51,560.4,559.25,560.02,572.668,15
2026-06-30 00:15:00,560.02,560.22,557.37,557.38,774.1220000000001,15
2026-06-30 00:30:00,557.37,557.38,555.27,556.29,835.448,15
2026-06-30 00:45:00,556.3,556.81,555.55,555.71,657.845,15
2026-06-30 01:00:00,555.72,556.31,555.0,555.3,826.626,15
2026-06-30 01:15:00,555.3,557.07,555.18,556.98,397.178,15
2026-06-30 01:30:00,556.99,557.16,555.0,555.31,654.182,15
2026-06-30 01:45:00,555.31,555.89,555.2,555.8,387.464,15
2026-06-30 02:00:00,555.8,555.83,554.67,554.76,776.063,15
2026-06-30 02:15:00,554.76,556.21,554.53,556.08,336.832,15
2026-06-30 02:30:00,556.07,556.81,555.74,556.8,494.627,15
2026-06-30 02:45:00,556.81,557.38,556.56,556.59,560.046,15
2026-06-30 03:00:00,556.59,556.91,556.31,556.51,1123.893,15
2026-06-30 03:15:00,556.52,556.91,554.76,555.17,1719.286,15
2026-06-30 03:30:00,555.16,555.44,554.5,554.78,2117.505,15
2026-06-30 03:45:00,554.78,554.93,553.76,553.77,1450.108,15
2026-06-30 04:00:00,553.76,553.99,551.62,553.6,1467.367,15
2026-06-30 04:15:00,553.6,553.99,553.0,553.79,1095.718,15
2026-06-30 04:30:00,553.8,554.73,553.32,553.66,700.163,15
2026-06-30 04:45:00,553.66,553.67,552.79,553.17,415.925,15
2026-06-30 05:00:00,553.17,553.4,552.46,553.05,557.719,15
2026-06-30 05:15:00,553.06,553.06,552.0,552.57,1915.7530000000002,15
2026-06-30 05:30:00,552.57,553.22,552.13,552.84,1490.999,15
2026-06-30 05:45:00,552.83,554.14,552.83,554.12,733.352,15
2026-06-30 06:00:00,554.13,554.19,552.72,553.02,610.849,15
2026-06-30 06:15:00,553.02,553.92,552.48,553.86,703.323,15
2026-06-30 06:30:00,553.85,553.94,553.19,553.33,445.326,15
2026-06-30 06:45:00,553.32,553.72,553.2,553.3,354.11400000000003,15
2026-06-30 07:00:00,553.31,553.59,551.83,552.25,771.511,15
2026-06-30 07:15:00,552.24,552.82,552.08,552.1,513.195,15
2026-06-30 07:30:00,552.09,552.78,552.08,552.22,521.234,15
2026-06-30 07:45:00,552.22,552.72,552.0,552.42,743.1759999999999,15
2026-06-30 08:00:00,552.42,553.06,551.74,551.74,728.284,15
2026-06-30 08:15:00,551.74,551.75,551.12,551.64,879.713,15
2026-06-30 08:30:00,551.64,551.69,549.53,550.58,2286.3689999999997,15
2026-06-30 08:45:00,550.57,550.86,549.6,550.16,1540.817,15
2026-06-30 09:00:00,550.16,550.57,549.65,550.0,1350.92,15
2026-06-30 09:15:00,550.01,551.37,549.83,550.93,1241.6390000000001,15
2026-06-30 09:30:00,550.93,550.94,549.14,549.51,6297.4349999999995,15
2026-06-30 09:45:00,549.51,549.99,549.4,549.83,662.224,15
2026-06-30 10:00:00,549.83,550.27,549.18,550.27,2299.8219999999997,15
2026-06-30 10:15:00,550.26,550.6,549.71,549.96,784.084,15
2026-06-30 10:30:00,549.96,549.96,549.16,549.59,586.9449999999999,15
2026-06-30 10:45:00,549.58,549.8,549.24,549.45,586.573,15
2026-06-30 11:00:00,549.44,549.59,548.95,549.54,1158.1850000000002,15
2026-06-30 11:15:00,549.54,549.6,548.0,548.01,877.399,15
2026-06-30 11:30:00,548.02,548.25,547.0,548.21,1242.285,15
2026-06-30 11:45:00,548.21,548.7,547.02,547.7,777.863,15
2026-06-30 12:00:00,547.71,547.71,546.58,547.24,1122.269,15
2026-06-30 12:15:00,547.24,547.77,545.09,546.21,2417.805,15
2026-06-30 12:30:00,546.2,546.39,545.37,545.95,1026.916,15
2026-06-30 12:45:00,545.95,546.09,543.79,543.8,6074.259,15
2026-06-30 13:00:00,543.8,546.35,543.68,545.9,2132.054,15
2026-06-30 13:15:00,545.9,546.76,545.69,545.93,1026.835,15
2026-06-30 13:30:00,545.94,548.12,544.33,546.59,1865.675,15
2026-06-30 13:45:00,546.58,548.8,545.75,548.56,2168.4880000000003,15
2026-06-30 14:00:00,548.56,551.56,548.1,549.65,1853.792,15
2026-06-30 14:15:00,549.65,550.93,549.0,550.26,851.954,15
2026-06-30 14:30:00,550.29,550.57,546.92,548.73,2844.281,15
2026-06-30 14:45:00,548.74,548.74,544.94,545.57,2902.84,15
2026-06-30 15:00:00,545.57,546.55,544.0,545.31,1621.537,15
2026-06-30 15:15:00,545.31,545.74,543.68,545.01,2025.165,15
2026-06-30 15:30:00,545.01,545.76,544.55,545.28,872.575,15
2026-06-30 15:45:00,545.28,547.49,544.8,544.96,1043.554,15
2026-06-30 16:00:00,544.96,547.0,544.86,545.58,1647.094,15
2026-06-30 16:15:00,545.59,546.43,545.18,545.68,1179.926,15
2026-06-30 16:30:00,545.69,546.8,545.12,545.63,706.6370000000001,15
2026-06-30 16:45:00,545.63,547.94,545.62,546.76,999.187,15
2026-06-30 17:00:00,546.76,548.66,546.44,546.78,1558.035,15
2026-06-30 17:15:00,546.79,547.46,546.35,546.7,713.216,15
2026-06-30 17:30:00,546.7,547.12,546.12,546.34,529.843,15
2026-06-30 17:45:00,546.33,547.45,545.87,546.82,620.797,15
2026-06-30 18:00:00,546.83,547.23,545.95,546.92,593.619,15
2026-06-30 18:15:00,546.92,548.55,546.13,546.62,429.368,15
2026-06-30 18:30:00,546.61,546.86,545.52,545.99,769.425,15
2026-06-30 18:45:00,546.0,547.37,545.73,546.94,1145.6209999999999,15
2026-06-30 19:00:00,546.94,547.29,546.17,546.49,296.472,15
2026-06-30 19:15:00,546.5,547.28,545.88,547.28,404.226,15
2026-06-30 19:30:00,547.27,547.86,547.13,547.78,379.956,15
2026-06-30 19:45:00,547.78,547.92,546.94,547.4,765.306,15
2026-06-30 20:00:00,547.38,547.7,546.6,547.45,874.087,15
2026-06-30 20:15:00,547.46,547.46,545.85,545.99,945.919,15
2026-06-30 20:30:00,545.99,546.0,545.28,545.28,823.419,15
2026-06-30 20:45:00,545.29,546.28,545.22,545.52,1119.06,15
2026-06-30 21:00:00,545.52,545.82,544.13,544.42,1237.512,15
2026-06-30 21:15:00,544.41,545.09,544.35,544.86,685.462,15
2026-06-30 21:30:00,544.85,545.42,544.22,544.32,614.333,15
2026-06-30 21:45:00,544.32,545.14,544.21,545.02,415.389,15
2026-06-30 22:00:00,545.03,545.94,544.83,545.4,546.463,15
2026-06-30 22:15:00,545.39,545.97,545.2,545.26,437.171,15
2026-06-30 22:30:00,545.25,545.25,544.41,544.94,396.258,15
2026-06-30 22:45:00,544.94,545.85,544.8,544.87,1914.924,15
2026-06-30 23:00:00,544.87,545.76,544.85,545.55,448.276,15
2026-06-30 23:15:00,545.55,546.06,545.49,545.62,291.802,15
2026-06-30 23:30:00,545.62,545.83,545.17,545.78,371.14,15
2026-06-30 23:45:00,545.79,546.8,545.78,546.52,581.404,15
2026-07-01 00:00:00,546.52,547.05,546.26,546.8,460.461,15
2026-07-01 00:15:00,546.8,548.56,545.25,546.35,3094.2400000000002,15
2026-07-01 00:30:00,546.35,548.0,546.35,547.41,1592.1309999999999,15
2026-07-01 00:45:00,547.41,548.19,547.33,547.86,614.689,15
2026-07-01 01:00:00,547.87,548.0,540.0,543.46,5098.007,15
2026-07-01 01:15:00,543.48,545.67,542.36,544.79,2237.173,15
2026-07-01 01:30:00,544.78,549.76,544.51,549.11,2198.034,15
2026-07-01 01:45:00,549.1,549.63,547.64,547.85,971.0559999999999,15
2026-07-01 02:00:00,547.85,548.64,547.12,548.39,669.429,15
2026-07-01 02:15:00,548.35,550.0,548.01,549.56,2216.246,15
2026-07-01 02:30:00,549.56,550.5,548.81,550.36,2182.271,15
2026-07-01 02:45:00,550.36,550.5,549.07,549.78,877.677,15
2026-07-01 03:00:00,549.78,551.2,549.39,550.14,1182.703,15
2026-07-01 03:15:00,550.14,550.14,548.73,549.43,799.632,15
2026-07-01 03:30:00,549.44,551.96,549.06,550.81,972.831,15
2026-07-01 03:45:00,550.81,552.83,550.77,551.52,1107.661,15
2026-07-01 04:00:00,551.52,551.9,550.74,550.75,1209.829,15
2026-07-01 04:15:00,550.76,551.54,550.67,551.32,424.762,15
2026-07-01 04:30:00,551.31,552.05,550.77,551.95,894.544,15
2026-07-01 04:45:00,551.95,552.65,550.95,551.09,2238.264,15
2026-07-01 05:00:00,551.09,551.64,550.83,551.28,625.682,15
2026-07-01 05:15:00,551.28,551.54,550.12,550.17,358.113,15
2026-07-01 05:30:00,550.17,550.7,549.81,550.7,1052.174,15
2026-07-01 05:45:00,550.7,551.11,550.33,551.01,934.767,15
2026-07-01 06:00:00,551.01,551.12,549.54,549.94,855.381,15
2026-07-01 06:15:00,549.93,549.94,547.64,548.24,1201.6309999999999,15
2026-07-01 06:30:00,548.25,548.77,545.23,546.19,2311.791,15
2026-07-01 06:45:00,546.19,546.19,545.08,545.91,787.167,15
2026-07-01 07:00:00,545.92,546.58,545.22,546.4,1212.813,15
2026-07-01 07:15:00,546.39,547.45,545.9,546.81,602.686,15
2026-07-01 07:30:00,546.82,547.31,546.1,546.73,420.931,15
2026-07-01 07:45:00,546.73,547.74,546.42,546.89,854.846,15
2026-07-01 08:00:00,546.88,547.19,545.69,545.71,1323.496,15
2026-07-01 08:15:00,545.71,545.88,544.51,544.87,1720.159,15
2026-07-01 08:30:00,544.88,545.91,544.06,545.88,1695.9750000000001,15
2026-07-01 08:45:00,545.88,547.31,545.16,547.25,953.698,15
2026-07-01 09:00:00,547.25,547.69,546.52,546.88,1151.366,15
2026-07-01 09:15:00,546.87,547.3,546.5,546.58,887.026,15
2026-07-01 09:30:00,546.57,546.72,545.25,545.66,1564.428,15
2026-07-01 09:45:00,545.66,546.27,544.79,545.26,2004.5729999999999,15
2026-07-01 10:00:00,545.26,545.73,543.82,543.88,1788.305,15
2026-07-01 10:15:00,543.88,544.66,543.36,544.18,1767.6170000000002,15
2026-07-01 10:30:00,544.18,544.18,542.81,543.01,1140.001,15
2026-07-01 10:45:00,543.02,543.58,542.0,542.21,1928.056,15
2026-07-01 11:00:00,542.21,542.21,537.25,540.35,10286.043,15
2026-07-01 11:15:00,540.35,544.44,539.85,543.42,4240.79,15
2026-07-01 11:30:00,543.41,543.72,542.26,542.99,1117.925,15
2026-07-01 11:45:00,542.98,543.23,542.14,542.64,793.63,15
2026-07-01 12:00:00,542.64,543.31,541.32,541.82,1157.958,15
2026-07-01 12:15:00,541.82,543.37,541.82,543.07,879.7510000000001,15
2026-07-01 12:30:00,543.06,543.72,541.56,542.1,1647.758,15
2026-07-01 12:45:00,542.1,542.8,541.4,542.66,1246.9370000000001,15
2026-07-01 13:00:00,542.65,544.27,542.65,543.81,1740.081,15
2026-07-01 13:15:00,543.81,545.14,543.71,544.89,2770.187,15
2026-07-01 13:30:00,544.88,546.75,542.82,546.19,6367.057000000001,15
2026-07-01 13:45:00,546.17,550.74,545.8,549.13,6876.597,15
2026-07-01 14:00:00,549.13,551.4,547.37,551.4,2618.648,15
2026-07-01 14:15:00,551.4,552.53,549.89,550.06,3073.285,15
2026-07-01 14:30:00,550.06,550.39,548.66,549.29,1806.052,15
2026-07-01 14:45:00,549.29,550.41,548.01,549.48,1512.589,15
2026-07-01 15:00:00,549.49,552.22,549.42,551.28,1617.3990000000001,15
2026-07-01 15:15:00,551.28,555.5,550.91,553.39,4342.885,15
2026-07-01 15:30:00,553.38,553.76,552.53,553.44,1849.7559999999999,15
2026-07-01 15:45:00,553.45,555.68,552.82,554.36,4493.401,15
2026-07-01 16:00:00,554.36,554.47,553.14,553.45,2173.7690000000002,15
2026-07-01 16:15:00,553.45,554.96,552.63,553.5,2701.765,15
2026-07-01 16:30:00,553.49,553.66,552.0,552.27,1491.807,15
2026-07-01 16:45:00,552.27,552.27,550.79,551.66,1941.265,15
2026-07-01 17:00:00,551.66,551.84,550.15,551.25,1786.104,15
2026-07-01 17:15:00,551.25,553.78,551.23,553.51,1146.294,15
2026-07-01 17:30:00,553.51,553.73,552.54,553.31,1082.221,15
2026-07-01 17:45:00,553.31,554.47,553.21,554.25,917.417,15
2026-07-01 18:00:00,554.25,554.35,552.87,553.4,604.179,15
2026-07-01 18:15:00,553.4,554.01,552.65,553.69,1139.174,15
2026-07-01 18:30:00,553.68,553.7,552.63,553.7,1276.059,15
2026-07-01 18:45:00,553.7,553.8,552.23,552.92,984.0989999999999,15
2026-07-01 19:00:00,552.92,554.02,552.83,553.61,642.186,15
2026-07-01 19:15:00,553.62,553.97,550.43,550.8,5555.819,15
2026-07-01 19:30:00,550.8,552.0,550.71,551.6,1214.683,15
2026-07-01 19:45:00,551.6,551.81,550.8,551.25,653.262,15
2026-07-01 20:00:00,551.26,551.49,550.58,551.12,425.74,15
2026-07-01 20:15:00,551.11,551.3,550.03,551.07,588.499,15
2026-07-01 20:30:00,551.07,551.59,550.65,551.21,605.152,15
2026-07-01 20:45:00,551.22,552.48,551.21,552.47,405.451,15
2026-07-01 21:00:00,552.48,554.43,552.47,554.2,888.445,15
2026-07-01 21:15:00,554.2,554.79,553.56,554.4,1123.405,15
2026-07-01 21:30:00,554.39,556.6,554.39,556.04,2209.889,15
2026-07-01 21:45:00,556.04,557.12,555.8,556.26,953.913,15
2026-07-01 22:00:00,556.25,556.78,556.0,556.65,807.766,15
2026-07-01 22:15:00,556.64,559.55,555.57,555.57,3766.1620000000003,15
2026-07-01 22:30:00,555.58,556.22,553.77,553.88,1752.6280000000002,15
2026-07-01 22:45:00,553.89,554.27,553.2,553.7,601.702,15
2026-07-01 23:00:00,553.7,553.74,551.94,552.16,731.9300000000001,15
2026-07-01 23:15:00,552.16,552.94,551.6,551.81,326.653,15
2026-07-01 23:30:00,551.81,552.25,550.32,551.1,639.364,15
2026-07-01 23:45:00,551.1,551.24,550.14,550.44,313.319,15
2026-07-02 00:00:00,550.45,550.56,549.0,549.52,940.723,15
2026-07-02 00:15:00,549.52,549.58,547.84,548.02,848.777,15
2026-07-02 00:30:00,548.03,548.07,546.21,546.74,797.703,15
2026-07-02 00:45:00,546.73,548.29,546.73,547.78,560.611,15
2026-07-02 01:00:00,547.79,549.28,547.74,549.2,640.7479999999999,15
2026-07-02 01:15:00,549.2,550.0,548.74,550.0,436.267,15
2026-07-02 01:30:00,550.0,551.84,550.0,550.77,1342.997,15
2026-07-02 01:45:00,550.76,551.4,549.86,550.44,497.617,15
2026-07-02 02:00:00,550.44,550.47,549.0,549.7,1000.154,15
2026-07-02 02:15:00,549.7,550.59,549.7,550.36,724.648,15
2026-07-02 02:30:00,550.37,551.89,550.16,551.4,902.009,15
2026-07-02 02:45:00,551.39,551.89,551.0,551.05,867.892,15
2026-07-02 03:00:00,551.05,551.35,550.55,551.26,699.624,15
2026-07-02 03:15:00,551.26,553.65,550.16,552.66,1747.368,15
2026-07-02 03:30:00,552.65,554.2,552.32,554.06,1022.029,15
2026-07-02 03:45:00,554.07,561.19,553.66,556.94,10260.134,15
2026-07-02 04:00:00,556.93,556.93,554.03,554.15,2691.886,15
2026-07-02 04:15:00,554.14,554.15,552.97,553.26,1033.98,15
2026-07-02 04:30:00,553.25,554.0,552.8,553.99,736.528,15
2026-07-02 04:45:00,554.0,555.0,553.96,554.33,697.003,15
2026-07-02 05:00:00,554.33,554.33,552.8,554.04,2042.34,15
2026-07-02 05:15:00,554.04,554.09,553.59,553.7,975.98,15
2026-07-02 05:30:00,553.7,553.78,551.94,552.5,1667.313,15
2026-07-02 05:45:00,552.51,552.89,551.99,552.09,2083.695,15
2026-07-02 06:00:00,552.09,552.27,550.79,550.98,968.111,15
2026-07-02 06:15:00,550.97,552.15,550.93,551.09,1401.826,15
2026-07-02 06:30:00,551.08,552.17,550.71,550.72,1248.26,15
2026-07-02 06:45:00,550.73,550.73,549.0,549.03,1410.214,15
2026-07-02 07:00:00,549.03,549.99,548.74,549.52,673.656,15
2026-07-02 07:15:00,549.53,549.98,548.77,549.04,566.078,15
2026-07-02 07:30:00,549.04,549.75,548.86,549.04,1209.712,15
2026-07-02 07:45:00,549.05,549.96,549.01,549.4,1353.916,15
2026-07-02 08:00:00,549.4,550.4,549.25,549.77,789.877,15
2026-07-02 08:15:00,549.78,550.94,549.76,550.23,1652.106,15
2026-07-02 08:30:00,550.22,550.95,550.0,550.76,702.134,15
2026-07-02 08:45:00,550.75,551.13,550.47,550.87,502.64799999999997,15
2026-07-02 09:00:00,550.87,550.9,550.16,550.66,502.91,15
2026-07-02 09:15:00,550.66,551.67,550.3,551.62,763.346,15
2026-07-02 09:30:00,551.61,555.99,551.61,554.89,3200.9900000000002,15
2026-07-02 09:45:00,554.9,555.99,553.89,554.56,2650.2309999999998,15
2026-07-02 10:00:00,554.56,555.65,553.87,555.43,3554.34,15
2026-07-02 10:15:00,555.44,556.21,554.63,556.19,1916.209,15
2026-07-02 10:30:00,556.2,556.83,555.5,555.63,1686.214,15
2026-07-02 10:45:00,555.62,556.36,555.39,555.95,3102.507,15
2026-07-02 11:00:00,555.95,557.5,555.64,557.22,2004.2469999999998,15
2026-07-02 11:15:00,557.22,561.73,556.84,561.48,4595.015,15
2026-07-02 11:30:00,561.48,561.48,559.28,559.81,3823.584,15
2026-07-02 11:45:00,559.8,560.95,558.73,559.93,3614.794,15
2026-07-02 12:00:00,559.94,560.61,559.31,560.43,1586.162,15
2026-07-02 12:15:00,560.44,561.69,559.14,561.43,2529.119,15
2026-07-02 12:30:00,561.43,562.8,559.62,560.75,2955.2,15
2026-07-02 12:45:00,560.75,563.3,560.68,563.05,2748.6220000000003,15
2026-07-02 13:00:00,563.05,563.5,561.62,563.01,2910.02,15
2026-07-02 13:15:00,563.0,565.27,562.25,562.64,4115.375,15
2026-07-02 13:30:00,562.64,567.17,561.49,567.07,6911.058,15
2026-07-02 13:45:00,567.06,567.06,563.94,565.15,11106.630000000001,15
2026-07-02 14:00:00,565.15,566.05,563.43,565.17,2830.5550000000003,15
2026-07-02 14:15:00,565.16,566.41,560.4,561.3,4042.981,15
2026-07-02 14:30:00,561.31,562.45,560.02,560.67,2039.503,15
2026-07-02 14:45:00,560.67,562.33,560.5,561.99,1826.733,15
2026-07-02 15:00:00,562.0,562.57,560.33,561.38,1128.278,15
2026-07-02 15:15:00,561.37,563.14,560.61,562.53,833.4159999999999,15
2026-07-02 15:30:00,562.54,563.49,562.14,563.25,781.731,15
2026-07-02 15:45:00,563.25,563.55,561.78,562.54,886.4350000000001,15
2026-07-02 16:00:00,562.54,564.16,561.6,563.2,1057.492,15
2026-07-02 16:15:00,563.2,563.2,559.44,559.74,1295.774,15
2026-07-02 16:30:00,559.75,561.33,559.75,561.05,851.745,15
2026-07-02 16:45:00,561.05,562.73,560.75,561.89,809.227,15
2026-07-02 17:00:00,561.89,562.71,561.42,562.08,634.433,15
2026-07-02 17:15:00,562.08,563.59,561.89,562.77,802.13,15
2026-07-02 17:30:00,562.77,563.11,559.87,562.42,3810.25,15
2026-07-02 17:45:00,562.43,562.43,560.67,560.68,431.644,15
2026-07-02 18:00:00,560.69,561.82,560.66,561.58,439.504,15
2026-07-02 18:15:00,561.58,561.58,560.7,561.49,576.389,15
2026-07-02 18:30:00,561.49,561.63,560.64,560.7,522.211,15
2026-07-02 18:45:00,560.71,561.3,559.88,560.16,296.959,15
2026-07-02 19:00:00,560.16,560.35,559.7,560.3,554.586,15
2026-07-02 19:15:00,560.3,560.3,558.18,558.55,765.162,15
2026-07-02 19:30:00,558.55,559.07,558.0,558.97,665.902,15
2026-07-02 19:45:00,558.98,559.7,558.0,558.14,1236.4399999999998,15
2026-07-02 20:00:00,558.14,558.85,557.87,558.48,436.301,15
2026-07-02 20:15:00,558.47,558.88,557.81,557.83,349.432,15
2026-07-02 20:30:00,557.83,558.27,557.46,557.46,318.0,15
2026-07-02 20:45:00,557.47,558.69,557.39,558.42,638.23,15
2026-07-02 21:00:00,558.42,558.49,557.61,558.16,391.644,15
2026-07-02 21:15:00,558.15,558.41,557.63,558.13,509.028,15
2026-07-02 21:30:00,558.13,558.45,557.4,557.55,814.85,15
2026-07-02 21:45:00,557.55,558.04,557.22,557.52,577.085,15
2026-07-02 22:00:00,557.52,557.82,556.67,556.68,568.811,15
2026-07-02 22:15:00,556.68,557.13,556.16,556.98,1661.156,15
2026-07-02 22:30:00,556.97,557.32,556.64,556.87,465.13599999999997,15
2026-07-02 22:45:00,556.87,558.33,556.52,557.37,518.721,15
2026-07-02 23:00:00,557.36,557.51,556.66,557.49,316.092,15
2026-07-02 23:15:00,557.5,559.13,557.37,558.89,424.46500000000003,15
2026-07-02 23:30:00,558.89,559.6,558.31,558.92,406.979,15
2026-07-02 23:45:00,558.92,559.01,558.5,558.96,828.2669999999999,15
2026-07-03 00:00:00,558.95,559.26,558.27,558.3,1175.436,15
2026-07-03 00:15:00,558.3,558.81,557.43,557.5,1211.935,15
2026-07-03 00:30:00,557.5,558.27,556.99,558.04,716.674,15
2026-07-03 00:45:00,558.05,558.56,557.6,557.69,258.459,15
2026-07-03 01:00:00,557.69,560.84,557.22,560.27,769.5930000000001,15
2026-07-03 01:15:00,560.26,561.0,559.5,560.13,1505.367,15
2026-07-03 01:30:00,560.12,561.94,559.99,561.81,690.183,15
2026-07-03 01:45:00,561.82,562.12,561.29,561.58,1112.335,15
2026-07-03 02:00:00,561.58,562.01,560.55,560.6,583.06,15
2026-07-03 02:15:00,560.59,561.5,560.17,560.17,654.765,15
2026-07-03 02:30:00,560.17,560.98,559.14,560.39,495.109,15
2026-07-03 02:45:00,560.4,561.74,559.69,561.52,732.95,15
2026-07-03 03:00:00,561.52,561.52,559.54,559.55,810.949,15
2026-07-03 03:15:00,559.55,561.78,559.55,561.55,530.564,15
2026-07-03 03:30:00,561.55,561.82,560.14,560.15,382.302,15
2026-07-03 03:45:00,560.15,561.26,560.09,561.03,589.325,15
2026-07-03 04:00:00,561.03,561.45,560.04,561.45,748.258,15
2026-07-03 04:15:00,561.45,561.45,560.33,560.93,540.382,15
2026-07-03 04:30:00,560.94,561.71,560.37,561.28,571.228,15
2026-07-03 04:45:00,561.29,561.55,560.5,560.74,542.905,15
2026-07-03 05:00:00,560.74,561.08,560.4,561.0,322.322,15
2026-07-03 05:15:00,561.01,561.93,560.63,561.72,410.989,15
2026-07-03 05:30:00,561.72,563.31,561.6,562.27,1130.021,15
2026-07-03 05:45:00,562.26,563.07,561.87,562.56,724.15,15
2026-07-03 06:00:00,562.56,563.97,562.18,562.87,1080.22,15
2026-07-03 06:15:00,562.87,563.38,562.36,562.96,732.772,15
2026-07-03 06:30:00,562.95,563.57,561.34,561.64,1132.932,15
2026-07-03 06:45:00,561.64,562.07,561.41,561.54,557.264,15
2026-07-03 07:00:00,561.54,562.0,561.14,561.58,862.82,15
2026-07-03 07:15:00,561.58,562.4,561.58,562.31,787.133,15
2026-07-03 07:30:00,562.3,562.47,561.61,562.33,1107.866,15
2026-07-03 07:45:00,562.32,562.45,561.36,561.69,1121.597,15
2026-07-03 08:00:00,561.68,562.26,561.51,561.73,1083.7240000000002,15
2026-07-03 08:15:00,561.74,562.51,561.34,562.15,1146.635,15
2026-07-03 08:30:00,562.14,564.0,561.69,563.7,1302.4859999999999,15
2026-07-03 08:45:00,563.7,563.71,561.56,562.29,1355.052,15
2026-07-03 09:00:00,562.29,563.45,561.71,563.44,1142.812,15
2026-07-03 09:15:00,563.45,563.67,562.83,563.23,1130.902,15
2026-07-03 09:30:00,563.23,563.35,562.32,563.35,970.82,15
2026-07-03 09:45:00,563.34,564.39,562.86,562.86,2482.141,15
2026-07-03 10:00:00,562.87,564.16,562.78,563.21,1534.847,15
