timestamp,open,high,low,close,volume,source_1m_count
2026-06-03 10:30:00,0.2178,0.218,0.2173,0.2174,2111539.4,15
2026-06-03 10:45:00,0.2174,0.2178,0.2171,0.2176,1970564.0,15
2026-06-03 11:00:00,0.2177,0.2183,0.2177,0.2182,1356987.9,15
2026-06-03 11:15:00,0.2182,0.2184,0.2179,0.2183,1415882.9,15
2026-06-03 11:30:00,0.2182,0.2182,0.2169,0.217,810227.5,15
2026-06-03 11:45:00,0.217,0.217,0.2157,0.2162,2664952.6,15
2026-06-03 12:00:00,0.2161,0.2165,0.2154,0.216,2737265.6,15
2026-06-03 12:15:00,0.2159,0.2162,0.215,0.2158,2663405.9,15
2026-06-03 12:30:00,0.2158,0.2165,0.2153,0.2156,2679027.1,15
2026-06-03 12:45:00,0.2155,0.2159,0.2153,0.2157,2185233.3,15
2026-06-03 13:00:00,0.2157,0.2162,0.215,0.2157,2444637.1,15
2026-06-03 13:15:00,0.2157,0.2165,0.215,0.2151,1963165.9,15
2026-06-03 13:30:00,0.2151,0.2162,0.2145,0.2147,3098377.4,15
2026-06-03 13:45:00,0.2147,0.2158,0.2144,0.2153,3006188.3000000003,15
2026-06-03 14:00:00,0.2152,0.2156,0.2147,0.2155,2921364.9,15
2026-06-03 14:15:00,0.2156,0.2157,0.2134,0.214,4152432.5,15
2026-06-03 14:30:00,0.2141,0.2148,0.2133,0.214,2520937.1,15
2026-06-03 14:45:00,0.214,0.2146,0.2137,0.214,3158424.7,15
2026-06-03 15:00:00,0.214,0.2147,0.2133,0.2137,1928777.6,15
2026-06-03 15:15:00,0.2137,0.2142,0.2131,0.2139,4647111.8,15
2026-06-03 15:30:00,0.2139,0.2142,0.2121,0.2124,2197295.9,15
2026-06-03 15:45:00,0.2124,0.2125,0.2116,0.212,1633821.5,15
2026-06-03 16:00:00,0.212,0.2122,0.2104,0.2111,2809486.2,15
2026-06-03 16:15:00,0.211,0.2114,0.2077,0.2088,11138224.1,15
2026-06-03 16:30:00,0.2088,0.2101,0.2086,0.2095,5382993.1,15
2026-06-03 16:45:00,0.2094,0.2099,0.2089,0.2095,3273330.3000000003,15
2026-06-03 17:00:00,0.2095,0.2099,0.2077,0.2085,3276826.2,15
2026-06-03 17:15:00,0.2086,0.2097,0.2086,0.2097,2262864.6,15
2026-06-03 17:30:00,0.2096,0.2109,0.2091,0.2102,1756333.2,15
2026-06-03 17:45:00,0.2102,0.2102,0.2091,0.2099,1186715.6,15
2026-06-03 18:00:00,0.2099,0.21,0.2087,0.2091,1585069.7,15
2026-06-03 18:15:00,0.209,0.209,0.2071,0.2081,3678375.6,15
2026-06-03 18:30:00,0.2082,0.2088,0.2073,0.2082,1312219.3,15
2026-06-03 18:45:00,0.2082,0.2087,0.2082,0.2084,915079.5,15
2026-06-03 19:00:00,0.2084,0.2086,0.2079,0.2081,1455853.8,15
2026-06-03 19:15:00,0.2081,0.2082,0.2057,0.206,4873804.3,15
2026-06-03 19:30:00,0.206,0.2072,0.2055,0.2067,1905383.0,15
2026-06-03 19:45:00,0.2066,0.207,0.2043,0.2048,6351237.6,15
2026-06-03 20:00:00,0.2048,0.2059,0.204,0.2056,2982891.5,15
2026-06-03 20:15:00,0.2056,0.2056,0.2028,0.204,7731489.6,15
2026-06-03 20:30:00,0.204,0.2044,0.2025,0.2027,4292004.6,15
2026-06-03 20:45:00,0.2028,0.2031,0.2006,0.2023,9692014.5,15
2026-06-03 21:00:00,0.2022,0.2037,0.2018,0.2027,3624692.4,15
2026-06-03 21:15:00,0.2026,0.203,0.2024,0.2027,1736485.0,15
2026-06-03 21:30:00,0.2027,0.2042,0.2025,0.2036,2728098.8,15
2026-06-03 21:45:00,0.2037,0.2056,0.2036,0.2055,2397693.3000000003,15
2026-06-03 22:00:00,0.2056,0.2066,0.2039,0.2043,4310360.6,15
2026-06-03 22:15:00,0.2043,0.2043,0.203,0.204,2564573.4,15
2026-06-03 22:30:00,0.204,0.2042,0.203,0.2037,2371423.5,15
2026-06-03 22:45:00,0.2037,0.2037,0.2022,0.2026,4127788.5,15
2026-06-03 23:00:00,0.2026,0.2027,0.2001,0.2011,4083936.5,15
2026-06-03 23:15:00,0.201,0.2013,0.2002,0.2011,2497965.6,15
2026-06-03 23:30:00,0.2011,0.2018,0.2002,0.201,3015610.6,15
2026-06-03 23:45:00,0.201,0.2013,0.2003,0.2004,1981792.5,15
2026-06-04 00:00:00,0.2004,0.2019,0.2003,0.2014,2527211.8,15
2026-06-04 00:15:00,0.2013,0.2016,0.1972,0.1972,10733464.8,15
2026-06-04 00:30:00,0.1972,0.1993,0.196,0.1983,9076620.8,15
2026-06-04 00:45:00,0.1983,0.1983,0.1968,0.1978,2909641.2,15
2026-06-04 01:00:00,0.1979,0.1989,0.1972,0.1974,3895408.7,15
2026-06-04 01:15:00,0.1975,0.1975,0.1925,0.1928,13091385.0,15
2026-06-04 01:30:00,0.1929,0.1957,0.1929,0.1948,4046138.8,15
2026-06-04 01:45:00,0.1947,0.1948,0.1914,0.1924,6714938.7,15
2026-06-04 02:00:00,0.1925,0.193,0.1877,0.1921,25996195.099999998,15
2026-06-04 02:15:00,0.1922,0.1954,0.1913,0.1949,8577001.2,15
2026-06-04 02:30:00,0.1948,0.1964,0.1943,0.1956,6619192.8,15
2026-06-04 02:45:00,0.1956,0.1962,0.1947,0.195,3267623.3,15
2026-06-04 03:00:00,0.195,0.1982,0.195,0.1977,4596723.6,15
2026-06-04 03:15:00,0.1976,0.1986,0.1975,0.1979,5467347.9,15
2026-06-04 03:30:00,0.1979,0.1997,0.1976,0.1995,5213851.4,15
2026-06-04 03:45:00,0.1994,0.2003,0.1991,0.1998,2139949.2,15
2026-06-04 04:00:00,0.1999,0.2012,0.1997,0.2006,5200530.0,15
2026-06-04 04:15:00,0.2006,0.2008,0.1999,0.2,1035985.7,15
2026-06-04 04:30:00,0.1999,0.2003,0.1988,0.1995,3023827.4,15
2026-06-04 04:45:00,0.1995,0.1998,0.1988,0.199,1828915.9,15
2026-06-04 05:00:00,0.1989,0.199,0.1959,0.1971,2928493.0,15
2026-06-04 05:15:00,0.1971,0.1971,0.1956,0.1962,2250844.6,15
2026-06-04 05:30:00,0.1962,0.1981,0.1957,0.1978,4527109.3,15
2026-06-04 05:45:00,0.1977,0.1978,0.1963,0.1967,1809049.0,15
2026-06-04 06:00:00,0.1966,0.1982,0.1963,0.1982,1590432.1,15
2026-06-04 06:15:00,0.1981,0.1997,0.1981,0.1985,2736326.6,15
2026-06-04 06:30:00,0.1986,0.1992,0.1977,0.199,1424621.7000000002,15
2026-06-04 06:45:00,0.1989,0.199,0.1973,0.1978,2215684.5,15
2026-06-04 07:00:00,0.1978,0.198,0.1963,0.1967,1855883.9,15
2026-06-04 07:15:00,0.1966,0.1968,0.1954,0.1964,1946693.5999999999,15
2026-06-04 07:30:00,0.1963,0.197,0.196,0.1964,956501.2,15
2026-06-04 07:45:00,0.1965,0.1966,0.1947,0.1948,1291679.6,15
2026-06-04 08:00:00,0.1949,0.1957,0.1932,0.1933,2402248.1,15
2026-06-04 08:15:00,0.1933,0.1946,0.193,0.194,2310005.5,15
2026-06-04 08:30:00,0.1941,0.195,0.1929,0.1929,1361703.8,15
2026-06-04 08:45:00,0.1929,0.1943,0.1928,0.1936,1234793.4000000001,15
2026-06-04 09:00:00,0.1936,0.1936,0.1909,0.1916,3860020.8,15
2026-06-04 09:15:00,0.1915,0.1915,0.1887,0.1889,6173985.9,15
2026-06-04 09:30:00,0.1889,0.19,0.188,0.1894,5445890.1,15
2026-06-04 09:45:00,0.1895,0.1907,0.1887,0.1906,6426008.0,15
2026-06-04 10:00:00,0.1906,0.1907,0.1878,0.1885,5491610.0,15
2026-06-04 10:15:00,0.1886,0.1897,0.188,0.1884,2681782.1999999997,15
2026-06-04 10:30:00,0.1884,0.1899,0.1881,0.1889,10291006.9,15
2026-06-04 10:45:00,0.1889,0.1892,0.1871,0.1879,7590386.0,15
2026-06-04 11:00:00,0.1878,0.1891,0.1874,0.1879,3046394.1,15
2026-06-04 11:15:00,0.1879,0.1902,0.1876,0.1899,3095036.3,15
2026-06-04 11:30:00,0.1899,0.1905,0.1882,0.1887,2616778.6999999997,15
2026-06-04 11:45:00,0.1886,0.1903,0.1886,0.1903,1886418.0,15
2026-06-04 12:00:00,0.1902,0.1906,0.1882,0.1889,4186152.1,15
2026-06-04 12:15:00,0.1889,0.1909,0.1889,0.1901,4232510.8,15
2026-06-04 12:30:00,0.1902,0.1925,0.1901,0.1921,4849102.9,15
2026-06-04 12:45:00,0.192,0.1927,0.1913,0.1919,2749308.0,15
2026-06-04 13:00:00,0.1919,0.1921,0.19,0.1901,2636944.5,15
2026-06-04 13:15:00,0.19,0.19,0.1871,0.1878,4642928.8,15
2026-06-04 13:30:00,0.1878,0.1905,0.1874,0.1891,5738075.0,15
2026-06-04 13:45:00,0.189,0.1894,0.1875,0.1892,4905221.0,15
2026-06-04 14:00:00,0.1893,0.1898,0.1879,0.1889,5340941.8,15
2026-06-04 14:15:00,0.1888,0.1892,0.1881,0.1889,3951299.1,15
2026-06-04 14:30:00,0.1889,0.1897,0.1878,0.1896,3550084.4,15
2026-06-04 14:45:00,0.1895,0.1901,0.1886,0.1896,1376305.1,15
2026-06-04 15:00:00,0.1897,0.1922,0.1891,0.1921,4746810.4,15
2026-06-04 15:15:00,0.192,0.1923,0.1899,0.1905,2406413.9,15
2026-06-04 15:30:00,0.1905,0.1913,0.1895,0.1904,2220145.3,15
2026-06-04 15:45:00,0.1904,0.1905,0.1888,0.1889,2517686.0,15
2026-06-04 16:00:00,0.1889,0.189,0.1873,0.1875,3636989.0,15
2026-06-04 16:15:00,0.1875,0.1885,0.1864,0.1869,4027971.4,15
2026-06-04 16:30:00,0.1869,0.1888,0.186,0.1884,3502668.8,15
2026-06-04 16:45:00,0.1884,0.1885,0.1864,0.1872,1751071.7,15
2026-06-04 17:00:00,0.1872,0.1886,0.1868,0.1884,2593853.9,15
2026-06-04 17:15:00,0.1883,0.1887,0.1868,0.1885,1943100.3,15
2026-06-04 17:30:00,0.1885,0.1891,0.1866,0.187,2229965.4,15
2026-06-04 17:45:00,0.1871,0.1896,0.1866,0.1883,2660370.7,15
2026-06-04 18:00:00,0.1884,0.1886,0.1857,0.1858,2462970.9,15
2026-06-04 18:15:00,0.1859,0.1899,0.1859,0.1899,3402715.5,15
2026-06-04 18:30:00,0.1899,0.1906,0.189,0.19,2975024.7,15
2026-06-04 18:45:00,0.1899,0.1902,0.1879,0.1884,2733455.2,15
2026-06-04 19:00:00,0.1884,0.189,0.1863,0.1872,4538143.4,15
2026-06-04 19:15:00,0.1872,0.1896,0.1871,0.1894,3571931.1,15
2026-06-04 19:30:00,0.1894,0.1894,0.1867,0.1869,1153708.7,15
2026-06-04 19:45:00,0.1869,0.187,0.1861,0.1866,1731126.6,15
2026-06-04 20:00:00,0.1866,0.1868,0.1841,0.1847,5175495.1,15
2026-06-04 20:15:00,0.1848,0.1857,0.1847,0.185,1693722.8,15
2026-06-04 20:30:00,0.1851,0.1863,0.1849,0.1853,1368963.8,15
2026-06-04 20:45:00,0.1853,0.1855,0.1838,0.1845,3477430.0,15
2026-06-04 21:00:00,0.1844,0.1845,0.183,0.1842,4309704.6,15
2026-06-04 21:15:00,0.1843,0.1844,0.1822,0.1825,3437371.0,15
2026-06-04 21:30:00,0.1825,0.1826,0.1788,0.1813,11608913.0,15
2026-06-04 21:45:00,0.1813,0.1818,0.1804,0.1805,2741416.2,15
2026-06-04 22:00:00,0.1804,0.1818,0.18,0.1813,2933481.8,15
2026-06-04 22:15:00,0.1814,0.1822,0.1807,0.1816,2368964.3,15
2026-06-04 22:30:00,0.1815,0.1815,0.1799,0.1808,3787892.9,15
2026-06-04 22:45:00,0.1808,0.1823,0.1802,0.1819,2900713.2,15
2026-06-04 23:00:00,0.1819,0.1834,0.1816,0.1821,1983405.8,15
2026-06-04 23:15:00,0.182,0.1823,0.1802,0.1804,3096724.6,15
2026-06-04 23:30:00,0.1804,0.1812,0.1801,0.1804,2000261.8,15
2026-06-04 23:45:00,0.1804,0.1804,0.1794,0.1798,4687043.2,15
2026-06-05 00:00:00,0.1798,0.1798,0.175,0.1756,10038487.0,15
2026-06-05 00:15:00,0.1757,0.1781,0.1751,0.1779,7958871.9,15
2026-06-05 00:30:00,0.1779,0.1782,0.1762,0.177,3855058.6,15
2026-06-05 00:45:00,0.1769,0.1784,0.1742,0.1747,5116713.1,15
2026-06-05 01:00:00,0.1746,0.1748,0.1721,0.1729,8504672.8,15
2026-06-05 01:15:00,0.1729,0.1736,0.1716,0.1732,9066030.9,15
2026-06-05 01:30:00,0.1732,0.1746,0.1723,0.1742,4205095.7,15
2026-06-05 01:45:00,0.1742,0.1742,0.1718,0.1723,5989221.7,15
2026-06-05 02:00:00,0.1722,0.1723,0.1697,0.1705,12576674.7,15
2026-06-05 02:15:00,0.1704,0.171,0.1677,0.1678,9247104.8,15
2026-06-05 02:30:00,0.1678,0.1692,0.1655,0.1658,12780468.9,15
2026-06-05 02:45:00,0.1657,0.1666,0.163,0.1636,12843039.4,15
2026-06-05 03:00:00,0.1636,0.1649,0.163,0.1635,10045051.3,15
2026-06-05 03:15:00,0.1635,0.1656,0.1609,0.162,11310154.7,15
2026-06-05 03:30:00,0.162,0.1627,0.16,0.1604,11695354.7,15
2026-06-05 03:45:00,0.1605,0.1611,0.1581,0.1584,13566442.3,15
2026-06-05 04:00:00,0.1585,0.1644,0.1583,0.1644,13211654.6,15
2026-06-05 04:15:00,0.1644,0.1676,0.1638,0.1671,8452691.4,15
2026-06-05 04:30:00,0.1671,0.1673,0.1646,0.1655,7661035.8,15
2026-06-05 04:45:00,0.1655,0.1689,0.1643,0.1687,7530082.600000001,15
2026-06-05 05:00:00,0.1688,0.1692,0.1668,0.1674,5137021.7,15
2026-06-05 05:15:00,0.1675,0.168,0.1665,0.1671,4047289.5,15
2026-06-05 05:30:00,0.167,0.1679,0.1648,0.1649,4582571.8,15
2026-06-05 05:45:00,0.1648,0.1657,0.1637,0.1646,4121821.4,15
2026-06-05 06:00:00,0.1646,0.1654,0.1627,0.163,5960843.0,15
2026-06-05 06:15:00,0.1631,0.1635,0.16,0.1633,9950984.8,15
2026-06-05 06:30:00,0.1634,0.1638,0.1613,0.1636,6181647.0,15
2026-06-05 06:45:00,0.1635,0.1639,0.161,0.1617,6665635.899999999,15
2026-06-05 07:00:00,0.1617,0.1622,0.1588,0.1589,6284316.1,15
2026-06-05 07:15:00,0.1588,0.164,0.1588,0.1632,7590182.0,15
2026-06-05 07:30:00,0.1631,0.165,0.1628,0.1648,6077175.7,15
2026-06-05 07:45:00,0.1648,0.1658,0.1631,0.1635,6369562.9,15
2026-06-05 08:00:00,0.1634,0.1636,0.1609,0.1612,4197240.3,15
2026-06-05 08:15:00,0.1612,0.1612,0.16,0.1604,3168813.8,15
2026-06-05 08:30:00,0.1604,0.1608,0.1587,0.1594,6285848.0,15
2026-06-05 08:45:00,0.1593,0.1612,0.1592,0.1609,4114595.0,15
2026-06-05 09:00:00,0.161,0.1642,0.1605,0.1639,7518961.2,15
2026-06-05 09:15:00,0.164,0.1653,0.1629,0.1649,6091779.0,15
2026-06-05 09:30:00,0.1649,0.1649,0.1625,0.1627,3620925.9,15
2026-06-05 09:45:00,0.1627,0.1644,0.1626,0.164,3085272.3,15
2026-06-05 10:00:00,0.1641,0.1648,0.1629,0.164,3149857.1,15
2026-06-05 10:15:00,0.164,0.1644,0.1636,0.1641,2198751.4,15
2026-06-05 10:30:00,0.1641,0.1664,0.164,0.1661,5222468.9,15
2026-06-05 10:45:00,0.1661,0.1662,0.1637,0.164,2348582.0,15
2026-06-05 11:00:00,0.1639,0.1639,0.1617,0.1618,8733144.5,15
2026-06-05 11:15:00,0.1617,0.164,0.1614,0.1639,6320673.9,15
2026-06-05 11:30:00,0.1639,0.1642,0.1627,0.1628,2777710.6,15
2026-06-05 11:45:00,0.1627,0.1633,0.1617,0.1624,2750891.3,15
2026-06-05 12:00:00,0.1623,0.1638,0.1612,0.1628,3927546.4,15
2026-06-05 12:15:00,0.1628,0.164,0.1614,0.1618,2977845.7,15
2026-06-05 12:30:00,0.1618,0.163,0.1606,0.1616,4789457.2,15
2026-06-05 12:45:00,0.1616,0.1628,0.1611,0.1628,3502940.5,15
2026-06-05 13:00:00,0.1628,0.165,0.1627,0.1637,6328111.4,15
2026-06-05 13:15:00,0.1638,0.1652,0.163,0.1637,5197741.8,15
2026-06-05 13:30:00,0.1637,0.1647,0.1615,0.1621,3762168.4,15
2026-06-05 13:45:00,0.1621,0.1623,0.1595,0.1598,5318656.6,15
2026-06-05 14:00:00,0.1598,0.162,0.1578,0.1611,13195542.5,15
2026-06-05 14:15:00,0.1611,0.1626,0.1609,0.1616,4400427.1,15
2026-06-05 14:30:00,0.1616,0.1631,0.1608,0.1611,6480263.7,15
2026-06-05 14:45:00,0.1612,0.1621,0.1598,0.1604,3613931.1,15
2026-06-05 15:00:00,0.1605,0.161,0.1581,0.1585,5312578.4,15
2026-06-05 15:15:00,0.1585,0.1603,0.1577,0.1593,7263502.6,15
2026-06-05 15:30:00,0.1592,0.1594,0.1575,0.1584,5557394.3,15
2026-06-05 15:45:00,0.1585,0.1588,0.1564,0.1573,5672345.0,15
2026-06-05 16:00:00,0.1572,0.1583,0.1544,0.1577,14880859.8,15
2026-06-05 16:15:00,0.1577,0.1613,0.1572,0.1591,16651894.7,15
2026-06-05 16:30:00,0.1591,0.1608,0.1587,0.1596,5059386.6,15
2026-06-05 16:45:00,0.1596,0.1634,0.1596,0.1629,6672066.1,15
2026-06-05 17:00:00,0.1629,0.1638,0.1616,0.1623,4480740.2,15
2026-06-05 17:15:00,0.1622,0.1623,0.1606,0.1608,3761157.1,15
2026-06-05 17:30:00,0.1608,0.1624,0.1606,0.1609,2032580.7,15
2026-06-05 17:45:00,0.1609,0.1613,0.1597,0.161,3187846.4,15
2026-06-05 18:00:00,0.161,0.1627,0.1608,0.1617,3259209.4,15
2026-06-05 18:15:00,0.1616,0.162,0.1593,0.1596,2260012.5,15
2026-06-05 18:30:00,0.1596,0.1606,0.1585,0.1595,3093059.0,15
2026-06-05 18:45:00,0.1596,0.1596,0.1573,0.1577,4629294.1,15
2026-06-05 19:00:00,0.1576,0.1578,0.1559,0.1566,4397345.0,15
2026-06-05 19:15:00,0.1566,0.1587,0.1551,0.1586,3293944.0,15
2026-06-05 19:30:00,0.1586,0.1599,0.1577,0.1596,3708613.7,15
2026-06-05 19:45:00,0.1596,0.1617,0.1594,0.1606,4261400.8,15
2026-06-05 20:00:00,0.1606,0.1613,0.1584,0.1611,6492191.8,15
2026-06-05 20:15:00,0.1612,0.1625,0.1603,0.162,4356079.7,15
2026-06-05 20:30:00,0.1619,0.1627,0.1612,0.1627,2210826.5,15
2026-06-05 20:45:00,0.1626,0.1634,0.162,0.1624,5320113.4,15
2026-06-05 21:00:00,0.1624,0.1632,0.1619,0.1628,2398152.7,15
2026-06-05 21:15:00,0.1628,0.1631,0.162,0.162,1810074.2,15
2026-06-05 21:30:00,0.162,0.1628,0.1616,0.1628,1683259.2,15
2026-06-05 21:45:00,0.1628,0.1639,0.1625,0.1625,4239651.2,15
2026-06-05 22:00:00,0.1624,0.1624,0.159,0.16,4314150.5,15
2026-06-05 22:15:00,0.1599,0.1609,0.1588,0.1593,5213040.0,15
2026-06-05 22:30:00,0.1594,0.1611,0.1589,0.1607,1575853.6,15
2026-06-05 22:45:00,0.1606,0.1608,0.1595,0.1597,5719092.100000001,15
2026-06-05 23:00:00,0.1597,0.1605,0.1584,0.1585,3508928.7,15
2026-06-05 23:15:00,0.1585,0.1585,0.1564,0.1568,3704577.2,15
2026-06-05 23:30:00,0.1567,0.1567,0.1551,0.1558,2985744.6,15
2026-06-05 23:45:00,0.1558,0.1572,0.1552,0.1567,3914437.4,15
2026-06-06 00:00:00,0.1567,0.1592,0.1567,0.1586,4316562.0,15
2026-06-06 00:15:00,0.1586,0.1596,0.1579,0.1595,1821662.3,15
2026-06-06 00:30:00,0.1596,0.1607,0.1593,0.1602,1913433.2000000002,15
2026-06-06 00:45:00,0.1602,0.1619,0.1601,0.1613,2725097.3,15
2026-06-06 01:00:00,0.1614,0.1624,0.1607,0.1611,2832926.3,15
2026-06-06 01:15:00,0.1612,0.1614,0.1589,0.16,3293907.8,15
2026-06-06 01:30:00,0.1599,0.1604,0.1587,0.1593,1775252.9,15
2026-06-06 01:45:00,0.1592,0.1597,0.158,0.1586,1816554.1,15
2026-06-06 02:00:00,0.1585,0.1586,0.1569,0.1572,2757960.4,15
2026-06-06 02:15:00,0.1572,0.1575,0.1559,0.1565,4476589.6,15
2026-06-06 02:30:00,0.1564,0.1578,0.1561,0.1572,2588667.5,15
2026-06-06 02:45:00,0.1571,0.1575,0.1552,0.1555,2895834.7,15
2026-06-06 03:00:00,0.1556,0.1561,0.1545,0.1558,3751761.9,15
2026-06-06 03:15:00,0.1559,0.1561,0.1538,0.1554,3029301.0,15
2026-06-06 03:30:00,0.1553,0.1561,0.1539,0.1546,5135998.0,15
2026-06-06 03:45:00,0.1546,0.1556,0.1542,0.1552,3847248.5,15
2026-06-06 04:00:00,0.1551,0.156,0.1514,0.1518,10947257.6,15
2026-06-06 04:15:00,0.1518,0.1528,0.1499,0.1503,15272577.0,15
2026-06-06 04:30:00,0.1504,0.1508,0.1487,0.1496,10437836.2,15
2026-06-06 04:45:00,0.1495,0.1508,0.1488,0.1498,6648638.5,15
2026-06-06 05:00:00,0.1499,0.1504,0.1486,0.1493,7488561.5,15
2026-06-06 05:15:00,0.1492,0.1533,0.1488,0.1528,25356116.7,15
2026-06-06 05:30:00,0.1528,0.1533,0.1521,0.1531,3812452.6,15
2026-06-06 05:45:00,0.1531,0.1549,0.1528,0.1538,4845392.8,15
2026-06-06 06:00:00,0.1539,0.1553,0.1536,0.1553,6129877.5,15
2026-06-06 06:15:00,0.1553,0.1564,0.1546,0.1561,4704203.7,15
2026-06-06 06:30:00,0.1561,0.1563,0.1547,0.1547,4337536.0,15
2026-06-06 06:45:00,0.1548,0.1553,0.1539,0.1541,3570670.7,15
2026-06-06 07:00:00,0.1541,0.1568,0.1541,0.1568,5143637.8,15
2026-06-06 07:15:00,0.1568,0.1582,0.156,0.1563,5131068.6,15
2026-06-06 07:30:00,0.1564,0.158,0.1563,0.1579,3874276.5,15
2026-06-06 07:45:00,0.158,0.1584,0.1572,0.1574,3142628.9,15
2026-06-06 08:00:00,0.1574,0.1583,0.1566,0.1582,2328387.1,15
2026-06-06 08:15:00,0.1581,0.16,0.1577,0.1597,5768199.3,15
2026-06-06 08:30:00,0.1596,0.1599,0.1587,0.1591,2839616.2,15
2026-06-06 08:45:00,0.159,0.1599,0.1585,0.1595,3184656.9,15
2026-06-06 09:00:00,0.1595,0.1603,0.1586,0.1592,2796601.9,15
2026-06-06 09:15:00,0.1591,0.1598,0.1589,0.1593,3010615.4,15
2026-06-06 09:30:00,0.1593,0.1596,0.1581,0.1582,2395283.6,15
2026-06-06 09:45:00,0.1582,0.1583,0.1563,0.1567,3146909.1999999997,15
2026-06-06 10:00:00,0.1567,0.1567,0.1545,0.1549,7608215.0,15
2026-06-06 10:15:00,0.155,0.1558,0.1547,0.1548,1791032.4,15
2026-06-06 10:30:00,0.1549,0.1552,0.1536,0.1546,5867513.8,15
2026-06-06 10:45:00,0.1545,0.1547,0.1538,0.1545,1667729.9,15
2026-06-06 11:00:00,0.1544,0.1555,0.1544,0.1547,2714878.2,15
2026-06-06 11:15:00,0.1546,0.1559,0.1544,0.1558,1734529.2,15
2026-06-06 11:30:00,0.1558,0.1561,0.1554,0.156,1587045.6,15
2026-06-06 11:45:00,0.156,0.1567,0.1558,0.1563,1692569.0999999999,15
2026-06-06 12:00:00,0.1564,0.1566,0.1556,0.1559,1708667.4,15
2026-06-06 12:15:00,0.1559,0.1564,0.1552,0.1553,2170866.7,15
2026-06-06 12:30:00,0.1552,0.1565,0.155,0.1564,1796185.8,15
2026-06-06 12:45:00,0.1563,0.1595,0.1563,0.1584,3695094.8000000003,15
2026-06-06 13:00:00,0.1583,0.1592,0.1578,0.1586,2153101.8,15
2026-06-06 13:15:00,0.1586,0.1596,0.158,0.1585,2484892.2,15
2026-06-06 13:30:00,0.1585,0.1588,0.1578,0.1588,1597539.5,15
2026-06-06 13:45:00,0.1587,0.1595,0.1581,0.1586,2491384.2,15
2026-06-06 14:00:00,0.1586,0.1613,0.1583,0.161,7064371.0,15
2026-06-06 14:15:00,0.161,0.1617,0.1598,0.1602,6377470.5,15
2026-06-06 14:30:00,0.1603,0.1615,0.1597,0.1614,3740407.9,15
2026-06-06 14:45:00,0.1613,0.1617,0.16,0.16,3037447.5,15
2026-06-06 15:00:00,0.1601,0.1604,0.1573,0.1581,5976722.0,15
2026-06-06 15:15:00,0.158,0.1584,0.1569,0.1583,4444234.7,15
2026-06-06 15:30:00,0.1582,0.1594,0.1577,0.159,3663851.1999999997,15
2026-06-06 15:45:00,0.159,0.1592,0.1578,0.1585,2102240.7,15
2026-06-06 16:00:00,0.1584,0.1598,0.1583,0.1589,2108908.9,15
2026-06-06 16:15:00,0.159,0.1594,0.1579,0.1582,1809866.3,15
2026-06-06 16:30:00,0.1582,0.159,0.1575,0.159,2488133.3,15
2026-06-06 16:45:00,0.159,0.1602,0.1589,0.16,2524490.7,15
2026-06-06 17:00:00,0.16,0.1601,0.1583,0.1584,1390188.2,15
2026-06-06 17:15:00,0.1584,0.1586,0.1572,0.1575,1897406.8,15
2026-06-06 17:30:00,0.1575,0.1586,0.1574,0.1584,2519520.1,15
2026-06-06 17:45:00,0.1585,0.1588,0.1571,0.1577,2515547.4,15
2026-06-06 18:00:00,0.1576,0.1586,0.1574,0.1581,1395519.0,15
2026-06-06 18:15:00,0.158,0.1589,0.1574,0.1584,3927538.7,15
2026-06-06 18:30:00,0.1583,0.1583,0.1573,0.1578,1989032.3,15
2026-06-06 18:45:00,0.1578,0.1578,0.1567,0.1569,1260506.2,15
2026-06-06 19:00:00,0.1569,0.1582,0.1568,0.1578,2024981.8,15
2026-06-06 19:15:00,0.1577,0.1581,0.1571,0.1575,3701653.7,15
2026-06-06 19:30:00,0.1575,0.1575,0.1568,0.1569,951991.6000000001,15
2026-06-06 19:45:00,0.1569,0.1573,0.1568,0.1569,1192963.9,15
2026-06-06 20:00:00,0.1569,0.1571,0.1561,0.157,1108179.9,15
2026-06-06 20:15:00,0.157,0.1574,0.1567,0.1568,1169285.2,15
2026-06-06 20:30:00,0.1567,0.1575,0.1562,0.1571,1991152.0,15
2026-06-06 20:45:00,0.157,0.1575,0.1566,0.1571,1385387.5,15
2026-06-06 21:00:00,0.157,0.1584,0.1569,0.1581,1264354.6,15
2026-06-06 21:15:00,0.1582,0.1587,0.1579,0.1581,1654186.9,15
2026-06-06 21:30:00,0.158,0.1587,0.1578,0.158,899413.4,15
2026-06-06 21:45:00,0.158,0.1581,0.157,0.157,886645.5,15
2026-06-06 22:00:00,0.157,0.1573,0.1557,0.1564,1766536.0,15
2026-06-06 22:15:00,0.1563,0.1571,0.1561,0.1563,1384854.8,15
2026-06-06 22:30:00,0.1564,0.157,0.1561,0.1563,738916.1,15
2026-06-06 22:45:00,0.1563,0.1568,0.1559,0.1559,1259576.1,15
2026-06-06 23:00:00,0.1559,0.1567,0.1556,0.1563,1156336.5,15
2026-06-06 23:15:00,0.1563,0.1564,0.1557,0.1563,1794500.9,15
2026-06-06 23:30:00,0.1563,0.1577,0.1561,0.1573,2825516.4,15
2026-06-06 23:45:00,0.1573,0.1576,0.1567,0.1573,1683311.8,15
2026-06-07 00:00:00,0.1574,0.158,0.1568,0.157,1512247.4,15
2026-06-07 00:15:00,0.157,0.1578,0.157,0.1578,953484.8999999999,15
2026-06-07 00:30:00,0.1579,0.1585,0.1571,0.1571,899062.9,15
2026-06-07 00:45:00,0.1571,0.1578,0.157,0.1575,516325.4,15
2026-06-07 01:00:00,0.1575,0.161,0.1572,0.1605,5527795.8,15
2026-06-07 01:15:00,0.1605,0.162,0.1602,0.1616,3322594.0,15
2026-06-07 01:30:00,0.1616,0.162,0.1607,0.1613,3213679.6,15
2026-06-07 01:45:00,0.1613,0.1615,0.1606,0.161,2292893.0,15
2026-06-07 02:00:00,0.161,0.1618,0.1608,0.1611,1253307.6,15
2026-06-07 02:15:00,0.1611,0.1612,0.1595,0.1601,3732480.4,15
2026-06-07 02:30:00,0.16,0.1607,0.1597,0.1607,2440089.0,15
2026-06-07 02:45:00,0.1607,0.1614,0.1605,0.1609,1755910.3,15
2026-06-07 03:00:00,0.1608,0.1617,0.1604,0.1614,2314938.1,15
2026-06-07 03:15:00,0.1613,0.1622,0.161,0.162,2498222.9,15
2026-06-07 03:30:00,0.162,0.162,0.1603,0.1609,1602578.6,15
2026-06-07 03:45:00,0.1608,0.1616,0.1606,0.1614,859912.1,15
2026-06-07 04:00:00,0.1614,0.1617,0.161,0.1611,1418063.8,15
2026-06-07 04:15:00,0.161,0.1611,0.1597,0.16,1343581.4,15
2026-06-07 04:30:00,0.16,0.1624,0.1599,0.1618,2814109.8,15
2026-06-07 04:45:00,0.1618,0.1629,0.1613,0.1622,5019151.0,15
2026-06-07 05:00:00,0.1622,0.1623,0.1608,0.1612,2624314.6999999997,15
2026-06-07 05:15:00,0.1611,0.162,0.1607,0.1612,2255145.3000000003,15
2026-06-07 05:30:00,0.1611,0.1618,0.1607,0.1617,1505535.4,15
2026-06-07 05:45:00,0.1617,0.1617,0.161,0.1612,1269834.5999999999,15
2026-06-07 06:00:00,0.1612,0.1613,0.1601,0.1603,2223658.1,15
2026-06-07 06:15:00,0.1603,0.1617,0.1602,0.1616,2162886.8,15
2026-06-07 06:30:00,0.1616,0.1631,0.1614,0.1622,5038479.5,15
2026-06-07 06:45:00,0.1621,0.1623,0.1611,0.1612,1174389.7,15
2026-06-07 07:00:00,0.1612,0.1621,0.1607,0.1615,2628611.7,15
2026-06-07 07:15:00,0.1615,0.1622,0.161,0.162,2499331.4,15
2026-06-07 07:30:00,0.162,0.1624,0.1616,0.1621,1582176.0,15
2026-06-07 07:45:00,0.162,0.1626,0.1619,0.1624,2035690.5,15
2026-06-07 08:00:00,0.1624,0.1624,0.1617,0.1622,2412883.5,15
2026-06-07 08:15:00,0.1623,0.1631,0.1618,0.163,2787032.9,15
2026-06-07 08:30:00,0.1629,0.1644,0.1628,0.1641,3213233.7,15
2026-06-07 08:45:00,0.1641,0.1655,0.1638,0.1651,5994520.5,15
2026-06-07 09:00:00,0.165,0.1668,0.1649,0.1664,9592667.0,15
2026-06-07 09:15:00,0.1664,0.167,0.165,0.166,5259569.1,15
2026-06-07 09:30:00,0.166,0.166,0.1648,0.1651,1748651.9,15
2026-06-07 09:45:00,0.1652,0.1656,0.1647,0.1651,1468228.1,15
2026-06-07 10:00:00,0.1651,0.1653,0.1635,0.1642,2974518.8000000003,15
2026-06-07 10:15:00,0.1641,0.1658,0.1641,0.1658,2054409.3,15
2026-06-07 10:30:00,0.1657,0.1661,0.1647,0.1651,2381259.1,15
2026-06-07 10:45:00,0.1651,0.1651,0.164,0.1643,2239608.0,15
2026-06-07 11:00:00,0.1642,0.1646,0.1639,0.1643,3457563.8000000003,15
2026-06-07 11:15:00,0.1642,0.1646,0.164,0.1646,1054371.5,15
2026-06-07 11:30:00,0.1646,0.1655,0.1639,0.1652,2986761.2,15
2026-06-07 11:45:00,0.1652,0.1656,0.1645,0.1647,3223246.1999999997,15
2026-06-07 12:00:00,0.1647,0.165,0.1616,0.1619,4151895.9,15
2026-06-07 12:15:00,0.1619,0.1627,0.1611,0.1619,3626404.9,15
2026-06-07 12:30:00,0.1618,0.1621,0.1605,0.1609,4611526.0,15
2026-06-07 12:45:00,0.161,0.1619,0.1608,0.1616,1721957.9,15
2026-06-07 13:00:00,0.1616,0.162,0.1612,0.1619,1642213.5999999999,15
2026-06-07 13:15:00,0.1619,0.162,0.1612,0.1616,1157983.6,15
2026-06-07 13:30:00,0.1616,0.1618,0.1609,0.1617,1048697.1,15
2026-06-07 13:45:00,0.1617,0.1623,0.1615,0.1619,2890613.2,15
2026-06-07 14:00:00,0.162,0.1628,0.1618,0.1619,1061458.4,15
2026-06-07 14:15:00,0.1619,0.1639,0.1618,0.163,3804465.6,15
2026-06-07 14:30:00,0.1631,0.1639,0.1624,0.1626,2492366.8,15
2026-06-07 14:45:00,0.1626,0.1629,0.1618,0.1627,2076967.4,15
2026-06-07 15:00:00,0.1626,0.1627,0.1619,0.1624,2055300.9000000001,15
2026-06-07 15:15:00,0.1624,0.1627,0.1618,0.1625,1468440.6,15
2026-06-07 15:30:00,0.1625,0.1629,0.1619,0.1628,2209015.8,15
2026-06-07 15:45:00,0.1627,0.1627,0.1616,0.1622,2039159.5,15
2026-06-07 16:00:00,0.1623,0.1627,0.162,0.1626,1728581.3,15
2026-06-07 16:15:00,0.1627,0.163,0.1621,0.1623,1462671.1,15
2026-06-07 16:30:00,0.1624,0.163,0.1622,0.1624,582211.5,15
2026-06-07 16:45:00,0.1624,0.1631,0.1621,0.1626,857199.8,15
2026-06-07 17:00:00,0.1626,0.1638,0.1622,0.1634,1359034.4,15
2026-06-07 17:15:00,0.1633,0.164,0.1633,0.1637,1194356.9,15
2026-06-07 17:30:00,0.1637,0.1639,0.1633,0.1637,834731.5,15
2026-06-07 17:45:00,0.1636,0.1638,0.1625,0.163,1598027.1,15
2026-06-07 18:00:00,0.163,0.1637,0.1629,0.1634,3075920.3,15
2026-06-07 18:15:00,0.1635,0.1636,0.1624,0.1626,877677.0,15
2026-06-07 18:30:00,0.1626,0.1631,0.1621,0.1624,1322242.8,15
2026-06-07 18:45:00,0.1623,0.1627,0.1619,0.1619,738460.7,15
2026-06-07 19:00:00,0.162,0.162,0.1599,0.1604,6945239.3,15
2026-06-07 19:15:00,0.1603,0.1603,0.1585,0.1595,7444810.4,15
2026-06-07 19:30:00,0.1594,0.1594,0.158,0.1584,2946546.4,15
2026-06-07 19:45:00,0.1584,0.1591,0.158,0.1586,2801746.4,15
2026-06-07 20:00:00,0.1585,0.1599,0.1581,0.1594,1622923.6,15
2026-06-07 20:15:00,0.1595,0.1609,0.1591,0.1606,3166549.1,15
2026-06-07 20:30:00,0.1605,0.1609,0.16,0.1606,950683.3,15
2026-06-07 20:45:00,0.1605,0.161,0.1602,0.1608,843989.6,15
2026-06-07 21:00:00,0.1608,0.1615,0.1599,0.1608,2297015.8,15
2026-06-07 21:15:00,0.1608,0.1609,0.1601,0.1605,968245.8,15
2026-06-07 21:30:00,0.1606,0.1606,0.1599,0.1603,1074481.0,15
2026-06-07 21:45:00,0.1603,0.1609,0.1596,0.1607,1762487.0,15
2026-06-07 22:00:00,0.1608,0.1672,0.1606,0.1669,8796308.9,15
2026-06-07 22:15:00,0.1669,0.1688,0.1651,0.1656,14525986.9,15
2026-06-07 22:30:00,0.1657,0.1664,0.1645,0.1656,5184512.6,15
2026-06-07 22:45:00,0.1656,0.166,0.164,0.1646,2236329.0,15
2026-06-07 23:00:00,0.1645,0.1656,0.1644,0.1656,2037106.2000000002,15
2026-06-07 23:15:00,0.1656,0.1661,0.1645,0.1659,2210030.9,15
2026-06-07 23:30:00,0.1659,0.1662,0.1651,0.1654,1520705.1,15
2026-06-07 23:45:00,0.1654,0.1662,0.1648,0.1653,2574170.7,15
2026-06-08 00:00:00,0.1653,0.1659,0.1642,0.1644,1523624.8,15
2026-06-08 00:15:00,0.1644,0.1658,0.1642,0.1657,1916242.4,15
2026-06-08 00:30:00,0.1656,0.1666,0.1653,0.1659,1927246.3,15
2026-06-08 00:45:00,0.1658,0.1663,0.165,0.1654,2438040.1,15
2026-06-08 01:00:00,0.1654,0.1654,0.1629,0.1629,1525947.9,15
2026-06-08 01:15:00,0.1629,0.1631,0.1619,0.1621,2290813.4,15
2026-06-08 01:30:00,0.1621,0.163,0.1615,0.1629,2318063.2,15
2026-06-08 01:45:00,0.1629,0.1635,0.1624,0.1633,1348821.5999999999,15
2026-06-08 02:00:00,0.1634,0.164,0.1631,0.1639,1014793.2999999999,15
2026-06-08 02:15:00,0.1638,0.1643,0.1634,0.1638,1837274.2999999998,15
2026-06-08 02:30:00,0.1637,0.1639,0.1628,0.1638,1297857.5,15
2026-06-08 02:45:00,0.1638,0.1639,0.1633,0.1636,1259194.2,15
2026-06-08 03:00:00,0.1635,0.1651,0.1635,0.1645,3289298.1,15
2026-06-08 03:15:00,0.1644,0.1645,0.1631,0.1632,1337963.0,15
2026-06-08 03:30:00,0.1631,0.1636,0.1629,0.1633,618038.3,15
2026-06-08 03:45:00,0.1634,0.1641,0.1633,0.1641,1212958.4,15
2026-06-08 04:00:00,0.1641,0.1644,0.1627,0.1633,1026039.2,15
2026-06-08 04:15:00,0.1633,0.1633,0.1622,0.1626,1132764.4,15
2026-06-08 04:30:00,0.1626,0.1627,0.1613,0.1615,1928700.3,15
2026-06-08 04:45:00,0.1615,0.162,0.1611,0.1615,1505264.1,15
2026-06-08 05:00:00,0.1614,0.162,0.1604,0.1605,1601656.6,15
2026-06-08 05:15:00,0.1604,0.1615,0.1602,0.1613,3665184.0999999996,15
2026-06-08 05:30:00,0.1612,0.1612,0.16,0.1602,1203284.9000000001,15
2026-06-08 05:45:00,0.1602,0.161,0.16,0.1608,1184378.7,15
2026-06-08 06:00:00,0.1609,0.1616,0.1607,0.1613,1617531.0,15
2026-06-08 06:15:00,0.1613,0.1625,0.1612,0.1623,1641331.5,15
2026-06-08 06:30:00,0.1622,0.1623,0.1616,0.162,1096218.8,15
2026-06-08 06:45:00,0.1621,0.1621,0.1614,0.1618,764713.8,15
2026-06-08 07:00:00,0.1618,0.1623,0.1609,0.1619,851636.6,15
2026-06-08 07:15:00,0.162,0.1628,0.1616,0.1625,1041268.3,15
2026-06-08 07:30:00,0.1625,0.163,0.1624,0.1629,1171194.1,15
2026-06-08 07:45:00,0.1629,0.164,0.1629,0.1639,1274020.3,15
2026-06-08 08:00:00,0.1639,0.1639,0.1628,0.1635,2215817.3,15
2026-06-08 08:15:00,0.1635,0.1637,0.1625,0.1631,3252576.7,15
2026-06-08 08:30:00,0.1632,0.1635,0.1629,0.1631,2962804.4,15
2026-06-08 08:45:00,0.163,0.1636,0.1623,0.1634,3321594.8,15
2026-06-08 09:00:00,0.1634,0.164,0.1628,0.164,1854020.9,15
2026-06-08 09:15:00,0.164,0.165,0.1637,0.1644,1880133.6,15
2026-06-08 09:30:00,0.1643,0.1648,0.1633,0.1643,3182789.8,15
2026-06-08 09:45:00,0.1643,0.1655,0.1642,0.1653,1762433.1,15
2026-06-08 10:00:00,0.1653,0.1659,0.1645,0.1645,2089445.9,15
2026-06-08 10:15:00,0.1645,0.1645,0.1636,0.1637,893477.8,15
2026-06-08 10:30:00,0.1637,0.1651,0.1636,0.1645,3027431.3,15
2026-06-08 10:45:00,0.1644,0.1645,0.1639,0.1645,930861.1,15
2026-06-08 11:00:00,0.1644,0.1658,0.1641,0.1654,2611065.5,15
2026-06-08 11:15:00,0.1654,0.1678,0.1653,0.1672,4666253.5,15
2026-06-08 11:30:00,0.1673,0.1683,0.1668,0.1675,5209882.1,15
2026-06-08 11:45:00,0.1675,0.1679,0.1669,0.1676,1448181.0,15
2026-06-08 12:00:00,0.1677,0.1684,0.1649,0.165,3085069.0,15
2026-06-08 12:15:00,0.165,0.1665,0.165,0.1665,1652599.4,15
2026-06-08 12:30:00,0.1665,0.1676,0.1663,0.1676,3278422.9,15
2026-06-08 12:45:00,0.1676,0.168,0.1668,0.1677,2331048.1,15
2026-06-08 13:00:00,0.1678,0.1679,0.1671,0.1673,2047540.6,15
2026-06-08 13:15:00,0.1673,0.1678,0.1661,0.1661,3115841.4,15
2026-06-08 13:30:00,0.1661,0.1668,0.1656,0.1661,2923631.2,15
2026-06-08 13:45:00,0.1662,0.1671,0.1658,0.1663,1038782.7,15
2026-06-08 14:00:00,0.1663,0.1666,0.1656,0.1666,1719998.5,15
2026-06-08 14:15:00,0.1666,0.167,0.1659,0.1668,2278712.9,15
2026-06-08 14:30:00,0.1668,0.168,0.1668,0.1675,3331913.5,15
2026-06-08 14:45:00,0.1676,0.1684,0.1675,0.1681,2886820.2,15
2026-06-08 15:00:00,0.1681,0.1714,0.1681,0.1711,7150191.8,15
2026-06-08 15:15:00,0.1711,0.1712,0.1695,0.1696,5085197.1,15
2026-06-08 15:30:00,0.1695,0.17,0.1686,0.1697,3380887.2,15
2026-06-08 15:45:00,0.1698,0.1707,0.1689,0.1693,3506573.6999999997,15
2026-06-08 16:00:00,0.1694,0.1707,0.1692,0.1704,2026754.8,15
2026-06-08 16:15:00,0.1704,0.1723,0.1704,0.1711,5098899.6,15
2026-06-08 16:30:00,0.1711,0.1712,0.1695,0.1699,3850966.9,15
2026-06-08 16:45:00,0.17,0.17,0.1678,0.1679,2229400.4,15
2026-06-08 17:00:00,0.1678,0.1684,0.1672,0.1674,3090986.2,15
2026-06-08 17:15:00,0.1675,0.1688,0.1674,0.1687,1804614.0999999999,15
2026-06-08 17:30:00,0.1687,0.1689,0.1676,0.1686,1472521.9,15
2026-06-08 17:45:00,0.1686,0.17,0.1686,0.1699,1697184.0,15
2026-06-08 18:00:00,0.17,0.1716,0.17,0.1709,3689724.0,15
2026-06-08 18:15:00,0.1709,0.1721,0.1707,0.1721,1534849.4,15
2026-06-08 18:30:00,0.1722,0.1727,0.1707,0.1708,1742365.3,15
2026-06-08 18:45:00,0.1708,0.1715,0.1701,0.171,1062737.9,15
2026-06-08 19:00:00,0.171,0.1721,0.1708,0.1714,2096434.5,15
2026-06-08 19:15:00,0.1714,0.1721,0.1708,0.1718,1159776.2,15
2026-06-08 19:30:00,0.1718,0.1726,0.1713,0.1715,1077357.5,15
2026-06-08 19:45:00,0.1715,0.1722,0.1714,0.1719,1803544.3,15
2026-06-08 20:00:00,0.1719,0.1719,0.1693,0.1698,1546869.5,15
2026-06-08 20:15:00,0.1699,0.1699,0.1688,0.1692,1594304.1,15
2026-06-08 20:30:00,0.1691,0.1708,0.1691,0.1708,1167815.3,15
2026-06-08 20:45:00,0.1709,0.1709,0.1702,0.1708,1203578.2,15
2026-06-08 21:00:00,0.1709,0.1729,0.1709,0.1727,2461937.5,15
2026-06-08 21:15:00,0.1727,0.1744,0.172,0.1738,2266458.5,15
2026-06-08 21:30:00,0.1738,0.1745,0.1729,0.1737,2406456.5,15
2026-06-08 21:45:00,0.1737,0.174,0.1717,0.1718,1351225.2,15
2026-06-08 22:00:00,0.1717,0.1717,0.1707,0.171,1636554.0999999999,15
2026-06-08 22:15:00,0.171,0.1717,0.1705,0.1712,1733117.7,15
2026-06-08 22:30:00,0.1712,0.172,0.1711,0.172,1277718.1,15
2026-06-08 22:45:00,0.1719,0.1724,0.1715,0.1721,1094126.4,15
2026-06-08 23:00:00,0.1722,0.1732,0.1718,0.1731,979351.6,15
2026-06-08 23:15:00,0.173,0.173,0.1704,0.1709,1354785.0,15
2026-06-08 23:30:00,0.1709,0.1715,0.1704,0.1709,776748.4,15
2026-06-08 23:45:00,0.1709,0.1709,0.1699,0.1704,1649566.9000000001,15
2026-06-09 00:00:00,0.1704,0.1708,0.1695,0.1695,1097478.6,15
2026-06-09 00:15:00,0.1696,0.1705,0.1678,0.1682,3630177.5,15
2026-06-09 00:30:00,0.1681,0.1684,0.1661,0.1674,8644384.5,15
2026-06-09 00:45:00,0.1673,0.1674,0.1663,0.1669,2124172.0,15
2026-06-09 01:00:00,0.1669,0.1673,0.1664,0.1669,1291533.0,15
2026-06-09 01:15:00,0.1668,0.1673,0.1665,0.1669,1496724.0,15
2026-06-09 01:30:00,0.1668,0.167,0.1662,0.1663,738932.0,15
2026-06-09 01:45:00,0.1663,0.1671,0.1661,0.1668,708578.5,15
2026-06-09 02:00:00,0.1668,0.1675,0.1667,0.1667,537940.4,15
2026-06-09 02:15:00,0.1668,0.1669,0.166,0.1668,1066329.4,15
2026-06-09 02:30:00,0.1669,0.1671,0.1659,0.1669,2101011.5,15
2026-06-09 02:45:00,0.1668,0.1676,0.1662,0.1675,657512.4,15
2026-06-09 03:00:00,0.1675,0.1676,0.1668,0.1669,890819.9,15
2026-06-09 03:15:00,0.167,0.1674,0.1661,0.1663,1069826.3,15
2026-06-09 03:30:00,0.1663,0.1664,0.1657,0.166,903884.2,15
2026-06-09 03:45:00,0.166,0.1667,0.1658,0.1664,1248373.9,15
2026-06-09 04:00:00,0.1663,0.1666,0.1658,0.1664,786920.7,15
2026-06-09 04:15:00,0.1664,0.1664,0.1657,0.1658,885073.1,15
2026-06-09 04:30:00,0.1658,0.1686,0.1651,0.1682,4315220.0,15
2026-06-09 04:45:00,0.1682,0.169,0.1679,0.1686,2870172.9,15
2026-06-09 05:00:00,0.1686,0.1689,0.1677,0.1684,901777.6,15
2026-06-09 05:15:00,0.1684,0.1698,0.1684,0.1693,1004445.3,15
2026-06-09 05:30:00,0.1694,0.1703,0.169,0.1699,1944149.2,15
2026-06-09 05:45:00,0.1699,0.1702,0.1694,0.17,711338.2999999999,15
2026-06-09 06:00:00,0.17,0.1708,0.1694,0.1704,1469552.9,15
2026-06-09 06:15:00,0.1704,0.171,0.1699,0.1701,1086549.4,15
2026-06-09 06:30:00,0.1702,0.1703,0.1695,0.1701,1131946.9,15
2026-06-09 06:45:00,0.1702,0.1705,0.1693,0.1694,884740.9,15
2026-06-09 07:00:00,0.1695,0.1707,0.1692,0.1702,956409.1000000001,15
2026-06-09 07:15:00,0.1701,0.1711,0.169,0.169,1746305.6,15
2026-06-09 07:30:00,0.1691,0.1703,0.1691,0.1703,632008.1,15
2026-06-09 07:45:00,0.1702,0.1705,0.1698,0.1703,845216.4,15
2026-06-09 08:00:00,0.1703,0.1705,0.1683,0.1689,2401996.5,15
2026-06-09 08:15:00,0.1689,0.1693,0.1684,0.1691,629955.9,15
2026-06-09 08:30:00,0.169,0.17,0.1688,0.1693,1529290.5,15
2026-06-09 08:45:00,0.1693,0.1697,0.1689,0.1689,748127.3,15
2026-06-09 09:00:00,0.169,0.1691,0.1683,0.169,895719.5,15
2026-06-09 09:15:00,0.169,0.1693,0.1681,0.1681,1004067.6000000001,15
2026-06-09 09:30:00,0.1682,0.1682,0.1667,0.1672,1828856.3,15
2026-06-09 09:45:00,0.1672,0.1679,0.1671,0.1678,647869.9,15
2026-06-09 10:00:00,0.1678,0.1685,0.1671,0.1677,3029242.6,15
2026-06-09 10:15:00,0.1676,0.1676,0.1669,0.1672,1068656.5,15
2026-06-09 10:30:00,0.1673,0.1678,0.1669,0.1676,986061.6,15
2026-06-09 10:45:00,0.1675,0.1681,0.1674,0.1678,1364004.8,15
2026-06-09 11:00:00,0.1677,0.1679,0.167,0.167,1174988.0999999999,15
2026-06-09 11:15:00,0.1671,0.1675,0.1669,0.1669,413177.5,15
2026-06-09 11:30:00,0.167,0.1676,0.1668,0.1673,1076544.7,15
2026-06-09 11:45:00,0.1672,0.1679,0.1671,0.1674,1017818.0,15
2026-06-09 12:00:00,0.1674,0.1685,0.1672,0.1685,2215798.0,15
2026-06-09 12:15:00,0.1684,0.1684,0.1676,0.1678,925152.3,15
2026-06-09 12:30:00,0.1678,0.1686,0.1672,0.1676,1055488.2,15
2026-06-09 12:45:00,0.1676,0.1689,0.1672,0.1689,1110143.5,15
2026-06-09 13:00:00,0.1688,0.1695,0.1687,0.1688,1549990.2000000002,15
2026-06-09 13:15:00,0.1687,0.1687,0.1675,0.1677,1161686.2,15
2026-06-09 13:30:00,0.1677,0.1684,0.1671,0.1684,1497843.8,15
2026-06-09 13:45:00,0.1684,0.1698,0.1682,0.1684,2125509.2,15
2026-06-09 14:00:00,0.1683,0.1691,0.1673,0.1673,2026666.6,15
2026-06-09 14:15:00,0.1673,0.1675,0.1649,0.1651,3593722.2,15
2026-06-09 14:30:00,0.1652,0.1661,0.1646,0.165,3502464.9,15
2026-06-09 14:45:00,0.165,0.1664,0.1643,0.1663,4299149.1,15
2026-06-09 15:00:00,0.1663,0.1671,0.1658,0.1665,2904090.1,15
2026-06-09 15:15:00,0.1664,0.1667,0.1641,0.1642,2166975.7,15
2026-06-09 15:30:00,0.1642,0.1646,0.1633,0.1639,4125851.0,15
2026-06-09 15:45:00,0.164,0.1642,0.1627,0.1631,3028320.4,15
2026-06-09 16:00:00,0.163,0.1636,0.1623,0.1625,4077928.6,15
2026-06-09 16:15:00,0.1626,0.1627,0.1615,0.1627,3227265.5,15
2026-06-09 16:30:00,0.1626,0.1632,0.1608,0.1622,4890093.0,15
2026-06-09 16:45:00,0.1622,0.1627,0.1614,0.162,2403375.3,15
2026-06-09 17:00:00,0.1621,0.1636,0.162,0.1634,2653659.5,15
2026-06-09 17:15:00,0.1635,0.1657,0.1635,0.1656,2919303.0,15
2026-06-09 17:30:00,0.1655,0.1662,0.1648,0.1649,2888201.1,15
2026-06-09 17:45:00,0.165,0.1657,0.1646,0.1652,1820743.8,15
2026-06-09 18:00:00,0.1652,0.1656,0.1645,0.1654,1633038.5,15
2026-06-09 18:15:00,0.1653,0.167,0.1653,0.1659,1969039.2,15
2026-06-09 18:30:00,0.1659,0.1668,0.1658,0.1661,1098117.4,15
2026-06-09 18:45:00,0.1661,0.1677,0.1661,0.1669,2756756.5,15
2026-06-09 19:00:00,0.167,0.168,0.1665,0.1668,1168458.9,15
2026-06-09 19:15:00,0.1669,0.1673,0.1662,0.1673,1110450.4,15
2026-06-09 19:30:00,0.1674,0.1688,0.1674,0.168,2651881.0,15
2026-06-09 19:45:00,0.168,0.169,0.1672,0.1685,2542436.3,15
2026-06-09 20:00:00,0.1686,0.1693,0.168,0.1693,1275942.6,15
2026-06-09 20:15:00,0.1692,0.1699,0.1684,0.1687,1817487.5,15
2026-06-09 20:30:00,0.1687,0.1689,0.1684,0.1687,862116.5,15
2026-06-09 20:45:00,0.1686,0.1686,0.168,0.1681,792535.9,15
2026-06-09 21:00:00,0.1681,0.1682,0.1671,0.1673,1343048.2,15
2026-06-09 21:15:00,0.1672,0.1672,0.166,0.1662,1107717.2,15
2026-06-09 21:30:00,0.1662,0.1672,0.1659,0.166,835126.2000000001,15
2026-06-09 21:45:00,0.166,0.1663,0.1654,0.1661,719531.9,15
2026-06-09 22:00:00,0.1661,0.1662,0.1653,0.1657,1268242.8,15
2026-06-09 22:15:00,0.1657,0.1663,0.1654,0.1657,813932.9,15
2026-06-09 22:30:00,0.1657,0.1661,0.1654,0.1655,632362.2000000001,15
2026-06-09 22:45:00,0.1655,0.1659,0.165,0.1651,1233601.2,15
2026-06-09 23:00:00,0.1652,0.1655,0.165,0.1654,1225172.6,15
2026-06-09 23:15:00,0.1653,0.1659,0.1653,0.1656,670273.6,15
2026-06-09 23:30:00,0.1657,0.1657,0.1649,0.1654,913364.7000000001,15
2026-06-09 23:45:00,0.1654,0.1657,0.1649,0.1653,511951.60000000003,15
2026-06-10 00:00:00,0.1653,0.1665,0.1653,0.1664,1017067.6,15
2026-06-10 00:15:00,0.1664,0.1664,0.1655,0.1663,689795.2,15
2026-06-10 00:30:00,0.1662,0.1663,0.1644,0.1646,1264220.3,15
2026-06-10 00:45:00,0.1646,0.1664,0.1646,0.1663,1269865.5,15
2026-06-10 01:00:00,0.1663,0.1666,0.1653,0.1663,765410.2,15
2026-06-10 01:15:00,0.1662,0.1669,0.1657,0.1658,938759.1,15
2026-06-10 01:30:00,0.1658,0.1663,0.1646,0.1649,1315862.8,15
2026-06-10 01:45:00,0.165,0.1656,0.1647,0.1648,1142996.2,15
2026-06-10 02:00:00,0.1648,0.1653,0.1646,0.1647,1059449.5,15
2026-06-10 02:15:00,0.1647,0.1648,0.1639,0.1641,957895.0,15
2026-06-10 02:30:00,0.1642,0.1643,0.1622,0.1628,3114493.9000000004,15
2026-06-10 02:45:00,0.1628,0.1628,0.1618,0.1619,1677650.8,15
2026-06-10 03:00:00,0.1619,0.163,0.1618,0.162,1386175.4,15
2026-06-10 03:15:00,0.162,0.1625,0.1618,0.1622,2163638.6,15
2026-06-10 03:30:00,0.1623,0.1624,0.1613,0.1621,2275975.6999999997,15
2026-06-10 03:45:00,0.1621,0.1625,0.1618,0.1624,1262745.8,15
2026-06-10 04:00:00,0.1624,0.1627,0.162,0.1627,1000285.8,15
2026-06-10 04:15:00,0.1627,0.163,0.1621,0.1622,1065892.4,15
2026-06-10 04:30:00,0.1621,0.1621,0.1611,0.1614,1504128.7,15
2026-06-10 04:45:00,0.1614,0.1619,0.1612,0.1615,1227734.2,15
2026-06-10 05:00:00,0.1616,0.1621,0.161,0.1611,1567880.5,15
2026-06-10 05:15:00,0.161,0.1614,0.1603,0.1613,2192055.9,15
2026-06-10 05:30:00,0.1613,0.1615,0.1604,0.1608,1394147.0,15
2026-06-10 05:45:00,0.1608,0.1611,0.1602,0.1604,4652693.8,15
2026-06-10 06:00:00,0.1605,0.1606,0.16,0.1606,3106088.5,15
2026-06-10 06:15:00,0.1606,0.1609,0.1602,0.1603,1610147.9,15
2026-06-10 06:30:00,0.1603,0.1613,0.1597,0.1611,1642210.7,15
2026-06-10 06:45:00,0.1611,0.1611,0.1605,0.1605,705418.5,15
2026-06-10 07:00:00,0.1605,0.1619,0.1605,0.1615,1587482.0,15
2026-06-10 07:15:00,0.1615,0.1622,0.1611,0.1618,1363239.6,15
2026-06-10 07:30:00,0.1618,0.1622,0.1614,0.1618,829738.5,15
2026-06-10 07:45:00,0.1619,0.1621,0.1613,0.1614,2032250.4,15
2026-06-10 08:00:00,0.1613,0.1613,0.1601,0.1608,916180.2000000001,15
2026-06-10 08:15:00,0.1608,0.1616,0.1606,0.1607,1134335.5999999999,15
2026-06-10 08:30:00,0.1607,0.1611,0.1588,0.1591,4902850.899999999,15
2026-06-10 08:45:00,0.1592,0.1597,0.1589,0.1595,1451322.9,15
2026-06-10 09:00:00,0.1595,0.1602,0.1593,0.1595,1263607.2,15
2026-06-10 09:15:00,0.1594,0.16,0.1586,0.1598,1955793.4,15
2026-06-10 09:30:00,0.1599,0.1606,0.1598,0.1603,1895235.2,15
2026-06-10 09:45:00,0.1604,0.1608,0.16,0.1604,920990.4,15
2026-06-10 10:00:00,0.1603,0.1605,0.1591,0.1597,1995243.0,15
2026-06-10 10:15:00,0.1597,0.1602,0.1592,0.1601,1048233.6,15
2026-06-10 10:30:00,0.1602,0.1609,0.1602,0.1606,816244.7,15
2026-06-10 10:45:00,0.1606,0.1609,0.1599,0.1607,791692.5,15
2026-06-10 11:00:00,0.1607,0.1607,0.1586,0.1598,4620401.2,15
2026-06-10 11:15:00,0.1598,0.1601,0.1588,0.1591,1841479.1,15
2026-06-10 11:30:00,0.1591,0.1599,0.1588,0.1598,876624.0,15
2026-06-10 11:45:00,0.1598,0.1602,0.1595,0.1596,852152.5,15
2026-06-10 12:00:00,0.1595,0.1603,0.1591,0.1601,1053700.9,15
2026-06-10 12:15:00,0.16,0.1604,0.1593,0.16,1670977.4000000001,15
2026-06-10 12:30:00,0.1601,0.1636,0.1598,0.1622,7337063.0,15
2026-06-10 12:45:00,0.1622,0.1627,0.1619,0.1621,2271679.4,15
2026-06-10 13:00:00,0.162,0.1624,0.1613,0.1621,1409830.1,15
2026-06-10 13:15:00,0.1621,0.1624,0.1614,0.1621,1808951.2000000002,15
2026-06-10 13:30:00,0.162,0.1658,0.1618,0.1657,7437347.899999999,15
2026-06-10 13:45:00,0.1657,0.166,0.1646,0.1649,4037440.8000000003,15
2026-06-10 14:00:00,0.1649,0.1652,0.1635,0.1636,3173906.8,15
2026-06-10 14:15:00,0.1637,0.1641,0.1629,0.1633,2239288.4,15
2026-06-10 14:30:00,0.1633,0.1641,0.1624,0.1633,1362515.4,15
2026-06-10 14:45:00,0.1633,0.1639,0.1629,0.1639,1988952.6,15
2026-06-10 15:00:00,0.164,0.165,0.1631,0.1637,2615686.3,15
2026-06-10 15:15:00,0.1637,0.1662,0.1633,0.1659,3257691.4,15
2026-06-10 15:30:00,0.1658,0.1663,0.1653,0.1662,4411833.1,15
2026-06-10 15:45:00,0.1663,0.1668,0.1636,0.165,5356703.2,15
2026-06-10 16:00:00,0.165,0.1652,0.1643,0.1646,2633585.1,15
2026-06-10 16:15:00,0.1647,0.1651,0.1633,0.1639,3023873.0,15
2026-06-10 16:30:00,0.164,0.1645,0.1627,0.1628,2177044.8,15
2026-06-10 16:45:00,0.1627,0.1627,0.1606,0.162,3528830.4,15
2026-06-10 17:00:00,0.1621,0.1628,0.1617,0.1621,1193570.8,15
2026-06-10 17:15:00,0.1621,0.1627,0.1606,0.1608,1298447.6,15
2026-06-10 17:30:00,0.1608,0.1614,0.1603,0.1603,2016085.5,15
2026-06-10 17:45:00,0.1604,0.1619,0.1603,0.1618,1562001.5,15
2026-06-10 18:00:00,0.1617,0.1624,0.1617,0.1621,844351.6,15
2026-06-10 18:15:00,0.1621,0.1624,0.1612,0.1624,1219594.3,15
2026-06-10 18:30:00,0.1625,0.1625,0.1613,0.1617,1003027.7,15
2026-06-10 18:45:00,0.1618,0.1647,0.1616,0.1647,3232995.9,15
2026-06-10 19:00:00,0.1647,0.1648,0.163,0.163,3422478.3,15
2026-06-10 19:15:00,0.163,0.1632,0.161,0.1613,2368708.2,15
2026-06-10 19:30:00,0.1613,0.1621,0.161,0.1611,1746155.5999999999,15
2026-06-10 19:45:00,0.1612,0.1612,0.1604,0.1608,2891389.7,15
2026-06-10 20:00:00,0.1608,0.1612,0.1597,0.1607,1575210.9000000001,15
2026-06-10 20:15:00,0.1608,0.1617,0.1603,0.1614,1418959.0,15
2026-06-10 20:30:00,0.1614,0.1614,0.1603,0.1603,1134792.0,15
2026-06-10 20:45:00,0.1602,0.1607,0.1597,0.1603,1679561.6,15
2026-06-10 21:00:00,0.1603,0.1604,0.1588,0.1589,2102012.6,15
2026-06-10 21:15:00,0.159,0.16,0.159,0.1596,977786.2,15
2026-06-10 21:30:00,0.1596,0.1601,0.1593,0.1601,1440492.9000000001,15
2026-06-10 21:45:00,0.1601,0.1605,0.1582,0.1595,1921221.4,15
2026-06-10 22:00:00,0.1595,0.1597,0.1587,0.1596,1265844.9,15
2026-06-10 22:15:00,0.1596,0.1598,0.1592,0.1594,1070713.9,15
2026-06-10 22:30:00,0.1594,0.1616,0.1593,0.161,2301123.3,15
2026-06-10 22:45:00,0.161,0.161,0.1602,0.1602,822078.9,15
2026-06-10 23:00:00,0.1601,0.1601,0.1593,0.1597,1657547.6,15
2026-06-10 23:15:00,0.1596,0.1616,0.1594,0.1613,2034289.0,15
2026-06-10 23:30:00,0.1613,0.1614,0.1603,0.1609,1087948.0999999999,15
2026-06-10 23:45:00,0.1609,0.1615,0.1605,0.1607,989557.5,15
2026-06-11 00:00:00,0.1607,0.1616,0.1607,0.1616,1235661.8,15
2026-06-11 00:15:00,0.1616,0.1624,0.1611,0.1617,1235692.5,15
2026-06-11 00:30:00,0.1617,0.1619,0.161,0.1611,1565471.0,15
2026-06-11 00:45:00,0.1611,0.1618,0.1608,0.1613,1591009.0,15
2026-06-11 01:00:00,0.1613,0.1622,0.1612,0.162,1637768.2,15
2026-06-11 01:15:00,0.162,0.1623,0.1617,0.1618,978036.6,15
2026-06-11 01:30:00,0.1619,0.1636,0.1616,0.1635,2146227.5,15
2026-06-11 01:45:00,0.1635,0.1643,0.163,0.1635,1780388.9,15
2026-06-11 02:00:00,0.1636,0.1638,0.1626,0.1628,1591465.5999999999,15
2026-06-11 02:15:00,0.1629,0.1632,0.1622,0.1628,1266389.0999999999,15
2026-06-11 02:30:00,0.1628,0.1629,0.1621,0.1623,772970.0,15
2026-06-11 02:45:00,0.1623,0.1634,0.1619,0.163,1236440.8,15
2026-06-11 03:00:00,0.163,0.1633,0.1621,0.1626,1830430.3,15
2026-06-11 03:15:00,0.1626,0.1632,0.1624,0.1632,679323.2,15
2026-06-11 03:30:00,0.1632,0.1647,0.1632,0.1641,2720150.6999999997,15
2026-06-11 03:45:00,0.1641,0.1673,0.1641,0.1665,7024449.1,15
2026-06-11 04:00:00,0.1666,0.1668,0.1652,0.1663,3963036.1999999997,15
2026-06-11 04:15:00,0.1663,0.1668,0.1662,0.1662,2303740.6,15
2026-06-11 04:30:00,0.1662,0.1664,0.1656,0.1663,1520337.9,15
2026-06-11 04:45:00,0.1664,0.1678,0.1664,0.1668,2934576.3,15
2026-06-11 05:00:00,0.1668,0.1668,0.1659,0.1663,1510336.3,15
2026-06-11 05:15:00,0.1663,0.1667,0.1654,0.1658,962854.7,15
2026-06-11 05:30:00,0.1658,0.1664,0.1655,0.1663,1166984.8,15
2026-06-11 05:45:00,0.1663,0.1666,0.1655,0.1655,1901155.6,15
2026-06-11 06:00:00,0.1655,0.166,0.165,0.1657,1719485.7,15
2026-06-11 06:15:00,0.1657,0.1663,0.1654,0.1656,1871457.7,15
2026-06-11 06:30:00,0.1656,0.1658,0.1648,0.1649,1754231.7,15
2026-06-11 06:45:00,0.1649,0.165,0.1641,0.1647,1003006.8,15
2026-06-11 07:00:00,0.1647,0.1654,0.1644,0.1648,1397283.5999999999,15
2026-06-11 07:15:00,0.1647,0.1665,0.1647,0.1664,1421267.6,15
2026-06-11 07:30:00,0.1665,0.1667,0.1658,0.1659,1441958.2,15
2026-06-11 07:45:00,0.1659,0.1669,0.1659,0.1668,1462629.9,15
2026-06-11 08:00:00,0.1668,0.1678,0.1667,0.1676,1346580.7,15
2026-06-11 08:15:00,0.1675,0.1681,0.1672,0.1677,1827315.2,15
2026-06-11 08:30:00,0.1678,0.1681,0.1675,0.1675,1258364.8,15
2026-06-11 08:45:00,0.1675,0.1681,0.1668,0.1669,2645851.3,15
2026-06-11 09:00:00,0.1669,0.1671,0.1659,0.1663,1705360.9,15
2026-06-11 09:15:00,0.1662,0.1664,0.1656,0.1664,1021903.2,15
2026-06-11 09:30:00,0.1663,0.1668,0.1662,0.1665,919765.2999999999,15
2026-06-11 09:45:00,0.1666,0.1668,0.1664,0.1664,1371724.9,15
2026-06-11 10:00:00,0.1665,0.1666,0.1656,0.1658,1676459.9,15
2026-06-11 10:15:00,0.1658,0.1659,0.1654,0.1655,1462123.3,15
2026-06-11 10:30:00,0.1656,0.1659,0.1654,0.1657,842545.2,15
2026-06-11 10:45:00,0.1658,0.1663,0.1656,0.1662,1920005.9,15
2026-06-11 11:00:00,0.1662,0.1663,0.1656,0.1662,2396118.7,15
2026-06-11 11:15:00,0.1662,0.1663,0.1657,0.166,1404345.3,15
2026-06-11 11:30:00,0.166,0.1664,0.1659,0.1663,2100527.2,15
2026-06-11 11:45:00,0.1663,0.1675,0.1662,0.1669,1759617.0,15
2026-06-11 12:00:00,0.1669,0.167,0.1661,0.1665,1649715.5,15
2026-06-11 12:15:00,0.1665,0.1668,0.1647,0.1651,3245364.3,15
2026-06-11 12:30:00,0.165,0.1664,0.1647,0.1662,3200684.0999999996,15
2026-06-11 12:45:00,0.1661,0.1662,0.1656,0.1658,1901781.5,15
2026-06-11 13:00:00,0.1657,0.1657,0.1646,0.1649,872318.9,15
2026-06-11 13:15:00,0.165,0.1655,0.1647,0.1648,1251814.2,15
2026-06-11 13:30:00,0.1647,0.1652,0.1642,0.165,1625602.3,15
2026-06-11 13:45:00,0.1651,0.1663,0.165,0.1658,2943396.9,15
2026-06-11 14:00:00,0.1659,0.1664,0.1652,0.1653,871981.9,15
2026-06-11 14:15:00,0.1652,0.1656,0.1647,0.1653,1387866.3,15
2026-06-11 14:30:00,0.1653,0.1664,0.165,0.1661,1441410.0,15
2026-06-11 14:45:00,0.1661,0.1667,0.1654,0.1654,1983610.7,15
2026-06-11 15:00:00,0.1653,0.1664,0.1647,0.1661,3340794.9,15
2026-06-11 15:15:00,0.166,0.167,0.1659,0.1667,1260655.8,15
2026-06-11 15:30:00,0.1668,0.1674,0.1662,0.1665,2251832.5,15
2026-06-11 15:45:00,0.1664,0.1665,0.1654,0.1662,1419640.0,15
2026-06-11 16:00:00,0.1662,0.1666,0.1656,0.1662,1596932.5,15
2026-06-11 16:15:00,0.1663,0.1665,0.1651,0.1655,2034851.1,15
2026-06-11 16:30:00,0.1654,0.1668,0.1654,0.1659,1852989.4,15
2026-06-11 16:45:00,0.166,0.166,0.165,0.1651,2052441.5,15
2026-06-11 17:00:00,0.1652,0.1654,0.1644,0.1648,2048665.0,15
2026-06-11 17:15:00,0.1648,0.1669,0.1641,0.1669,4753501.6,15
2026-06-11 17:30:00,0.1669,0.1689,0.1666,0.1688,5584729.1,15
2026-06-11 17:45:00,0.1688,0.1707,0.1686,0.1707,6673298.0,15
2026-06-11 18:00:00,0.1707,0.1719,0.1693,0.1703,4668689.4,15
2026-06-11 18:15:00,0.1703,0.1712,0.1689,0.169,3351619.6999999997,15
2026-06-11 18:30:00,0.169,0.1698,0.1689,0.1696,4161822.3000000003,15
2026-06-11 18:45:00,0.1696,0.1698,0.1691,0.1692,1961866.2,15
2026-06-11 19:00:00,0.1691,0.1696,0.1681,0.1689,2259426.9,15
2026-06-11 19:15:00,0.169,0.1703,0.169,0.1698,1507077.6,15
2026-06-11 19:30:00,0.1697,0.171,0.1696,0.1699,3682300.3,15
2026-06-11 19:45:00,0.1699,0.17,0.169,0.1694,990107.6,15
2026-06-11 20:00:00,0.1694,0.1697,0.1689,0.1694,699695.9,15
2026-06-11 20:15:00,0.1694,0.1696,0.168,0.1682,2074554.7,15
2026-06-11 20:30:00,0.1682,0.1683,0.1675,0.1678,1594192.5,15
2026-06-11 20:45:00,0.1678,0.1686,0.1678,0.1684,749720.6,15
2026-06-11 21:00:00,0.1684,0.1701,0.1684,0.17,908232.6,15
2026-06-11 21:15:00,0.1699,0.1702,0.1697,0.1699,923344.0,15
2026-06-11 21:30:00,0.17,0.1705,0.1699,0.17,809457.9,15
2026-06-11 21:45:00,0.1701,0.171,0.1699,0.1701,1698518.7,15
2026-06-11 22:00:00,0.1701,0.1709,0.17,0.1705,928741.1,15
2026-06-11 22:15:00,0.1705,0.171,0.1704,0.1706,920932.2,15
2026-06-11 22:30:00,0.1706,0.1713,0.1704,0.1706,852980.8,15
2026-06-11 22:45:00,0.1706,0.1715,0.1702,0.1711,750286.3,15
2026-06-11 23:00:00,0.1711,0.1711,0.1701,0.1706,1722630.4000000001,15
2026-06-11 23:15:00,0.1705,0.1714,0.1704,0.1706,2450031.0,15
2026-06-11 23:30:00,0.1707,0.172,0.1706,0.1715,4085947.1,15
2026-06-11 23:45:00,0.1714,0.1714,0.1701,0.1707,1243669.1,15
2026-06-12 00:00:00,0.1707,0.1713,0.1702,0.1706,3885106.0,15
2026-06-12 00:15:00,0.1705,0.1707,0.1699,0.1705,1861020.8,15
2026-06-12 00:30:00,0.1705,0.1709,0.1701,0.1706,1765638.1,15
2026-06-12 00:45:00,0.1706,0.1707,0.17,0.1702,843119.2,15
2026-06-12 01:00:00,0.1701,0.1701,0.1692,0.1694,1056701.0,15
2026-06-12 01:15:00,0.1695,0.1696,0.1688,0.1691,727167.6,15
2026-06-12 01:30:00,0.169,0.1695,0.169,0.1692,362187.89999999997,15
2026-06-12 01:45:00,0.1692,0.1698,0.1692,0.1696,565881.7,15
2026-06-12 02:00:00,0.1697,0.1712,0.1697,0.1708,743388.2,15
2026-06-12 02:15:00,0.1708,0.1709,0.1702,0.1707,1423125.5,15
2026-06-12 02:30:00,0.1708,0.1715,0.1708,0.1714,810566.8,15
2026-06-12 02:45:00,0.1715,0.1715,0.1707,0.1711,1174406.5,15
2026-06-12 03:00:00,0.1711,0.1715,0.171,0.1713,582374.7,15
2026-06-12 03:15:00,0.1712,0.1715,0.1707,0.171,928855.9,15
2026-06-12 03:30:00,0.171,0.1717,0.1708,0.1709,971174.9,15
2026-06-12 03:45:00,0.1709,0.1719,0.1709,0.1718,888889.1,15
2026-06-12 04:00:00,0.1719,0.172,0.1714,0.1716,848890.2000000001,15
2026-06-12 04:15:00,0.1715,0.1731,0.1715,0.1726,2208691.3,15
2026-06-12 04:30:00,0.1727,0.1736,0.172,0.1722,2158657.0,15
2026-06-12 04:45:00,0.1723,0.1725,0.1719,0.1723,1194790.1,15
2026-06-12 05:00:00,0.1723,0.1724,0.1714,0.1717,901854.2,15
2026-06-12 05:15:00,0.1717,0.1721,0.1711,0.1712,657788.4,15
2026-06-12 05:30:00,0.1712,0.1719,0.1707,0.1709,1715541.8,15
2026-06-12 05:45:00,0.1709,0.1712,0.1702,0.1703,886500.8,15
2026-06-12 06:00:00,0.1702,0.1708,0.17,0.1702,1100993.6,15
2026-06-12 06:15:00,0.1702,0.1703,0.1694,0.1696,2408374.4,15
2026-06-12 06:30:00,0.1696,0.1696,0.1681,0.1683,1873624.9999999998,15
2026-06-12 06:45:00,0.1683,0.1688,0.1682,0.1684,1246943.1,15
2026-06-12 07:00:00,0.1684,0.1693,0.1684,0.1687,2350067.9,15
2026-06-12 07:15:00,0.1687,0.1689,0.1684,0.1686,857605.8,15
2026-06-12 07:30:00,0.1686,0.1691,0.1683,0.1687,617323.4,15
2026-06-12 07:45:00,0.1687,0.1695,0.1683,0.1692,1536616.5,15
2026-06-12 08:00:00,0.1692,0.1697,0.1692,0.1694,1081398.6,15
2026-06-12 08:15:00,0.1693,0.1704,0.1692,0.1699,2743502.8,15
2026-06-12 08:30:00,0.17,0.1701,0.1695,0.1695,536203.7000000001,15
2026-06-12 08:45:00,0.1695,0.1706,0.1695,0.1704,858026.1,15
2026-06-12 09:00:00,0.1704,0.1706,0.1699,0.1704,635188.4,15
2026-06-12 09:15:00,0.1704,0.1716,0.1703,0.1712,1059354.4,15
2026-06-12 09:30:00,0.1712,0.1719,0.171,0.1718,1485845.4,15
2026-06-12 09:45:00,0.1717,0.1723,0.1714,0.1719,1158683.8,15
2026-06-12 10:00:00,0.172,0.1723,0.1713,0.1715,883292.1000000001,15
2026-06-12 10:15:00,0.1716,0.1719,0.1708,0.171,1017475.5,15
2026-06-12 10:30:00,0.1711,0.1722,0.1711,0.1715,1734900.4,15
2026-06-12 10:45:00,0.1714,0.1718,0.1712,0.1713,2175794.8000000003,15
2026-06-12 11:00:00,0.1713,0.1716,0.171,0.1714,1755424.3,15
2026-06-12 11:15:00,0.1713,0.1716,0.171,0.1713,2268289.3,15
2026-06-12 11:30:00,0.1712,0.1714,0.1707,0.1713,1355074.2,15
2026-06-12 11:45:00,0.1712,0.1715,0.1708,0.1714,1233847.6,15
2026-06-12 12:00:00,0.1713,0.1722,0.1709,0.1716,2607823.1999999997,15
2026-06-12 12:15:00,0.1717,0.1722,0.1712,0.1712,1050222.2,15
2026-06-12 12:30:00,0.1712,0.1718,0.1708,0.1711,1548356.0,15
2026-06-12 12:45:00,0.171,0.1717,0.1706,0.1709,1538880.8,15
2026-06-12 13:00:00,0.1708,0.171,0.1698,0.1704,1877700.9,15
2026-06-12 13:15:00,0.1704,0.1707,0.1698,0.1703,1192373.9,15
2026-06-12 13:30:00,0.1703,0.1705,0.1686,0.1691,4615987.6,15
2026-06-12 13:45:00,0.1691,0.1693,0.1677,0.1684,4416997.0,15
2026-06-12 14:00:00,0.1685,0.1695,0.1682,0.1693,6030915.2,15
2026-06-12 14:15:00,0.1694,0.17,0.1689,0.1698,2742105.8,15
2026-06-12 14:30:00,0.1698,0.1717,0.1693,0.1704,3207308.9,15
2026-06-12 14:45:00,0.1705,0.1733,0.1702,0.1729,5575032.3,15
2026-06-12 15:00:00,0.1729,0.1743,0.172,0.1741,5804025.6,15
2026-06-12 15:15:00,0.1742,0.1742,0.1728,0.1731,4013112.1,15
2026-06-12 15:30:00,0.173,0.174,0.1714,0.1723,5500005.5,15
2026-06-12 15:45:00,0.1723,0.173,0.1703,0.1705,6363027.7,15
2026-06-12 16:00:00,0.1705,0.1725,0.1696,0.1722,4357283.5,15
2026-06-12 16:15:00,0.1721,0.1726,0.1706,0.1716,1514582.6,15
2026-06-12 16:30:00,0.1716,0.1726,0.1713,0.1719,1198759.3,15
2026-06-12 16:45:00,0.1719,0.1735,0.1717,0.1734,3210708.5,15
2026-06-12 17:00:00,0.1734,0.1744,0.1728,0.1731,4277032.4,15
2026-06-12 17:15:00,0.1731,0.1731,0.1716,0.172,2019046.9000000001,15
2026-06-12 17:30:00,0.1721,0.1724,0.1715,0.1721,1189471.5999999999,15
2026-06-12 17:45:00,0.1721,0.1726,0.1717,0.1719,1743186.7,15
2026-06-12 18:00:00,0.1719,0.1723,0.1703,0.1706,2532734.9,15
2026-06-12 18:15:00,0.1706,0.1712,0.17,0.1712,1638129.1,15
2026-06-12 18:30:00,0.1712,0.1723,0.1709,0.1719,1061195.4000000001,15
2026-06-12 18:45:00,0.1718,0.172,0.1708,0.1711,2114258.8,15
2026-06-12 19:00:00,0.171,0.1725,0.1709,0.1724,923985.2,15
2026-06-12 19:15:00,0.1725,0.1727,0.1718,0.1722,938538.2,15
2026-06-12 19:30:00,0.1722,0.1726,0.1711,0.1714,1527071.9,15
2026-06-12 19:45:00,0.1715,0.1716,0.1705,0.1708,1422685.7,15
2026-06-12 20:00:00,0.1709,0.171,0.1704,0.171,1692148.5,15
2026-06-12 20:15:00,0.171,0.171,0.1704,0.171,457260.30000000005,15
2026-06-12 20:30:00,0.171,0.1713,0.1702,0.1705,1365657.3,15
2026-06-12 20:45:00,0.1705,0.1705,0.1694,0.1696,2606898.1,15
2026-06-12 21:00:00,0.1697,0.1703,0.1693,0.1701,1496072.4000000001,15
2026-06-12 21:15:00,0.1701,0.1705,0.1698,0.1701,426654.8,15
2026-06-12 21:30:00,0.1702,0.1703,0.1698,0.1699,309778.7,15
2026-06-12 21:45:00,0.1698,0.1698,0.1687,0.1694,1081970.1,15
2026-06-12 22:00:00,0.1694,0.1698,0.1691,0.1697,1306302.5,15
2026-06-12 22:15:00,0.1698,0.1703,0.1696,0.1699,721448.0,15
2026-06-12 22:30:00,0.1699,0.1699,0.1691,0.1693,613782.5,15
2026-06-12 22:45:00,0.1693,0.1697,0.1691,0.1696,606504.4,15
2026-06-12 23:00:00,0.1696,0.1696,0.1691,0.1692,493475.60000000003,15
2026-06-12 23:15:00,0.1692,0.1694,0.1687,0.1691,707537.0,15
2026-06-12 23:30:00,0.169,0.17,0.1689,0.1696,1552312.8,15
2026-06-12 23:45:00,0.1696,0.1701,0.1695,0.1697,939955.4,15
2026-06-13 00:00:00,0.1697,0.1701,0.1695,0.17,475829.5,15
2026-06-13 00:15:00,0.17,0.1702,0.1697,0.1698,486134.10000000003,15
2026-06-13 00:30:00,0.1698,0.1703,0.1695,0.1702,1350526.2000000002,15
2026-06-13 00:45:00,0.1702,0.1706,0.1698,0.1701,968870.9,15
2026-06-13 01:00:00,0.1701,0.1714,0.1699,0.1711,2146226.7,15
2026-06-13 01:15:00,0.1711,0.1721,0.1709,0.1719,3241517.0,15
2026-06-13 01:30:00,0.1719,0.1731,0.1718,0.1725,3231823.9000000004,15
2026-06-13 01:45:00,0.1725,0.1734,0.1725,0.1728,1502658.0,15
2026-06-13 02:00:00,0.1728,0.1731,0.1724,0.1726,1444866.7,15
2026-06-13 02:15:00,0.1726,0.1726,0.172,0.1723,881701.8,15
2026-06-13 02:30:00,0.1723,0.1726,0.1717,0.1722,1332340.0,15
2026-06-13 02:45:00,0.1722,0.1724,0.1715,0.1719,810642.3,15
2026-06-13 03:00:00,0.1719,0.1722,0.1713,0.1714,2811562.0,15
2026-06-13 03:15:00,0.1714,0.1715,0.17,0.1703,1533683.0,15
2026-06-13 03:30:00,0.1704,0.1709,0.1701,0.1706,792607.6,15
2026-06-13 03:45:00,0.1705,0.1707,0.1702,0.1704,1121311.8,15
2026-06-13 04:00:00,0.1705,0.1708,0.1697,0.1701,1390479.8,15
2026-06-13 04:15:00,0.1701,0.1702,0.1697,0.1699,953275.5,15
2026-06-13 04:30:00,0.1698,0.1707,0.1698,0.1705,675945.3,15
2026-06-13 04:45:00,0.1705,0.1709,0.17,0.1704,2323909.2,15
2026-06-13 05:00:00,0.1704,0.1709,0.1703,0.1703,988504.2999999999,15
2026-06-13 05:15:00,0.1703,0.1703,0.1696,0.1696,727451.7,15
2026-06-13 05:30:00,0.1697,0.1701,0.1695,0.1696,765886.7,15
2026-06-13 05:45:00,0.1696,0.1697,0.169,0.1697,815171.7,15
2026-06-13 06:00:00,0.1698,0.1702,0.1696,0.1698,407377.9,15
2026-06-13 06:15:00,0.1698,0.1701,0.1694,0.1699,916715.6,15
2026-06-13 06:30:00,0.17,0.1708,0.1698,0.1708,1148675.5,15
2026-06-13 06:45:00,0.1707,0.1721,0.1707,0.172,1784558.5,15
2026-06-13 07:00:00,0.172,0.1722,0.1713,0.172,1596729.5,15
2026-06-13 07:15:00,0.172,0.1742,0.1717,0.1736,4023356.0,15
2026-06-13 07:30:00,0.1736,0.1739,0.1726,0.1732,1528851.2,15
2026-06-13 07:45:00,0.1732,0.1738,0.1729,0.1732,1442376.6,15
2026-06-13 08:00:00,0.1731,0.1736,0.173,0.1732,1508432.9,15
2026-06-13 08:15:00,0.1732,0.1738,0.1728,0.173,1199495.4,15
2026-06-13 08:30:00,0.173,0.1738,0.1729,0.1737,746119.8,15
2026-06-13 08:45:00,0.1737,0.1737,0.1728,0.1729,767121.8,15
2026-06-13 09:00:00,0.1729,0.1733,0.1727,0.1731,1791490.3,15
2026-06-13 09:15:00,0.1732,0.1734,0.1727,0.1729,443852.5,15
2026-06-13 09:30:00,0.1729,0.173,0.1724,0.1724,1496283.7,15
2026-06-13 09:45:00,0.1725,0.1728,0.1723,0.1725,496886.0,15
2026-06-13 10:00:00,0.1726,0.173,0.1723,0.1728,536515.1,15
2026-06-13 10:15:00,0.1728,0.1729,0.1724,0.1725,316963.8,15
2026-06-13 10:30:00,0.1725,0.173,0.1724,0.1728,799338.6,15
2026-06-13 10:45:00,0.1728,0.1731,0.1721,0.1724,732507.5,15
2026-06-13 11:00:00,0.1724,0.1735,0.1724,0.1734,671634.6,15
2026-06-13 11:15:00,0.1735,0.1739,0.1733,0.1737,1246451.9000000001,15
2026-06-13 11:30:00,0.1737,0.1738,0.1732,0.1734,574642.2999999999,15
2026-06-13 11:45:00,0.1734,0.1736,0.1731,0.1734,369977.2,15
2026-06-13 12:00:00,0.1735,0.1739,0.1732,0.1737,1219386.1,15
2026-06-13 12:15:00,0.1737,0.1738,0.1732,0.1732,688385.4,15
2026-06-13 12:30:00,0.1733,0.1736,0.1731,0.1733,780324.8,15
2026-06-13 12:45:00,0.1732,0.1744,0.1732,0.1737,1288848.7,15
2026-06-13 13:00:00,0.1737,0.1738,0.1734,0.1735,466531.0,15
2026-06-13 13:15:00,0.1734,0.174,0.1734,0.1738,606354.3,15
2026-06-13 13:30:00,0.1738,0.1742,0.1735,0.1739,356779.6,15
2026-06-13 13:45:00,0.1739,0.1742,0.1735,0.1741,1225480.2,15
2026-06-13 14:00:00,0.1741,0.1746,0.1739,0.1743,1924075.5,15
2026-06-13 14:15:00,0.1743,0.1748,0.1737,0.1739,963281.7,15
2026-06-13 14:30:00,0.1739,0.1741,0.1736,0.1738,303504.4,15
2026-06-13 14:45:00,0.1737,0.1746,0.1737,0.1746,615248.9,15
2026-06-13 15:00:00,0.1746,0.1749,0.1742,0.1748,1041823.0,15
2026-06-13 15:15:00,0.1749,0.1758,0.1747,0.1752,1813702.0,15
2026-06-13 15:30:00,0.1752,0.1756,0.1749,0.1751,884835.2,15
2026-06-13 15:45:00,0.175,0.175,0.1746,0.175,593454.0,15
2026-06-13 16:00:00,0.175,0.1751,0.1733,0.1737,2649444.2,15
2026-06-13 16:15:00,0.1736,0.1737,0.1727,0.1729,1157320.4,15
2026-06-13 16:30:00,0.1728,0.1737,0.1727,0.1737,946307.0,15
2026-06-13 16:45:00,0.1737,0.1741,0.1728,0.1734,1202025.1,15
2026-06-13 17:00:00,0.1734,0.1735,0.1727,0.1732,555163.5,15
2026-06-13 17:15:00,0.1732,0.1738,0.1731,0.1736,586953.2,15
2026-06-13 17:30:00,0.1737,0.174,0.1734,0.1738,683641.4,15
2026-06-13 17:45:00,0.1738,0.174,0.1718,0.1722,2284913.7,15
2026-06-13 18:00:00,0.1723,0.1729,0.1721,0.1728,506993.7,15
2026-06-13 18:15:00,0.1727,0.1732,0.1725,0.1727,707605.4,15
2026-06-13 18:30:00,0.1727,0.1731,0.1725,0.1728,439394.3,15
2026-06-13 18:45:00,0.1728,0.1729,0.1718,0.1721,405568.9,15
2026-06-13 19:00:00,0.1721,0.1724,0.1719,0.1721,704519.7000000001,15
2026-06-13 19:15:00,0.1721,0.1723,0.1715,0.1721,889954.3,15
2026-06-13 19:30:00,0.172,0.1728,0.1718,0.1726,1260236.4,15
2026-06-13 19:45:00,0.1726,0.1728,0.1722,0.1722,552563.6,15
2026-06-13 20:00:00,0.1721,0.1725,0.1717,0.1722,795154.6,15
2026-06-13 20:15:00,0.1722,0.1722,0.1714,0.1714,528876.3,15
2026-06-13 20:30:00,0.1715,0.1717,0.1712,0.1714,1003694.1000000001,15
2026-06-13 20:45:00,0.1715,0.1718,0.1713,0.1717,427391.39999999997,15
2026-06-13 21:00:00,0.1717,0.1721,0.1715,0.1716,1212889.2,15
2026-06-13 21:15:00,0.1716,0.1718,0.1714,0.1715,586891.7999999999,15
2026-06-13 21:30:00,0.1715,0.1734,0.1715,0.1729,883839.3,15
2026-06-13 21:45:00,0.1729,0.1735,0.1725,0.1728,1336527.6,15
2026-06-13 22:00:00,0.1728,0.1729,0.1719,0.1722,993387.1,15
2026-06-13 22:15:00,0.1722,0.1727,0.1721,0.1725,1243162.0,15
2026-06-13 22:30:00,0.1724,0.1726,0.1719,0.1719,729407.1,15
2026-06-13 22:45:00,0.1719,0.1721,0.1716,0.1716,1123970.1,15
2026-06-13 23:00:00,0.1716,0.172,0.1715,0.1718,1029058.4,15
2026-06-13 23:15:00,0.1718,0.173,0.1718,0.172,1745421.7999999998,15
2026-06-13 23:30:00,0.1719,0.1722,0.1718,0.1718,1236205.7999999998,15
2026-06-13 23:45:00,0.1719,0.172,0.1715,0.1718,1301825.7,15
2026-06-14 00:00:00,0.1718,0.172,0.1716,0.172,1465569.6,15
2026-06-14 00:15:00,0.172,0.1725,0.172,0.1722,697022.5,15
2026-06-14 00:30:00,0.1722,0.1725,0.1718,0.1718,783311.7999999999,15
2026-06-14 00:45:00,0.1719,0.172,0.1715,0.1715,789740.1,15
2026-06-14 01:00:00,0.1715,0.1726,0.1714,0.1725,3149740.1,15
2026-06-14 01:15:00,0.1725,0.1731,0.1723,0.173,1604426.5999999999,15
2026-06-14 01:30:00,0.1729,0.173,0.1726,0.1729,693212.3,15
2026-06-14 01:45:00,0.1729,0.1733,0.1727,0.1727,1233145.6,15
2026-06-14 02:00:00,0.1727,0.1734,0.1726,0.1732,734047.4,15
2026-06-14 02:15:00,0.1733,0.1737,0.1729,0.173,684512.5,15
2026-06-14 02:30:00,0.173,0.1731,0.1724,0.1726,851491.5,15
2026-06-14 02:45:00,0.1726,0.1726,0.1722,0.1723,477846.9,15
2026-06-14 03:00:00,0.1724,0.1727,0.172,0.1726,501708.0,15
2026-06-14 03:15:00,0.1726,0.1732,0.1724,0.1731,455998.0,15
2026-06-14 03:30:00,0.1731,0.1732,0.1727,0.1728,660872.4,15
2026-06-14 03:45:00,0.1728,0.1735,0.1726,0.1731,783840.5,15
2026-06-14 04:00:00,0.1731,0.1733,0.1724,0.1729,425963.5,15
2026-06-14 04:15:00,0.1728,0.173,0.1721,0.1721,492480.5,15
2026-06-14 04:30:00,0.1721,0.1724,0.1717,0.1719,778430.3,15
2026-06-14 04:45:00,0.1719,0.1721,0.1716,0.1719,1947325.0,15
2026-06-14 05:00:00,0.172,0.1723,0.1719,0.172,391758.8,15
2026-06-14 05:15:00,0.1721,0.1721,0.1713,0.1716,799090.9,15
2026-06-14 05:30:00,0.1716,0.1723,0.1713,0.172,1000432.9,15
2026-06-14 05:45:00,0.172,0.1724,0.172,0.1721,243375.2,15
2026-06-14 06:00:00,0.1721,0.1727,0.1721,0.1727,182890.8,15
2026-06-14 06:15:00,0.1727,0.1727,0.172,0.1723,448002.39999999997,15
2026-06-14 06:30:00,0.1724,0.1725,0.1715,0.1715,695931.4,15
2026-06-14 06:45:00,0.1715,0.1715,0.1713,0.1715,464268.69999999995,15
2026-06-14 07:00:00,0.1715,0.1716,0.171,0.1714,1145891.2,15
2026-06-14 07:15:00,0.1713,0.1717,0.1713,0.1715,673298.1,15
2026-06-14 07:30:00,0.1714,0.1715,0.1709,0.1711,714246.4,15
2026-06-14 07:45:00,0.1711,0.1716,0.1711,0.1711,732467.7,15
2026-06-14 08:00:00,0.1711,0.1713,0.1707,0.1711,901276.8,15
2026-06-14 08:15:00,0.1711,0.1716,0.1711,0.1713,767271.5,15
2026-06-14 08:30:00,0.1713,0.1714,0.1709,0.1714,566824.7,15
2026-06-14 08:45:00,0.1713,0.1715,0.1709,0.171,340993.89999999997,15
2026-06-14 09:00:00,0.1711,0.1711,0.1706,0.1706,1310637.0,15
2026-06-14 09:15:00,0.1707,0.1707,0.17,0.1706,1886743.0,15
2026-06-14 09:30:00,0.1706,0.1719,0.1705,0.1716,787736.6,15
2026-06-14 09:45:00,0.1717,0.1718,0.1711,0.1711,1122038.4,15
2026-06-14 10:00:00,0.1712,0.1712,0.1704,0.1706,1343023.0,15
2026-06-14 10:15:00,0.1706,0.1709,0.17,0.1703,2665316.9,15
2026-06-14 10:30:00,0.1703,0.1708,0.1702,0.1702,559482.9,15
2026-06-14 10:45:00,0.1703,0.1703,0.1697,0.1699,890853.5,15
2026-06-14 11:00:00,0.1698,0.17,0.1695,0.1699,926026.3,15
2026-06-14 11:15:00,0.1699,0.1702,0.1698,0.1701,1092880.6,15
2026-06-14 11:30:00,0.1701,0.1703,0.17,0.1702,536350.2,15
2026-06-14 11:45:00,0.1703,0.1704,0.1697,0.1698,1011547.4,15
2026-06-14 12:00:00,0.1698,0.17,0.1695,0.1696,1336277.9,15
2026-06-14 12:15:00,0.1696,0.1697,0.1693,0.1693,1383955.3,15
2026-06-14 12:30:00,0.1693,0.1696,0.1683,0.1686,2968392.4,15
2026-06-14 12:45:00,0.1686,0.1688,0.1678,0.1684,1804482.7,15
2026-06-14 13:00:00,0.1683,0.1686,0.1681,0.1684,1284869.7,15
2026-06-14 13:15:00,0.1684,0.1686,0.1671,0.1673,1526339.2000000002,15
2026-06-14 13:30:00,0.1673,0.168,0.167,0.1678,2325105.7,15
2026-06-14 13:45:00,0.1679,0.1681,0.1672,0.1676,2430326.5,15
2026-06-14 14:00:00,0.1677,0.1678,0.1673,0.1677,594250.7,15
2026-06-14 14:15:00,0.1677,0.168,0.1668,0.1669,1843483.7000000002,15
2026-06-14 14:30:00,0.1669,0.1669,0.1654,0.1661,4788563.5,15
2026-06-14 14:45:00,0.1662,0.1669,0.1661,0.1669,1205710.7,15
2026-06-14 15:00:00,0.167,0.1673,0.1669,0.167,1579681.4,15
2026-06-14 15:15:00,0.167,0.1673,0.1664,0.1668,2447054.6999999997,15
2026-06-14 15:30:00,0.1668,0.1673,0.1667,0.167,625591.2999999999,15
2026-06-14 15:45:00,0.1669,0.167,0.1667,0.167,646084.5,15
2026-06-14 16:00:00,0.167,0.1674,0.1668,0.1673,1049524.8,15
2026-06-14 16:15:00,0.1674,0.1676,0.1672,0.1675,718079.9,15
2026-06-14 16:30:00,0.1675,0.1677,0.1672,0.1674,1621550.7,15
2026-06-14 16:45:00,0.1674,0.1675,0.1668,0.1671,1039302.0,15
2026-06-14 17:00:00,0.1672,0.1674,0.1668,0.1672,694671.2000000001,15
2026-06-14 17:15:00,0.1673,0.1674,0.167,0.1671,688491.8,15
2026-06-14 17:30:00,0.1671,0.1672,0.1666,0.1669,569852.2000000001,15
2026-06-14 17:45:00,0.167,0.1671,0.1664,0.1667,1046217.6,15
2026-06-14 18:00:00,0.1666,0.1669,0.1664,0.1669,649990.2,15
2026-06-14 18:15:00,0.1668,0.167,0.166,0.1661,1181047.0999999999,15
2026-06-14 18:30:00,0.1661,0.1666,0.1661,0.1665,1476086.5999999999,15
2026-06-14 18:45:00,0.1665,0.1666,0.1659,0.1661,1064433.5,15
2026-06-14 19:00:00,0.166,0.1665,0.1659,0.1664,1581659.5,15
2026-06-14 19:15:00,0.1664,0.1666,0.1661,0.1664,1156989.2,15
2026-06-14 19:30:00,0.1664,0.1667,0.166,0.1661,380586.6,15
2026-06-14 19:45:00,0.166,0.1662,0.1658,0.1661,1016813.2,15
2026-06-14 20:00:00,0.1661,0.1664,0.1658,0.1662,594315.9,15
2026-06-14 20:15:00,0.1662,0.1669,0.1661,0.1667,718992.3,15
2026-06-14 20:30:00,0.1667,0.1673,0.1666,0.1672,706109.3,15
2026-06-14 20:45:00,0.1672,0.1674,0.1669,0.1669,611473.8,15
2026-06-14 21:00:00,0.167,0.1676,0.1667,0.1676,883124.9,15
2026-06-14 21:15:00,0.1676,0.1717,0.1676,0.1712,5153332.1,15
2026-06-14 21:30:00,0.1713,0.1743,0.1708,0.1739,8150089.9,15
2026-06-14 21:45:00,0.1738,0.176,0.1738,0.1739,6452124.4,15
2026-06-14 22:00:00,0.174,0.175,0.1728,0.1742,4680872.9,15
2026-06-14 22:15:00,0.1743,0.1756,0.1737,0.1755,4346101.0,15
2026-06-14 22:30:00,0.1755,0.1769,0.1753,0.1764,4935140.9,15
2026-06-14 22:45:00,0.1765,0.1765,0.1747,0.175,3805707.0,15
2026-06-14 23:00:00,0.1751,0.1764,0.174,0.1761,3512183.2,15
2026-06-14 23:15:00,0.176,0.1788,0.176,0.1785,4261239.1,15
2026-06-14 23:30:00,0.1785,0.1794,0.1782,0.1794,4039721.3000000003,15
2026-06-14 23:45:00,0.1794,0.1839,0.1793,0.183,11795061.0,15
2026-06-15 00:00:00,0.183,0.187,0.183,0.1868,11606957.3,15
2026-06-15 00:15:00,0.1868,0.1869,0.1831,0.1839,7309797.6,15
2026-06-15 00:30:00,0.1838,0.1839,0.1815,0.1822,7947418.6,15
2026-06-15 00:45:00,0.1823,0.1833,0.1818,0.1831,3638686.0,15
2026-06-15 01:00:00,0.1832,0.1833,0.1806,0.1822,4077475.6,15
2026-06-15 01:15:00,0.1822,0.1823,0.1806,0.1811,2526255.6999999997,15
2026-06-15 01:30:00,0.1812,0.1833,0.1809,0.1824,2853095.1999999997,15
2026-06-15 01:45:00,0.1824,0.1824,0.1801,0.1805,2706001.5,15
2026-06-15 02:00:00,0.1805,0.1818,0.1801,0.1816,2776993.5,15
2026-06-15 02:15:00,0.1817,0.1825,0.1815,0.1815,3331491.1,15
2026-06-15 02:30:00,0.1814,0.1815,0.18,0.18,3073590.5,15
2026-06-15 02:45:00,0.18,0.1806,0.1794,0.1801,2397261.4,15
2026-06-15 03:00:00,0.18,0.1813,0.1796,0.1811,1171818.3,15
2026-06-15 03:15:00,0.1811,0.1813,0.1804,0.1809,1229172.3,15
2026-06-15 03:30:00,0.181,0.1819,0.1805,0.1817,1195062.9,15
2026-06-15 03:45:00,0.1818,0.1821,0.1812,0.1813,2992185.5,15
2026-06-15 04:00:00,0.1812,0.1813,0.1805,0.1812,807056.5,15
2026-06-15 04:15:00,0.1812,0.1818,0.181,0.1812,686053.5,15
2026-06-15 04:30:00,0.1811,0.1811,0.1799,0.1801,1082969.8,15
2026-06-15 04:45:00,0.18,0.1803,0.1796,0.1797,1613190.0,15
2026-06-15 05:00:00,0.1796,0.1804,0.1795,0.1804,979251.2000000001,15
2026-06-15 05:15:00,0.1804,0.1815,0.1802,0.1811,1883925.3,15
2026-06-15 05:30:00,0.1812,0.1812,0.1802,0.1804,799758.0,15
2026-06-15 05:45:00,0.1804,0.1813,0.1804,0.181,873133.0,15
2026-06-15 06:00:00,0.181,0.1814,0.1807,0.1812,1104444.4,15
2026-06-15 06:15:00,0.1812,0.182,0.1812,0.1817,1362634.2999999998,15
2026-06-15 06:30:00,0.1817,0.1819,0.1807,0.1812,781718.4,15
2026-06-15 06:45:00,0.1811,0.1817,0.181,0.1813,909628.8,15
2026-06-15 07:00:00,0.1812,0.1816,0.1803,0.1814,3243678.8000000003,15
2026-06-15 07:15:00,0.1814,0.182,0.1811,0.1816,1465382.5,15
2026-06-15 07:30:00,0.1815,0.1816,0.1806,0.1807,1142863.2,15
2026-06-15 07:45:00,0.1806,0.1807,0.18,0.1802,1745833.8,15
2026-06-15 08:00:00,0.1803,0.1812,0.18,0.1808,1714661.4,15
2026-06-15 08:15:00,0.1809,0.1812,0.18,0.1808,883064.2,15
2026-06-15 08:30:00,0.1808,0.1815,0.1807,0.1814,701917.1,15
2026-06-15 08:45:00,0.1814,0.1818,0.181,0.1812,1474594.7,15
2026-06-15 09:00:00,0.1812,0.1819,0.1811,0.1813,2227521.3,15
2026-06-15 09:15:00,0.1814,0.1819,0.1811,0.1817,1956015.3,15
2026-06-15 09:30:00,0.1816,0.1818,0.1806,0.1818,1558498.5,15
2026-06-15 09:45:00,0.1819,0.1819,0.1811,0.1814,635229.6,15
2026-06-15 10:00:00,0.1815,0.182,0.1812,0.1815,1324715.0,15
2026-06-15 10:15:00,0.1814,0.1819,0.1805,0.1809,1963320.1,15
2026-06-15 10:30:00,0.1809,0.182,0.1809,0.1814,1362364.2,15
2026-06-15 10:45:00,0.1813,0.183,0.1808,0.1828,4804559.0,15
2026-06-15 11:00:00,0.1828,0.1833,0.1823,0.1829,2829952.5,15
2026-06-15 11:15:00,0.1829,0.1855,0.1828,0.185,3941278.2,15
2026-06-15 11:30:00,0.185,0.1856,0.1836,0.1837,3274300.9,15
2026-06-15 11:45:00,0.1837,0.1855,0.1835,0.1852,3672940.2,15
2026-06-15 12:00:00,0.1852,0.1859,0.1844,0.1856,2561405.5,15
2026-06-15 12:15:00,0.1856,0.1867,0.1849,0.1866,3654371.8,15
2026-06-15 12:30:00,0.1865,0.1893,0.1857,0.1892,6830978.199999999,15
2026-06-15 12:45:00,0.1892,0.1895,0.1869,0.1873,5230826.899999999,15
2026-06-15 13:00:00,0.1873,0.1876,0.1859,0.1873,5229967.5,15
2026-06-15 13:15:00,0.1872,0.1895,0.1871,0.1888,7383665.8,15
2026-06-15 13:30:00,0.1888,0.1889,0.1868,0.1881,5736952.6,15
2026-06-15 13:45:00,0.188,0.19,0.1877,0.1893,4685293.8,15
2026-06-15 14:00:00,0.1893,0.1896,0.1875,0.1881,3519191.0,15
2026-06-15 14:15:00,0.1881,0.1887,0.1876,0.1885,2003985.6,15
2026-06-15 14:30:00,0.1885,0.1887,0.1875,0.188,1503982.2,15
2026-06-15 14:45:00,0.188,0.1887,0.1872,0.1874,2398333.0,15
2026-06-15 15:00:00,0.1874,0.188,0.1864,0.1871,1953340.5999999999,15
2026-06-15 15:15:00,0.1871,0.1884,0.1869,0.1875,3061112.9,15
2026-06-15 15:30:00,0.1875,0.188,0.1859,0.1878,3455095.9,15
2026-06-15 15:45:00,0.1878,0.1894,0.1877,0.1889,4177284.9,15
2026-06-15 16:00:00,0.1889,0.1889,0.1875,0.1878,2823178.2,15
2026-06-15 16:15:00,0.1877,0.1893,0.187,0.1891,2871582.5,15
2026-06-15 16:30:00,0.1892,0.1897,0.1882,0.1889,2371239.7,15
2026-06-15 16:45:00,0.189,0.1891,0.1875,0.1877,1984407.1,15
2026-06-15 17:00:00,0.1878,0.1878,0.1861,0.1868,4347699.4,15
2026-06-15 17:15:00,0.1868,0.1875,0.1864,0.187,805987.9,15
2026-06-15 17:30:00,0.1869,0.1878,0.1857,0.1871,4049432.0,15
2026-06-15 17:45:00,0.1871,0.1882,0.187,0.1876,1899484.0999999999,15
2026-06-15 18:00:00,0.1876,0.1879,0.1868,0.1875,1609277.6,15
2026-06-15 18:15:00,0.1876,0.1884,0.1875,0.1879,645887.7,15
2026-06-15 18:30:00,0.1878,0.1883,0.1872,0.1877,1282981.7999999998,15
2026-06-15 18:45:00,0.1877,0.1887,0.1872,0.1873,1066046.0,15
2026-06-15 19:00:00,0.1873,0.1886,0.187,0.1882,1151827.6,15
2026-06-15 19:15:00,0.1883,0.1886,0.185,0.1854,3819679.7,15
2026-06-15 19:30:00,0.1855,0.1868,0.1853,0.1868,1339335.9,15
2026-06-15 19:45:00,0.1869,0.1869,0.1855,0.1862,2235446.2,15
2026-06-15 20:00:00,0.1862,0.1866,0.1854,0.1859,1458076.4,15
2026-06-15 20:15:00,0.186,0.186,0.1844,0.1845,2874608.8000000003,15
2026-06-15 20:30:00,0.1846,0.1848,0.1834,0.1835,2155810.4,15
2026-06-15 20:45:00,0.1835,0.1837,0.1798,0.1807,10080762.3,15
2026-06-15 21:00:00,0.1806,0.1808,0.1797,0.1808,3789597.5,15
2026-06-15 21:15:00,0.1808,0.1814,0.1805,0.1805,3940218.8,15
2026-06-15 21:30:00,0.1806,0.1807,0.1803,0.1803,796597.6000000001,15
2026-06-15 21:45:00,0.1803,0.1808,0.1793,0.1794,1372968.2,15
2026-06-15 22:00:00,0.1794,0.1805,0.1794,0.1799,2029031.7000000002,15
2026-06-15 22:15:00,0.1799,0.1802,0.1777,0.1778,4587580.6,15
2026-06-15 22:30:00,0.1777,0.1792,0.1768,0.1785,2864914.0,15
2026-06-15 22:45:00,0.1786,0.179,0.1781,0.1783,1392983.5,15
2026-06-15 23:00:00,0.1783,0.1787,0.1778,0.1785,1308286.7,15
2026-06-15 23:15:00,0.1785,0.1788,0.178,0.1785,877397.1,15
2026-06-15 23:30:00,0.1785,0.1785,0.1774,0.1784,1337118.6,15
2026-06-15 23:45:00,0.1784,0.1788,0.1782,0.1786,663222.3,15
2026-06-16 00:00:00,0.1785,0.1792,0.178,0.1791,1859605.4000000001,15
2026-06-16 00:15:00,0.1791,0.1793,0.1776,0.1779,1848277.2,15
2026-06-16 00:30:00,0.1778,0.179,0.1778,0.1786,1592817.0999999999,15
2026-06-16 00:45:00,0.1786,0.1786,0.1777,0.1779,1383827.0999999999,15
2026-06-16 01:00:00,0.178,0.1786,0.1776,0.1779,1788800.0999999999,15
2026-06-16 01:15:00,0.1779,0.1782,0.1776,0.1778,703887.6,15
2026-06-16 01:30:00,0.1778,0.178,0.1772,0.1779,1245856.2,15
2026-06-16 01:45:00,0.1779,0.1781,0.177,0.1773,768983.9,15
2026-06-16 02:00:00,0.1772,0.1777,0.1762,0.1764,1617148.5,15
2026-06-16 02:15:00,0.1764,0.177,0.1755,0.1757,2523463.9,15
2026-06-16 02:30:00,0.1758,0.1765,0.1755,0.1762,1710424.6,15
2026-06-16 02:45:00,0.1762,0.1768,0.1759,0.1762,1404367.0,15
2026-06-16 03:00:00,0.1762,0.1765,0.1757,0.1764,1129481.8,15
2026-06-16 03:15:00,0.1765,0.1773,0.1758,0.1773,707491.6,15
2026-06-16 03:30:00,0.1773,0.1775,0.177,0.1774,449742.6,15
2026-06-16 03:45:00,0.1774,0.1775,0.1771,0.1772,367116.6,15
2026-06-16 04:00:00,0.1773,0.1774,0.1768,0.1769,741010.6,15
2026-06-16 04:15:00,0.1769,0.1771,0.1765,0.1765,722690.4,15
2026-06-16 04:30:00,0.1764,0.1765,0.1759,0.1759,808817.7,15
2026-06-16 04:45:00,0.176,0.1761,0.1757,0.176,530273.2999999999,15
2026-06-16 05:00:00,0.176,0.1768,0.1759,0.1765,949792.1,15
2026-06-16 05:15:00,0.1764,0.177,0.1761,0.1769,986181.3,15
2026-06-16 05:30:00,0.1769,0.1772,0.1766,0.177,694630.1,15
2026-06-16 05:45:00,0.1771,0.1773,0.1769,0.1769,811114.4,15
2026-06-16 06:00:00,0.177,0.178,0.1769,0.1778,916504.3,15
2026-06-16 06:15:00,0.1778,0.1781,0.1772,0.1774,1847715.7,15
2026-06-16 06:30:00,0.1774,0.1784,0.1773,0.1783,1358221.2,15
2026-06-16 06:45:00,0.1783,0.1787,0.1782,0.1783,1107382.2,15
2026-06-16 07:00:00,0.1784,0.179,0.178,0.178,1520456.1,15
2026-06-16 07:15:00,0.178,0.1784,0.1775,0.1783,1454726.9,15
2026-06-16 07:30:00,0.1783,0.1793,0.1782,0.1785,1982152.2,15
2026-06-16 07:45:00,0.1786,0.1789,0.1784,0.1788,516639.3,15
2026-06-16 08:00:00,0.1787,0.1794,0.1783,0.1794,3167656.5,15
2026-06-16 08:15:00,0.1794,0.1799,0.1789,0.1795,2220691.4,15
2026-06-16 08:30:00,0.1795,0.18,0.1789,0.1799,2493147.9,15
2026-06-16 08:45:00,0.1799,0.1814,0.1796,0.181,2807184.6,15
2026-06-16 09:00:00,0.181,0.1812,0.1803,0.1806,1961943.3,15
2026-06-16 09:15:00,0.1805,0.1805,0.1792,0.18,2100458.6,15
2026-06-16 09:30:00,0.18,0.1803,0.1794,0.1801,1326874.3,15
2026-06-16 09:45:00,0.1801,0.1802,0.1793,0.1799,1271512.9,15
2026-06-16 10:00:00,0.1799,0.1802,0.1794,0.1795,1011613.6,15
2026-06-16 10:15:00,0.1794,0.1803,0.1794,0.1802,960293.1,15
2026-06-16 10:30:00,0.1802,0.1806,0.1798,0.1802,682230.2999999999,15
2026-06-16 10:45:00,0.1802,0.1802,0.1793,0.1795,993127.7,15
2026-06-16 11:00:00,0.1794,0.1797,0.1788,0.1792,597125.2,15
2026-06-16 11:15:00,0.1792,0.1797,0.1784,0.1787,937576.7999999999,15
2026-06-16 11:30:00,0.1787,0.1788,0.1783,0.1784,729634.0,15
2026-06-16 11:45:00,0.1784,0.1789,0.1783,0.1788,896909.2000000001,15
2026-06-16 12:00:00,0.1789,0.1797,0.1785,0.1795,1029493.6,15
2026-06-16 12:15:00,0.1796,0.1803,0.1796,0.1801,1014762.0,15
2026-06-16 12:30:00,0.1801,0.1814,0.1799,0.1805,2042619.3,15
2026-06-16 12:45:00,0.1804,0.1804,0.1793,0.18,998232.0,15
2026-06-16 13:00:00,0.1801,0.1803,0.177,0.1781,3355786.5999999996,15
2026-06-16 13:15:00,0.178,0.1783,0.177,0.1772,1079120.7,15
2026-06-16 13:30:00,0.1771,0.1779,0.1766,0.1776,1849023.4,15
2026-06-16 13:45:00,0.1776,0.1778,0.1768,0.1771,1359030.5,15
2026-06-16 14:00:00,0.1772,0.1777,0.1767,0.177,2519381.2,15
2026-06-16 14:15:00,0.1771,0.1772,0.1739,0.1741,5175662.4,15
2026-06-16 14:30:00,0.174,0.1744,0.1728,0.1742,5743989.899999999,15
2026-06-16 14:45:00,0.1742,0.1748,0.1738,0.1741,1068043.7,15
2026-06-16 15:00:00,0.1741,0.1749,0.1738,0.1747,1300804.1,15
2026-06-16 15:15:00,0.1748,0.1749,0.1739,0.1745,1284324.1,15
2026-06-16 15:30:00,0.1745,0.1748,0.1738,0.1739,1768529.5,15
2026-06-16 15:45:00,0.1739,0.1747,0.1733,0.1741,1273084.0,15
2026-06-16 16:00:00,0.1741,0.1747,0.1739,0.1746,1301169.6,15
2026-06-16 16:15:00,0.1746,0.1749,0.1735,0.1738,3195837.2,15
2026-06-16 16:30:00,0.1739,0.174,0.173,0.1736,1161657.4,15
2026-06-16 16:45:00,0.1736,0.1736,0.1729,0.1731,827573.7,15
2026-06-16 17:00:00,0.1732,0.1738,0.1731,0.1734,797695.0,15
2026-06-16 17:15:00,0.1733,0.1741,0.173,0.1736,619320.2,15
2026-06-16 17:30:00,0.1735,0.1738,0.1729,0.1735,1312196.7,15
2026-06-16 17:45:00,0.1734,0.1747,0.173,0.1747,1986366.2,15
2026-06-16 18:00:00,0.1747,0.1766,0.1746,0.1762,2449429.2,15
2026-06-16 18:15:00,0.1762,0.1762,0.1749,0.175,2727750.9000000004,15
2026-06-16 18:30:00,0.1751,0.1756,0.174,0.1743,2679617.7,15
2026-06-16 18:45:00,0.1744,0.1754,0.1741,0.175,1499758.4,15
2026-06-16 19:00:00,0.1749,0.1749,0.1732,0.1732,1728393.4,15
2026-06-16 19:15:00,0.1733,0.1733,0.1719,0.1732,3565571.9,15
2026-06-16 19:30:00,0.1732,0.1741,0.173,0.1736,2017446.5,15
2026-06-16 19:45:00,0.1736,0.174,0.1726,0.1732,1998884.0,15
2026-06-16 20:00:00,0.1733,0.1741,0.1723,0.1736,1576603.6,15
2026-06-16 20:15:00,0.1737,0.1747,0.1737,0.1746,1268556.6,15
2026-06-16 20:30:00,0.1746,0.1753,0.1744,0.175,1758024.3,15
2026-06-16 20:45:00,0.175,0.1756,0.1745,0.175,1450432.2,15
2026-06-16 21:00:00,0.1751,0.1752,0.1742,0.1746,2112332.2,15
2026-06-16 21:15:00,0.1745,0.1746,0.1735,0.1738,1668016.7,15
2026-06-16 21:30:00,0.1737,0.1742,0.1733,0.1742,1013202.9,15
2026-06-16 21:45:00,0.1742,0.1742,0.1736,0.1738,1030695.6,15
2026-06-16 22:00:00,0.1738,0.1742,0.1733,0.1735,2262846.9,15
2026-06-16 22:15:00,0.1735,0.1737,0.1731,0.1734,1538293.6,15
2026-06-16 22:30:00,0.1734,0.1734,0.1729,0.1731,1326973.2,15
2026-06-16 22:45:00,0.1731,0.1734,0.1726,0.1734,1140752.0,15
2026-06-16 23:00:00,0.1734,0.1736,0.1725,0.1728,2974372.9000000004,15
2026-06-16 23:15:00,0.1728,0.1729,0.172,0.1725,1532295.9,15
2026-06-16 23:30:00,0.1725,0.173,0.1724,0.1729,1706221.4,15
2026-06-16 23:45:00,0.1728,0.1728,0.1721,0.1724,1845794.7,15
2026-06-17 00:00:00,0.1723,0.1729,0.1722,0.1725,2153861.8,15
2026-06-17 00:15:00,0.1724,0.1728,0.1722,0.1724,1623074.5,15
2026-06-17 00:30:00,0.1724,0.173,0.1722,0.1728,1911898.0,15
2026-06-17 00:45:00,0.1728,0.1733,0.1718,0.172,1755176.3,15
2026-06-17 01:00:00,0.172,0.1729,0.1716,0.1725,2034884.2000000002,15
2026-06-17 01:15:00,0.1725,0.1725,0.171,0.1718,2070950.0999999999,15
2026-06-17 01:30:00,0.1718,0.1728,0.1713,0.1724,1446884.8,15
2026-06-17 01:45:00,0.1725,0.174,0.1724,0.1736,2155372.5,15
2026-06-17 02:00:00,0.1736,0.1738,0.1733,0.1736,1844223.5,15
2026-06-17 02:15:00,0.1736,0.175,0.1735,0.1748,3081911.5,15
2026-06-17 02:30:00,0.1749,0.1749,0.1734,0.1739,1879666.8,15
2026-06-17 02:45:00,0.174,0.1744,0.1737,0.1744,580339.1,15
2026-06-17 03:00:00,0.1744,0.1745,0.1737,0.1737,1857212.0,15
2026-06-17 03:15:00,0.1737,0.1738,0.1729,0.1733,1836424.9,15
2026-06-17 03:30:00,0.1733,0.1738,0.1727,0.1728,848269.3,15
2026-06-17 03:45:00,0.1728,0.1731,0.1724,0.173,883626.1,15
2026-06-17 04:00:00,0.1731,0.1737,0.1729,0.173,1054575.8,15
2026-06-17 04:15:00,0.1729,0.1732,0.1725,0.1732,642598.7,15
2026-06-17 04:30:00,0.1731,0.1736,0.1729,0.173,976560.9,15
2026-06-17 04:45:00,0.1731,0.1738,0.1729,0.1729,598619.5,15
2026-06-17 05:00:00,0.1729,0.1732,0.1723,0.1726,1320085.1,15
2026-06-17 05:15:00,0.1726,0.1732,0.1719,0.1729,1509472.6,15
2026-06-17 05:30:00,0.1728,0.1733,0.1726,0.1732,459559.60000000003,15
2026-06-17 05:45:00,0.1732,0.1734,0.1723,0.1727,746575.2000000001,15
2026-06-17 06:00:00,0.1728,0.173,0.1725,0.1729,1072055.7,15
2026-06-17 06:15:00,0.1729,0.1731,0.1718,0.1718,1094176.7,15
2026-06-17 06:30:00,0.1718,0.1721,0.1713,0.1715,1711497.2,15
2026-06-17 06:45:00,0.1715,0.1718,0.1712,0.1715,1460475.8,15
2026-06-17 07:00:00,0.1714,0.1719,0.1708,0.1717,2407216.1,15
2026-06-17 07:15:00,0.1718,0.1721,0.171,0.171,1710532.8,15
2026-06-17 07:30:00,0.1711,0.1713,0.1705,0.1712,3113107.4,15
2026-06-17 07:45:00,0.1711,0.1714,0.1703,0.1713,3254780.9,15
2026-06-17 08:00:00,0.1713,0.1714,0.17,0.1702,3892944.0,15
2026-06-17 08:15:00,0.1702,0.1703,0.1696,0.1701,3566955.7,15
2026-06-17 08:30:00,0.17,0.17,0.1689,0.1691,5235941.0,15
2026-06-17 08:45:00,0.169,0.1697,0.1686,0.1691,2729176.9,15
2026-06-17 09:00:00,0.169,0.1694,0.1688,0.1692,2800606.3,15
2026-06-17 09:15:00,0.1692,0.1695,0.1686,0.169,1520338.0999999999,15
2026-06-17 09:30:00,0.169,0.1696,0.1688,0.1696,1304412.9,15
2026-06-17 09:45:00,0.1695,0.1698,0.1688,0.1693,1628653.0,15
2026-06-17 10:00:00,0.1693,0.1698,0.1689,0.1694,764972.3,15
2026-06-17 10:15:00,0.1694,0.1696,0.1688,0.1694,1040640.1,15
2026-06-17 10:30:00,0.1694,0.1697,0.1689,0.1692,467411.9,15
2026-06-17 10:45:00,0.1692,0.1695,0.169,0.1692,793190.9,15
2026-06-17 11:00:00,0.1692,0.1694,0.1678,0.1688,2495620.0,15
2026-06-17 11:15:00,0.1688,0.169,0.1681,0.1688,1077342.8,15
2026-06-17 11:30:00,0.1688,0.1693,0.1687,0.1692,1126439.4,15
2026-06-17 11:45:00,0.1693,0.1695,0.1688,0.1688,909197.3,15
2026-06-17 12:00:00,0.1689,0.1693,0.1684,0.1693,794590.6,15
2026-06-17 12:15:00,0.1692,0.1693,0.1678,0.1679,2672244.9,15
2026-06-17 12:30:00,0.1679,0.1691,0.1674,0.169,1899039.4,15
2026-06-17 12:45:00,0.169,0.1697,0.1688,0.1695,2316518.6,15
2026-06-17 13:00:00,0.1694,0.1695,0.169,0.1694,884051.2,15
2026-06-17 13:15:00,0.1693,0.1694,0.1683,0.1688,4013206.8,15
2026-06-17 13:30:00,0.1687,0.1695,0.1682,0.1693,5500730.1,15
2026-06-17 13:45:00,0.1694,0.1696,0.1682,0.1682,3624991.1,15
2026-06-17 14:00:00,0.1682,0.1688,0.1675,0.1687,4805128.2,15
2026-06-17 14:15:00,0.1688,0.1693,0.1684,0.169,3102951.0,15
2026-06-17 14:30:00,0.169,0.1691,0.1683,0.1686,2603110.3,15
2026-06-17 14:45:00,0.1687,0.1689,0.167,0.168,5633106.2,15
2026-06-17 15:00:00,0.1679,0.1686,0.1678,0.1685,1864411.8,15
2026-06-17 15:15:00,0.1684,0.1693,0.1682,0.1691,3933311.2,15
2026-06-17 15:30:00,0.1691,0.1697,0.1688,0.1694,3098881.9,15
2026-06-17 15:45:00,0.1695,0.1715,0.1694,0.1714,3064574.9,15
2026-06-17 16:00:00,0.1714,0.1716,0.1708,0.1714,2480413.6999999997,15
2026-06-17 16:15:00,0.1713,0.1729,0.1709,0.1727,1839069.6,15
2026-06-17 16:30:00,0.1726,0.1727,0.1713,0.1715,2285570.6,15
2026-06-17 16:45:00,0.1714,0.1716,0.1707,0.171,1064249.6,15
2026-06-17 17:00:00,0.1711,0.1713,0.1704,0.1705,1989488.0,15
2026-06-17 17:15:00,0.1704,0.1719,0.1704,0.1717,589120.1,15
2026-06-17 17:30:00,0.1718,0.1721,0.1707,0.1708,2143572.2,15
2026-06-17 17:45:00,0.1709,0.1725,0.1705,0.1724,3115611.9,15
2026-06-17 18:00:00,0.1724,0.1724,0.1675,0.1691,14111286.6,15
2026-06-17 18:15:00,0.1691,0.1693,0.1682,0.1686,2003955.5,15
2026-06-17 18:30:00,0.1687,0.1719,0.168,0.1717,5845978.9,15
2026-06-17 18:45:00,0.1716,0.1717,0.1694,0.1697,3411686.3,15
2026-06-17 19:00:00,0.1696,0.1701,0.1684,0.1699,2296562.6,15
2026-06-17 19:15:00,0.1699,0.17,0.1656,0.1665,6121941.0,15
2026-06-17 19:30:00,0.1664,0.1672,0.1648,0.1653,4167739.0,15
2026-06-17 19:45:00,0.1653,0.1668,0.1651,0.1656,7019605.3,15
2026-06-17 20:00:00,0.1655,0.167,0.1651,0.1662,3447303.1,15
2026-06-17 20:15:00,0.1662,0.1673,0.1662,0.167,1105064.6,15
2026-06-17 20:30:00,0.167,0.1675,0.166,0.1662,1215255.7,15
2026-06-17 20:45:00,0.1661,0.1675,0.1659,0.1673,1263597.0,15
2026-06-17 21:00:00,0.1672,0.1673,0.1667,0.1667,1126634.7,15
2026-06-17 21:15:00,0.1666,0.1673,0.1666,0.1668,861651.1,15
2026-06-17 21:30:00,0.1668,0.1672,0.1662,0.1663,725126.1,15
2026-06-17 21:45:00,0.1663,0.1664,0.1656,0.1661,875960.4,15
2026-06-17 22:00:00,0.1661,0.1662,0.1637,0.1656,5546628.899999999,15
2026-06-17 22:15:00,0.1656,0.1669,0.1654,0.1669,1860526.5,15
2026-06-17 22:30:00,0.1668,0.1674,0.1665,0.1667,1530707.4,15
2026-06-17 22:45:00,0.1667,0.1673,0.1667,0.1667,945899.9,15
2026-06-17 23:00:00,0.1667,0.1671,0.1665,0.1666,1385121.4000000001,15
2026-06-17 23:15:00,0.1667,0.1674,0.1666,0.167,781109.1,15
2026-06-17 23:30:00,0.167,0.167,0.1664,0.1667,1045406.2000000001,15
2026-06-17 23:45:00,0.1667,0.167,0.1663,0.1669,835233.6,15
2026-06-18 00:00:00,0.1669,0.1677,0.1667,0.1675,979560.6,15
2026-06-18 00:15:00,0.1675,0.1676,0.1671,0.1674,405086.0,15
2026-06-18 00:30:00,0.1674,0.168,0.1672,0.1676,839838.9,15
2026-06-18 00:45:00,0.1676,0.1679,0.1671,0.1672,710530.5,15
2026-06-18 01:00:00,0.1671,0.1684,0.1671,0.1681,1056917.1,15
2026-06-18 01:15:00,0.1682,0.1684,0.1679,0.1682,425934.1,15
2026-06-18 01:30:00,0.1682,0.1684,0.1677,0.1678,445674.5,15
2026-06-18 01:45:00,0.1678,0.1681,0.1675,0.1679,486374.1,15
2026-06-18 02:00:00,0.168,0.1685,0.1679,0.1679,895403.3,15
2026-06-18 02:15:00,0.1679,0.1687,0.1676,0.1686,755162.4,15
2026-06-18 02:30:00,0.1687,0.1689,0.1682,0.1686,381447.9,15
2026-06-18 02:45:00,0.1686,0.1688,0.1683,0.1685,612338.8,15
2026-06-18 03:00:00,0.1686,0.1687,0.1681,0.1682,599177.8,15
2026-06-18 03:15:00,0.1681,0.1682,0.1668,0.167,509147.6,15
2026-06-18 03:30:00,0.1669,0.1672,0.1665,0.1667,1132778.7,15
2026-06-18 03:45:00,0.1666,0.1673,0.1666,0.1669,667403.5,15
2026-06-18 04:00:00,0.1669,0.167,0.1654,0.1658,2900088.1,15
2026-06-18 04:15:00,0.1658,0.1663,0.1651,0.1659,1134787.0,15
2026-06-18 04:30:00,0.1658,0.166,0.1656,0.1658,650952.6,15
2026-06-18 04:45:00,0.1657,0.166,0.1654,0.1655,626542.5,15
2026-06-18 05:00:00,0.1655,0.1656,0.1641,0.1647,3730264.6,15
2026-06-18 05:15:00,0.1648,0.1651,0.1643,0.1647,1089045.2,15
2026-06-18 05:30:00,0.1648,0.1652,0.1639,0.1644,1490451.1,15
2026-06-18 05:45:00,0.1644,0.1651,0.1643,0.165,621977.8,15
2026-06-18 06:00:00,0.1651,0.1654,0.1645,0.1649,763239.6,15
2026-06-18 06:15:00,0.1649,0.1651,0.1644,0.1647,778480.9,15
2026-06-18 06:30:00,0.1648,0.1653,0.1648,0.1652,570020.5,15
2026-06-18 06:45:00,0.1652,0.1658,0.1651,0.1655,1082863.0,15
2026-06-18 07:00:00,0.1655,0.1656,0.1649,0.1654,518360.1,15
2026-06-18 07:15:00,0.1653,0.1668,0.1652,0.1667,1086307.6,15
2026-06-18 07:30:00,0.1667,0.1671,0.1664,0.167,1010989.8,15
2026-06-18 07:45:00,0.1669,0.1673,0.1666,0.1669,2265916.8,15
2026-06-18 08:00:00,0.1669,0.1673,0.1663,0.1669,1155549.2,15
2026-06-18 08:15:00,0.1669,0.1673,0.1667,0.1673,313193.4,15
2026-06-18 08:30:00,0.1673,0.1675,0.1669,0.167,474565.8,15
2026-06-18 08:45:00,0.1671,0.1673,0.1666,0.1667,1160630.3,15
2026-06-18 09:00:00,0.1667,0.1671,0.1664,0.1669,564823.4,15
2026-06-18 09:15:00,0.167,0.1673,0.1665,0.1665,727426.7,15
2026-06-18 09:30:00,0.1666,0.1673,0.1663,0.1672,1727872.8,15
2026-06-18 09:45:00,0.1673,0.1675,0.167,0.1673,704114.4,15
2026-06-18 10:00:00,0.1673,0.1674,0.1661,0.1661,1460666.6,15
2026-06-18 10:15:00,0.1661,0.1668,0.166,0.1667,1548815.3,15
2026-06-18 10:30:00,0.1666,0.1669,0.1665,0.1666,1094246.5,15
2026-06-18 10:45:00,0.1666,0.1672,0.1664,0.1666,1041756.3,15
2026-06-18 11:00:00,0.1665,0.1669,0.1658,0.1661,849276.4,15
2026-06-18 11:15:00,0.1661,0.1663,0.165,0.1654,2284246.8,15
2026-06-18 11:30:00,0.1654,0.1657,0.1647,0.1652,1442153.0,15
2026-06-18 11:45:00,0.1652,0.1654,0.1646,0.165,932133.1,15
2026-06-18 12:00:00,0.1651,0.1652,0.1647,0.1651,1354002.0,15
2026-06-18 12:15:00,0.1651,0.1661,0.1651,0.1659,1691975.8,15
2026-06-18 12:30:00,0.166,0.1663,0.1653,0.1659,1884515.5999999999,15
2026-06-18 12:45:00,0.1659,0.1661,0.1655,0.1659,1225029.8,15
2026-06-18 13:00:00,0.1659,0.1662,0.1655,0.1659,996178.6000000001,15
2026-06-18 13:15:00,0.166,0.1665,0.1656,0.1664,1301668.2,15
2026-06-18 13:30:00,0.1663,0.1665,0.1639,0.164,2700753.3,15
2026-06-18 13:45:00,0.1639,0.1654,0.1637,0.1648,2072028.7,15
2026-06-18 14:00:00,0.1649,0.1654,0.1644,0.1645,1471133.7,15
2026-06-18 14:15:00,0.1645,0.1662,0.164,0.1652,1719063.4,15
2026-06-18 14:30:00,0.1651,0.1657,0.1646,0.1648,1107478.0,15
2026-06-18 14:45:00,0.1648,0.1653,0.1639,0.1647,1197095.7,15
2026-06-18 15:00:00,0.1647,0.1647,0.1635,0.1638,966714.8999999999,15
2026-06-18 15:15:00,0.1638,0.164,0.162,0.1625,9894236.9,15
2026-06-18 15:30:00,0.1624,0.1629,0.1608,0.161,6714811.4,15
2026-06-18 15:45:00,0.161,0.1614,0.1598,0.1604,5421426.4,15
2026-06-18 16:00:00,0.1603,0.1617,0.1602,0.1613,2844201.6,15
2026-06-18 16:15:00,0.1612,0.1614,0.1601,0.1609,1851526.5,15
2026-06-18 16:30:00,0.1608,0.1613,0.1602,0.1612,2131834.5,15
2026-06-18 16:45:00,0.1612,0.1624,0.161,0.1622,1681992.1,15
2026-06-18 17:00:00,0.1623,0.1625,0.1608,0.1612,1223097.7,15
2026-06-18 17:15:00,0.1612,0.1616,0.1604,0.1612,2906254.0999999996,15
2026-06-18 17:30:00,0.1612,0.1621,0.1609,0.1613,2182557.9,15
2026-06-18 17:45:00,0.1613,0.1617,0.1609,0.1614,1084012.2,15
2026-06-18 18:00:00,0.1614,0.1616,0.161,0.1612,902216.2,15
2026-06-18 18:15:00,0.1611,0.1624,0.1608,0.1621,1768200.8,15
2026-06-18 18:30:00,0.1621,0.1624,0.1615,0.1623,1057412.9,15
2026-06-18 18:45:00,0.1624,0.1628,0.1619,0.1622,968276.5,15
2026-06-18 19:00:00,0.1622,0.1623,0.1614,0.1618,836850.8,15
2026-06-18 19:15:00,0.1618,0.1628,0.1617,0.1624,572100.3,15
2026-06-18 19:30:00,0.1625,0.1632,0.1623,0.1631,723357.7,15
2026-06-18 19:45:00,0.163,0.1634,0.163,0.163,510598.0,15
2026-06-18 20:00:00,0.1631,0.164,0.163,0.1636,1366584.2,15
2026-06-18 20:15:00,0.1635,0.1641,0.1634,0.164,670310.5,15
2026-06-18 20:30:00,0.164,0.1642,0.1635,0.1636,940173.1,15
2026-06-18 20:45:00,0.1636,0.1637,0.1632,0.1635,717771.1,15
2026-06-18 21:00:00,0.1635,0.1636,0.1628,0.1628,936860.6,15
2026-06-18 21:15:00,0.1628,0.1631,0.1624,0.163,598752.9,15
2026-06-18 21:30:00,0.163,0.1633,0.1627,0.1629,525117.4,15
2026-06-18 21:45:00,0.1628,0.1634,0.1627,0.1632,399683.9,15
2026-06-18 22:00:00,0.1632,0.1633,0.1628,0.1629,284698.5,15
2026-06-18 22:15:00,0.163,0.163,0.1626,0.1627,545250.2,15
2026-06-18 22:30:00,0.1628,0.163,0.1624,0.163,349301.3,15
2026-06-18 22:45:00,0.163,0.1634,0.1628,0.1631,1394501.0,15
2026-06-18 23:00:00,0.1631,0.1632,0.1625,0.1625,904114.5,15
2026-06-18 23:15:00,0.1624,0.1632,0.1624,0.1632,236760.6,15
2026-06-18 23:30:00,0.1632,0.1635,0.163,0.1634,254918.19999999998,15
2026-06-18 23:45:00,0.1633,0.1639,0.1632,0.1637,234158.4,15
2026-06-19 00:00:00,0.1637,0.1639,0.1633,0.1634,480686.60000000003,15
2026-06-19 00:15:00,0.1635,0.1643,0.1633,0.164,645808.3,15
2026-06-19 00:30:00,0.164,0.1644,0.1639,0.1643,385746.5,15
2026-06-19 00:45:00,0.1644,0.1644,0.1638,0.164,1150372.0,15
2026-06-19 01:00:00,0.164,0.1651,0.1638,0.1641,3853886.9,15
2026-06-19 01:15:00,0.1641,0.1647,0.164,0.1641,715517.6,15
2026-06-19 01:30:00,0.1641,0.1643,0.1637,0.1642,869065.0,15
2026-06-19 01:45:00,0.1642,0.1648,0.1641,0.1646,386568.6,15
2026-06-19 02:00:00,0.1646,0.1649,0.1643,0.1644,367298.2,15
2026-06-19 02:15:00,0.1644,0.1646,0.1636,0.1636,532092.7,15
2026-06-19 02:30:00,0.1636,0.1639,0.1635,0.1638,434009.6,15
2026-06-19 02:45:00,0.1638,0.1644,0.1635,0.1643,375517.1,15
2026-06-19 03:00:00,0.1644,0.1645,0.1632,0.1633,795910.9,15
2026-06-19 03:15:00,0.1633,0.1634,0.1611,0.1626,5590366.3,15
2026-06-19 03:30:00,0.1626,0.1626,0.1619,0.1623,685669.5,15
2026-06-19 03:45:00,0.1622,0.1624,0.162,0.1621,431739.8,15
2026-06-19 04:00:00,0.1622,0.1623,0.1612,0.1621,859365.7000000001,15
2026-06-19 04:15:00,0.1621,0.1624,0.161,0.1613,1060433.2,15
2026-06-19 04:30:00,0.1613,0.1614,0.1596,0.1602,3314384.9,15
2026-06-19 04:45:00,0.1602,0.1606,0.1597,0.1601,1045349.5,15
2026-06-19 05:00:00,0.1602,0.1612,0.16,0.161,1213878.4,15
2026-06-19 05:15:00,0.1609,0.161,0.1604,0.1608,833271.1,15
2026-06-19 05:30:00,0.1609,0.161,0.1602,0.1607,1026180.5,15
2026-06-19 05:45:00,0.1607,0.161,0.1606,0.161,555889.1,15
2026-06-19 06:00:00,0.1609,0.1611,0.1607,0.161,332521.8,15
2026-06-19 06:15:00,0.1609,0.1611,0.1606,0.1608,888420.9,15
2026-06-19 06:30:00,0.1608,0.1609,0.1603,0.1608,1286006.2,15
2026-06-19 06:45:00,0.1608,0.161,0.1602,0.1608,791127.4,15
2026-06-19 07:00:00,0.1607,0.1609,0.1603,0.1603,436484.7,15
2026-06-19 07:15:00,0.1603,0.1605,0.1601,0.1601,913008.1,15
2026-06-19 07:30:00,0.1602,0.1605,0.1586,0.1594,4142394.8,15
2026-06-19 07:45:00,0.1595,0.1597,0.1588,0.1596,1237911.2,15
2026-06-19 08:00:00,0.1597,0.1602,0.1596,0.16,2704987.3,15
2026-06-19 08:15:00,0.1599,0.1604,0.1598,0.1603,567234.7,15
2026-06-19 08:30:00,0.1603,0.1611,0.1603,0.1604,425853.2,15
2026-06-19 08:45:00,0.1605,0.1606,0.1603,0.1606,632973.8,15
2026-06-19 09:00:00,0.1607,0.1608,0.1594,0.1597,1122097.2,15
2026-06-19 09:15:00,0.1597,0.16,0.1595,0.1598,877002.9,15
2026-06-19 09:30:00,0.1598,0.1604,0.1598,0.16,934955.8,15
2026-06-19 09:45:00,0.1599,0.16,0.1593,0.1597,773263.1,15
2026-06-19 10:00:00,0.1597,0.1599,0.1593,0.1598,590329.3,15
2026-06-19 10:15:00,0.1598,0.1599,0.1591,0.1599,573006.9,15
2026-06-19 10:30:00,0.1599,0.1599,0.1593,0.1596,481777.1,15
2026-06-19 10:45:00,0.1595,0.1605,0.1594,0.1603,589191.0,15
2026-06-19 11:00:00,0.1602,0.1604,0.1597,0.16,919834.8999999999,15
2026-06-19 11:15:00,0.16,0.1604,0.1597,0.1601,655997.3,15
2026-06-19 11:30:00,0.16,0.1603,0.1598,0.1602,692237.9,15
2026-06-19 11:45:00,0.1602,0.1605,0.1598,0.1599,716231.2,15
2026-06-19 12:00:00,0.1599,0.1602,0.1599,0.16,431859.6,15
2026-06-19 12:15:00,0.1599,0.1599,0.1593,0.1595,654093.1,15
2026-06-19 12:30:00,0.1594,0.1597,0.159,0.1594,1591779.8,15
2026-06-19 12:45:00,0.1594,0.1608,0.1587,0.1607,958978.1,15
2026-06-19 13:00:00,0.1608,0.1611,0.1605,0.1607,1045963.9,15
2026-06-19 13:15:00,0.1607,0.1611,0.1603,0.161,749548.5,15
2026-06-19 13:30:00,0.1611,0.1618,0.1609,0.1617,937322.5,15
2026-06-19 13:45:00,0.1617,0.1629,0.1616,0.1623,2605471.1,15
2026-06-19 14:00:00,0.1623,0.1626,0.1618,0.162,2623546.5,15
2026-06-19 14:15:00,0.162,0.1626,0.1615,0.1624,1101315.2000000002,15
2026-06-19 14:30:00,0.1624,0.1627,0.1621,0.1624,414637.5,15
2026-06-19 14:45:00,0.1624,0.1625,0.1617,0.1618,539294.2,15
2026-06-19 15:00:00,0.1618,0.1621,0.1613,0.162,871197.3999999999,15
2026-06-19 15:15:00,0.1619,0.162,0.161,0.1613,825964.6,15
2026-06-19 15:30:00,0.1614,0.1622,0.1613,0.162,1262742.0999999999,15
2026-06-19 15:45:00,0.162,0.1622,0.1616,0.1618,383369.8,15
2026-06-19 16:00:00,0.1619,0.1624,0.1616,0.1623,596142.7,15
2026-06-19 16:15:00,0.1624,0.1624,0.1618,0.1621,1365087.4,15
2026-06-19 16:30:00,0.162,0.1621,0.1616,0.1617,976082.6,15
2026-06-19 16:45:00,0.1616,0.1617,0.1604,0.1605,1827869.3,15
2026-06-19 17:00:00,0.1606,0.1608,0.1603,0.1608,490242.9,15
2026-06-19 17:15:00,0.1608,0.1615,0.1608,0.161,349202.0,15
2026-06-19 17:30:00,0.161,0.1619,0.161,0.1618,283548.9,15
2026-06-19 17:45:00,0.1617,0.1622,0.1616,0.1618,589812.3,15
2026-06-19 18:00:00,0.1618,0.162,0.1616,0.162,427630.1,15
2026-06-19 18:15:00,0.1619,0.162,0.1616,0.1617,218076.7,15
2026-06-19 18:30:00,0.1616,0.1617,0.1603,0.1607,1073095.2000000002,15
2026-06-19 18:45:00,0.1607,0.1614,0.1606,0.1614,684761.2000000001,15
2026-06-19 19:00:00,0.1613,0.1616,0.1606,0.1611,833792.6,15
2026-06-19 19:15:00,0.161,0.1611,0.1605,0.1607,305481.4,15
2026-06-19 19:30:00,0.1607,0.1609,0.1604,0.1608,273343.7,15
2026-06-19 19:45:00,0.1608,0.1614,0.1607,0.1608,795765.7999999999,15
2026-06-19 20:00:00,0.1609,0.1613,0.1609,0.1613,305393.9,15
2026-06-19 20:15:00,0.1613,0.1613,0.1604,0.1611,524109.9,15
2026-06-19 20:30:00,0.161,0.1612,0.1606,0.161,298665.9,15
2026-06-19 20:45:00,0.161,0.1621,0.1609,0.1619,697776.4,15
2026-06-19 21:00:00,0.162,0.162,0.1613,0.162,684248.6,15
2026-06-19 21:15:00,0.1619,0.162,0.1613,0.1614,303376.5,15
2026-06-19 21:30:00,0.1614,0.1614,0.1607,0.1609,284047.5,15
2026-06-19 21:45:00,0.1608,0.161,0.1605,0.1608,734261.0,15
2026-06-19 22:00:00,0.1607,0.1611,0.1605,0.161,263597.10000000003,15
2026-06-19 22:15:00,0.1609,0.1616,0.1609,0.1615,263580.8,15
2026-06-19 22:30:00,0.1615,0.1618,0.1614,0.1618,647064.3,15
2026-06-19 22:45:00,0.1618,0.162,0.1616,0.1618,582419.6,15
2026-06-19 23:00:00,0.1618,0.1618,0.1611,0.1613,361007.9,15
2026-06-19 23:15:00,0.1613,0.162,0.1613,0.162,194886.3,15
2026-06-19 23:30:00,0.1619,0.1623,0.1616,0.1617,753401.1,15
2026-06-19 23:45:00,0.1617,0.1624,0.1615,0.1621,1041057.9,15
2026-06-20 00:00:00,0.1621,0.1625,0.1618,0.1624,518919.2,15
2026-06-20 00:15:00,0.1624,0.1636,0.1623,0.1634,844865.1,15
2026-06-20 00:30:00,0.1633,0.164,0.163,0.1634,1030817.5,15
2026-06-20 00:45:00,0.1635,0.1635,0.1623,0.1624,463803.1,15
2026-06-20 01:00:00,0.1624,0.1626,0.1619,0.1623,425923.3,15
2026-06-20 01:15:00,0.1622,0.1626,0.1619,0.1622,963536.2999999999,15
2026-06-20 01:30:00,0.1621,0.1629,0.162,0.1623,1083351.3,15
2026-06-20 01:45:00,0.1623,0.1627,0.1623,0.1624,406174.2,15
2026-06-20 02:00:00,0.1624,0.1625,0.1618,0.1621,948343.8,15
2026-06-20 02:15:00,0.162,0.1621,0.1616,0.1619,309114.2,15
2026-06-20 02:30:00,0.1619,0.1622,0.1617,0.1619,348719.5,15
2026-06-20 02:45:00,0.1619,0.1623,0.1618,0.1621,748293.4,15
2026-06-20 03:00:00,0.1621,0.1623,0.1618,0.1619,568731.4,15
2026-06-20 03:15:00,0.1619,0.1622,0.1618,0.162,411014.2,15
2026-06-20 03:30:00,0.1621,0.1626,0.162,0.1624,302365.89999999997,15
2026-06-20 03:45:00,0.1624,0.1626,0.1622,0.1625,276628.5,15
2026-06-20 04:00:00,0.1625,0.1626,0.1623,0.1624,203735.2,15
2026-06-20 04:15:00,0.1625,0.163,0.1623,0.1629,651385.5,15
2026-06-20 04:30:00,0.163,0.1631,0.1626,0.163,419097.4,15
2026-06-20 04:45:00,0.163,0.1631,0.1626,0.1631,358556.9,15
2026-06-20 05:00:00,0.1631,0.1651,0.1628,0.1644,3088706.4,15
2026-06-20 05:15:00,0.1644,0.1646,0.1634,0.1635,592397.5,15
2026-06-20 05:30:00,0.1636,0.1637,0.1633,0.1636,355170.10000000003,15
2026-06-20 05:45:00,0.1636,0.1637,0.163,0.1636,696584.3,15
2026-06-20 06:00:00,0.1636,0.1637,0.1632,0.1634,246701.8,15
2026-06-20 06:15:00,0.1634,0.1639,0.1631,0.1636,749179.6,15
2026-06-20 06:30:00,0.1636,0.1637,0.1633,0.1637,267553.60000000003,15
2026-06-20 06:45:00,0.1637,0.1638,0.1634,0.1637,1039086.4,15
2026-06-20 07:00:00,0.1638,0.1639,0.1629,0.1633,538304.9,15
2026-06-20 07:15:00,0.1633,0.1638,0.1631,0.1638,616259.1,15
2026-06-20 07:30:00,0.1638,0.1639,0.1631,0.1633,670273.9,15
2026-06-20 07:45:00,0.1632,0.1634,0.1628,0.1629,670026.5,15
2026-06-20 08:00:00,0.1629,0.163,0.1622,0.163,1157814.9,15
2026-06-20 08:15:00,0.1629,0.1632,0.1629,0.163,337333.2,15
2026-06-20 08:30:00,0.163,0.163,0.1625,0.1629,548688.7,15
2026-06-20 08:45:00,0.1629,0.163,0.1626,0.1628,492442.60000000003,15
2026-06-20 09:00:00,0.1629,0.1633,0.1629,0.1632,353613.4,15
2026-06-20 09:15:00,0.1633,0.1634,0.163,0.1631,429805.1,15
2026-06-20 09:30:00,0.1632,0.1637,0.1631,0.1637,632618.6,15
2026-06-20 09:45:00,0.1636,0.164,0.1635,0.1639,388618.0,15
2026-06-20 10:00:00,0.1638,0.1638,0.1634,0.1637,533534.8,15
2026-06-20 10:15:00,0.1637,0.1637,0.1631,0.1634,413071.9,15
2026-06-20 10:30:00,0.1634,0.1634,0.1628,0.1628,445269.5,15
2026-06-20 10:45:00,0.1628,0.1632,0.1627,0.1631,363516.8,15
2026-06-20 11:00:00,0.1632,0.1633,0.1625,0.1627,478901.5,15
2026-06-20 11:15:00,0.1626,0.1629,0.1624,0.1628,650230.1,15
2026-06-20 11:30:00,0.1628,0.1631,0.1627,0.1631,273826.0,15
2026-06-20 11:45:00,0.1631,0.1633,0.1628,0.1629,234947.7,15
2026-06-20 12:00:00,0.1629,0.1632,0.1627,0.1632,543996.2999999999,15
2026-06-20 12:15:00,0.1631,0.1631,0.1628,0.1631,635810.1,15
2026-06-20 12:30:00,0.1631,0.1631,0.1626,0.1628,578516.6,15
2026-06-20 12:45:00,0.1628,0.1629,0.1623,0.1627,744704.5,15
2026-06-20 13:00:00,0.1627,0.1627,0.1624,0.1624,406315.6,15
2026-06-20 13:15:00,0.1625,0.1626,0.1612,0.1613,2024601.1,15
2026-06-20 13:30:00,0.1614,0.1617,0.1611,0.1615,903862.6,15
2026-06-20 13:45:00,0.1616,0.1618,0.1613,0.1614,367500.5,15
2026-06-20 14:00:00,0.1614,0.1614,0.16,0.16,3011634.9,15
2026-06-20 14:15:00,0.1601,0.1608,0.1601,0.1608,1066548.1,15
2026-06-20 14:30:00,0.1608,0.161,0.1603,0.1609,624499.4,15
2026-06-20 14:45:00,0.1608,0.1632,0.1608,0.162,2832517.3,15
2026-06-20 15:00:00,0.1621,0.1625,0.1616,0.1622,1081037.6,15
2026-06-20 15:15:00,0.1622,0.1633,0.1617,0.1627,4249132.9,15
2026-06-20 15:30:00,0.1627,0.1628,0.1619,0.162,864153.8,15
2026-06-20 15:45:00,0.162,0.1624,0.162,0.1623,456860.2,15
2026-06-20 16:00:00,0.1623,0.1625,0.1617,0.1623,813307.4,15
2026-06-20 16:15:00,0.1623,0.1624,0.1613,0.1615,1304672.4,15
2026-06-20 16:30:00,0.1616,0.1617,0.1609,0.1614,1153199.2,15
2026-06-20 16:45:00,0.1615,0.162,0.1614,0.1618,441741.8,15
2026-06-20 17:00:00,0.1619,0.162,0.1615,0.1617,309196.2,15
2026-06-20 17:15:00,0.1617,0.1617,0.1611,0.1614,672287.6,15
2026-06-20 17:30:00,0.1614,0.1615,0.1601,0.161,1814273.0999999999,15
2026-06-20 17:45:00,0.161,0.1613,0.1607,0.161,288732.89999999997,15
2026-06-20 18:00:00,0.1611,0.1615,0.161,0.1612,285137.1,15
2026-06-20 18:15:00,0.1612,0.1615,0.161,0.1612,1816328.3,15
2026-06-20 18:30:00,0.1613,0.1614,0.1609,0.1609,997146.2999999999,15
2026-06-20 18:45:00,0.161,0.1612,0.1608,0.1609,223972.8,15
2026-06-20 19:00:00,0.1609,0.1614,0.1608,0.1611,323227.5,15
2026-06-20 19:15:00,0.161,0.1611,0.1607,0.1609,1712441.8,15
2026-06-20 19:30:00,0.1609,0.1615,0.1609,0.1614,786526.7,15
2026-06-20 19:45:00,0.1613,0.1615,0.1612,0.1613,870080.6,15
2026-06-20 20:00:00,0.1614,0.1615,0.1613,0.1614,548543.9,15
2026-06-20 20:15:00,0.1613,0.1617,0.1612,0.1614,689617.6,15
2026-06-20 20:30:00,0.1614,0.1615,0.1612,0.1614,283626.0,15
2026-06-20 20:45:00,0.1614,0.1617,0.1614,0.1614,662133.5,15
2026-06-20 21:00:00,0.1615,0.1627,0.1614,0.1623,2446782.3000000003,15
2026-06-20 21:15:00,0.1623,0.1624,0.162,0.162,339381.9,15
2026-06-20 21:30:00,0.162,0.1625,0.162,0.1624,222801.6,15
2026-06-20 21:45:00,0.1624,0.1625,0.1618,0.1621,438935.5,15
2026-06-20 22:00:00,0.1622,0.1634,0.1619,0.163,684631.9,15
2026-06-20 22:15:00,0.163,0.1634,0.1626,0.1633,564315.8,15
2026-06-20 22:30:00,0.1632,0.1636,0.163,0.1632,817108.1,15
2026-06-20 22:45:00,0.1633,0.1636,0.163,0.1632,301578.5,15
2026-06-20 23:00:00,0.1632,0.1635,0.163,0.1634,308871.6,15
2026-06-20 23:15:00,0.1634,0.1639,0.1632,0.1633,853516.1,15
2026-06-20 23:30:00,0.1634,0.1636,0.1633,0.1635,199538.2,15
2026-06-20 23:45:00,0.1634,0.1634,0.163,0.1633,165878.80000000002,15
2026-06-21 00:00:00,0.1633,0.1636,0.1631,0.1635,532245.3,15
2026-06-21 00:15:00,0.1635,0.1636,0.163,0.1633,520818.6,15
2026-06-21 00:30:00,0.1633,0.1633,0.163,0.1631,875141.7,15
2026-06-21 00:45:00,0.1632,0.1636,0.163,0.1634,594598.9,15
2026-06-21 01:00:00,0.1635,0.1635,0.1628,0.1629,497347.2,15
2026-06-21 01:15:00,0.1628,0.1632,0.1628,0.1628,261922.4,15
2026-06-21 01:30:00,0.1628,0.1633,0.1625,0.163,723636.1,15
2026-06-21 01:45:00,0.163,0.1631,0.1628,0.163,361279.9,15
2026-06-21 02:00:00,0.163,0.163,0.1627,0.1627,471747.8,15
2026-06-21 02:15:00,0.1628,0.1628,0.1624,0.1625,227015.8,15
2026-06-21 02:30:00,0.1626,0.1626,0.1623,0.1624,195525.4,15
2026-06-21 02:45:00,0.1624,0.1627,0.1623,0.1623,548074.5,15
2026-06-21 03:00:00,0.1624,0.1624,0.162,0.1624,439459.6,15
2026-06-21 03:15:00,0.1624,0.1633,0.1621,0.1629,989666.6,15
2026-06-21 03:30:00,0.1629,0.163,0.1624,0.1627,1197063.7,15
2026-06-21 03:45:00,0.1628,0.1628,0.1624,0.1626,551302.4,15
2026-06-21 04:00:00,0.1627,0.1628,0.1618,0.162,694290.2,15
2026-06-21 04:15:00,0.1619,0.1621,0.1617,0.1618,698533.2,15
2026-06-21 04:30:00,0.1618,0.162,0.1615,0.1616,1215087.0,15
2026-06-21 04:45:00,0.1616,0.1616,0.1606,0.161,2230227.3,15
2026-06-21 05:00:00,0.161,0.161,0.1603,0.1604,1317412.5,15
2026-06-21 05:15:00,0.1604,0.1607,0.1601,0.1607,1593878.2,15
2026-06-21 05:30:00,0.1607,0.161,0.1606,0.1608,1713956.7,15
2026-06-21 05:45:00,0.1608,0.1608,0.1603,0.1606,491681.8,15
2026-06-21 06:00:00,0.1606,0.1609,0.1605,0.1607,478470.2,15
2026-06-21 06:15:00,0.1607,0.161,0.1606,0.161,370491.3,15
2026-06-21 06:30:00,0.161,0.1614,0.1608,0.1613,429828.10000000003,15
2026-06-21 06:45:00,0.1613,0.1616,0.161,0.1615,309447.8,15
2026-06-21 07:00:00,0.1615,0.1616,0.1611,0.1611,839048.5,15
2026-06-21 07:15:00,0.1611,0.1613,0.1609,0.1612,560782.5,15
2026-06-21 07:30:00,0.1612,0.1621,0.1612,0.1621,669386.2,15
2026-06-21 07:45:00,0.1621,0.1623,0.1615,0.1616,2077413.8,15
2026-06-21 08:00:00,0.1616,0.1617,0.1613,0.1613,321214.3,15
2026-06-21 08:15:00,0.1613,0.1613,0.1606,0.1607,529021.7999999999,15
2026-06-21 08:30:00,0.1606,0.1609,0.16,0.1609,1535723.8,15
2026-06-21 08:45:00,0.1608,0.1611,0.1605,0.1611,297195.7,15
2026-06-21 09:00:00,0.1611,0.1612,0.1607,0.1609,1055116.9,15
2026-06-21 09:15:00,0.1608,0.1612,0.1607,0.1609,482473.8,15
2026-06-21 09:30:00,0.1609,0.1619,0.1609,0.1616,945427.5,15
2026-06-21 09:45:00,0.1617,0.162,0.1616,0.162,996307.6,15
2026-06-21 10:00:00,0.1619,0.1624,0.1618,0.1623,488330.4,15
2026-06-21 10:15:00,0.1623,0.1626,0.1621,0.1622,1678713.4,15
2026-06-21 10:30:00,0.1621,0.1623,0.1619,0.1621,934024.0,15
2026-06-21 10:45:00,0.1622,0.1623,0.1613,0.1614,945882.8,15
2026-06-21 11:00:00,0.1615,0.162,0.1612,0.1618,985892.0,15
2026-06-21 11:15:00,0.1618,0.1618,0.1608,0.1617,862637.4,15
2026-06-21 11:30:00,0.1616,0.1617,0.1612,0.1615,524700.5,15
2026-06-21 11:45:00,0.1615,0.1615,0.1608,0.161,493796.8,15
2026-06-21 12:00:00,0.1609,0.1612,0.1608,0.1609,392098.2,15
2026-06-21 12:15:00,0.1609,0.1609,0.1605,0.1606,1295613.8,15
2026-06-21 12:30:00,0.1607,0.1609,0.1603,0.1605,733325.3,15
2026-06-21 12:45:00,0.1606,0.1613,0.1605,0.1612,717265.8,15
2026-06-21 13:00:00,0.1612,0.1617,0.1609,0.1614,364198.10000000003,15
2026-06-21 13:15:00,0.1615,0.1618,0.1614,0.1617,229179.0,15
2026-06-21 13:30:00,0.1618,0.1619,0.1615,0.1615,291690.8,15
2026-06-21 13:45:00,0.1614,0.1618,0.1613,0.1618,434363.89999999997,15
2026-06-21 14:00:00,0.1617,0.1619,0.1615,0.1615,316382.4,15
2026-06-21 14:15:00,0.1615,0.1622,0.1614,0.1617,394998.3,15
2026-06-21 14:30:00,0.1618,0.1621,0.1617,0.1618,540250.2,15
2026-06-21 14:45:00,0.1619,0.1622,0.1617,0.1621,210082.5,15
2026-06-21 15:00:00,0.1622,0.1629,0.1621,0.1622,930986.6,15
2026-06-21 15:15:00,0.1623,0.1626,0.1621,0.1624,374863.8,15
2026-06-21 15:30:00,0.1624,0.1627,0.1622,0.1625,1034893.7,15
2026-06-21 15:45:00,0.1625,0.1626,0.1622,0.1623,572655.9,15
2026-06-21 16:00:00,0.1624,0.1624,0.1617,0.1618,377995.0,15
2026-06-21 16:15:00,0.1617,0.1619,0.1615,0.1617,374518.4,15
2026-06-21 16:30:00,0.1616,0.1617,0.1609,0.1614,558918.4,15
2026-06-21 16:45:00,0.1614,0.1619,0.1613,0.1616,954923.1,15
2026-06-21 17:00:00,0.1615,0.1624,0.1614,0.1623,436688.8,15
2026-06-21 17:15:00,0.1623,0.1624,0.1619,0.162,385257.6,15
2026-06-21 17:30:00,0.162,0.162,0.1612,0.1616,289264.6,15
2026-06-21 17:45:00,0.1617,0.162,0.1615,0.1615,209916.30000000002,15
2026-06-21 18:00:00,0.1614,0.1616,0.1609,0.1612,403235.9,15
2026-06-21 18:15:00,0.1613,0.1615,0.1612,0.1613,418960.5,15
2026-06-21 18:30:00,0.1614,0.1621,0.1613,0.1618,221308.6,15
2026-06-21 18:45:00,0.1618,0.1621,0.1616,0.1621,386263.8,15
2026-06-21 19:00:00,0.1622,0.1625,0.162,0.1624,664261.7,15
2026-06-21 19:15:00,0.1624,0.1624,0.1619,0.1621,326739.0,15
2026-06-21 19:30:00,0.1621,0.1621,0.1617,0.1621,520647.6,15
2026-06-21 19:45:00,0.1621,0.1622,0.162,0.162,110480.4,15
2026-06-21 20:00:00,0.162,0.1623,0.1616,0.1616,481993.8,15
2026-06-21 20:15:00,0.1617,0.1618,0.1612,0.1616,351975.7,15
2026-06-21 20:30:00,0.1616,0.1616,0.1611,0.1612,384447.3,15
2026-06-21 20:45:00,0.1611,0.1612,0.1604,0.1607,979725.1,15
2026-06-21 21:00:00,0.1606,0.1608,0.1585,0.1594,4278261.100000001,15
2026-06-21 21:15:00,0.1594,0.1598,0.1586,0.1592,3015089.3,15
2026-06-21 21:30:00,0.1592,0.1606,0.1586,0.1601,3327334.6,15
2026-06-21 21:45:00,0.1601,0.1602,0.1593,0.1596,1353269.2,15
2026-06-21 22:00:00,0.1596,0.1599,0.1589,0.1593,1440560.4,15
2026-06-21 22:15:00,0.1593,0.1599,0.1591,0.1593,1689404.2000000002,15
2026-06-21 22:30:00,0.1592,0.1592,0.1581,0.1587,2624227.6,15
2026-06-21 22:45:00,0.1587,0.1594,0.1585,0.159,885517.2,15
2026-06-21 23:00:00,0.159,0.1591,0.1577,0.1581,2899671.5,15
2026-06-21 23:15:00,0.158,0.1588,0.1578,0.1584,1426707.4000000001,15
2026-06-21 23:30:00,0.1583,0.1584,0.157,0.1574,3647963.0,15
2026-06-21 23:45:00,0.1573,0.1576,0.1563,0.1566,2773310.3000000003,15
2026-06-22 00:00:00,0.1566,0.1575,0.1566,0.1573,3155670.0,15
2026-06-22 00:15:00,0.1572,0.1586,0.1571,0.1585,1194771.0,15
2026-06-22 00:30:00,0.1586,0.1596,0.1584,0.1592,2532665.8,15
2026-06-22 00:45:00,0.1592,0.1597,0.1589,0.1595,1400277.8,15
2026-06-22 01:00:00,0.1595,0.16,0.1591,0.1593,1655891.0,15
2026-06-22 01:15:00,0.1593,0.163,0.1593,0.1618,4323308.3,15
2026-06-22 01:30:00,0.1618,0.1619,0.1607,0.1612,1408404.1,15
2026-06-22 01:45:00,0.1612,0.1613,0.1609,0.1612,651993.4,15
2026-06-22 02:00:00,0.1612,0.1613,0.1603,0.1604,1343086.2,15
2026-06-22 02:15:00,0.1603,0.161,0.1603,0.1605,933165.8,15
2026-06-22 02:30:00,0.1606,0.1608,0.1603,0.1604,494651.2,15
2026-06-22 02:45:00,0.1604,0.1604,0.1597,0.1597,680868.6,15
2026-06-22 03:00:00,0.1597,0.1598,0.1588,0.1592,715462.8,15
2026-06-22 03:15:00,0.1591,0.1601,0.1591,0.1597,1136821.8,15
2026-06-22 03:30:00,0.1597,0.1602,0.1588,0.1589,478813.8,15
2026-06-22 03:45:00,0.1589,0.1589,0.1579,0.1582,1518427.1,15
2026-06-22 04:00:00,0.1582,0.1588,0.1579,0.1586,646348.6,15
2026-06-22 04:15:00,0.1586,0.159,0.1585,0.1589,434876.8,15
2026-06-22 04:30:00,0.1589,0.1592,0.1584,0.1585,492841.19999999995,15
2026-06-22 04:45:00,0.1585,0.1594,0.1585,0.1593,371757.89999999997,15
2026-06-22 05:00:00,0.1593,0.1601,0.1592,0.1599,935827.0,15
2026-06-22 05:15:00,0.16,0.1602,0.1597,0.1599,617206.8,15
2026-06-22 05:30:00,0.1599,0.1604,0.1598,0.1603,447032.4,15
2026-06-22 05:45:00,0.1603,0.1607,0.1602,0.1606,1012213.8,15
2026-06-22 06:00:00,0.1607,0.1608,0.16,0.1603,1331937.0,15
2026-06-22 06:15:00,0.1603,0.1604,0.1598,0.1602,725845.6,15
2026-06-22 06:30:00,0.1602,0.1605,0.1599,0.1603,961451.7,15
2026-06-22 06:45:00,0.1603,0.1606,0.1601,0.1604,889119.1,15
2026-06-22 07:00:00,0.1603,0.1616,0.1602,0.1614,964507.1,15
2026-06-22 07:15:00,0.1614,0.162,0.1613,0.1618,873360.9,15
2026-06-22 07:30:00,0.1618,0.1621,0.1613,0.1614,1343157.8,15
2026-06-22 07:45:00,0.1613,0.1619,0.1613,0.1618,588536.2,15
2026-06-22 08:00:00,0.1618,0.1618,0.1609,0.1615,801542.2,15
2026-06-22 08:15:00,0.1614,0.1618,0.1611,0.1612,724440.7,15
2026-06-22 08:30:00,0.1612,0.1614,0.1607,0.1613,759692.7999999999,15
2026-06-22 08:45:00,0.1613,0.1616,0.1611,0.1612,196136.5,15
2026-06-22 09:00:00,0.1613,0.1613,0.1607,0.1607,520291.2,15
2026-06-22 09:15:00,0.1607,0.1608,0.1603,0.1603,846771.1,15
2026-06-22 09:30:00,0.1603,0.1608,0.1601,0.1604,993160.9,15
2026-06-22 09:45:00,0.1604,0.1605,0.1603,0.1604,394520.2,15
2026-06-22 10:00:00,0.1604,0.1608,0.1603,0.1607,1110299.4,15
2026-06-22 10:15:00,0.1607,0.1608,0.1604,0.1607,570486.6,15
2026-06-22 10:30:00,0.1607,0.1607,0.1598,0.1599,860928.0,15
2026-06-22 10:45:00,0.1599,0.1605,0.1599,0.1603,834174.1,15
2026-06-22 11:00:00,0.1603,0.1616,0.16,0.1613,1165087.7,15
2026-06-22 11:15:00,0.1613,0.1619,0.1609,0.1614,2037326.0,15
2026-06-22 11:30:00,0.1614,0.1624,0.1614,0.162,1782960.5,15
2026-06-22 11:45:00,0.162,0.1622,0.1615,0.1617,997622.7999999999,15
2026-06-22 12:00:00,0.1617,0.1622,0.1614,0.1619,2034120.1,15
2026-06-22 12:15:00,0.1618,0.1623,0.1618,0.1619,842772.9,15
2026-06-22 12:30:00,0.1619,0.1625,0.1616,0.1619,921017.8,15
2026-06-22 12:45:00,0.162,0.1622,0.1617,0.1619,1281770.0,15
2026-06-22 13:00:00,0.1619,0.162,0.1613,0.1617,1240296.6,15
2026-06-22 13:15:00,0.1617,0.1622,0.1615,0.1616,772556.7,15
2026-06-22 13:30:00,0.1616,0.1629,0.1616,0.1625,2084872.7,15
2026-06-22 13:45:00,0.1625,0.1633,0.1625,0.163,1794205.0,15
2026-06-22 14:00:00,0.1631,0.1632,0.1617,0.1618,1937546.5,15
2026-06-22 14:15:00,0.1618,0.1618,0.1606,0.1607,1823169.3,15
2026-06-22 14:30:00,0.1607,0.1609,0.1597,0.16,1594266.9000000001,15
2026-06-22 14:45:00,0.16,0.1605,0.1595,0.1602,1165967.7,15
2026-06-22 15:00:00,0.1602,0.1606,0.1595,0.1603,1593967.6,15
2026-06-22 15:15:00,0.1602,0.1603,0.1597,0.1599,1853750.4,15
2026-06-22 15:30:00,0.1599,0.1603,0.1598,0.1599,809961.8999999999,15
2026-06-22 15:45:00,0.1599,0.1601,0.1589,0.1595,860402.4,15
2026-06-22 16:00:00,0.1596,0.1596,0.1587,0.1589,1820311.1,15
2026-06-22 16:15:00,0.1589,0.1596,0.1586,0.1594,716154.7,15
2026-06-22 16:30:00,0.1595,0.1595,0.1589,0.1591,436257.8,15
2026-06-22 16:45:00,0.1591,0.1597,0.1587,0.1595,1691174.4000000001,15
2026-06-22 17:00:00,0.1595,0.1598,0.159,0.1592,1509927.5,15
2026-06-22 17:15:00,0.1592,0.1593,0.1588,0.1588,633039.5,15
2026-06-22 17:30:00,0.1587,0.1591,0.1583,0.1591,771944.8,15
2026-06-22 17:45:00,0.1591,0.16,0.1591,0.1596,662192.7,15
2026-06-22 18:00:00,0.1595,0.1601,0.1595,0.1599,321317.4,15
2026-06-22 18:15:00,0.1599,0.1601,0.1593,0.1595,695882.2,15
2026-06-22 18:30:00,0.1595,0.1599,0.1593,0.1597,462701.3,15
2026-06-22 18:45:00,0.1596,0.1597,0.1584,0.1584,833484.3,15
2026-06-22 19:00:00,0.1585,0.1586,0.1577,0.1583,3002991.7,15
2026-06-22 19:15:00,0.1583,0.1587,0.1582,0.1585,438030.5,15
2026-06-22 19:30:00,0.1586,0.1589,0.1584,0.1588,516154.8,15
2026-06-22 19:45:00,0.1587,0.1591,0.1582,0.159,656882.5,15
2026-06-22 20:00:00,0.159,0.1597,0.1589,0.1594,931493.7,15
2026-06-22 20:15:00,0.1594,0.1595,0.1588,0.1591,391174.89999999997,15
2026-06-22 20:30:00,0.1592,0.1594,0.1591,0.1592,328090.5,15
2026-06-22 20:45:00,0.1592,0.1593,0.1587,0.1591,318006.3,15
2026-06-22 21:00:00,0.1592,0.1593,0.1588,0.159,322770.0,15
2026-06-22 21:15:00,0.159,0.1591,0.1586,0.1588,242557.3,15
2026-06-22 21:30:00,0.1588,0.159,0.1582,0.1585,316659.2,15
2026-06-22 21:45:00,0.1585,0.1594,0.1584,0.1594,422336.1,15
2026-06-22 22:00:00,0.1594,0.1601,0.1593,0.1597,1133660.9,15
2026-06-22 22:15:00,0.1597,0.1597,0.1581,0.1582,1782774.0,15
2026-06-22 22:30:00,0.1582,0.1584,0.1572,0.1577,3107093.7,15
2026-06-22 22:45:00,0.1577,0.1582,0.1577,0.158,509050.5,15
2026-06-22 23:00:00,0.158,0.1582,0.1578,0.1578,856994.4,15
2026-06-22 23:15:00,0.1579,0.1587,0.1577,0.1586,1036194.5,15
2026-06-22 23:30:00,0.1585,0.1586,0.1582,0.1584,306427.0,15
2026-06-22 23:45:00,0.1584,0.1587,0.1583,0.1585,221552.0,15
2026-06-23 00:00:00,0.1586,0.1587,0.1583,0.1586,1125811.5999999999,15
2026-06-23 00:15:00,0.1587,0.1588,0.158,0.1583,737651.0,15
2026-06-23 00:30:00,0.1582,0.1591,0.1582,0.159,993273.6,15
2026-06-23 00:45:00,0.1591,0.1593,0.1588,0.1592,605294.4,15
2026-06-23 01:00:00,0.1592,0.1597,0.1592,0.1593,708816.2,15
2026-06-23 01:15:00,0.1593,0.1596,0.1591,0.1596,376245.0,15
2026-06-23 01:30:00,0.1597,0.1597,0.1582,0.1585,1656455.3,15
2026-06-23 01:45:00,0.1585,0.1592,0.1576,0.1589,1962978.2,15
2026-06-23 02:00:00,0.159,0.1591,0.1583,0.1588,1552458.1,15
2026-06-23 02:15:00,0.1588,0.1591,0.1587,0.159,554142.1,15
2026-06-23 02:30:00,0.159,0.1594,0.1588,0.1593,147028.5,15
2026-06-23 02:45:00,0.1592,0.1595,0.159,0.1593,354306.39999999997,15
2026-06-23 03:00:00,0.1593,0.1594,0.1587,0.1592,419057.9,15
2026-06-23 03:15:00,0.1592,0.1595,0.1589,0.1593,414224.4,15
2026-06-23 03:30:00,0.1592,0.1596,0.159,0.1594,696262.3,15
2026-06-23 03:45:00,0.1594,0.16,0.1594,0.1599,1252885.6,15
2026-06-23 04:00:00,0.16,0.1601,0.1594,0.1599,570556.9,15
2026-06-23 04:15:00,0.1598,0.1598,0.1592,0.1594,896838.6000000001,15
2026-06-23 04:30:00,0.1595,0.1595,0.1585,0.1585,707749.0,15
2026-06-23 04:45:00,0.1585,0.1587,0.1581,0.1583,1025767.8,15
2026-06-23 05:00:00,0.1584,0.1588,0.1584,0.1586,386470.3,15
2026-06-23 05:15:00,0.1585,0.1589,0.1578,0.1579,942566.0,15
2026-06-23 05:30:00,0.1578,0.158,0.1574,0.1577,1186795.4,15
2026-06-23 05:45:00,0.1577,0.1578,0.1574,0.1577,982651.3,15
2026-06-23 06:00:00,0.1578,0.1578,0.1564,0.157,1804236.2,15
2026-06-23 06:15:00,0.157,0.1572,0.1536,0.1547,15282224.9,15
2026-06-23 06:30:00,0.1546,0.155,0.1539,0.1547,2169555.4,15
2026-06-23 06:45:00,0.1546,0.1551,0.1544,0.1548,1897234.6,15
2026-06-23 07:00:00,0.1547,0.1557,0.1546,0.1557,828996.6,15
2026-06-23 07:15:00,0.1556,0.1559,0.1554,0.1556,2438572.1,15
2026-06-23 07:30:00,0.1556,0.1557,0.155,0.1552,839057.9,15
2026-06-23 07:45:00,0.1552,0.1554,0.1546,0.1546,849289.9,15
2026-06-23 08:00:00,0.1547,0.1548,0.1538,0.1541,2297777.2,15
2026-06-23 08:15:00,0.1541,0.1541,0.1508,0.1514,10435050.5,15
2026-06-23 08:30:00,0.1514,0.1531,0.1513,0.1527,4003447.8,15
2026-06-23 08:45:00,0.1527,0.1528,0.152,0.1525,1515816.9,15
2026-06-23 09:00:00,0.1526,0.153,0.1525,0.1527,1259188.9,15
2026-06-23 09:15:00,0.1527,0.1532,0.1527,0.1531,6041047.1,15
2026-06-23 09:30:00,0.1531,0.1532,0.1521,0.1524,1827476.5,15
2026-06-23 09:45:00,0.1523,0.1528,0.1522,0.1526,1564155.5,15
2026-06-23 10:00:00,0.1526,0.1534,0.1526,0.153,1368078.5,15
2026-06-23 10:15:00,0.1529,0.1531,0.1526,0.1528,1612761.9,15
2026-06-23 10:30:00,0.1528,0.1528,0.1524,0.1525,563348.7,15
2026-06-23 10:45:00,0.1525,0.1528,0.1524,0.1528,907317.7000000001,15
2026-06-23 11:00:00,0.1528,0.1534,0.1527,0.1533,675150.6,15
2026-06-23 11:15:00,0.1532,0.1541,0.1532,0.1539,2267245.4000000004,15
2026-06-23 11:30:00,0.154,0.1541,0.1537,0.1538,963007.5,15
2026-06-23 11:45:00,0.1538,0.1538,0.1532,0.1537,1097944.1,15
2026-06-23 12:00:00,0.1536,0.1537,0.1524,0.1525,8448428.799999999,15
2026-06-23 12:15:00,0.1525,0.1525,0.1514,0.1518,3288014.5,15
2026-06-23 12:30:00,0.1519,0.1523,0.1517,0.1517,1130310.2,15
2026-06-23 12:45:00,0.1517,0.1517,0.1502,0.1503,6139397.1,15
2026-06-23 13:00:00,0.1503,0.1509,0.1498,0.1508,9840875.5,15
2026-06-23 13:15:00,0.1508,0.1509,0.1504,0.1508,2308323.0,15
2026-06-23 13:30:00,0.1507,0.1523,0.1503,0.1518,6773351.5,15
2026-06-23 13:45:00,0.1517,0.1525,0.1514,0.1517,1507466.8,15
2026-06-23 14:00:00,0.1517,0.1521,0.151,0.1521,1864811.1,15
2026-06-23 14:15:00,0.152,0.1523,0.1515,0.1517,2396633.3,15
2026-06-23 14:30:00,0.1518,0.1526,0.1514,0.1516,1670059.5,15
2026-06-23 14:45:00,0.1517,0.1517,0.1509,0.151,1771217.7999999998,15
2026-06-23 15:00:00,0.151,0.1513,0.1505,0.151,1821719.4,15
2026-06-23 15:15:00,0.1509,0.1511,0.1503,0.1505,2519057.4,15
2026-06-23 15:30:00,0.1505,0.1513,0.1504,0.1505,924563.7,15
2026-06-23 15:45:00,0.1505,0.1511,0.1501,0.151,1750960.8,15
2026-06-23 16:00:00,0.151,0.152,0.1506,0.1518,4833155.7,15
2026-06-23 16:15:00,0.1518,0.1518,0.1509,0.1511,4304642.7,15
2026-06-23 16:30:00,0.151,0.1513,0.1509,0.1511,1831194.5,15
2026-06-23 16:45:00,0.1512,0.1513,0.1508,0.151,1655675.5,15
2026-06-23 17:00:00,0.151,0.151,0.15,0.1502,5409366.0,15
2026-06-23 17:15:00,0.1502,0.151,0.1502,0.1508,1207495.6,15
2026-06-23 17:30:00,0.1509,0.1512,0.1504,0.1505,1674000.7,15
2026-06-23 17:45:00,0.1506,0.1507,0.15,0.1503,1761132.1,15
2026-06-23 18:00:00,0.1502,0.1504,0.15,0.1503,2584320.0,15
2026-06-23 18:15:00,0.1504,0.1508,0.1502,0.1506,1595745.0,15
2026-06-23 18:30:00,0.1505,0.1505,0.1493,0.1495,2578958.9,15
2026-06-23 18:45:00,0.1496,0.1502,0.1493,0.1501,2024758.0,15
2026-06-23 19:00:00,0.15,0.1507,0.1499,0.1503,1181090.9,15
2026-06-23 19:15:00,0.1503,0.1506,0.1499,0.1506,1333794.3,15
2026-06-23 19:30:00,0.1506,0.1507,0.1496,0.1498,1480071.2,15
2026-06-23 19:45:00,0.1498,0.1503,0.1496,0.1501,1091465.3,15
2026-06-23 20:00:00,0.1502,0.1507,0.1502,0.1505,1014635.7,15
2026-06-23 20:15:00,0.1505,0.1509,0.1504,0.1506,879988.2999999999,15
2026-06-23 20:30:00,0.1505,0.1507,0.1502,0.1504,1351535.4,15
2026-06-23 20:45:00,0.1503,0.1503,0.15,0.15,1155111.7,15
2026-06-23 21:00:00,0.1501,0.1507,0.1499,0.1507,1193935.1,15
2026-06-23 21:15:00,0.1507,0.1508,0.15,0.1504,1116755.1,15
2026-06-23 21:30:00,0.1504,0.1509,0.1504,0.1509,270904.6,15
2026-06-23 21:45:00,0.151,0.1515,0.1509,0.1515,854742.2,15
2026-06-23 22:00:00,0.1514,0.1521,0.1514,0.1521,1639178.5,15
2026-06-23 22:15:00,0.1521,0.1524,0.1515,0.1519,1215937.3,15
2026-06-23 22:30:00,0.1519,0.1521,0.1514,0.1515,841124.9,15
2026-06-23 22:45:00,0.1515,0.1518,0.1514,0.1517,630353.7999999999,15
2026-06-23 23:00:00,0.1517,0.1517,0.1508,0.1511,731038.1,15
2026-06-23 23:15:00,0.1511,0.1516,0.1511,0.1513,555683.9,15
2026-06-23 23:30:00,0.1513,0.1515,0.151,0.1511,791151.4,15
2026-06-23 23:45:00,0.1511,0.1518,0.1511,0.1515,1702869.9,15
2026-06-24 00:00:00,0.1514,0.152,0.1512,0.152,1355653.7,15
2026-06-24 00:15:00,0.1521,0.1523,0.1518,0.1521,631388.3,15
2026-06-24 00:30:00,0.1521,0.1532,0.152,0.1527,2604040.5,15
2026-06-24 00:45:00,0.1528,0.153,0.1526,0.1529,1175739.9,15
2026-06-24 01:00:00,0.153,0.1532,0.1525,0.1529,849311.6,15
2026-06-24 01:15:00,0.1528,0.1532,0.1524,0.1532,1533089.9,15
2026-06-24 01:30:00,0.1533,0.1544,0.1532,0.1538,2410052.8000000003,15
2026-06-24 01:45:00,0.1538,0.1541,0.1529,0.153,2114613.1,15
2026-06-24 02:00:00,0.153,0.1531,0.1524,0.1528,1319863.4,15
2026-06-24 02:15:00,0.1527,0.1528,0.1522,0.1528,1106631.0,15
2026-06-24 02:30:00,0.1528,0.153,0.1524,0.1529,583823.7,15
2026-06-24 02:45:00,0.1529,0.1531,0.1524,0.1526,1510985.9,15
2026-06-24 03:00:00,0.1526,0.1528,0.1523,0.1526,312517.2,15
2026-06-24 03:15:00,0.1525,0.1525,0.1514,0.1521,1488010.4,15
2026-06-24 03:30:00,0.1522,0.1528,0.1522,0.1524,1076111.1,15
2026-06-24 03:45:00,0.1524,0.1525,0.1521,0.1522,148795.1,15
2026-06-24 04:00:00,0.1522,0.1524,0.1518,0.1519,470596.6,15
2026-06-24 04:15:00,0.1519,0.1521,0.1506,0.1511,1338491.5,15
2026-06-24 04:30:00,0.1511,0.1517,0.1507,0.1516,754251.1,15
2026-06-24 04:45:00,0.1517,0.1525,0.1517,0.1524,813491.8,15
2026-06-24 05:00:00,0.1524,0.1526,0.1521,0.1524,1752565.2,15
2026-06-24 05:15:00,0.1525,0.1528,0.1524,0.1528,468548.8,15
2026-06-24 05:30:00,0.1528,0.1531,0.1526,0.1527,506601.2,15
2026-06-24 05:45:00,0.1526,0.1527,0.1521,0.1523,932686.7,15
2026-06-24 06:00:00,0.1523,0.1523,0.1514,0.1516,1431407.7,15
2026-06-24 06:15:00,0.1515,0.1517,0.1512,0.1514,1149625.9,15
2026-06-24 06:30:00,0.1514,0.1518,0.1512,0.1513,960632.4,15
2026-06-24 06:45:00,0.1512,0.1518,0.1512,0.1515,331516.8,15
2026-06-24 07:00:00,0.1515,0.1516,0.1509,0.1513,1437688.2,15
2026-06-24 07:15:00,0.1512,0.1512,0.1507,0.1508,1375800.4,15
2026-06-24 07:30:00,0.1508,0.151,0.1505,0.1507,634359.5,15
2026-06-24 07:45:00,0.1506,0.1508,0.1502,0.1506,1103050.3,15
2026-06-24 08:00:00,0.1506,0.1508,0.1504,0.1508,743834.6,15
2026-06-24 08:15:00,0.1508,0.151,0.1505,0.1506,887515.0,15
2026-06-24 08:30:00,0.1507,0.1511,0.1504,0.1509,646077.4,15
2026-06-24 08:45:00,0.1509,0.1513,0.1506,0.1512,348677.0,15
2026-06-24 09:00:00,0.1512,0.1512,0.1505,0.1507,1056465.0,15
2026-06-24 09:15:00,0.1508,0.1508,0.1502,0.1503,1488788.5,15
2026-06-24 09:30:00,0.1503,0.1504,0.15,0.1502,1050782.4,15
2026-06-24 09:45:00,0.1502,0.1505,0.1501,0.1504,1098728.1,15
2026-06-24 10:00:00,0.1503,0.1503,0.1472,0.1477,15007967.5,15
2026-06-24 10:15:00,0.1477,0.1478,0.1458,0.1474,18402372.5,15
2026-06-24 10:30:00,0.1474,0.1478,0.1468,0.1477,3004437.8,15
2026-06-24 10:45:00,0.1476,0.1477,0.1468,0.1472,3097264.5,15
2026-06-24 11:00:00,0.1471,0.1474,0.1463,0.1465,4371863.1,15
2026-06-24 11:15:00,0.1465,0.1471,0.1463,0.1469,1793130.0,15
2026-06-24 11:30:00,0.1469,0.1478,0.1469,0.1477,2236219.4,15
2026-06-24 11:45:00,0.1477,0.1497,0.1476,0.1483,4097626.7,15
2026-06-24 12:00:00,0.1483,0.1486,0.148,0.1485,1802460.5,15
2026-06-24 12:15:00,0.1485,0.1489,0.1482,0.1487,2114548.9,15
2026-06-24 12:30:00,0.1488,0.1489,0.1484,0.1486,1913341.4,15
2026-06-24 12:45:00,0.1486,0.1486,0.1479,0.148,2136065.5,15
2026-06-24 13:00:00,0.1481,0.1481,0.1458,0.1463,5418003.2,15
2026-06-24 13:15:00,0.1463,0.1468,0.1451,0.1459,9277910.700000001,15
2026-06-24 13:30:00,0.1458,0.1472,0.145,0.1459,8251445.3,15
2026-06-24 13:45:00,0.1459,0.146,0.1445,0.1454,9135267.0,15
2026-06-24 14:00:00,0.1453,0.1462,0.145,0.1459,6023120.0,15
2026-06-24 14:15:00,0.1459,0.146,0.1451,0.1456,2445856.3,15
2026-06-24 14:30:00,0.1457,0.1463,0.1451,0.1456,3493264.6,15
2026-06-24 14:45:00,0.1456,0.1459,0.145,0.1454,2022582.8,15
2026-06-24 15:00:00,0.1454,0.1455,0.1448,0.1449,1171455.9,15
2026-06-24 15:15:00,0.1449,0.1455,0.1447,0.1448,1889236.6,15
2026-06-24 15:30:00,0.1448,0.1449,0.1438,0.1441,3293195.0,15
2026-06-24 15:45:00,0.144,0.1442,0.1435,0.1439,2947156.0,15
2026-06-24 16:00:00,0.1439,0.1445,0.1435,0.1442,1767496.0,15
2026-06-24 16:15:00,0.1442,0.1445,0.1436,0.1441,3068078.4,15
2026-06-24 16:30:00,0.1441,0.1441,0.143,0.1434,3830807.6,15
2026-06-24 16:45:00,0.1434,0.1434,0.1407,0.1416,13962277.1,15
2026-06-24 17:00:00,0.1415,0.1425,0.1415,0.1422,3938305.5,15
2026-06-24 17:15:00,0.1423,0.1424,0.1399,0.1405,9313346.6,15
2026-06-24 17:30:00,0.1405,0.1409,0.1401,0.1405,3862212.1,15
2026-06-24 17:45:00,0.1406,0.1406,0.1396,0.1401,4394929.9,15
2026-06-24 18:00:00,0.14,0.1412,0.1397,0.1409,2408976.9,15
2026-06-24 18:15:00,0.1409,0.1427,0.1409,0.1421,3876037.6,15
2026-06-24 18:30:00,0.1422,0.1424,0.1417,0.142,1436484.1,15
2026-06-24 18:45:00,0.142,0.1422,0.1413,0.1417,3714163.0,15
2026-06-24 19:00:00,0.1417,0.1422,0.1408,0.1408,6364582.0,15
2026-06-24 19:15:00,0.1408,0.1412,0.1401,0.1411,5309381.1,15
2026-06-24 19:30:00,0.141,0.1411,0.1404,0.1405,1971855.6,15
2026-06-24 19:45:00,0.1405,0.1413,0.1402,0.1412,8907512.1,15
2026-06-24 20:00:00,0.1412,0.1437,0.1408,0.1435,12194856.5,15
2026-06-24 20:15:00,0.1435,0.1442,0.1431,0.144,3036053.4,15
2026-06-24 20:30:00,0.144,0.1445,0.1436,0.1443,3179598.3000000003,15
2026-06-24 20:45:00,0.1444,0.1456,0.1444,0.1452,4734171.3,15
2026-06-24 21:00:00,0.1453,0.1457,0.1448,0.1454,2110472.4,15
2026-06-24 21:15:00,0.1454,0.1462,0.1453,0.1461,1188435.0,15
2026-06-24 21:30:00,0.1462,0.1466,0.1458,0.1463,2027137.0,15
2026-06-24 21:45:00,0.1462,0.1474,0.146,0.1471,2078419.5,15
2026-06-24 22:00:00,0.1471,0.1494,0.147,0.1481,7268858.8,15
2026-06-24 22:15:00,0.1482,0.1482,0.1473,0.1475,3100828.9,15
2026-06-24 22:30:00,0.1475,0.1479,0.1473,0.1477,1282596.0999999999,15
2026-06-24 22:45:00,0.1477,0.1478,0.1469,0.1472,2286041.6,15
2026-06-24 23:00:00,0.1472,0.1478,0.1469,0.1477,1656589.7000000002,15
2026-06-24 23:15:00,0.1478,0.1481,0.1475,0.1477,789092.2,15
2026-06-24 23:30:00,0.1477,0.1479,0.1475,0.1478,1291569.6,15
2026-06-24 23:45:00,0.1478,0.148,0.1474,0.1477,753584.9,15
2026-06-25 00:00:00,0.1477,0.1492,0.1477,0.1485,6801224.0,15
2026-06-25 00:15:00,0.1485,0.1485,0.1476,0.148,3662002.9,15
2026-06-25 00:30:00,0.1479,0.1482,0.1477,0.1478,1224884.0,15
2026-06-25 00:45:00,0.1478,0.1482,0.1473,0.1476,965470.6,15
2026-06-25 01:00:00,0.1477,0.1481,0.147,0.1476,1304909.8,15
2026-06-25 01:15:00,0.1476,0.1481,0.1474,0.1479,1108729.2,15
2026-06-25 01:30:00,0.1478,0.1482,0.1477,0.148,749600.1000000001,15
2026-06-25 01:45:00,0.148,0.1483,0.1478,0.1478,717732.1000000001,15
2026-06-25 02:00:00,0.1477,0.1481,0.1473,0.1474,1211691.5,15
2026-06-25 02:15:00,0.1475,0.1481,0.1474,0.1481,1024241.2000000001,15
2026-06-25 02:30:00,0.148,0.148,0.1475,0.1476,1225406.9,15
2026-06-25 02:45:00,0.1475,0.1479,0.1474,0.1478,805466.7,15
2026-06-25 03:00:00,0.1479,0.1482,0.1477,0.1478,542520.5,15
2026-06-25 03:15:00,0.1478,0.1478,0.1473,0.1474,1006873.1,15
2026-06-25 03:30:00,0.1474,0.1477,0.1472,0.1472,1017070.0,15
2026-06-25 03:45:00,0.1472,0.1476,0.1471,0.1475,665629.8,15
2026-06-25 04:00:00,0.1475,0.1477,0.1471,0.1472,1485430.5,15
2026-06-25 04:15:00,0.1472,0.1476,0.1471,0.1473,966592.5,15
2026-06-25 04:30:00,0.1473,0.1476,0.1471,0.1476,530713.0,15
2026-06-25 04:45:00,0.1477,0.1492,0.1476,0.1491,1809878.5999999999,15
2026-06-25 05:00:00,0.1491,0.1506,0.1489,0.1501,3629649.1,15
2026-06-25 05:15:00,0.1501,0.1508,0.1497,0.1504,2511171.5,15
2026-06-25 05:30:00,0.1504,0.1507,0.1499,0.15,1052568.1,15
2026-06-25 05:45:00,0.15,0.1502,0.1498,0.15,501695.4,15
2026-06-25 06:00:00,0.1499,0.1504,0.1498,0.1501,593045.9,15
2026-06-25 06:15:00,0.1502,0.1505,0.1497,0.1497,798460.2000000001,15
2026-06-25 06:30:00,0.1497,0.15,0.1495,0.1499,502793.10000000003,15
2026-06-25 06:45:00,0.1499,0.1503,0.1498,0.1498,1014318.6,15
2026-06-25 07:00:00,0.1498,0.1502,0.1491,0.1493,1791720.0999999999,15
2026-06-25 07:15:00,0.1493,0.1498,0.1492,0.1495,1030269.7,15
2026-06-25 07:30:00,0.1495,0.1498,0.1495,0.1497,842349.2000000001,15
2026-06-25 07:45:00,0.1497,0.1499,0.1494,0.1499,1065184.7,15
2026-06-25 08:00:00,0.1499,0.1501,0.1494,0.1494,996698.7,15
2026-06-25 08:15:00,0.1494,0.1497,0.1492,0.1496,730875.6,15
2026-06-25 08:30:00,0.1497,0.1499,0.1494,0.1496,691247.4,15
2026-06-25 08:45:00,0.1497,0.1498,0.1491,0.1493,769056.8,15
2026-06-25 09:00:00,0.1493,0.1496,0.1492,0.1494,540336.0,15
2026-06-25 09:15:00,0.1494,0.1495,0.1489,0.1493,553892.0,15
2026-06-25 09:30:00,0.1492,0.1495,0.1491,0.1494,444686.8,15
2026-06-25 09:45:00,0.1493,0.1495,0.1491,0.1492,412392.6,15
2026-06-25 10:00:00,0.1492,0.1495,0.149,0.149,687875.6,15
2026-06-25 10:15:00,0.1489,0.1492,0.1484,0.1485,1087793.6,15
2026-06-25 10:30:00,0.1484,0.1486,0.1482,0.1483,649635.0,15
2026-06-25 10:45:00,0.1483,0.1484,0.148,0.1482,1386737.5,15
2026-06-25 11:00:00,0.1481,0.1484,0.1476,0.148,2679197.2,15
2026-06-25 11:15:00,0.148,0.1482,0.1475,0.1476,1351468.2,15
2026-06-25 11:30:00,0.1476,0.1481,0.1474,0.1478,846473.6,15
2026-06-25 11:45:00,0.1478,0.1479,0.1473,0.1476,853263.6,15
2026-06-25 12:00:00,0.1477,0.1479,0.1474,0.1475,759597.0,15
2026-06-25 12:15:00,0.1476,0.1476,0.1462,0.1464,1870632.6,15
2026-06-25 12:30:00,0.1464,0.1486,0.1464,0.1478,6187871.0,15
2026-06-25 12:45:00,0.1478,0.1483,0.1475,0.1483,2359389.6999999997,15
2026-06-25 13:00:00,0.1483,0.1487,0.1482,0.1482,2378616.6,15
2026-06-25 13:15:00,0.1483,0.1484,0.148,0.1482,742485.0,15
2026-06-25 13:30:00,0.1482,0.1489,0.145,0.1452,7169925.0,15
2026-06-25 13:45:00,0.1452,0.1457,0.1382,0.1389,19101779.6,15
2026-06-25 14:00:00,0.139,0.1435,0.139,0.1428,10330968.6,15
2026-06-25 14:15:00,0.1429,0.1437,0.1414,0.1428,4967528.3,15
2026-06-25 14:30:00,0.1428,0.1456,0.1424,0.1429,6527224.399999999,15
2026-06-25 14:45:00,0.1429,0.144,0.1424,0.1428,3304890.9,15
2026-06-25 15:00:00,0.1429,0.1429,0.1417,0.1418,3691299.6,15
2026-06-25 15:15:00,0.1418,0.1425,0.1411,0.1423,3086880.2,15
2026-06-25 15:30:00,0.1423,0.1431,0.142,0.1424,1043981.3,15
2026-06-25 15:45:00,0.1424,0.1434,0.1423,0.1432,913521.1,15
2026-06-25 16:00:00,0.1432,0.1452,0.1429,0.1443,2201706.9,15
2026-06-25 16:15:00,0.1443,0.1443,0.1436,0.1438,1044808.5,15
2026-06-25 16:30:00,0.1437,0.1437,0.1423,0.1425,1727884.1,15
2026-06-25 16:45:00,0.1425,0.143,0.142,0.1428,1428674.3,15
2026-06-25 17:00:00,0.1428,0.1438,0.1424,0.1438,1102290.4,15
2026-06-25 17:15:00,0.1438,0.1447,0.1436,0.1445,2109626.1,15
2026-06-25 17:30:00,0.1445,0.1447,0.1441,0.1443,1322752.1,15
2026-06-25 17:45:00,0.1443,0.1446,0.1437,0.1446,872024.7999999999,15
2026-06-25 18:00:00,0.1446,0.1447,0.1433,0.1434,1308236.8,15
2026-06-25 18:15:00,0.1434,0.1445,0.1432,0.1436,2400601.5,15
2026-06-25 18:30:00,0.1435,0.1435,0.1422,0.1423,1628026.7,15
2026-06-25 18:45:00,0.1423,0.1425,0.1419,0.1423,1007856.5,15
2026-06-25 19:00:00,0.1422,0.1422,0.1411,0.1413,1115549.9,15
2026-06-25 19:15:00,0.1412,0.1414,0.1406,0.1412,3250059.0999999996,15
2026-06-25 19:30:00,0.1413,0.1414,0.141,0.1412,1079398.1,15
2026-06-25 19:45:00,0.1412,0.1413,0.1406,0.1411,2072972.5,15
2026-06-25 20:00:00,0.1412,0.1421,0.1412,0.1416,2261454.9,15
2026-06-25 20:15:00,0.1416,0.1419,0.1415,0.1418,840755.9,15
2026-06-25 20:30:00,0.1418,0.1418,0.1412,0.1416,653108.6,15
2026-06-25 20:45:00,0.1416,0.1417,0.1412,0.1415,772305.1,15
2026-06-25 21:00:00,0.1415,0.1423,0.1415,0.1423,620997.5,15
2026-06-25 21:15:00,0.1422,0.1429,0.1422,0.1428,540377.4,15
2026-06-25 21:30:00,0.1428,0.1441,0.1428,0.1436,1156732.9,15
2026-06-25 21:45:00,0.1435,0.1442,0.1433,0.1439,1096215.3,15
2026-06-25 22:00:00,0.144,0.1442,0.1431,0.1435,1393801.0,15
2026-06-25 22:15:00,0.1435,0.1439,0.1433,0.1436,489962.3,15
2026-06-25 22:30:00,0.1435,0.1438,0.1434,0.1437,779426.8,15
2026-06-25 22:45:00,0.1436,0.1438,0.1433,0.1434,649364.3,15
2026-06-25 23:00:00,0.1434,0.1436,0.1431,0.1436,509421.9,15
2026-06-25 23:15:00,0.1436,0.1442,0.1435,0.1441,1482220.3,15
2026-06-25 23:30:00,0.144,0.1444,0.1438,0.144,1218488.4,15
2026-06-25 23:45:00,0.1439,0.1439,0.1435,0.1438,607717.8,15
2026-06-26 00:00:00,0.1438,0.1444,0.1436,0.1444,1327488.3,15
2026-06-26 00:15:00,0.1443,0.1443,0.1434,0.1436,1330186.6,15
2026-06-26 00:30:00,0.1436,0.1439,0.1433,0.1436,792337.7,15
2026-06-26 00:45:00,0.1435,0.1437,0.1431,0.1432,1000068.6,15
2026-06-26 01:00:00,0.1431,0.1434,0.1427,0.143,807794.1,15
2026-06-26 01:15:00,0.1429,0.1434,0.1424,0.1425,815825.2,15
2026-06-26 01:30:00,0.1425,0.1426,0.1419,0.142,1422829.7,15
2026-06-26 01:45:00,0.142,0.1423,0.1419,0.1422,585219.5,15
2026-06-26 02:00:00,0.1422,0.1423,0.1393,0.1396,5338627.300000001,15
2026-06-26 02:15:00,0.1397,0.1408,0.139,0.1407,4646509.0,15
2026-06-26 02:30:00,0.1407,0.1411,0.1401,0.1405,1099191.7,15
2026-06-26 02:45:00,0.1405,0.1405,0.1391,0.1396,1784580.9,15
2026-06-26 03:00:00,0.1396,0.1406,0.1385,0.1406,3294267.5,15
2026-06-26 03:15:00,0.1405,0.1407,0.1397,0.1406,1640429.6,15
2026-06-26 03:30:00,0.1406,0.1414,0.1399,0.1414,2307512.0,15
2026-06-26 03:45:00,0.1413,0.1432,0.1413,0.1427,2786285.9,15
2026-06-26 04:00:00,0.1428,0.143,0.1422,0.1425,1002444.1,15
2026-06-26 04:15:00,0.1425,0.1433,0.1421,0.1425,1299109.9,15
2026-06-26 04:30:00,0.1425,0.1427,0.1422,0.1424,375455.9,15
2026-06-26 04:45:00,0.1425,0.1425,0.1417,0.1418,581958.8,15
2026-06-26 05:00:00,0.1418,0.1422,0.1415,0.1422,2455077.2,15
2026-06-26 05:15:00,0.1422,0.1425,0.1418,0.1424,683141.3,15
2026-06-26 05:30:00,0.1425,0.1432,0.1424,0.1428,3089653.6,15
2026-06-26 05:45:00,0.1428,0.1433,0.1426,0.1429,630729.9,15
2026-06-26 06:00:00,0.1429,0.1429,0.1422,0.1423,1691791.8,15
2026-06-26 06:15:00,0.1422,0.144,0.1422,0.1437,1733500.2,15
2026-06-26 06:30:00,0.1438,0.1452,0.1435,0.1451,3026266.8,15
2026-06-26 06:45:00,0.145,0.1453,0.1446,0.1452,2532870.5,15
2026-06-26 07:00:00,0.1452,0.1473,0.1451,0.147,4000844.2,15
2026-06-26 07:15:00,0.1469,0.1473,0.1464,0.1465,3108282.0,15
2026-06-26 07:30:00,0.1465,0.147,0.1462,0.1463,2284707.3,15
2026-06-26 07:45:00,0.1462,0.1467,0.146,0.1466,1074080.0,15
2026-06-26 08:00:00,0.1467,0.1469,0.1454,0.1454,2292599.0,15
2026-06-26 08:15:00,0.1455,0.1455,0.1449,0.1451,1589840.5999999999,15
2026-06-26 08:30:00,0.1451,0.1451,0.1446,0.1448,634227.8,15
2026-06-26 08:45:00,0.1448,0.1452,0.1446,0.1449,1444237.7,15
2026-06-26 09:00:00,0.145,0.1451,0.1443,0.1447,926816.2999999999,15
2026-06-26 09:15:00,0.1447,0.1448,0.1442,0.1446,1424393.2,15
2026-06-26 09:30:00,0.1447,0.1453,0.1446,0.1448,1227047.3,15
2026-06-26 09:45:00,0.1448,0.1449,0.1435,0.1438,2009867.0,15
2026-06-26 10:00:00,0.1438,0.1444,0.1435,0.1441,2666290.1,15
2026-06-26 10:15:00,0.1441,0.1444,0.1439,0.1442,172269.6,15
2026-06-26 10:30:00,0.1441,0.1445,0.1434,0.1438,611610.8,15
2026-06-26 10:45:00,0.1438,0.1439,0.1435,0.1437,598577.0,15
2026-06-26 11:00:00,0.1438,0.1446,0.1436,0.1442,1138065.7,15
2026-06-26 11:15:00,0.1441,0.1441,0.1436,0.1436,551110.8,15
2026-06-26 11:30:00,0.1436,0.144,0.1433,0.1433,470644.30000000005,15
2026-06-26 11:45:00,0.1433,0.1436,0.1427,0.1433,1169044.8,15
2026-06-26 12:00:00,0.1434,0.1438,0.1433,0.1436,1370113.8,15
2026-06-26 12:15:00,0.1436,0.1443,0.1436,0.1443,1468191.6,15
2026-06-26 12:30:00,0.1442,0.1452,0.1425,0.1428,3766190.2,15
2026-06-26 12:45:00,0.1429,0.1439,0.1426,0.1427,2030973.0999999999,15
2026-06-26 13:00:00,0.1428,0.1435,0.1425,0.1428,770451.9,15
2026-06-26 13:15:00,0.1427,0.143,0.1412,0.1424,4522874.2,15
2026-06-26 13:30:00,0.1424,0.1441,0.1423,0.1439,5141198.5,15
2026-06-26 13:45:00,0.1438,0.146,0.1435,0.1458,3758074.6,15
2026-06-26 14:00:00,0.1457,0.1461,0.1444,0.1452,2449529.3,15
2026-06-26 14:15:00,0.1452,0.1462,0.1446,0.1458,4042136.0,15
2026-06-26 14:30:00,0.1458,0.1463,0.1443,0.1448,4309820.0,15
2026-06-26 14:45:00,0.1448,0.1457,0.1445,0.1446,1255766.6,15
2026-06-26 15:00:00,0.1445,0.1457,0.144,0.1448,2392310.1,15
2026-06-26 15:15:00,0.1448,0.1473,0.1447,0.1469,2452586.4,15
2026-06-26 15:30:00,0.147,0.1483,0.1467,0.148,2058473.4000000001,15
2026-06-26 15:45:00,0.1481,0.1482,0.1464,0.1481,4460989.0,15
2026-06-26 16:00:00,0.1481,0.15,0.1481,0.1482,4557110.2,15
2026-06-26 16:15:00,0.1483,0.1488,0.147,0.1478,3371276.3,15
2026-06-26 16:30:00,0.1479,0.1491,0.1479,0.148,2609299.1,15
2026-06-26 16:45:00,0.1479,0.1488,0.1479,0.148,2446462.0,15
2026-06-26 17:00:00,0.148,0.1491,0.1479,0.1489,2184115.5,15
2026-06-26 17:15:00,0.1488,0.1489,0.1482,0.1487,1532110.0,15
2026-06-26 17:30:00,0.1486,0.1489,0.1482,0.1485,1218365.7,15
2026-06-26 17:45:00,0.1486,0.1487,0.1479,0.1481,1103443.2,15
2026-06-26 18:00:00,0.1481,0.1488,0.1481,0.1484,1503480.5,15
2026-06-26 18:15:00,0.1484,0.1484,0.1473,0.1473,824569.3,15
2026-06-26 18:30:00,0.1472,0.1476,0.1471,0.1473,711213.5,15
2026-06-26 18:45:00,0.1473,0.1474,0.1467,0.1469,725493.2,15
2026-06-26 19:00:00,0.1469,0.1482,0.1465,0.1478,750436.7,15
2026-06-26 19:15:00,0.1477,0.148,0.1474,0.1479,1390292.6,15
2026-06-26 19:30:00,0.148,0.1485,0.1479,0.1483,631566.6,15
2026-06-26 19:45:00,0.1483,0.1485,0.1475,0.1477,3745403.4,15
2026-06-26 20:00:00,0.1477,0.1494,0.1477,0.1482,5243913.9,15
2026-06-26 20:15:00,0.1483,0.1487,0.1481,0.1484,1512304.7,15
2026-06-26 20:30:00,0.1483,0.1484,0.1472,0.1474,2874418.2,15
2026-06-26 20:45:00,0.1473,0.1477,0.1471,0.1474,1553438.6,15
2026-06-26 21:00:00,0.1473,0.1475,0.1469,0.1474,1196271.2,15
2026-06-26 21:15:00,0.1473,0.1475,0.147,0.1475,344025.2,15
2026-06-26 21:30:00,0.1475,0.1481,0.1475,0.148,526120.1,15
2026-06-26 21:45:00,0.1479,0.1482,0.1472,0.1472,410488.6,15
2026-06-26 22:00:00,0.1471,0.1473,0.1464,0.1471,680780.2,15
2026-06-26 22:15:00,0.1471,0.1472,0.1468,0.147,812678.9,15
2026-06-26 22:30:00,0.147,0.1473,0.1469,0.1473,563826.8,15
2026-06-26 22:45:00,0.1473,0.1482,0.1471,0.148,1848456.5,15
2026-06-26 23:00:00,0.1481,0.1494,0.1479,0.149,4423383.5,15
2026-06-26 23:15:00,0.149,0.1493,0.1484,0.1484,1165467.3,15
2026-06-26 23:30:00,0.1484,0.1487,0.1483,0.1485,575269.9,15
2026-06-26 23:45:00,0.1486,0.1488,0.1483,0.1484,991940.1,15
2026-06-27 00:00:00,0.1485,0.1491,0.1485,0.1487,2399112.9,15
2026-06-27 00:15:00,0.1488,0.1488,0.1481,0.1481,779011.9,15
2026-06-27 00:30:00,0.1481,0.1481,0.1473,0.1476,783627.9,15
2026-06-27 00:45:00,0.1476,0.1483,0.1474,0.1482,694910.9,15
2026-06-27 01:00:00,0.1482,0.1482,0.1477,0.1478,1020241.0,15
2026-06-27 01:15:00,0.1478,0.1483,0.1477,0.1482,564413.0,15
2026-06-27 01:30:00,0.1482,0.1485,0.1479,0.1485,709264.2,15
2026-06-27 01:45:00,0.1484,0.1485,0.1481,0.1482,137635.9,15
2026-06-27 02:00:00,0.1482,0.1485,0.1478,0.1485,2925674.5,15
2026-06-27 02:15:00,0.1485,0.1496,0.1484,0.1492,2291998.4,15
2026-06-27 02:30:00,0.1491,0.1497,0.1488,0.1494,1672653.7,15
2026-06-27 02:45:00,0.1494,0.1495,0.1489,0.149,1794764.4,15
2026-06-27 03:00:00,0.149,0.1493,0.1482,0.1485,2722793.8000000003,15
2026-06-27 03:15:00,0.1485,0.1491,0.1484,0.1488,740942.8,15
2026-06-27 03:30:00,0.1487,0.1488,0.1483,0.1485,1139445.8,15
2026-06-27 03:45:00,0.1485,0.1488,0.1481,0.1483,973584.4,15
2026-06-27 04:00:00,0.1483,0.1488,0.1482,0.1488,1008822.9,15
2026-06-27 04:15:00,0.1488,0.1491,0.1486,0.1487,1512051.0,15
2026-06-27 04:30:00,0.1486,0.1486,0.1484,0.1484,326451.80000000005,15
2026-06-27 04:45:00,0.1483,0.1486,0.1482,0.1483,1182523.5,15
2026-06-27 05:00:00,0.1483,0.1485,0.1478,0.1481,537629.0,15
2026-06-27 05:15:00,0.1481,0.1481,0.1473,0.1473,1112832.6,15
2026-06-27 05:30:00,0.1473,0.148,0.1473,0.148,750535.9,15
2026-06-27 05:45:00,0.1479,0.1482,0.1478,0.1479,930947.6000000001,15
2026-06-27 06:00:00,0.1479,0.148,0.1471,0.1474,930704.2,15
2026-06-27 06:15:00,0.1473,0.1476,0.1472,0.1475,604255.1,15
2026-06-27 06:30:00,0.1475,0.1482,0.1474,0.1479,1352615.7,15
2026-06-27 06:45:00,0.148,0.1483,0.1476,0.1479,527011.5,15
2026-06-27 07:00:00,0.1479,0.148,0.1476,0.1477,506842.5,15
2026-06-27 07:15:00,0.1477,0.1481,0.1477,0.1478,496264.5,15
2026-06-27 07:30:00,0.1478,0.148,0.1477,0.1478,522766.0,15
2026-06-27 07:45:00,0.1479,0.148,0.1476,0.1476,402564.9,15
2026-06-27 08:00:00,0.1476,0.1477,0.1474,0.1476,871000.5,15
2026-06-27 08:15:00,0.1475,0.1477,0.1473,0.1477,702047.5,15
2026-06-27 08:30:00,0.1476,0.1478,0.1471,0.1472,441230.1,15
2026-06-27 08:45:00,0.1471,0.1478,0.1471,0.1473,1673442.1,15
2026-06-27 09:00:00,0.1473,0.1476,0.1469,0.147,545818.5,15
2026-06-27 09:15:00,0.1469,0.1471,0.1467,0.1468,358748.7,15
2026-06-27 09:30:00,0.1469,0.1472,0.1469,0.147,385891.3,15
2026-06-27 09:45:00,0.147,0.1473,0.1469,0.1472,485750.5,15
2026-06-27 10:00:00,0.1472,0.1475,0.1471,0.1473,890654.9,15
2026-06-27 10:15:00,0.1473,0.1474,0.1471,0.1471,300970.3,15
2026-06-27 10:30:00,0.1471,0.1475,0.1471,0.1474,604977.4,15
2026-06-27 10:45:00,0.1474,0.1475,0.1473,0.1475,198817.69999999998,15
2026-06-27 11:00:00,0.1474,0.1476,0.1471,0.1474,680823.4,15
2026-06-27 11:15:00,0.1474,0.1474,0.1464,0.1465,2110269.0,15
2026-06-27 11:30:00,0.1464,0.147,0.1464,0.1469,1369171.3,15
2026-06-27 11:45:00,0.1469,0.1473,0.1469,0.1472,140974.0,15
2026-06-27 12:00:00,0.1473,0.1473,0.1467,0.1468,304320.80000000005,15
2026-06-27 12:15:00,0.1469,0.1471,0.1468,0.1469,678719.8,15
2026-06-27 12:30:00,0.147,0.147,0.1467,0.1469,725286.3,15
2026-06-27 12:45:00,0.147,0.1474,0.1468,0.1474,479978.9,15
2026-06-27 13:00:00,0.1474,0.1476,0.1472,0.1475,402645.5,15
2026-06-27 13:15:00,0.1475,0.1478,0.1473,0.1477,337758.89999999997,15
2026-06-27 13:30:00,0.1478,0.1483,0.1476,0.1482,668809.6,15
2026-06-27 13:45:00,0.1483,0.1484,0.1479,0.1481,480918.1,15
2026-06-27 14:00:00,0.1481,0.1487,0.1477,0.1487,677064.4,15
2026-06-27 14:15:00,0.1486,0.149,0.1484,0.1487,2836299.8,15
2026-06-27 14:30:00,0.1486,0.1488,0.1482,0.1488,1091045.6,15
2026-06-27 14:45:00,0.1487,0.1491,0.1484,0.1485,1269009.8,15
2026-06-27 15:00:00,0.1486,0.1494,0.1484,0.1492,1650141.8,15
2026-06-27 15:15:00,0.1491,0.1491,0.1485,0.1491,795098.7,15
2026-06-27 15:30:00,0.149,0.1493,0.1488,0.1491,734898.7999999999,15
2026-06-27 15:45:00,0.149,0.1491,0.1487,0.1489,1302067.7,15
2026-06-27 16:00:00,0.1489,0.1491,0.1486,0.1486,640006.6,15
2026-06-27 16:15:00,0.1486,0.1487,0.1482,0.1486,891768.9,15
2026-06-27 16:30:00,0.1486,0.1487,0.1483,0.1484,327497.4,15
2026-06-27 16:45:00,0.1485,0.1486,0.1482,0.1484,361436.3,15
2026-06-27 17:00:00,0.1485,0.1485,0.1469,0.1475,5344891.1,15
2026-06-27 17:15:00,0.1475,0.1476,0.147,0.1472,1835483.6,15
2026-06-27 17:30:00,0.1472,0.1475,0.147,0.1473,1385648.4000000001,15
2026-06-27 17:45:00,0.1473,0.1473,0.1466,0.1467,625676.1,15
2026-06-27 18:00:00,0.1467,0.1468,0.1465,0.1467,963179.7,15
2026-06-27 18:15:00,0.1467,0.1469,0.1463,0.1466,1036352.9,15
2026-06-27 18:30:00,0.1465,0.1469,0.1465,0.1467,1305222.8,15
2026-06-27 18:45:00,0.1468,0.1471,0.1467,0.1469,529254.7,15
2026-06-27 19:00:00,0.1469,0.147,0.1468,0.1468,331915.9,15
2026-06-27 19:15:00,0.1469,0.1469,0.1455,0.146,1579441.5999999999,15
2026-06-27 19:30:00,0.1459,0.1459,0.1448,0.1454,1508811.7,15
2026-06-27 19:45:00,0.1455,0.1457,0.1453,0.1453,280298.2,15
2026-06-27 20:00:00,0.1453,0.1459,0.1453,0.1457,324282.3,15
2026-06-27 20:15:00,0.1458,0.1459,0.1455,0.1456,466603.0,15
2026-06-27 20:30:00,0.1456,0.1458,0.1455,0.1455,163754.6,15
2026-06-27 20:45:00,0.1456,0.1457,0.1454,0.1456,149402.2,15
2026-06-27 21:00:00,0.1456,0.146,0.1456,0.1459,434302.6,15
2026-06-27 21:15:00,0.1459,0.146,0.1457,0.146,374204.4,15
2026-06-27 21:30:00,0.146,0.1461,0.1447,0.1451,1067043.4,15
2026-06-27 21:45:00,0.1451,0.1454,0.1447,0.1449,237746.1,15
2026-06-27 22:00:00,0.1449,0.1451,0.1444,0.1449,1068281.6,15
2026-06-27 22:15:00,0.1448,0.1449,0.1438,0.1448,2215645.8,15
2026-06-27 22:30:00,0.1448,0.1454,0.1447,0.1452,1505499.5,15
2026-06-27 22:45:00,0.1452,0.1457,0.1451,0.1456,678255.2000000001,15
2026-06-27 23:00:00,0.1456,0.146,0.1452,0.1453,568953.3,15
2026-06-27 23:15:00,0.1454,0.1456,0.1451,0.1451,338011.8,15
2026-06-27 23:30:00,0.1452,0.1456,0.1451,0.1455,371640.1,15
2026-06-27 23:45:00,0.1454,0.1456,0.1452,0.1453,445222.30000000005,15
2026-06-28 00:00:00,0.1453,0.1456,0.1451,0.1455,224804.0,15
2026-06-28 00:15:00,0.1455,0.146,0.1455,0.1457,425554.0,15
2026-06-28 00:30:00,0.1458,0.146,0.1455,0.146,377641.1,15
2026-06-28 00:45:00,0.146,0.146,0.1456,0.1456,250918.2,15
2026-06-28 01:00:00,0.1456,0.1456,0.1449,0.1451,590891.0,15
2026-06-28 01:15:00,0.1451,0.1455,0.145,0.1454,237116.6,15
2026-06-28 01:30:00,0.1454,0.1456,0.1453,0.1454,349619.8,15
2026-06-28 01:45:00,0.1454,0.1455,0.1452,0.1455,472053.4,15
2026-06-28 02:00:00,0.1455,0.1458,0.1455,0.1456,254521.2,15
2026-06-28 02:15:00,0.1457,0.1458,0.1447,0.1449,815824.7,15
2026-06-28 02:30:00,0.145,0.1451,0.1448,0.145,210412.9,15
2026-06-28 02:45:00,0.1449,0.145,0.1446,0.1449,429579.9,15
2026-06-28 03:00:00,0.1448,0.1455,0.1448,0.1454,236625.8,15
2026-06-28 03:15:00,0.1453,0.1454,0.1451,0.1452,357048.0,15
2026-06-28 03:30:00,0.1453,0.1453,0.145,0.1452,244714.4,15
2026-06-28 03:45:00,0.1451,0.1455,0.145,0.1454,539142.7,15
2026-06-28 04:00:00,0.1454,0.1456,0.1451,0.1452,233582.7,15
2026-06-28 04:15:00,0.1452,0.1455,0.1451,0.1453,119216.59999999999,15
2026-06-28 04:30:00,0.1452,0.1453,0.1449,0.1453,428061.8,15
2026-06-28 04:45:00,0.1453,0.1454,0.1449,0.1451,533379.5,15
2026-06-28 05:00:00,0.1451,0.1452,0.1446,0.1448,459143.7,15
2026-06-28 05:15:00,0.1448,0.1449,0.1439,0.1442,886397.5,15
2026-06-28 05:30:00,0.1442,0.1445,0.144,0.1445,153904.7,15
2026-06-28 05:45:00,0.1444,0.1446,0.1443,0.1445,571795.5,15
2026-06-28 06:00:00,0.1446,0.1447,0.1434,0.1435,867591.0,15
2026-06-28 06:15:00,0.1435,0.144,0.1434,0.1439,854996.7,15
2026-06-28 06:30:00,0.1439,0.1443,0.1439,0.144,258345.2,15
2026-06-28 06:45:00,0.144,0.1443,0.144,0.1443,924798.6,15
2026-06-28 07:00:00,0.1443,0.145,0.1442,0.1449,735760.0,15
2026-06-28 07:15:00,0.1449,0.1449,0.1445,0.1445,280912.3,15
2026-06-28 07:30:00,0.1446,0.1451,0.1444,0.145,229367.8,15
2026-06-28 07:45:00,0.1449,0.1453,0.1449,0.1452,834527.7,15
2026-06-28 08:00:00,0.1453,0.1456,0.145,0.1452,361577.4,15
2026-06-28 08:15:00,0.1452,0.1453,0.145,0.1451,190414.6,15
2026-06-28 08:30:00,0.145,0.1465,0.145,0.1463,1343556.4,15
2026-06-28 08:45:00,0.1463,0.1464,0.1458,0.1458,564335.6,15
2026-06-28 09:00:00,0.1459,0.1462,0.1455,0.1458,520460.5,15
2026-06-28 09:15:00,0.1459,0.146,0.1457,0.1457,341142.8,15
2026-06-28 09:30:00,0.1458,0.1459,0.1456,0.1458,640860.5,15
2026-06-28 09:45:00,0.1459,0.1459,0.1447,0.1448,1018892.5,15
2026-06-28 10:00:00,0.1448,0.1451,0.1445,0.1451,585354.6,15
2026-06-28 10:15:00,0.1451,0.1452,0.1443,0.1443,391330.0,15
2026-06-28 10:30:00,0.1444,0.1448,0.1444,0.1447,192501.6,15
2026-06-28 10:45:00,0.1446,0.145,0.1446,0.145,374016.60000000003,15
2026-06-28 11:00:00,0.145,0.1452,0.1446,0.1446,546328.3,15
2026-06-28 11:15:00,0.1446,0.1453,0.1446,0.1452,553412.7,15
2026-06-28 11:30:00,0.1452,0.1453,0.1447,0.1453,220135.1,15
2026-06-28 11:45:00,0.1454,0.1456,0.145,0.1454,215717.3,15
2026-06-28 12:00:00,0.1453,0.1454,0.1449,0.1449,576692.6,15
2026-06-28 12:15:00,0.145,0.1454,0.1445,0.1454,320262.8,15
2026-06-28 12:30:00,0.1453,0.1457,0.1447,0.1447,442741.4,15
2026-06-28 12:45:00,0.1448,0.1451,0.1448,0.1449,211347.0,15
2026-06-28 13:00:00,0.1448,0.1448,0.1441,0.1446,1914460.4,15
2026-06-28 13:15:00,0.1446,0.1446,0.1443,0.1445,1032102.7000000001,15
2026-06-28 13:30:00,0.1444,0.1448,0.1443,0.1447,712814.8,15
2026-06-28 13:45:00,0.1448,0.1448,0.1442,0.1444,328229.8,15
2026-06-28 14:00:00,0.1444,0.1447,0.1441,0.1447,1422596.1,15
2026-06-28 14:15:00,0.1447,0.1454,0.1447,0.1449,584692.2000000001,15
2026-06-28 14:30:00,0.1449,0.1451,0.1447,0.1448,584372.0,15
2026-06-28 14:45:00,0.1448,0.145,0.1445,0.1446,310378.5,15
2026-06-28 15:00:00,0.1446,0.145,0.1442,0.1448,318132.3,15
2026-06-28 15:15:00,0.1448,0.145,0.1446,0.1449,591567.0,15
2026-06-28 15:30:00,0.1449,0.1452,0.1445,0.1447,521587.2,15
2026-06-28 15:45:00,0.1447,0.1448,0.1441,0.1445,1110003.0999999999,15
2026-06-28 16:00:00,0.1446,0.1447,0.1442,0.1443,902527.7999999999,15
2026-06-28 16:15:00,0.1443,0.1444,0.1436,0.1439,1241867.3,15
2026-06-28 16:30:00,0.1439,0.144,0.1431,0.1434,1786844.0999999999,15
2026-06-28 16:45:00,0.1434,0.1437,0.1433,0.1437,409050.7,15
2026-06-28 17:00:00,0.1437,0.1442,0.1432,0.1434,1202793.9,15
2026-06-28 17:15:00,0.1434,0.1436,0.1429,0.1431,1359744.4,15
2026-06-28 17:30:00,0.143,0.1435,0.1427,0.1435,725548.7,15
2026-06-28 17:45:00,0.1434,0.1436,0.1431,0.1435,390074.0,15
2026-06-28 18:00:00,0.1435,0.1439,0.1432,0.1433,1172313.9,15
2026-06-28 18:15:00,0.1433,0.1433,0.1429,0.1431,444932.5,15
2026-06-28 18:30:00,0.1431,0.1433,0.1429,0.1432,695225.3,15
2026-06-28 18:45:00,0.1431,0.1435,0.143,0.1433,354118.9,15
2026-06-28 19:00:00,0.1432,0.1433,0.1429,0.1432,417432.9,15
2026-06-28 19:15:00,0.1431,0.1433,0.1429,0.1432,238848.6,15
2026-06-28 19:30:00,0.1433,0.1438,0.1431,0.1432,775947.6,15
2026-06-28 19:45:00,0.1431,0.1431,0.1422,0.1429,2111282.8000000003,15
2026-06-28 20:00:00,0.1428,0.1436,0.1427,0.1434,658979.1,15
2026-06-28 20:15:00,0.1435,0.1439,0.1435,0.1436,261322.5,15
2026-06-28 20:30:00,0.1437,0.1438,0.1434,0.1436,567126.4,15
2026-06-28 20:45:00,0.1436,0.1438,0.1433,0.1433,309115.5,15
2026-06-28 21:00:00,0.1434,0.1437,0.1433,0.1437,432476.0,15
2026-06-28 21:15:00,0.1437,0.1437,0.1431,0.1432,188264.7,15
2026-06-28 21:30:00,0.1432,0.1433,0.1428,0.1429,864141.7,15
2026-06-28 21:45:00,0.143,0.143,0.1415,0.1421,2559112.3,15
2026-06-28 22:00:00,0.1422,0.1442,0.1422,0.1434,2055867.7,15
2026-06-28 22:15:00,0.1433,0.1434,0.1422,0.1428,750349.4,15
2026-06-28 22:30:00,0.1428,0.1432,0.1424,0.1426,747655.1,15
2026-06-28 22:45:00,0.1426,0.1427,0.1412,0.142,1281220.8,15
2026-06-28 23:00:00,0.1419,0.143,0.1418,0.1427,703123.3,15
2026-06-28 23:15:00,0.1427,0.1435,0.1426,0.1434,475741.5,15
2026-06-28 23:30:00,0.1434,0.1445,0.1434,0.1441,1416615.0,15
2026-06-28 23:45:00,0.144,0.1443,0.1437,0.1438,520899.10000000003,15
2026-06-29 00:00:00,0.1438,0.1441,0.1431,0.1438,769788.7,15
2026-06-29 00:15:00,0.1438,0.1438,0.1425,0.1425,807524.2,15
2026-06-29 00:30:00,0.1424,0.1432,0.1419,0.1432,1001293.9,15
2026-06-29 00:45:00,0.1432,0.1441,0.1427,0.1441,1022491.2,15
2026-06-29 01:00:00,0.1441,0.1441,0.1435,0.1436,234331.9,15
2026-06-29 01:15:00,0.1435,0.1436,0.143,0.1431,340676.0,15
2026-06-29 01:30:00,0.1431,0.144,0.1429,0.1438,740350.3999999999,15
2026-06-29 01:45:00,0.1439,0.1443,0.1436,0.1437,636737.1,15
2026-06-29 02:00:00,0.1436,0.1437,0.142,0.1422,1921180.3,15
2026-06-29 02:15:00,0.1423,0.1439,0.1422,0.1438,1134025.0,15
2026-06-29 02:30:00,0.1438,0.1444,0.1435,0.1443,983211.1,15
2026-06-29 02:45:00,0.1442,0.1445,0.144,0.1443,648963.9,15
2026-06-29 03:00:00,0.1443,0.1456,0.1443,0.1452,782219.7999999999,15
2026-06-29 03:15:00,0.1452,0.1459,0.1449,0.1459,1706044.5999999999,15
2026-06-29 03:30:00,0.1459,0.146,0.1447,0.1449,1859628.8,15
2026-06-29 03:45:00,0.1448,0.1453,0.1447,0.1452,885484.0,15
2026-06-29 04:00:00,0.1451,0.1452,0.1444,0.1445,607416.2999999999,15
2026-06-29 04:15:00,0.1445,0.1449,0.1443,0.1447,170754.6,15
2026-06-29 04:30:00,0.1448,0.1449,0.1441,0.1442,1182707.9,15
2026-06-29 04:45:00,0.1442,0.1444,0.1437,0.144,793283.6,15
2026-06-29 05:00:00,0.1441,0.1441,0.1427,0.1432,1127295.0,15
2026-06-29 05:15:00,0.1432,0.1437,0.1432,0.1436,4246915.1,15
2026-06-29 05:30:00,0.1436,0.1446,0.1434,0.1445,411618.2,15
2026-06-29 05:45:00,0.1444,0.1451,0.1443,0.145,472531.6,15
2026-06-29 06:00:00,0.1451,0.146,0.1451,0.146,924810.6,15
2026-06-29 06:15:00,0.146,0.1464,0.1458,0.1458,1071825.2,15
2026-06-29 06:30:00,0.1458,0.146,0.1451,0.1453,569048.0,15
2026-06-29 06:45:00,0.1453,0.1454,0.145,0.1452,344812.5,15
2026-06-29 07:00:00,0.1452,0.1452,0.1446,0.1452,334587.89999999997,15
2026-06-29 07:15:00,0.1452,0.1455,0.1448,0.1451,372213.7,15
2026-06-29 07:30:00,0.1451,0.1452,0.1449,0.145,348929.3,15
2026-06-29 07:45:00,0.145,0.1454,0.1448,0.1451,354141.6,15
2026-06-29 08:00:00,0.145,0.1453,0.1445,0.1447,511467.1,15
2026-06-29 08:15:00,0.1447,0.1451,0.1438,0.144,1805163.3,15
2026-06-29 08:30:00,0.1439,0.1444,0.1437,0.1442,362968.0,15
2026-06-29 08:45:00,0.1442,0.1446,0.144,0.1441,722667.6,15
2026-06-29 09:00:00,0.1441,0.1445,0.144,0.1444,311955.3,15
2026-06-29 09:15:00,0.1445,0.1451,0.1442,0.1448,682738.5,15
2026-06-29 09:30:00,0.1449,0.145,0.1445,0.1448,468943.4,15
2026-06-29 09:45:00,0.1448,0.1452,0.1445,0.1451,1281497.5,15
2026-06-29 10:00:00,0.1451,0.1457,0.1451,0.1457,693930.1,15
2026-06-29 10:15:00,0.1456,0.1459,0.1454,0.1457,715232.8,15
2026-06-29 10:30:00,0.1456,0.1456,0.1451,0.1451,521780.10000000003,15
2026-06-29 10:45:00,0.1451,0.1454,0.1449,0.1454,1140907.8,15
2026-06-29 11:00:00,0.1454,0.1454,0.1445,0.1446,2165871.0,15
2026-06-29 11:15:00,0.1446,0.1449,0.1443,0.1448,645158.4,15
2026-06-29 11:30:00,0.1448,0.146,0.1446,0.1447,3899705.3,15
2026-06-29 11:45:00,0.1448,0.145,0.1446,0.1449,551959.1,15
2026-06-29 12:00:00,0.1449,0.1469,0.144,0.1466,7079434.9,15
2026-06-29 12:15:00,0.1466,0.1467,0.146,0.1465,1476584.0,15
2026-06-29 12:30:00,0.1464,0.1466,0.1447,0.145,2732151.1,15
2026-06-29 12:45:00,0.145,0.1454,0.1445,0.145,949863.6,15
2026-06-29 13:00:00,0.145,0.1461,0.145,0.1457,1432001.4,15
2026-06-29 13:15:00,0.1457,0.1458,0.1446,0.1446,1394138.0,15
2026-06-29 13:30:00,0.1446,0.1456,0.1438,0.1441,3726420.9,15
2026-06-29 13:45:00,0.144,0.1448,0.1436,0.1448,4235288.0,15
2026-06-29 14:00:00,0.1449,0.1449,0.1436,0.1436,2269280.1,15
2026-06-29 14:15:00,0.1436,0.1445,0.1432,0.1444,2684097.8,15
2026-06-29 14:30:00,0.1443,0.1453,0.1441,0.1442,840568.5,15
2026-06-29 14:45:00,0.1442,0.1451,0.1439,0.145,759203.9,15
2026-06-29 15:00:00,0.1451,0.1451,0.1436,0.144,727214.6,15
2026-06-29 15:15:00,0.1441,0.145,0.1439,0.1449,989142.5,15
2026-06-29 15:30:00,0.145,0.1459,0.145,0.1458,1357498.0,15
2026-06-29 15:45:00,0.1457,0.146,0.1453,0.1455,2838396.4,15
2026-06-29 16:00:00,0.1455,0.1458,0.1453,0.1453,306897.4,15
2026-06-29 16:15:00,0.1454,0.1455,0.1447,0.1448,186206.8,15
2026-06-29 16:30:00,0.1448,0.1456,0.1447,0.1455,943044.0,15
2026-06-29 16:45:00,0.1454,0.1459,0.1452,0.1454,795140.7,15
2026-06-29 17:00:00,0.1455,0.1479,0.1454,0.1477,1441127.5,15
2026-06-29 17:15:00,0.1478,0.1487,0.1475,0.1484,2388227.7,15
2026-06-29 17:30:00,0.1484,0.1488,0.1476,0.1483,1461672.0,15
2026-06-29 17:45:00,0.1482,0.1485,0.1477,0.1478,1097720.4,15
2026-06-29 18:00:00,0.1478,0.1482,0.1476,0.1479,791847.0,15
2026-06-29 18:15:00,0.1478,0.1479,0.1472,0.1472,841212.3,15
2026-06-29 18:30:00,0.1472,0.1476,0.1471,0.1476,599971.5,15
2026-06-29 18:45:00,0.1476,0.1476,0.1471,0.1473,974064.0,15
2026-06-29 19:00:00,0.1473,0.1473,0.1469,0.147,607440.5,15
2026-06-29 19:15:00,0.1469,0.148,0.1469,0.1478,492737.9,15
2026-06-29 19:30:00,0.1478,0.1479,0.1474,0.1478,472349.6,15
2026-06-29 19:45:00,0.1478,0.148,0.1474,0.1477,1742702.5999999999,15
2026-06-29 20:00:00,0.1476,0.1477,0.1473,0.1475,554345.1,15
2026-06-29 20:15:00,0.1474,0.1476,0.1471,0.1472,718684.4,15
2026-06-29 20:30:00,0.1472,0.1474,0.1471,0.1473,494639.2,15
2026-06-29 20:45:00,0.1473,0.1473,0.1469,0.1469,297811.0,15
2026-06-29 21:00:00,0.1469,0.1475,0.1466,0.1473,557420.5,15
2026-06-29 21:15:00,0.1473,0.1473,0.1469,0.1473,376249.2,15
2026-06-29 21:30:00,0.1473,0.1478,0.1473,0.1475,290562.6,15
2026-06-29 21:45:00,0.1475,0.1477,0.1472,0.1473,252017.09999999998,15
2026-06-29 22:00:00,0.1473,0.1475,0.1469,0.147,367249.8,15
2026-06-29 22:15:00,0.1471,0.1473,0.1468,0.1468,793595.2,15
2026-06-29 22:30:00,0.1468,0.1469,0.1464,0.1467,711169.1,15
2026-06-29 22:45:00,0.1466,0.1467,0.1462,0.1463,762388.6,15
2026-06-29 23:00:00,0.1462,0.1464,0.146,0.1461,521034.1,15
2026-06-29 23:15:00,0.1462,0.1463,0.1457,0.1458,587106.2,15
2026-06-29 23:30:00,0.1458,0.1459,0.1455,0.1459,449666.7,15
2026-06-29 23:45:00,0.1458,0.1462,0.1456,0.1458,1218961.1,15
2026-06-30 00:00:00,0.1458,0.146,0.1454,0.1459,521299.0,15
2026-06-30 00:15:00,0.1459,0.146,0.1451,0.1452,897899.1,15
2026-06-30 00:30:00,0.1452,0.1452,0.1444,0.1446,1424718.8,15
2026-06-30 00:45:00,0.1447,0.145,0.1444,0.1444,491663.1,15
2026-06-30 01:00:00,0.1444,0.1446,0.144,0.1442,1228817.5999999999,15
2026-06-30 01:15:00,0.1441,0.1447,0.1441,0.1446,462673.9,15
2026-06-30 01:30:00,0.1447,0.1447,0.144,0.1441,1008297.3,15
2026-06-30 01:45:00,0.1442,0.1445,0.1441,0.1444,656734.1,15
2026-06-30 02:00:00,0.1444,0.1444,0.1437,0.1438,1236232.2,15
2026-06-30 02:15:00,0.1438,0.1444,0.1437,0.1443,703242.2,15
2026-06-30 02:30:00,0.1443,0.1446,0.1441,0.1445,338286.0,15
2026-06-30 02:45:00,0.1445,0.145,0.1445,0.1446,692643.3,15
2026-06-30 03:00:00,0.1446,0.1449,0.1445,0.1448,588622.9,15
2026-06-30 03:15:00,0.1448,0.1452,0.1447,0.1449,157293.5,15
2026-06-30 03:30:00,0.1449,0.1449,0.1445,0.1447,434533.5,15
2026-06-30 03:45:00,0.1447,0.1447,0.1443,0.1443,433651.0,15
2026-06-30 04:00:00,0.1443,0.1447,0.1441,0.1446,971602.2,15
2026-06-30 04:15:00,0.1446,0.1447,0.1442,0.1447,967664.3999999999,15
2026-06-30 04:30:00,0.1446,0.1449,0.1445,0.1447,451304.1,15
2026-06-30 04:45:00,0.1448,0.1448,0.1446,0.1447,876002.2000000001,15
2026-06-30 05:00:00,0.1447,0.1447,0.1443,0.1445,862451.0,15
2026-06-30 05:15:00,0.1445,0.1445,0.144,0.1442,955603.0,15
2026-06-30 05:30:00,0.1441,0.1445,0.144,0.1444,515662.3,15
2026-06-30 05:45:00,0.1443,0.145,0.1443,0.1449,484214.7,15
2026-06-30 06:00:00,0.145,0.1451,0.1447,0.145,332172.8,15
2026-06-30 06:15:00,0.1449,0.1455,0.1448,0.1454,719281.4,15
2026-06-30 06:30:00,0.1455,0.1457,0.1453,0.1454,858611.6,15
2026-06-30 06:45:00,0.1454,0.1456,0.1453,0.1456,475503.80000000005,15
2026-06-30 07:00:00,0.1456,0.1457,0.1452,0.1455,281122.2,15
2026-06-30 07:15:00,0.1455,0.1457,0.1451,0.1452,884961.6,15
2026-06-30 07:30:00,0.1452,0.1453,0.1449,0.1449,720897.1,15
2026-06-30 07:45:00,0.1449,0.1452,0.1448,0.145,797065.3,15
2026-06-30 08:00:00,0.1451,0.1452,0.1449,0.145,403875.0,15
2026-06-30 08:15:00,0.1449,0.145,0.1447,0.1448,729477.7,15
2026-06-30 08:30:00,0.1448,0.1449,0.1441,0.1445,1595914.9,15
2026-06-30 08:45:00,0.1444,0.1447,0.1441,0.1446,968218.2999999999,15
2026-06-30 09:00:00,0.1446,0.1449,0.1445,0.1447,794908.6,15
2026-06-30 09:15:00,0.1447,0.1448,0.1443,0.1444,2855779.1,15
2026-06-30 09:30:00,0.1445,0.1447,0.1442,0.1445,349594.5,15
2026-06-30 09:45:00,0.1446,0.145,0.1445,0.1448,645305.3,15
2026-06-30 10:00:00,0.1449,0.145,0.1446,0.1449,1039339.5,15
2026-06-30 10:15:00,0.145,0.145,0.1448,0.1449,600629.1,15
2026-06-30 10:30:00,0.1449,0.145,0.1447,0.1448,1431336.0,15
2026-06-30 10:45:00,0.1447,0.145,0.1446,0.1448,336579.7,15
2026-06-30 11:00:00,0.1448,0.1449,0.1446,0.1448,493342.5,15
2026-06-30 11:15:00,0.1448,0.1449,0.1442,0.1443,517687.2,15
2026-06-30 11:30:00,0.1443,0.1444,0.1439,0.1444,374251.39999999997,15
2026-06-30 11:45:00,0.1443,0.1447,0.1438,0.144,1069503.0,15
2026-06-30 12:00:00,0.144,0.144,0.1433,0.1434,745875.3,15
2026-06-30 12:15:00,0.1433,0.1435,0.1424,0.1427,1903496.5,15
2026-06-30 12:30:00,0.1428,0.143,0.1424,0.1427,1594532.0999999999,15
2026-06-30 12:45:00,0.1427,0.1429,0.1421,0.1421,4916859.2,15
2026-06-30 13:00:00,0.1422,0.1432,0.1421,0.1429,2771655.9,15
2026-06-30 13:15:00,0.1428,0.1431,0.1428,0.1429,388426.5,15
2026-06-30 13:30:00,0.143,0.1437,0.1425,0.1435,1928846.4000000001,15
2026-06-30 13:45:00,0.1435,0.1442,0.1431,0.1441,2410043.5,15
2026-06-30 14:00:00,0.144,0.1456,0.1439,0.1449,2998498.6,15
2026-06-30 14:15:00,0.1449,0.1452,0.1447,0.1451,2694602.7,15
2026-06-30 14:30:00,0.1451,0.1453,0.1443,0.1448,1377762.7999999998,15
2026-06-30 14:45:00,0.1448,0.1448,0.1435,0.1438,1156416.5,15
2026-06-30 15:00:00,0.1438,0.1443,0.143,0.1441,3093733.0999999996,15
2026-06-30 15:15:00,0.144,0.1445,0.1436,0.1439,3711472.7,15
2026-06-30 15:30:00,0.1439,0.1443,0.1437,0.1443,2520369.9,15
2026-06-30 15:45:00,0.1443,0.1453,0.1442,0.1444,2114306.2,15
2026-06-30 16:00:00,0.1444,0.1448,0.144,0.144,2234911.5,15
2026-06-30 16:15:00,0.144,0.1444,0.1436,0.1439,1691005.5,15
2026-06-30 16:30:00,0.1439,0.1448,0.1436,0.1445,2319901.2,15
2026-06-30 16:45:00,0.1446,0.1458,0.1446,0.1455,1787998.3,15
2026-06-30 17:00:00,0.1455,0.1465,0.1454,0.146,2009558.8,15
2026-06-30 17:15:00,0.146,0.1462,0.1452,0.1452,1497807.5,15
2026-06-30 17:30:00,0.1453,0.1455,0.1449,0.1451,795716.1,15
2026-06-30 17:45:00,0.1451,0.1451,0.1445,0.1446,1844245.4,15
2026-06-30 18:00:00,0.1446,0.145,0.1442,0.1449,759630.2,15
2026-06-30 18:15:00,0.1449,0.1461,0.1448,0.1451,1054809.6,15
2026-06-30 18:30:00,0.1452,0.1452,0.1446,0.1448,681587.1,15
2026-06-30 18:45:00,0.1448,0.1459,0.1448,0.1455,1426041.8,15
2026-06-30 19:00:00,0.1454,0.1456,0.145,0.1452,1691726.0,15
2026-06-30 19:15:00,0.1452,0.1452,0.1445,0.1449,914113.0,15
2026-06-30 19:30:00,0.1449,0.1457,0.1448,0.1452,1297104.5,15
2026-06-30 19:45:00,0.1452,0.1452,0.1446,0.1449,1004057.8,15
2026-06-30 20:00:00,0.1448,0.145,0.1446,0.1448,1485902.9,15
2026-06-30 20:15:00,0.1449,0.1449,0.1441,0.1442,931288.9,15
2026-06-30 20:30:00,0.1442,0.1442,0.1437,0.1437,1108096.1,15
2026-06-30 20:45:00,0.1437,0.1442,0.1437,0.1439,509662.2,15
2026-06-30 21:00:00,0.1438,0.144,0.1435,0.1438,453421.2,15
2026-06-30 21:15:00,0.1437,0.1439,0.1436,0.1439,468989.1,15
2026-06-30 21:30:00,0.1439,0.1444,0.1438,0.1438,345238.5,15
2026-06-30 21:45:00,0.1438,0.1442,0.1438,0.1442,332928.1,15
2026-06-30 22:00:00,0.1442,0.1447,0.1441,0.1445,1019005.7,15
2026-06-30 22:15:00,0.1444,0.1446,0.1441,0.1441,536358.3,15
2026-06-30 22:30:00,0.144,0.144,0.1436,0.1439,497996.3,15
2026-06-30 22:45:00,0.1439,0.1442,0.1438,0.1442,375244.9,15
2026-06-30 23:00:00,0.1442,0.1443,0.1439,0.144,309529.8,15
2026-06-30 23:15:00,0.1441,0.1444,0.144,0.1442,571085.3,15
2026-06-30 23:30:00,0.1441,0.1443,0.144,0.1443,594538.4,15
2026-06-30 23:45:00,0.1443,0.1445,0.1442,0.1444,332212.6,15
2026-07-01 00:00:00,0.1444,0.1445,0.144,0.1442,668048.1000000001,15
2026-07-01 00:15:00,0.1442,0.1442,0.1434,0.1437,895559.0,15
2026-07-01 00:30:00,0.1437,0.1445,0.1437,0.1444,769788.7000000001,15
2026-07-01 00:45:00,0.1444,0.1446,0.1443,0.1445,1052655.0999999999,15
2026-07-01 01:00:00,0.1446,0.1446,0.142,0.143,3298543.7,15
2026-07-01 01:15:00,0.1431,0.1439,0.1426,0.1437,2238275.1,15
2026-07-01 01:30:00,0.1436,0.1454,0.1435,0.1451,2687716.5,15
2026-07-01 01:45:00,0.1451,0.1452,0.1445,0.145,961561.1,15
2026-07-01 02:00:00,0.145,0.1456,0.1447,0.1454,1836022.4,15
2026-07-01 02:15:00,0.1454,0.146,0.1453,0.1458,2205073.5,15
2026-07-01 02:30:00,0.1459,0.1468,0.1458,0.1465,3183812.1,15
2026-07-01 02:45:00,0.1465,0.1466,0.1461,0.1465,2354898.2,15
2026-07-01 03:00:00,0.1466,0.1481,0.1466,0.1471,3039861.8,15
2026-07-01 03:15:00,0.1471,0.1472,0.1465,0.1471,2432961.1999999997,15
2026-07-01 03:30:00,0.1471,0.15,0.1469,0.149,10013498.4,15
2026-07-01 03:45:00,0.1491,0.1509,0.149,0.1495,9082743.4,15
2026-07-01 04:00:00,0.1495,0.1499,0.149,0.1491,3223303.3,15
2026-07-01 04:15:00,0.1491,0.153,0.149,0.1523,10359562.3,15
2026-07-01 04:30:00,0.1524,0.1525,0.1507,0.1519,7012808.6,15
2026-07-01 04:45:00,0.1519,0.1525,0.1507,0.151,4141115.3,15
2026-07-01 05:00:00,0.151,0.1524,0.1507,0.1511,4343549.3,15
2026-07-01 05:15:00,0.151,0.1516,0.1509,0.1515,2235206.6,15
2026-07-01 05:30:00,0.1515,0.1519,0.1504,0.1507,2972317.6,15
2026-07-01 05:45:00,0.1507,0.1516,0.1505,0.1515,4418093.0,15
2026-07-01 06:00:00,0.1516,0.1518,0.1506,0.1511,2954397.1,15
2026-07-01 06:15:00,0.151,0.1514,0.1498,0.1503,3821233.5,15
2026-07-01 06:30:00,0.1504,0.1505,0.1491,0.1495,4489853.7,15
2026-07-01 06:45:00,0.1495,0.1504,0.1488,0.1504,2803064.3,15
2026-07-01 07:00:00,0.1504,0.1505,0.1498,0.1503,1562044.6,15
2026-07-01 07:15:00,0.1503,0.1508,0.1499,0.1503,1627194.3,15
2026-07-01 07:30:00,0.1503,0.1505,0.1499,0.1499,2075828.9,15
2026-07-01 07:45:00,0.1499,0.1506,0.1495,0.1501,2400378.1,15
2026-07-01 08:00:00,0.1501,0.1509,0.1499,0.1506,2518697.4,15
2026-07-01 08:15:00,0.1505,0.1505,0.1493,0.1494,3584194.6,15
2026-07-01 08:30:00,0.1494,0.1501,0.149,0.1501,3677286.4,15
2026-07-01 08:45:00,0.1501,0.1508,0.1497,0.1507,1533725.3,15
2026-07-01 09:00:00,0.1506,0.151,0.1501,0.1506,1743492.2,15
2026-07-01 09:15:00,0.1506,0.1513,0.1506,0.1511,1319252.0,15
2026-07-01 09:30:00,0.1511,0.1512,0.1505,0.1505,1124968.7,15
2026-07-01 09:45:00,0.1505,0.1507,0.15,0.1504,945730.3,15
2026-07-01 10:00:00,0.1504,0.1511,0.15,0.15,2691914.0,15
2026-07-01 10:15:00,0.1501,0.1507,0.1499,0.1505,957094.5,15
2026-07-01 10:30:00,0.1505,0.1512,0.1504,0.1507,1183034.9,15
2026-07-01 10:45:00,0.1506,0.1515,0.1506,0.1509,1263790.7,15
2026-07-01 11:00:00,0.1509,0.1523,0.1505,0.1522,2055491.3,15
2026-07-01 11:15:00,0.1522,0.1524,0.1512,0.1513,1310784.5,15
2026-07-01 11:30:00,0.1513,0.1515,0.1505,0.1509,2245652.6,15
2026-07-01 11:45:00,0.151,0.1512,0.1504,0.1508,1435265.1,15
2026-07-01 12:00:00,0.1508,0.1511,0.1503,0.1505,1311261.3,15
2026-07-01 12:15:00,0.1506,0.1513,0.1506,0.1512,1393790.8,15
2026-07-01 12:30:00,0.1511,0.1525,0.1508,0.1516,5517077.100000001,15
2026-07-01 12:45:00,0.1516,0.1518,0.1511,0.1516,1481429.3,15
2026-07-01 13:00:00,0.1516,0.1524,0.1512,0.1522,4387133.6,15
2026-07-01 13:15:00,0.1523,0.153,0.1522,0.1529,2332515.9,15
2026-07-01 13:30:00,0.1528,0.1529,0.1509,0.1525,4927603.9,15
2026-07-01 13:45:00,0.1524,0.154,0.1521,0.1539,3755972.8,15
2026-07-01 14:00:00,0.1538,0.157,0.1536,0.1568,8901989.8,15
2026-07-01 14:15:00,0.1569,0.1575,0.1544,0.1545,7477276.8,15
2026-07-01 14:30:00,0.1545,0.1553,0.1535,0.1549,6487986.3,15
2026-07-01 14:45:00,0.155,0.1559,0.1541,0.1557,3127480.3,15
2026-07-01 15:00:00,0.1556,0.1571,0.1556,0.1563,4932165.8,15
2026-07-01 15:15:00,0.1563,0.1581,0.1562,0.157,6974740.8,15
2026-07-01 15:30:00,0.157,0.157,0.1555,0.1561,3272994.0,15
2026-07-01 15:45:00,0.1561,0.1562,0.155,0.1553,1940413.7,15
2026-07-01 16:00:00,0.1553,0.1559,0.155,0.1558,2318825.4,15
2026-07-01 16:15:00,0.1558,0.1559,0.155,0.1557,2601397.3,15
2026-07-01 16:30:00,0.1556,0.1557,0.1552,0.1553,1139973.8,15
2026-07-01 16:45:00,0.1553,0.1554,0.1545,0.1551,1682549.1,15
2026-07-01 17:00:00,0.1551,0.1552,0.1539,0.154,3681547.4000000004,15
2026-07-01 17:15:00,0.154,0.1549,0.154,0.1546,1908432.8,15
2026-07-01 17:30:00,0.1545,0.1547,0.1542,0.1542,1518005.6,15
2026-07-01 17:45:00,0.1543,0.1551,0.1542,0.1549,1348836.6,15
2026-07-01 18:00:00,0.1548,0.155,0.1542,0.1545,983081.1,15
2026-07-01 18:15:00,0.1545,0.1547,0.1541,0.1546,1914281.9,15
2026-07-01 18:30:00,0.1545,0.1546,0.1541,0.1544,666355.1,15
2026-07-01 18:45:00,0.1544,0.1544,0.1536,0.1541,980693.0,15
2026-07-01 19:00:00,0.1541,0.1548,0.154,0.1546,914402.2999999999,15
2026-07-01 19:15:00,0.1546,0.1548,0.1535,0.1535,885692.6,15
2026-07-01 19:30:00,0.1535,0.1536,0.153,0.1531,1712986.9,15
2026-07-01 19:45:00,0.1532,0.1535,0.1527,0.1534,1206096.8,15
2026-07-01 20:00:00,0.1535,0.1538,0.1531,0.1537,1505450.5,15
2026-07-01 20:15:00,0.1537,0.1537,0.1529,0.1536,1179119.6,15
2026-07-01 20:30:00,0.1535,0.1537,0.1532,0.1537,1106329.7,15
2026-07-01 20:45:00,0.1538,0.1541,0.1537,0.1541,763538.6,15
2026-07-01 21:00:00,0.1541,0.1554,0.154,0.1551,1488035.0,15
2026-07-01 21:15:00,0.1551,0.156,0.1548,0.1559,1154633.6,15
2026-07-01 21:30:00,0.156,0.1576,0.1559,0.1573,1780491.3,15
2026-07-01 21:45:00,0.1574,0.158,0.1572,0.1574,1387467.5,15
2026-07-01 22:00:00,0.1574,0.1579,0.1567,0.1569,1845864.0,15
2026-07-01 22:15:00,0.1568,0.1579,0.156,0.1562,7629144.4,15
2026-07-01 22:30:00,0.1562,0.1565,0.156,0.1562,978006.6,15
2026-07-01 22:45:00,0.1561,0.1562,0.1557,0.1559,872557.8,15
2026-07-01 23:00:00,0.1559,0.1559,0.1548,0.1551,1245792.8,15
2026-07-01 23:15:00,0.1552,0.1552,0.1546,0.1548,889609.6,15
2026-07-01 23:30:00,0.1548,0.1549,0.1541,0.1543,847088.2000000001,15
2026-07-01 23:45:00,0.1544,0.1545,0.1539,0.1539,1836394.4,15
2026-07-02 00:00:00,0.1539,0.1541,0.1534,0.1536,1971561.9,15
2026-07-02 00:15:00,0.1535,0.1538,0.153,0.1534,1167056.6,15
2026-07-02 00:30:00,0.1533,0.1533,0.1526,0.1527,1287132.5,15
2026-07-02 00:45:00,0.1528,0.1533,0.1527,0.153,1151245.3,15
2026-07-02 01:00:00,0.1531,0.1539,0.153,0.1539,857994.6,15
2026-07-02 01:15:00,0.1539,0.1541,0.1536,0.1539,564469.4,15
2026-07-02 01:30:00,0.154,0.1554,0.154,0.1549,889241.8,15
2026-07-02 01:45:00,0.1548,0.1554,0.1546,0.1547,2126469.3000000003,15
2026-07-02 02:00:00,0.1547,0.1553,0.1543,0.1545,3977921.2,15
2026-07-02 02:15:00,0.1546,0.1549,0.1542,0.1543,636104.5,15
2026-07-02 02:30:00,0.1543,0.1551,0.1542,0.1551,1421774.0,15
2026-07-02 02:45:00,0.1551,0.1551,0.1544,0.1547,1371620.3,15
2026-07-02 03:00:00,0.1547,0.1548,0.1541,0.1544,1382998.5,15
2026-07-02 03:15:00,0.1544,0.1554,0.1538,0.155,4583970.8,15
2026-07-02 03:30:00,0.1549,0.1559,0.1547,0.1557,2414789.6,15
2026-07-02 03:45:00,0.1557,0.1566,0.1554,0.1563,2886340.4,15
2026-07-02 04:00:00,0.1563,0.1563,0.1552,0.1555,1373304.7,15
2026-07-02 04:15:00,0.1555,0.1555,0.1548,0.1551,683075.1,15
2026-07-02 04:30:00,0.155,0.1556,0.1548,0.1555,1414449.4,15
2026-07-02 04:45:00,0.1556,0.1561,0.1555,0.156,1012098.2,15
2026-07-02 05:00:00,0.156,0.156,0.1556,0.1559,351420.6,15
2026-07-02 05:15:00,0.1558,0.1559,0.155,0.155,209771.7,15
2026-07-02 05:30:00,0.155,0.1551,0.1543,0.1544,803021.9,15
2026-07-02 05:45:00,0.1545,0.1548,0.1543,0.1544,414343.0,15
2026-07-02 06:00:00,0.1545,0.1546,0.1542,0.1544,502130.6,15
2026-07-02 06:15:00,0.1544,0.1551,0.1544,0.1547,843214.2,15
2026-07-02 06:30:00,0.1548,0.1558,0.1548,0.1558,411898.9,15
2026-07-02 06:45:00,0.1557,0.1557,0.1544,0.1547,1315269.6,15
2026-07-02 07:00:00,0.1546,0.1549,0.1545,0.1547,614161.7999999999,15
2026-07-02 07:15:00,0.1547,0.155,0.1544,0.1549,912499.0,15
2026-07-02 07:30:00,0.1549,0.1559,0.1548,0.1558,2133719.0,15
2026-07-02 07:45:00,0.1557,0.1558,0.1549,0.1551,1353336.9,15
2026-07-02 08:00:00,0.1552,0.1563,0.1549,0.1558,4541338.7,15
2026-07-02 08:15:00,0.1558,0.1562,0.1557,0.156,534433.5,15
2026-07-02 08:30:00,0.1559,0.1566,0.1557,0.1565,3252433.5,15
2026-07-02 08:45:00,0.1565,0.1568,0.1563,0.1566,781694.5,15
2026-07-02 09:00:00,0.1566,0.1567,0.1557,0.1558,1461009.8,15
2026-07-02 09:15:00,0.1558,0.1566,0.1558,0.1564,726007.6,15
2026-07-02 09:30:00,0.1565,0.1585,0.1564,0.1578,4009925.7,15
2026-07-02 09:45:00,0.1577,0.1583,0.1571,0.1578,2246395.9,15
2026-07-02 10:00:00,0.1577,0.1584,0.1576,0.158,1265431.8,15
2026-07-02 10:15:00,0.158,0.1583,0.1577,0.1583,2042500.7000000002,15
2026-07-02 10:30:00,0.1584,0.1594,0.1584,0.1586,2809885.5,15
2026-07-02 10:45:00,0.1585,0.1593,0.1583,0.1591,1264120.5,15
2026-07-02 11:00:00,0.1592,0.1599,0.1589,0.1594,2428239.8,15
2026-07-02 11:15:00,0.1593,0.1597,0.1587,0.1594,2025245.9000000001,15
2026-07-02 11:30:00,0.1595,0.16,0.1593,0.1599,2932757.3,15
2026-07-02 11:45:00,0.1599,0.1603,0.1589,0.1597,4172287.1999999997,15
2026-07-02 12:00:00,0.1596,0.1613,0.1594,0.1612,2414934.2,15
2026-07-02 12:15:00,0.1613,0.1614,0.1596,0.1605,2573516.3,15
2026-07-02 12:30:00,0.1606,0.1618,0.1605,0.1607,5939661.7,15
2026-07-02 12:45:00,0.1607,0.161,0.1602,0.1603,1092030.6,15
2026-07-02 13:00:00,0.1603,0.1611,0.1599,0.1608,1759091.4000000001,15
2026-07-02 13:15:00,0.1609,0.1624,0.1608,0.1609,2709808.3,15
2026-07-02 13:30:00,0.161,0.1628,0.1605,0.1621,3321049.6,15
2026-07-02 13:45:00,0.162,0.1622,0.1616,0.1618,1170615.3,15
2026-07-02 14:00:00,0.1619,0.1624,0.161,0.1621,2257213.3,15
2026-07-02 14:15:00,0.162,0.1622,0.1599,0.1601,2535635.9,15
2026-07-02 14:30:00,0.1601,0.1607,0.1595,0.1597,2327258.5,15
2026-07-02 14:45:00,0.1597,0.1605,0.1595,0.16,1210280.3,15
2026-07-02 15:00:00,0.16,0.16,0.1587,0.1595,1203861.3,15
2026-07-02 15:15:00,0.1596,0.1606,0.1592,0.1602,1470373.1,15
2026-07-02 15:30:00,0.1602,0.1613,0.1602,0.1608,1286278.6,15
2026-07-02 15:45:00,0.1609,0.161,0.1604,0.1608,745713.8,15
2026-07-02 16:00:00,0.1608,0.1627,0.1604,0.1612,4132901.9,15
2026-07-02 16:15:00,0.1612,0.1612,0.1594,0.1595,2830516.1999999997,15
2026-07-02 16:30:00,0.1596,0.1602,0.1596,0.16,1158602.9000000001,15
2026-07-02 16:45:00,0.16,0.1606,0.1599,0.1599,1687813.6,15
2026-07-02 17:00:00,0.1599,0.1602,0.1596,0.16,979930.5,15
2026-07-02 17:15:00,0.1601,0.1601,0.1597,0.1598,1450659.4,15
2026-07-02 17:30:00,0.1598,0.1599,0.1589,0.1595,910316.7,15
2026-07-02 17:45:00,0.1596,0.1596,0.1589,0.159,1346744.8,15
2026-07-02 18:00:00,0.159,0.1598,0.1589,0.1598,803935.2,15
2026-07-02 18:15:00,0.1597,0.1598,0.1594,0.1598,941312.3,15
2026-07-02 18:30:00,0.1598,0.1599,0.1595,0.1598,690050.5,15
2026-07-02 18:45:00,0.1598,0.1611,0.1596,0.1597,3867916.9000000004,15
2026-07-02 19:00:00,0.1598,0.1599,0.1592,0.1596,702454.1,15
2026-07-02 19:15:00,0.1596,0.1596,0.1589,0.1591,1164255.5,15
2026-07-02 19:30:00,0.1591,0.1597,0.1591,0.1595,321515.1,15
2026-07-02 19:45:00,0.1595,0.1603,0.1595,0.1597,1330832.9,15
2026-07-02 20:00:00,0.1598,0.1603,0.1596,0.1602,862315.3999999999,15
2026-07-02 20:15:00,0.1603,0.161,0.1603,0.1605,3025820.5,15
2026-07-02 20:30:00,0.1606,0.1621,0.1606,0.1616,3274922.6,15
2026-07-02 20:45:00,0.1615,0.1621,0.1612,0.1612,3185058.4,15
2026-07-02 21:00:00,0.1613,0.1618,0.1611,0.1617,972239.5,15
2026-07-02 21:15:00,0.1618,0.1619,0.1615,0.1616,347173.0,15
2026-07-02 21:30:00,0.1616,0.1617,0.1606,0.1608,584830.9,15
2026-07-02 21:45:00,0.1607,0.1611,0.1606,0.1611,403629.8,15
2026-07-02 22:00:00,0.161,0.1613,0.1606,0.1606,1012996.8,15
2026-07-02 22:15:00,0.1606,0.1608,0.1605,0.1605,497144.7,15
2026-07-02 22:30:00,0.1605,0.161,0.1604,0.161,441145.10000000003,15
2026-07-02 22:45:00,0.1609,0.1622,0.1609,0.1615,2624363.1,15
2026-07-02 23:00:00,0.1614,0.1614,0.1609,0.1609,978665.7,15
2026-07-02 23:15:00,0.1609,0.1619,0.1609,0.1618,1527549.2999999998,15
2026-07-02 23:30:00,0.1617,0.163,0.1615,0.1622,5375178.2,15
2026-07-02 23:45:00,0.1622,0.1624,0.1613,0.1615,2053046.2,15
2026-07-03 00:00:00,0.1615,0.1618,0.1607,0.1612,1357281.0,15
2026-07-03 00:15:00,0.1612,0.1614,0.1606,0.1608,1208471.9,15
2026-07-03 00:30:00,0.1608,0.1615,0.1608,0.1612,1497202.5,15
2026-07-03 00:45:00,0.1612,0.1616,0.1609,0.1615,1121124.3,15
2026-07-03 01:00:00,0.1615,0.1632,0.1614,0.1631,1287347.4,15
2026-07-03 01:15:00,0.1632,0.1652,0.1627,0.1646,2831898.9,15
2026-07-03 01:30:00,0.1646,0.1661,0.1643,0.1651,4474127.6,15
2026-07-03 01:45:00,0.1652,0.1661,0.1645,0.1658,3596007.8,15
2026-07-03 02:00:00,0.1658,0.1664,0.1646,0.166,4290785.6,15
2026-07-03 02:15:00,0.1661,0.1685,0.1661,0.1668,5579540.8,15
2026-07-03 02:30:00,0.1668,0.1671,0.1654,0.1661,3797781.6,15
2026-07-03 02:45:00,0.1661,0.1683,0.1655,0.1681,4783812.7,15
2026-07-03 03:00:00,0.168,0.1681,0.1661,0.1662,5446612.1,15
2026-07-03 03:15:00,0.1661,0.1674,0.166,0.1669,2627300.0,15
2026-07-03 03:30:00,0.1668,0.1676,0.1663,0.1665,3214025.3,15
2026-07-03 03:45:00,0.1665,0.1674,0.166,0.1668,6576124.6,15
2026-07-03 04:00:00,0.1668,0.167,0.1651,0.1658,3923190.5,15
2026-07-03 04:15:00,0.1657,0.1658,0.1641,0.1645,4407825.0,15
2026-07-03 04:30:00,0.1646,0.1649,0.1642,0.1649,1049274.0,15
2026-07-03 04:45:00,0.1649,0.1649,0.1639,0.1641,1460241.0,15
2026-07-03 05:00:00,0.1641,0.1643,0.1635,0.1636,1372211.4,15
2026-07-03 05:15:00,0.1637,0.1638,0.1632,0.1636,1538344.5,15
2026-07-03 05:30:00,0.1635,0.1642,0.1635,0.1638,1349938.4,15
2026-07-03 05:45:00,0.1637,0.1642,0.1636,0.1639,940388.7,15
2026-07-03 06:00:00,0.1638,0.1653,0.1637,0.1652,1696537.9000000001,15
2026-07-03 06:15:00,0.1652,0.1665,0.165,0.1655,1987754.8,15
2026-07-03 06:30:00,0.1655,0.1656,0.1647,0.1651,1535432.0,15
2026-07-03 06:45:00,0.1651,0.1658,0.1649,0.1649,1241492.6,15
2026-07-03 07:00:00,0.165,0.1654,0.1646,0.165,3360308.1,15
2026-07-03 07:15:00,0.1649,0.1652,0.1645,0.1651,2206127.6,15
2026-07-03 07:30:00,0.1652,0.1658,0.1647,0.1653,1535992.0999999999,15
2026-07-03 07:45:00,0.1653,0.1655,0.165,0.1651,626150.7000000001,15
2026-07-03 08:00:00,0.1651,0.1652,0.1648,0.165,1071508.4,15
2026-07-03 08:15:00,0.165,0.1656,0.1648,0.1656,1997344.6,15
2026-07-03 08:30:00,0.1655,0.1667,0.1653,0.1666,1853816.6,15
2026-07-03 08:45:00,0.1666,0.1667,0.1658,0.1667,1185409.9,15
2026-07-03 09:00:00,0.1667,0.168,0.1665,0.1679,4492394.1,15
2026-07-03 09:15:00,0.1678,0.1679,0.1662,0.1669,3158200.0,15
2026-07-03 09:30:00,0.1669,0.1677,0.1659,0.1665,5148877.0,15
2026-07-03 09:45:00,0.1666,0.1675,0.1666,0.1668,2331712.2,15
2026-07-03 10:00:00,0.1668,0.1676,0.1668,0.1674,2237098.4,15
