timestamp,open,high,low,close,volume,source_1m_count
2026-06-03 10:30:00,8.553,8.561,8.534,8.537,15577.539999999999,15
2026-06-03 10:45:00,8.538,8.585,8.534,8.579,21456.69,15
2026-06-03 11:00:00,8.58,8.616,8.579,8.614,33790.8,15
2026-06-03 11:15:00,8.614,8.615,8.584,8.599,49317.590000000004,15
2026-06-03 11:30:00,8.599,8.599,8.559,8.566,18030.82,15
2026-06-03 11:45:00,8.566,8.569,8.511,8.538,54154.35,15
2026-06-03 12:00:00,8.538,8.541,8.502,8.513,23151.35,15
2026-06-03 12:15:00,8.512,8.512,8.471,8.509,51309.18,15
2026-06-03 12:30:00,8.508,8.53,8.493,8.512,25446.73,15
2026-06-03 12:45:00,8.512,8.538,8.502,8.529,9772.470000000001,15
2026-06-03 13:00:00,8.53,8.545,8.508,8.53,36176.43,15
2026-06-03 13:15:00,8.529,8.562,8.505,8.51,24480.15,15
2026-06-03 13:30:00,8.51,8.556,8.48,8.481,20627.81,15
2026-06-03 13:45:00,8.482,8.519,8.458,8.51,62526.270000000004,15
2026-06-03 14:00:00,8.509,8.515,8.47,8.504,20948.25,15
2026-06-03 14:15:00,8.505,8.513,8.427,8.451,53122.92,15
2026-06-03 14:30:00,8.451,8.496,8.421,8.462,45046.200000000004,15
2026-06-03 14:45:00,8.462,8.497,8.461,8.491,28592.8,15
2026-06-03 15:00:00,8.492,8.497,8.427,8.46,29348.129999999997,15
2026-06-03 15:15:00,8.461,8.494,8.412,8.469,29956.91,15
2026-06-03 15:30:00,8.468,8.478,8.399,8.415,47477.130000000005,15
2026-06-03 15:45:00,8.414,8.416,8.375,8.38,32201.22,15
2026-06-03 16:00:00,8.381,8.392,8.317,8.34,56505.05,15
2026-06-03 16:15:00,8.339,8.35,8.223,8.258,51541.62,15
2026-06-03 16:30:00,8.258,8.302,8.238,8.298,93296.84,15
2026-06-03 16:45:00,8.298,8.331,8.275,8.326,54188.93,15
2026-06-03 17:00:00,8.326,8.335,8.235,8.256,65716.54,15
2026-06-03 17:15:00,8.257,8.325,8.254,8.32,40129.16,15
2026-06-03 17:30:00,8.319,8.379,8.307,8.338,34766.47,15
2026-06-03 17:45:00,8.338,8.339,8.276,8.309,44540.35,15
2026-06-03 18:00:00,8.31,8.332,8.273,8.291,12283.88,15
2026-06-03 18:15:00,8.29,8.29,8.239,8.273,21838.480000000003,15
2026-06-03 18:30:00,8.273,8.316,8.258,8.302,17410.9,15
2026-06-03 18:45:00,8.301,8.359,8.299,8.349,41332.74,15
2026-06-03 19:00:00,8.349,8.358,8.324,8.337,9947.1,15
2026-06-03 19:15:00,8.338,8.338,8.238,8.248,47934.1,15
2026-06-03 19:30:00,8.248,8.293,8.227,8.282,19803.46,15
2026-06-03 19:45:00,8.281,8.299,8.188,8.212,106877.92,15
2026-06-03 20:00:00,8.212,8.276,8.177,8.271,33988.62,15
2026-06-03 20:15:00,8.27,8.276,8.201,8.268,33181.42,15
2026-06-03 20:30:00,8.268,8.272,8.185,8.188,15966.32,15
2026-06-03 20:45:00,8.189,8.197,8.105,8.151,75532.6,15
2026-06-03 21:00:00,8.151,8.309,8.123,8.288,162590.58,15
2026-06-03 21:15:00,8.288,8.332,8.286,8.314,65595.87,15
2026-06-03 21:30:00,8.314,8.417,8.308,8.389,72494.39,15
2026-06-03 21:45:00,8.389,8.45,8.388,8.446,23500.12,15
2026-06-03 22:00:00,8.445,8.469,8.372,8.391,44881.99,15
2026-06-03 22:15:00,8.39,8.391,8.344,8.376,25322.27,15
2026-06-03 22:30:00,8.377,8.411,8.346,8.397,36863.83,15
2026-06-03 22:45:00,8.397,8.405,8.361,8.393,20399.72,15
2026-06-03 23:00:00,8.392,8.396,8.312,8.344,30573.12,15
2026-06-03 23:15:00,8.343,8.364,8.314,8.364,20352.4,15
2026-06-03 23:30:00,8.365,8.387,8.335,8.337,29820.72,15
2026-06-03 23:45:00,8.337,8.364,8.334,8.334,14230.01,15
2026-06-04 00:00:00,8.334,8.381,8.331,8.38,17345.13,15
2026-06-04 00:15:00,8.379,8.399,8.234,8.234,39266.56,15
2026-06-04 00:30:00,8.235,8.313,8.19,8.284,104420.39,15
2026-06-04 00:45:00,8.284,8.285,8.173,8.234,119293.5,15
2026-06-04 01:00:00,8.234,8.273,8.179,8.187,94860.55,15
2026-06-04 01:15:00,8.186,8.189,8.057,8.075,242640.86,15
2026-06-04 01:30:00,8.076,8.171,8.073,8.133,114783.15,15
2026-06-04 01:45:00,8.132,8.134,8.019,8.053,192231.37,15
2026-06-04 02:00:00,8.054,8.065,7.799,7.998,677741.1,15
2026-06-04 02:15:00,7.998,8.128,7.954,8.088,129520.99,15
2026-06-04 02:30:00,8.087,8.14,8.068,8.128,57260.06,15
2026-06-04 02:45:00,8.127,8.143,8.089,8.096,79328.37,15
2026-06-04 03:00:00,8.097,8.227,8.095,8.212,89312.25,15
2026-06-04 03:15:00,8.212,8.25,8.209,8.225,46456.159999999996,15
2026-06-04 03:30:00,8.225,8.308,8.222,8.295,54895.65,15
2026-06-04 03:45:00,8.295,8.34,8.28,8.295,62697.12,15
2026-06-04 04:00:00,8.296,8.335,8.284,8.321,64370.83,15
2026-06-04 04:15:00,8.32,8.33,8.279,8.279,27798.85,15
2026-06-04 04:30:00,8.278,8.292,8.225,8.251,45020.020000000004,15
2026-06-04 04:45:00,8.25,8.253,8.206,8.223,26484.84,15
2026-06-04 05:00:00,8.223,8.223,8.103,8.148,66462.14,15
2026-06-04 05:15:00,8.149,8.152,8.1,8.11,38369.38,15
2026-06-04 05:30:00,8.109,8.186,8.089,8.184,45113.06,15
2026-06-04 05:45:00,8.184,8.184,8.129,8.142,22949.21,15
2026-06-04 06:00:00,8.141,8.193,8.124,8.191,16004.1,15
2026-06-04 06:15:00,8.189,8.25,8.185,8.22,33701.43,15
2026-06-04 06:30:00,8.22,8.242,8.193,8.235,19419.41,15
2026-06-04 06:45:00,8.234,8.234,8.171,8.176,23314.87,15
2026-06-04 07:00:00,8.176,8.189,8.111,8.14,64694.9,15
2026-06-04 07:15:00,8.14,8.154,8.064,8.108,83761.15,15
2026-06-04 07:30:00,8.109,8.145,8.098,8.119,44059.97,15
2026-06-04 07:45:00,8.12,8.123,8.066,8.069,47827.44,15
2026-06-04 08:00:00,8.069,8.094,8.002,8.004,104781.94,15
2026-06-04 08:15:00,8.005,8.049,7.99,8.037,92769.11,15
2026-06-04 08:30:00,8.038,8.081,8.002,8.016,91946.07,15
2026-06-04 08:45:00,8.016,8.074,8.015,8.043,67415.2,15
2026-06-04 09:00:00,8.044,8.047,7.951,7.966,75458.29,15
2026-06-04 09:15:00,7.965,7.965,7.868,7.878,146637.58,15
2026-06-04 09:30:00,7.879,7.911,7.843,7.9,128233.90000000001,15
2026-06-04 09:45:00,7.899,7.978,7.898,7.975,54447.22,15
2026-06-04 10:00:00,7.976,7.979,7.895,7.907,62066.22,15
2026-06-04 10:15:00,7.907,7.948,7.883,7.903,42417.18,15
2026-06-04 10:30:00,7.902,7.937,7.887,7.904,47536.43,15
2026-06-04 10:45:00,7.905,7.91,7.807,7.843,147534.75999999998,15
2026-06-04 11:00:00,7.844,7.877,7.812,7.825,103225.62,15
2026-06-04 11:15:00,7.824,7.908,7.815,7.88,52348.82,15
2026-06-04 11:30:00,7.881,7.915,7.832,7.851,74267.79,15
2026-06-04 11:45:00,7.852,7.944,7.852,7.941,44099.23,15
2026-06-04 12:00:00,7.942,7.983,7.904,7.912,101098.98,15
2026-06-04 12:15:00,7.912,8.034,7.907,8.028,59540.07,15
2026-06-04 12:30:00,8.028,8.095,8.017,8.071,76364.02,15
2026-06-04 12:45:00,8.07,8.115,8.056,8.085,59293.340000000004,15
2026-06-04 13:00:00,8.085,8.105,8.049,8.049,62764.64,15
2026-06-04 13:15:00,8.049,8.063,7.953,7.991,80993.8,15
2026-06-04 13:30:00,7.992,8.123,7.982,8.062,166477.89,15
2026-06-04 13:45:00,8.062,8.101,8.029,8.092,87370.81,15
2026-06-04 14:00:00,8.093,8.129,8.055,8.109,78529.85,15
2026-06-04 14:15:00,8.11,8.112,8.067,8.091,58118.729999999996,15
2026-06-04 14:30:00,8.09,8.09,8.035,8.062,43254.39,15
2026-06-04 14:45:00,8.062,8.068,8.028,8.053,29955.39,15
2026-06-04 15:00:00,8.053,8.132,8.036,8.121,56642.49,15
2026-06-04 15:15:00,8.121,8.125,8.064,8.092,56664.340000000004,15
2026-06-04 15:30:00,8.092,8.097,8.048,8.053,53998.020000000004,15
2026-06-04 15:45:00,8.053,8.066,8.029,8.047,48270.98,15
2026-06-04 16:00:00,8.048,8.052,8.011,8.015,41259.69,15
2026-06-04 16:15:00,8.016,8.062,8.013,8.014,42856.36,15
2026-06-04 16:30:00,8.016,8.064,7.999,8.054,62366.47,15
2026-06-04 16:45:00,8.053,8.079,8.024,8.044,75157.98,15
2026-06-04 17:00:00,8.044,8.089,8.028,8.069,76949.48,15
2026-06-04 17:15:00,8.068,8.068,8.002,8.021,61371.97,15
2026-06-04 17:30:00,8.022,8.03,7.965,7.98,54326.86,15
2026-06-04 17:45:00,7.981,8.061,7.956,8.034,89901.79000000001,15
2026-06-04 18:00:00,8.035,8.042,7.97,7.973,41205.37,15
2026-06-04 18:15:00,7.974,8.093,7.974,8.093,55261.28,15
2026-06-04 18:30:00,8.094,8.117,8.063,8.082,38419.1,15
2026-06-04 18:45:00,8.081,8.119,8.067,8.087,32680.69,15
2026-06-04 19:00:00,8.086,8.094,8.043,8.075,11060.44,15
2026-06-04 19:15:00,8.075,8.136,8.071,8.121,45067.35,15
2026-06-04 19:30:00,8.12,8.126,8.077,8.077,27226.47,15
2026-06-04 19:45:00,8.078,8.078,8.047,8.061,13185.71,15
2026-06-04 20:00:00,8.061,8.065,8.0,8.031,33042.42,15
2026-06-04 20:15:00,8.03,8.041,8.0,8.018,16704.97,15
2026-06-04 20:30:00,8.018,8.042,8.01,8.02,17320.2,15
2026-06-04 20:45:00,8.019,8.042,7.997,8.04,17416.39,15
2026-06-04 21:00:00,8.039,8.077,8.025,8.046,35591.17,15
2026-06-04 21:15:00,8.047,8.048,7.978,7.987,37521.11,15
2026-06-04 21:30:00,7.988,7.992,7.907,7.968,99638.86,15
2026-06-04 21:45:00,7.968,7.974,7.921,7.921,29444.29,15
2026-06-04 22:00:00,7.92,7.964,7.891,7.924,69211.59,15
2026-06-04 22:15:00,7.924,7.943,7.912,7.923,31472.51,15
2026-06-04 22:30:00,7.922,7.941,7.887,7.928,40089.45,15
2026-06-04 22:45:00,7.927,8.001,7.909,7.991,37461.18,15
2026-06-04 23:00:00,7.99,8.021,7.974,7.984,38979.24,15
2026-06-04 23:15:00,7.983,7.986,7.911,7.938,62851.17,15
2026-06-04 23:30:00,7.939,7.999,7.935,7.993,18806.95,15
2026-06-04 23:45:00,7.993,8.023,7.976,8.018,27119.29,15
2026-06-05 00:00:00,8.017,8.017,7.971,7.973,24262.440000000002,15
2026-06-05 00:15:00,7.975,8.039,7.953,8.035,29772.93,15
2026-06-05 00:30:00,8.037,8.041,8.005,8.025,42968.54,15
2026-06-05 00:45:00,8.025,8.037,7.952,7.954,30050.22,15
2026-06-05 01:00:00,7.954,7.954,7.879,7.946,50026.15,15
2026-06-05 01:15:00,7.947,7.97,7.904,7.947,35714.23,15
2026-06-05 01:30:00,7.948,7.989,7.94,7.975,38587.78,15
2026-06-05 01:45:00,7.976,7.979,7.945,7.96,19742.51,15
2026-06-05 02:00:00,7.96,7.966,7.918,7.919,38209.64,15
2026-06-05 02:15:00,7.919,7.936,7.868,7.868,46371.26,15
2026-06-05 02:30:00,7.867,7.899,7.812,7.85,62850.090000000004,15
2026-06-05 02:45:00,7.85,7.864,7.794,7.803,168644.9,15
2026-06-05 03:00:00,7.804,7.806,7.767,7.779,79016.44,15
2026-06-05 03:15:00,7.78,7.861,7.78,7.826,58918.060000000005,15
2026-06-05 03:30:00,7.827,7.869,7.789,7.799,28273.239999999998,15
2026-06-05 03:45:00,7.799,7.822,7.779,7.789,47680.12,15
2026-06-05 04:00:00,7.79,7.875,7.756,7.839,53103.28,15
2026-06-05 04:15:00,7.84,7.882,7.796,7.878,67601.15,15
2026-06-05 04:30:00,7.877,7.877,7.811,7.815,38470.26,15
2026-06-05 04:45:00,7.814,7.897,7.784,7.881,73103.4,15
2026-06-05 05:00:00,7.882,7.897,7.814,7.827,79585.97,15
2026-06-05 05:15:00,7.828,7.863,7.807,7.852,26508.079999999998,15
2026-06-05 05:30:00,7.852,7.86,7.719,7.724,98415.28,15
2026-06-05 05:45:00,7.724,7.735,7.64,7.653,105708.76,15
2026-06-05 06:00:00,7.654,7.668,7.573,7.575,134222.73,15
2026-06-05 06:15:00,7.576,7.602,7.338,7.451,387462.56,15
2026-06-05 06:30:00,7.449,7.553,7.42,7.54,142536.33000000002,15
2026-06-05 06:45:00,7.539,7.551,7.456,7.492,86234.6,15
2026-06-05 07:00:00,7.492,7.5,7.373,7.377,135651.52,15
2026-06-05 07:15:00,7.375,7.556,7.375,7.538,91461.43,15
2026-06-05 07:30:00,7.537,7.611,7.513,7.611,98578.2,15
2026-06-05 07:45:00,7.612,7.647,7.582,7.629,129749.2,15
2026-06-05 08:00:00,7.629,7.631,7.543,7.564,91061.81,15
2026-06-05 08:15:00,7.564,7.582,7.54,7.566,48484.75,15
2026-06-05 08:30:00,7.567,7.591,7.527,7.527,46892.82,15
2026-06-05 08:45:00,7.526,7.552,7.502,7.517,41453.51,15
2026-06-05 09:00:00,7.518,7.644,7.514,7.644,116653.76,15
2026-06-05 09:15:00,7.645,7.667,7.607,7.652,70258.69,15
2026-06-05 09:30:00,7.652,7.652,7.618,7.627,49680.98,15
2026-06-05 09:45:00,7.626,7.672,7.625,7.666,38768.979999999996,15
2026-06-05 10:00:00,7.666,7.68,7.605,7.615,48333.409999999996,15
2026-06-05 10:15:00,7.614,7.614,7.577,7.599,28497.61,15
2026-06-05 10:30:00,7.598,7.649,7.593,7.642,34502.32,15
2026-06-05 10:45:00,7.641,7.641,7.588,7.624,32388.75,15
2026-06-05 11:00:00,7.624,7.624,7.566,7.57,36128.79,15
2026-06-05 11:15:00,7.569,7.648,7.559,7.625,71084.98999999999,15
2026-06-05 11:30:00,7.626,7.63,7.558,7.558,39867.97,15
2026-06-05 11:45:00,7.557,7.584,7.541,7.558,42510.01,15
2026-06-05 12:00:00,7.559,7.579,7.498,7.542,65588.44,15
2026-06-05 12:15:00,7.543,7.6,7.524,7.535,53809.979999999996,15
2026-06-05 12:30:00,7.536,7.59,7.473,7.515,79940.79,15
2026-06-05 12:45:00,7.515,7.547,7.488,7.547,46293.36,15
2026-06-05 13:00:00,7.547,7.616,7.547,7.601,97333.18,15
2026-06-05 13:15:00,7.6,7.641,7.586,7.603,89892.03,15
2026-06-05 13:30:00,7.602,7.659,7.555,7.57,85432.85,15
2026-06-05 13:45:00,7.57,7.579,7.376,7.378,165286.22,15
2026-06-05 14:00:00,7.377,7.477,7.316,7.439,197627.3,15
2026-06-05 14:15:00,7.44,7.488,7.391,7.428,92432.4,15
2026-06-05 14:30:00,7.429,7.508,7.397,7.457,128977.28,15
2026-06-05 14:45:00,7.458,7.501,7.383,7.421,79995.22,15
2026-06-05 15:00:00,7.421,7.432,7.31,7.328,140455.38999999998,15
2026-06-05 15:15:00,7.328,7.393,7.297,7.342,142649.34,15
2026-06-05 15:30:00,7.341,7.366,7.266,7.317,150502.21,15
2026-06-05 15:45:00,7.317,7.332,7.242,7.293,137323.68,15
2026-06-05 16:00:00,7.293,7.34,7.167,7.314,344651.22,15
2026-06-05 16:15:00,7.314,7.427,7.296,7.357,294077.4,15
2026-06-05 16:30:00,7.357,7.384,7.32,7.35,106121.03,15
2026-06-05 16:45:00,7.35,7.513,7.35,7.489,160297.07,15
2026-06-05 17:00:00,7.488,7.512,7.387,7.451,168557.03,15
2026-06-05 17:15:00,7.45,7.455,7.395,7.407,67859.45,15
2026-06-05 17:30:00,7.407,7.478,7.396,7.416,57301.32,15
2026-06-05 17:45:00,7.417,7.44,7.406,7.434,61475.92,15
2026-06-05 18:00:00,7.435,7.462,7.409,7.412,57116.08,15
2026-06-05 18:15:00,7.411,7.414,7.307,7.31,90249.87,15
2026-06-05 18:30:00,7.309,7.356,7.256,7.301,111211.67,15
2026-06-05 18:45:00,7.302,7.306,7.179,7.201,130428.03,15
2026-06-05 19:00:00,7.201,7.222,7.145,7.172,116559.79000000001,15
2026-06-05 19:15:00,7.171,7.236,7.119,7.236,115769.0,15
2026-06-05 19:30:00,7.237,7.249,7.175,7.217,71448.4,15
2026-06-05 19:45:00,7.217,7.346,7.216,7.305,93305.19,15
2026-06-05 20:00:00,7.304,7.386,7.218,7.372,124598.57,15
2026-06-05 20:15:00,7.373,7.411,7.353,7.398,80548.06999999999,15
2026-06-05 20:30:00,7.397,7.432,7.376,7.422,52758.68,15
2026-06-05 20:45:00,7.421,7.482,7.404,7.467,87817.31,15
2026-06-05 21:00:00,7.466,7.516,7.453,7.503,74458.95,15
2026-06-05 21:15:00,7.503,7.531,7.488,7.51,95370.26,15
2026-06-05 21:30:00,7.511,7.546,7.498,7.537,48909.55,15
2026-06-05 21:45:00,7.537,7.546,7.493,7.498,34403.5,15
2026-06-05 22:00:00,7.497,7.501,7.389,7.43,61598.04,15
2026-06-05 22:15:00,7.429,7.471,7.414,7.429,42071.08,15
2026-06-05 22:30:00,7.43,7.492,7.41,7.48,33806.36,15
2026-06-05 22:45:00,7.479,7.492,7.445,7.457,36293.18,15
2026-06-05 23:00:00,7.457,7.487,7.413,7.421,59768.62,15
2026-06-05 23:15:00,7.421,7.422,7.346,7.361,71040.06999999999,15
2026-06-05 23:30:00,7.36,7.36,7.281,7.318,46013.07,15
2026-06-05 23:45:00,7.319,7.373,7.301,7.366,34276.95,15
2026-06-06 00:00:00,7.367,7.443,7.364,7.443,45966.99,15
2026-06-06 00:15:00,7.441,7.446,7.401,7.422,19695.21,15
2026-06-06 00:30:00,7.422,7.445,7.41,7.423,24226.059999999998,15
2026-06-06 00:45:00,7.422,7.452,7.42,7.43,40433.08,15
2026-06-06 01:00:00,7.43,7.455,7.408,7.412,27094.43,15
2026-06-06 01:15:00,7.412,7.444,7.38,7.438,38256.9,15
2026-06-06 01:30:00,7.437,7.444,7.381,7.392,26760.489999999998,15
2026-06-06 01:45:00,7.392,7.413,7.366,7.377,37693.61,15
2026-06-06 02:00:00,7.377,7.389,7.332,7.359,36878.38,15
2026-06-06 02:15:00,7.359,7.374,7.317,7.342,45244.24,15
2026-06-06 02:30:00,7.343,7.382,7.332,7.358,33952.06,15
2026-06-06 02:45:00,7.357,7.395,7.338,7.344,19787.12,15
2026-06-06 03:00:00,7.344,7.348,7.315,7.332,45746.63,15
2026-06-06 03:15:00,7.332,7.344,7.29,7.302,29521.18,15
2026-06-06 03:30:00,7.3,7.301,7.247,7.292,95820.05,15
2026-06-06 03:45:00,7.292,7.305,7.268,7.277,42317.42,15
2026-06-06 04:00:00,7.276,7.311,7.15,7.16,103497.87,15
2026-06-06 04:15:00,7.159,7.196,7.081,7.091,137454.13,15
2026-06-06 04:30:00,7.092,7.1,6.996,7.027,230057.96,15
2026-06-06 04:45:00,7.026,7.116,7.006,7.067,108481.72,15
2026-06-06 05:00:00,7.068,7.119,6.997,7.064,114453.89,15
2026-06-06 05:15:00,7.064,7.279,7.062,7.218,143313.51,15
2026-06-06 05:30:00,7.217,7.255,7.188,7.235,49380.08,15
2026-06-06 05:45:00,7.235,7.285,7.221,7.281,46999.32,15
2026-06-06 06:00:00,7.281,7.359,7.279,7.339,47750.42,15
2026-06-06 06:15:00,7.338,7.372,7.312,7.347,40709.5,15
2026-06-06 06:30:00,7.347,7.373,7.298,7.3,42672.25,15
2026-06-06 06:45:00,7.299,7.317,7.271,7.276,39979.61,15
2026-06-06 07:00:00,7.276,7.371,7.263,7.365,58856.369999999995,15
2026-06-06 07:15:00,7.364,7.4,7.346,7.355,64514.1,15
2026-06-06 07:30:00,7.354,7.398,7.352,7.393,27338.23,15
2026-06-06 07:45:00,7.394,7.403,7.377,7.396,32433.21,15
2026-06-06 08:00:00,7.397,7.404,7.363,7.398,39035.74,15
2026-06-06 08:15:00,7.399,7.469,7.376,7.454,70499.16,15
2026-06-06 08:30:00,7.453,7.468,7.425,7.434,78966.64,15
2026-06-06 08:45:00,7.434,7.456,7.418,7.432,31082.29,15
2026-06-06 09:00:00,7.432,7.46,7.417,7.43,49918.42,15
2026-06-06 09:15:00,7.429,7.467,7.415,7.463,39817.37,15
2026-06-06 09:30:00,7.462,7.468,7.42,7.423,32035.14,15
2026-06-06 09:45:00,7.423,7.423,7.324,7.349,68982.01,15
2026-06-06 10:00:00,7.35,7.351,7.251,7.271,109476.12000000001,15
2026-06-06 10:15:00,7.272,7.291,7.255,7.262,39444.94,15
2026-06-06 10:30:00,7.263,7.263,7.196,7.244,80554.57,15
2026-06-06 10:45:00,7.244,7.276,7.219,7.274,31713.29,15
2026-06-06 11:00:00,7.273,7.317,7.269,7.279,36484.93,15
2026-06-06 11:15:00,7.279,7.311,7.266,7.308,31224.23,15
2026-06-06 11:30:00,7.307,7.33,7.294,7.315,30653.89,15
2026-06-06 11:45:00,7.315,7.345,7.308,7.32,24136.41,15
2026-06-06 12:00:00,7.32,7.35,7.314,7.328,42508.02,15
2026-06-06 12:15:00,7.327,7.332,7.293,7.293,40706.93,15
2026-06-06 12:30:00,7.292,7.337,7.28,7.331,37031.95,15
2026-06-06 12:45:00,7.331,7.414,7.328,7.394,59996.94,15
2026-06-06 13:00:00,7.394,7.404,7.376,7.387,18963.4,15
2026-06-06 13:15:00,7.386,7.407,7.365,7.371,42345.0,15
2026-06-06 13:30:00,7.37,7.382,7.333,7.382,25427.51,15
2026-06-06 13:45:00,7.382,7.409,7.361,7.37,23339.510000000002,15
2026-06-06 14:00:00,7.371,7.42,7.363,7.408,63269.61,15
2026-06-06 14:15:00,7.408,7.436,7.39,7.409,41798.61,15
2026-06-06 14:30:00,7.408,7.431,7.398,7.42,46327.8,15
2026-06-06 14:45:00,7.419,7.438,7.398,7.399,37972.520000000004,15
2026-06-06 15:00:00,7.4,7.41,7.316,7.328,57905.87,15
2026-06-06 15:15:00,7.327,7.348,7.284,7.343,56234.57,15
2026-06-06 15:30:00,7.343,7.395,7.33,7.386,26886.34,15
2026-06-06 15:45:00,7.385,7.401,7.364,7.382,31189.670000000002,15
2026-06-06 16:00:00,7.381,7.418,7.363,7.376,34150.74,15
2026-06-06 16:15:00,7.376,7.382,7.343,7.346,39523.88,15
2026-06-06 16:30:00,7.345,7.359,7.313,7.358,44829.799999999996,15
2026-06-06 16:45:00,7.358,7.393,7.354,7.379,21928.94,15
2026-06-06 17:00:00,7.379,7.392,7.335,7.353,30058.579999999998,15
2026-06-06 17:15:00,7.353,7.366,7.325,7.35,27256.21,15
2026-06-06 17:30:00,7.35,7.387,7.317,7.347,39710.74,15
2026-06-06 17:45:00,7.347,7.352,7.296,7.313,46824.64,15
2026-06-06 18:00:00,7.312,7.327,7.294,7.307,28408.36,15
2026-06-06 18:15:00,7.307,7.372,7.304,7.361,28834.530000000002,15
2026-06-06 18:30:00,7.361,7.361,7.32,7.324,16424.12,15
2026-06-06 18:45:00,7.324,7.335,7.299,7.328,14561.449999999999,15
2026-06-06 19:00:00,7.327,7.362,7.318,7.348,20447.62,15
2026-06-06 19:15:00,7.347,7.347,7.313,7.317,18325.559999999998,15
2026-06-06 19:30:00,7.316,7.323,7.306,7.314,8707.61,15
2026-06-06 19:45:00,7.314,7.322,7.302,7.302,15566.34,15
2026-06-06 20:00:00,7.301,7.321,7.286,7.312,26459.59,15
2026-06-06 20:15:00,7.311,7.323,7.299,7.302,37862.87,15
2026-06-06 20:30:00,7.302,7.334,7.295,7.327,26564.99,15
2026-06-06 20:45:00,7.327,7.337,7.308,7.33,16849.77,15
2026-06-06 21:00:00,7.33,7.367,7.323,7.354,27887.86,15
2026-06-06 21:15:00,7.355,7.375,7.348,7.36,24849.82,15
2026-06-06 21:30:00,7.36,7.387,7.36,7.369,20340.23,15
2026-06-06 21:45:00,7.369,7.369,7.348,7.352,25330.23,15
2026-06-06 22:00:00,7.351,7.366,7.313,7.342,42474.85,15
2026-06-06 22:15:00,7.342,7.377,7.327,7.342,26227.95,15
2026-06-06 22:30:00,7.342,7.371,7.336,7.36,12368.89,15
2026-06-06 22:45:00,7.361,7.375,7.348,7.348,18981.65,15
2026-06-06 23:00:00,7.347,7.382,7.346,7.377,19384.28,15
2026-06-06 23:15:00,7.376,7.38,7.347,7.363,8208.43,15
2026-06-06 23:30:00,7.363,7.408,7.359,7.392,24581.13,15
2026-06-06 23:45:00,7.392,7.406,7.382,7.394,23074.79,15
2026-06-07 00:00:00,7.395,7.404,7.373,7.383,34769.94,15
2026-06-07 00:15:00,7.383,7.398,7.38,7.398,13451.05,15
2026-06-07 00:30:00,7.399,7.429,7.392,7.392,20589.73,15
2026-06-07 00:45:00,7.391,7.407,7.39,7.399,15735.48,15
2026-06-07 01:00:00,7.398,7.51,7.393,7.501,99487.06,15
2026-06-07 01:15:00,7.501,7.6,7.487,7.598,132943.02,15
2026-06-07 01:30:00,7.599,7.604,7.549,7.562,46301.0,15
2026-06-07 01:45:00,7.563,7.571,7.533,7.558,30273.04,15
2026-06-07 02:00:00,7.558,7.581,7.55,7.561,17923.41,15
2026-06-07 02:15:00,7.56,7.563,7.51,7.54,50625.409999999996,15
2026-06-07 02:30:00,7.54,7.541,7.511,7.541,12089.6,15
2026-06-07 02:45:00,7.542,7.579,7.541,7.56,23494.33,15
2026-06-07 03:00:00,7.56,7.571,7.535,7.568,13300.570000000002,15
2026-06-07 03:15:00,7.568,7.605,7.555,7.582,47779.7,15
2026-06-07 03:30:00,7.582,7.583,7.542,7.565,33133.07,15
2026-06-07 03:45:00,7.565,7.61,7.551,7.582,38483.93,15
2026-06-07 04:00:00,7.582,7.583,7.554,7.563,10961.24,15
2026-06-07 04:15:00,7.564,7.57,7.531,7.541,10328.69,15
2026-06-07 04:30:00,7.54,7.602,7.54,7.587,30515.56,15
2026-06-07 04:45:00,7.588,7.612,7.578,7.594,24974.68,15
2026-06-07 05:00:00,7.595,7.648,7.582,7.614,38532.92,15
2026-06-07 05:15:00,7.613,7.652,7.605,7.618,55667.52,15
2026-06-07 05:30:00,7.619,7.637,7.597,7.636,23076.89,15
2026-06-07 05:45:00,7.635,7.635,7.611,7.625,22667.97,15
2026-06-07 06:00:00,7.626,7.632,7.601,7.614,33706.34,15
2026-06-07 06:15:00,7.616,7.7,7.613,7.689,84941.95999999999,15
2026-06-07 06:30:00,7.689,7.717,7.684,7.702,57240.31,15
2026-06-07 06:45:00,7.701,7.71,7.683,7.685,27511.16,15
2026-06-07 07:00:00,7.685,7.698,7.657,7.684,39513.5,15
2026-06-07 07:15:00,7.685,7.711,7.671,7.709,23849.17,15
2026-06-07 07:30:00,7.708,7.718,7.692,7.701,15233.59,15
2026-06-07 07:45:00,7.7,7.727,7.694,7.717,22419.67,15
2026-06-07 08:00:00,7.716,7.725,7.669,7.687,30217.02,15
2026-06-07 08:15:00,7.687,7.71,7.678,7.706,19044.81,15
2026-06-07 08:30:00,7.705,7.758,7.693,7.755,35763.48,15
2026-06-07 08:45:00,7.755,7.813,7.752,7.81,69736.25,15
2026-06-07 09:00:00,7.81,7.835,7.798,7.832,40775.020000000004,15
2026-06-07 09:15:00,7.832,7.849,7.78,7.803,38838.1,15
2026-06-07 09:30:00,7.803,7.804,7.758,7.767,27341.04,15
2026-06-07 09:45:00,7.767,7.788,7.747,7.77,15796.17,15
2026-06-07 10:00:00,7.771,7.78,7.732,7.732,14044.08,15
2026-06-07 10:15:00,7.732,7.768,7.732,7.764,15709.66,15
2026-06-07 10:30:00,7.763,7.768,7.707,7.719,34449.97,15
2026-06-07 10:45:00,7.719,7.722,7.691,7.707,31641.53,15
2026-06-07 11:00:00,7.707,7.739,7.699,7.725,21669.79,15
2026-06-07 11:15:00,7.724,7.749,7.717,7.748,6531.01,15
2026-06-07 11:30:00,7.747,7.773,7.735,7.765,21796.9,15
2026-06-07 11:45:00,7.765,7.779,7.755,7.762,16807.23,15
2026-06-07 12:00:00,7.762,7.775,7.636,7.647,72492.42,15
2026-06-07 12:15:00,7.647,7.678,7.614,7.653,35038.78,15
2026-06-07 12:30:00,7.653,7.667,7.617,7.647,64741.159999999996,15
2026-06-07 12:45:00,7.648,7.712,7.648,7.699,16331.7,15
2026-06-07 13:00:00,7.698,7.709,7.671,7.702,17505.670000000002,15
2026-06-07 13:15:00,7.703,7.707,7.682,7.698,20140.77,15
2026-06-07 13:30:00,7.698,7.698,7.668,7.692,9712.57,15
2026-06-07 13:45:00,7.692,7.715,7.683,7.702,20079.42,15
2026-06-07 14:00:00,7.702,7.73,7.701,7.71,11032.96,15
2026-06-07 14:15:00,7.709,7.789,7.704,7.764,28580.61,15
2026-06-07 14:30:00,7.764,7.797,7.733,7.741,33353.49,15
2026-06-07 14:45:00,7.741,7.742,7.71,7.735,24662.37,15
2026-06-07 15:00:00,7.736,7.736,7.699,7.725,24918.35,15
2026-06-07 15:15:00,7.724,7.728,7.684,7.719,34583.06,15
2026-06-07 15:30:00,7.718,7.742,7.709,7.735,21884.12,15
2026-06-07 15:45:00,7.735,7.739,7.698,7.728,43922.03,15
2026-06-07 16:00:00,7.729,7.735,7.677,7.715,22773.6,15
2026-06-07 16:15:00,7.716,7.757,7.707,7.729,45037.41,15
2026-06-07 16:30:00,7.729,7.763,7.725,7.743,12196.44,15
2026-06-07 16:45:00,7.742,7.751,7.71,7.733,15023.19,15
2026-06-07 17:00:00,7.733,7.78,7.728,7.773,47580.28,15
2026-06-07 17:15:00,7.774,7.778,7.747,7.755,7734.740000000001,15
2026-06-07 17:30:00,7.754,7.765,7.75,7.751,10665.61,15
2026-06-07 17:45:00,7.75,7.75,7.717,7.745,12254.86,15
2026-06-07 18:00:00,7.745,7.763,7.734,7.761,6637.13,15
2026-06-07 18:15:00,7.76,7.76,7.728,7.736,4664.95,15
2026-06-07 18:30:00,7.737,7.756,7.724,7.729,6338.16,15
2026-06-07 18:45:00,7.729,7.742,7.697,7.7,9939.97,15
2026-06-07 19:00:00,7.701,7.701,7.612,7.628,42102.18,15
2026-06-07 19:15:00,7.628,7.628,7.566,7.597,53580.68,15
2026-06-07 19:30:00,7.596,7.6,7.561,7.564,32083.09,15
2026-06-07 19:45:00,7.565,7.608,7.555,7.597,42907.85,15
2026-06-07 20:00:00,7.596,7.656,7.573,7.637,26779.079999999998,15
2026-06-07 20:15:00,7.636,7.69,7.621,7.664,22519.55,15
2026-06-07 20:30:00,7.663,7.675,7.653,7.664,13603.390000000001,15
2026-06-07 20:45:00,7.663,7.696,7.656,7.684,9757.05,15
2026-06-07 21:00:00,7.683,7.695,7.66,7.685,19028.67,15
2026-06-07 21:15:00,7.684,7.691,7.653,7.659,7565.04,15
2026-06-07 21:30:00,7.659,7.663,7.637,7.642,11899.34,15
2026-06-07 21:45:00,7.642,7.678,7.642,7.671,12324.95,15
2026-06-07 22:00:00,7.672,7.962,7.663,7.939,124510.77,15
2026-06-07 22:15:00,7.942,8.035,7.855,7.876,249933.59,15
2026-06-07 22:30:00,7.877,7.933,7.824,7.901,74504.3,15
2026-06-07 22:45:00,7.902,7.931,7.847,7.852,74909.48,15
2026-06-07 23:00:00,7.851,7.892,7.848,7.89,40624.729999999996,15
2026-06-07 23:15:00,7.891,7.914,7.848,7.912,40820.6,15
2026-06-07 23:30:00,7.912,7.923,7.885,7.901,19097.52,15
2026-06-07 23:45:00,7.901,7.932,7.878,7.918,52124.17,15
2026-06-08 00:00:00,7.918,7.932,7.881,7.899,88690.0,15
2026-06-08 00:15:00,7.899,7.95,7.887,7.95,43687.55,15
2026-06-08 00:30:00,7.949,8.02,7.934,7.989,56662.86,15
2026-06-08 00:45:00,7.988,8.019,7.956,7.981,35158.44,15
2026-06-08 01:00:00,7.981,7.988,7.888,7.888,36101.42,15
2026-06-08 01:15:00,7.889,7.89,7.828,7.837,63990.92,15
2026-06-08 01:30:00,7.838,7.885,7.82,7.882,38990.94,15
2026-06-08 01:45:00,7.883,7.913,7.875,7.905,28477.11,15
2026-06-08 02:00:00,7.906,7.93,7.893,7.926,17074.46,15
2026-06-08 02:15:00,7.926,7.943,7.901,7.921,15339.31,15
2026-06-08 02:30:00,7.921,7.93,7.883,7.909,24435.010000000002,15
2026-06-08 02:45:00,7.909,7.919,7.888,7.916,9221.92,15
2026-06-08 03:00:00,7.916,7.963,7.9,7.939,24568.53,15
2026-06-08 03:15:00,7.939,7.943,7.858,7.86,52492.119999999995,15
2026-06-08 03:30:00,7.86,7.876,7.843,7.849,19570.79,15
2026-06-08 03:45:00,7.849,7.864,7.842,7.858,19989.56,15
2026-06-08 04:00:00,7.858,7.873,7.813,7.831,26796.92,15
2026-06-08 04:15:00,7.832,7.832,7.8,7.824,13263.48,15
2026-06-08 04:30:00,7.825,7.831,7.774,7.784,15267.73,15
2026-06-08 04:45:00,7.785,7.805,7.768,7.768,27152.86,15
2026-06-08 05:00:00,7.768,7.796,7.729,7.73,48296.899999999994,15
2026-06-08 05:15:00,7.731,7.791,7.722,7.782,25636.38,15
2026-06-08 05:30:00,7.781,7.781,7.727,7.742,14147.92,15
2026-06-08 05:45:00,7.742,7.783,7.732,7.783,20993.23,15
2026-06-08 06:00:00,7.783,7.821,7.782,7.809,28252.54,15
2026-06-08 06:15:00,7.809,7.846,7.8,7.838,16153.66,15
2026-06-08 06:30:00,7.838,7.839,7.815,7.835,16798.46,15
2026-06-08 06:45:00,7.836,7.836,7.814,7.823,7028.99,15
2026-06-08 07:00:00,7.824,7.885,7.806,7.869,33557.75,15
2026-06-08 07:15:00,7.869,7.909,7.85,7.897,31300.31,15
2026-06-08 07:30:00,7.896,7.922,7.887,7.906,51271.94,15
2026-06-08 07:45:00,7.905,7.936,7.902,7.908,27950.66,15
2026-06-08 08:00:00,7.908,7.911,7.881,7.904,21722.91,15
2026-06-08 08:15:00,7.903,7.912,7.872,7.896,14688.23,15
2026-06-08 08:30:00,7.896,7.911,7.865,7.88,28809.63,15
2026-06-08 08:45:00,7.88,7.887,7.853,7.879,27076.670000000002,15
2026-06-08 09:00:00,7.88,7.897,7.842,7.889,48616.84,15
2026-06-08 09:15:00,7.888,7.925,7.881,7.895,23439.18,15
2026-06-08 09:30:00,7.894,7.919,7.861,7.895,44013.46,15
2026-06-08 09:45:00,7.895,7.923,7.894,7.922,14472.14,15
2026-06-08 10:00:00,7.921,7.934,7.903,7.904,13447.31,15
2026-06-08 10:15:00,7.903,7.905,7.856,7.864,11625.03,15
2026-06-08 10:30:00,7.864,7.92,7.85,7.879,31357.47,15
2026-06-08 10:45:00,7.879,7.884,7.864,7.878,11611.41,15
2026-06-08 11:00:00,7.877,7.927,7.86,7.921,29509.199999999997,15
2026-06-08 11:15:00,7.919,7.998,7.919,7.983,43914.479999999996,15
2026-06-08 11:30:00,7.984,8.007,7.966,7.974,34376.94,15
2026-06-08 11:45:00,7.974,7.979,7.945,7.968,20429.86,15
2026-06-08 12:00:00,7.969,7.99,7.883,7.883,49904.58,15
2026-06-08 12:15:00,7.883,7.942,7.883,7.942,39867.25,15
2026-06-08 12:30:00,7.943,8.018,7.935,8.008,47671.56,15
2026-06-08 12:45:00,8.007,8.027,7.978,8.02,39135.19,15
2026-06-08 13:00:00,8.021,8.027,7.989,7.997,17906.5,15
2026-06-08 13:15:00,7.998,8.022,7.983,7.99,36340.17,15
2026-06-08 13:30:00,7.989,7.999,7.953,7.958,37202.45,15
2026-06-08 13:45:00,7.959,8.009,7.95,7.976,17743.94,15
2026-06-08 14:00:00,7.975,8.005,7.955,8.002,36345.4,15
2026-06-08 14:15:00,8.001,8.006,7.972,7.997,31485.67,15
2026-06-08 14:30:00,7.996,8.021,7.982,8.005,30264.079999999998,15
2026-06-08 14:45:00,8.005,8.066,7.999,8.06,52108.25,15
2026-06-08 15:00:00,8.059,8.112,8.059,8.104,68462.33,15
2026-06-08 15:15:00,8.105,8.111,8.048,8.048,45144.23,15
2026-06-08 15:30:00,8.049,8.049,8.012,8.039,31740.83,15
2026-06-08 15:45:00,8.04,8.07,8.017,8.026,24604.02,15
2026-06-08 16:00:00,8.027,8.061,8.015,8.023,35155.61,15
2026-06-08 16:15:00,8.024,8.069,8.024,8.044,22642.4,15
2026-06-08 16:30:00,8.043,8.07,8.0,8.015,60213.79,15
2026-06-08 16:45:00,8.016,8.02,7.984,7.994,30648.870000000003,15
2026-06-08 17:00:00,7.994,8.0,7.965,7.975,32894.63,15
2026-06-08 17:15:00,7.976,8.033,7.968,8.028,45837.33,15
2026-06-08 17:30:00,8.028,8.028,7.982,8.011,18615.93,15
2026-06-08 17:45:00,8.011,8.042,8.01,8.042,12322.64,15
2026-06-08 18:00:00,8.042,8.063,8.041,8.049,25481.260000000002,15
2026-06-08 18:15:00,8.049,8.055,8.036,8.043,8312.99,15
2026-06-08 18:30:00,8.044,8.055,8.013,8.021,13100.6,15
2026-06-08 18:45:00,8.021,8.025,7.992,8.017,28649.34,15
2026-06-08 19:00:00,8.017,8.059,8.014,8.047,13398.26,15
2026-06-08 19:15:00,8.046,8.07,8.034,8.059,13804.94,15
2026-06-08 19:30:00,8.059,8.075,8.051,8.071,12414.32,15
2026-06-08 19:45:00,8.07,8.078,8.047,8.063,16498.08,15
2026-06-08 20:00:00,8.063,8.065,8.02,8.027,17825.21,15
2026-06-08 20:15:00,8.028,8.034,8.009,8.017,15315.22,15
2026-06-08 20:30:00,8.017,8.045,8.013,8.037,7751.92,15
2026-06-08 20:45:00,8.037,8.045,8.023,8.045,5970.78,15
2026-06-08 21:00:00,8.046,8.121,8.044,8.113,36465.39,15
2026-06-08 21:15:00,8.113,8.116,8.085,8.096,14636.68,15
2026-06-08 21:30:00,8.097,8.128,8.086,8.119,16930.03,15
2026-06-08 21:45:00,8.12,8.121,8.061,8.061,15442.580000000002,15
2026-06-08 22:00:00,8.06,8.066,8.03,8.036,38645.46,15
2026-06-08 22:15:00,8.036,8.042,8.005,8.013,33633.729999999996,15
2026-06-08 22:30:00,8.013,8.026,8.0,8.018,40425.11,15
2026-06-08 22:45:00,8.018,8.046,8.009,8.041,16377.61,15
2026-06-08 23:00:00,8.04,8.081,8.034,8.075,15077.970000000001,15
2026-06-08 23:15:00,8.075,8.077,7.994,8.005,35206.9,15
2026-06-08 23:30:00,8.004,8.013,7.983,7.999,19416.93,15
2026-06-08 23:45:00,7.998,8.002,7.974,7.998,25349.51,15
2026-06-09 00:00:00,7.997,8.006,7.979,7.979,15060.13,15
2026-06-09 00:15:00,7.981,8.017,7.885,7.894,96212.05,15
2026-06-09 00:30:00,7.895,7.899,7.821,7.858,76434.27,15
2026-06-09 00:45:00,7.857,7.857,7.81,7.832,58913.11,15
2026-06-09 01:00:00,7.831,7.853,7.81,7.827,56986.26,15
2026-06-09 01:15:00,7.826,7.87,7.82,7.848,15580.710000000001,15
2026-06-09 01:30:00,7.848,7.869,7.84,7.849,12573.99,15
2026-06-09 01:45:00,7.849,7.87,7.831,7.849,13852.130000000001,15
2026-06-09 02:00:00,7.849,7.865,7.842,7.843,10411.44,15
2026-06-09 02:15:00,7.843,7.843,7.804,7.84,16195.710000000001,15
2026-06-09 02:30:00,7.841,7.845,7.797,7.828,20216.84,15
2026-06-09 02:45:00,7.829,7.858,7.819,7.858,6205.26,15
2026-06-09 03:00:00,7.859,7.88,7.858,7.877,13582.34,15
2026-06-09 03:15:00,7.876,7.89,7.859,7.868,8070.58,15
2026-06-09 03:30:00,7.867,7.879,7.843,7.878,15667.82,15
2026-06-09 03:45:00,7.878,7.888,7.862,7.884,10806.609999999999,15
2026-06-09 04:00:00,7.883,7.905,7.865,7.89,13053.72,15
2026-06-09 04:15:00,7.889,7.892,7.868,7.868,6612.38,15
2026-06-09 04:30:00,7.868,8.003,7.853,7.975,76912.73,15
2026-06-09 04:45:00,7.974,8.003,7.958,7.971,36654.36,15
2026-06-09 05:00:00,7.971,7.979,7.942,7.966,29438.12,15
2026-06-09 05:15:00,7.968,8.006,7.968,7.992,18007.92,15
2026-06-09 05:30:00,7.993,8.028,7.988,8.005,30899.48,15
2026-06-09 05:45:00,8.005,8.018,7.991,7.998,11004.75,15
2026-06-09 06:00:00,7.999,8.003,7.981,7.997,19402.75,15
2026-06-09 06:15:00,7.997,8.022,7.982,7.985,36974.21,15
2026-06-09 06:30:00,7.985,7.986,7.958,7.979,18242.42,15
2026-06-09 06:45:00,7.98,7.983,7.949,7.956,20554.05,15
2026-06-09 07:00:00,7.956,7.986,7.951,7.951,8813.050000000001,15
2026-06-09 07:15:00,7.95,7.961,7.905,7.909,33585.54,15
2026-06-09 07:30:00,7.91,7.947,7.908,7.939,38711.01,15
2026-06-09 07:45:00,7.94,7.948,7.923,7.933,15856.87,15
2026-06-09 08:00:00,7.933,7.937,7.874,7.891,50675.56,15
2026-06-09 08:15:00,7.892,7.916,7.878,7.903,12323.21,15
2026-06-09 08:30:00,7.903,7.93,7.898,7.92,11774.49,15
2026-06-09 08:45:00,7.919,7.924,7.898,7.899,12847.220000000001,15
2026-06-09 09:00:00,7.9,7.906,7.885,7.905,12146.3,15
2026-06-09 09:15:00,7.906,7.919,7.888,7.888,8743.66,15
2026-06-09 09:30:00,7.887,7.887,7.849,7.857,31713.08,15
2026-06-09 09:45:00,7.858,7.868,7.853,7.866,5874.24,15
2026-06-09 10:00:00,7.867,7.882,7.847,7.865,34007.65,15
2026-06-09 10:15:00,7.865,7.879,7.851,7.879,15300.869999999999,15
2026-06-09 10:30:00,7.879,7.88,7.861,7.878,4273.03,15
2026-06-09 10:45:00,7.878,7.909,7.87,7.895,15575.5,15
2026-06-09 11:00:00,7.894,7.898,7.859,7.859,16077.94,15
2026-06-09 11:15:00,7.86,7.87,7.842,7.842,11622.08,15
2026-06-09 11:30:00,7.842,7.861,7.837,7.851,14625.35,15
2026-06-09 11:45:00,7.851,7.901,7.851,7.886,68050.1,15
2026-06-09 12:00:00,7.885,7.939,7.883,7.926,40204.51,15
2026-06-09 12:15:00,7.925,7.925,7.897,7.908,13572.87,15
2026-06-09 12:30:00,7.907,7.921,7.897,7.907,25223.57,15
2026-06-09 12:45:00,7.907,7.937,7.89,7.933,20889.5,15
2026-06-09 13:00:00,7.934,7.953,7.925,7.93,32543.25,15
2026-06-09 13:15:00,7.93,7.934,7.876,7.895,34243.98,15
2026-06-09 13:30:00,7.894,7.927,7.878,7.924,35519.53,15
2026-06-09 13:45:00,7.925,7.954,7.892,7.892,22470.46,15
2026-06-09 14:00:00,7.891,7.914,7.842,7.843,44793.45,15
2026-06-09 14:15:00,7.842,7.853,7.745,7.75,74550.68,15
2026-06-09 14:30:00,7.751,7.798,7.735,7.763,65549.87,15
2026-06-09 14:45:00,7.763,7.811,7.734,7.811,79702.55,15
2026-06-09 15:00:00,7.81,7.84,7.784,7.835,31655.940000000002,15
2026-06-09 15:15:00,7.834,7.84,7.766,7.767,33468.12,15
2026-06-09 15:30:00,7.766,7.783,7.738,7.769,41940.19,15
2026-06-09 15:45:00,7.77,7.777,7.713,7.724,33939.69,15
2026-06-09 16:00:00,7.722,7.744,7.689,7.715,54679.9,15
2026-06-09 16:15:00,7.715,7.73,7.669,7.726,55065.06,15
2026-06-09 16:30:00,7.725,7.755,7.65,7.716,92038.86,15
2026-06-09 16:45:00,7.715,7.746,7.69,7.736,35184.94,15
2026-06-09 17:00:00,7.737,7.803,7.734,7.793,48821.31,15
2026-06-09 17:15:00,7.793,7.851,7.793,7.832,41171.21,15
2026-06-09 17:30:00,7.833,7.85,7.818,7.819,13247.03,15
2026-06-09 17:45:00,7.818,7.828,7.802,7.802,27460.39,15
2026-06-09 18:00:00,7.802,7.822,7.795,7.812,20587.52,15
2026-06-09 18:15:00,7.811,7.868,7.806,7.829,20691.44,15
2026-06-09 18:30:00,7.83,7.858,7.819,7.819,12848.55,15
2026-06-09 18:45:00,7.82,7.863,7.82,7.857,10666.76,15
2026-06-09 19:00:00,7.857,7.884,7.847,7.856,18267.11,15
2026-06-09 19:15:00,7.857,7.867,7.842,7.865,12704.28,15
2026-06-09 19:30:00,7.866,7.9,7.842,7.861,14260.59,15
2026-06-09 19:45:00,7.86,7.889,7.833,7.875,29839.190000000002,15
2026-06-09 20:00:00,7.875,7.917,7.867,7.917,15594.55,15
2026-06-09 20:15:00,7.917,7.93,7.885,7.91,13854.42,15
2026-06-09 20:30:00,7.909,7.926,7.895,7.916,10441.11,15
2026-06-09 20:45:00,7.916,7.917,7.896,7.914,6245.09,15
2026-06-09 21:00:00,7.914,7.919,7.888,7.907,12691.88,15
2026-06-09 21:15:00,7.908,7.909,7.858,7.866,12206.3,15
2026-06-09 21:30:00,7.865,7.875,7.858,7.861,8507.970000000001,15
2026-06-09 21:45:00,7.86,7.864,7.844,7.846,7183.34,15
2026-06-09 22:00:00,7.847,7.864,7.833,7.864,7373.19,15
2026-06-09 22:15:00,7.865,7.889,7.857,7.87,13066.68,15
2026-06-09 22:30:00,7.87,7.881,7.847,7.854,10774.3,15
2026-06-09 22:45:00,7.854,7.857,7.824,7.829,23178.81,15
2026-06-09 23:00:00,7.829,7.839,7.809,7.824,12896.849999999999,15
2026-06-09 23:15:00,7.823,7.848,7.816,7.818,9373.6,15
2026-06-09 23:30:00,7.818,7.831,7.801,7.826,16737.78,15
2026-06-09 23:45:00,7.827,7.852,7.821,7.838,11355.32,15
2026-06-10 00:00:00,7.838,7.872,7.838,7.86,16371.55,15
2026-06-10 00:15:00,7.861,7.861,7.838,7.853,10720.28,15
2026-06-10 00:30:00,7.853,7.858,7.783,7.791,15880.98,15
2026-06-10 00:45:00,7.792,7.869,7.79,7.866,15699.59,15
2026-06-10 01:00:00,7.866,7.876,7.834,7.854,10264.27,15
2026-06-10 01:15:00,7.853,7.869,7.836,7.84,9414.3,15
2026-06-10 01:30:00,7.841,7.849,7.783,7.788,29259.71,15
2026-06-10 01:45:00,7.788,7.827,7.787,7.807,22471.37,15
2026-06-10 02:00:00,7.808,7.821,7.786,7.786,7786.14,15
2026-06-10 02:15:00,7.787,7.787,7.748,7.776,13773.949999999999,15
2026-06-10 02:30:00,7.776,7.78,7.727,7.733,16732.31,15
2026-06-10 02:45:00,7.733,7.734,7.716,7.723,8128.31,15
2026-06-10 03:00:00,7.722,7.756,7.719,7.738,6109.01,15
2026-06-10 03:15:00,7.738,7.768,7.733,7.765,5134.83,15
2026-06-10 03:30:00,7.765,7.767,7.741,7.752,5514.7,15
2026-06-10 03:45:00,7.752,7.759,7.745,7.749,9519.63,15
2026-06-10 04:00:00,7.749,7.755,7.732,7.744,10770.95,15
2026-06-10 04:15:00,7.745,7.75,7.732,7.736,4013.01,15
2026-06-10 04:30:00,7.736,7.741,7.696,7.702,35468.49,15
2026-06-10 04:45:00,7.701,7.716,7.693,7.706,7634.610000000001,15
2026-06-10 05:00:00,7.707,7.721,7.692,7.692,9858.86,15
2026-06-10 05:15:00,7.693,7.702,7.657,7.702,24383.28,15
2026-06-10 05:30:00,7.703,7.71,7.68,7.692,9786.51,15
2026-06-10 05:45:00,7.692,7.711,7.677,7.701,5439.88,15
2026-06-10 06:00:00,7.701,7.722,7.688,7.71,6228.54,15
2026-06-10 06:15:00,7.708,7.723,7.7,7.707,8360.02,15
2026-06-10 06:30:00,7.707,7.729,7.677,7.719,12999.14,15
2026-06-10 06:45:00,7.72,7.73,7.712,7.723,7838.89,15
2026-06-10 07:00:00,7.722,7.767,7.72,7.759,10790.29,15
2026-06-10 07:15:00,7.759,7.796,7.755,7.778,17021.55,15
2026-06-10 07:30:00,7.777,7.809,7.768,7.793,11041.76,15
2026-06-10 07:45:00,7.792,7.796,7.779,7.78,11641.61,15
2026-06-10 08:00:00,7.781,7.782,7.74,7.754,12519.19,15
2026-06-10 08:15:00,7.755,7.779,7.728,7.728,18581.97,15
2026-06-10 08:30:00,7.729,7.74,7.664,7.671,45566.16,15
2026-06-10 08:45:00,7.671,7.679,7.657,7.678,30731.69,15
2026-06-10 09:00:00,7.678,7.687,7.656,7.659,30842.030000000002,15
2026-06-10 09:15:00,7.659,7.679,7.622,7.674,30679.74,15
2026-06-10 09:30:00,7.673,7.691,7.67,7.672,18999.989999999998,15
2026-06-10 09:45:00,7.673,7.715,7.656,7.7,26216.530000000002,15
2026-06-10 10:00:00,7.7,7.702,7.658,7.672,18524.68,15
2026-06-10 10:15:00,7.672,7.688,7.651,7.687,17612.88,15
2026-06-10 10:30:00,7.687,7.712,7.681,7.69,13856.039999999999,15
2026-06-10 10:45:00,7.689,7.706,7.684,7.696,26048.86,15
2026-06-10 11:00:00,7.697,7.705,7.617,7.658,61032.7,15
2026-06-10 11:15:00,7.657,7.665,7.612,7.631,28736.57,15
2026-06-10 11:30:00,7.632,7.661,7.622,7.652,10125.47,15
2026-06-10 11:45:00,7.651,7.669,7.644,7.646,12811.32,15
2026-06-10 12:00:00,7.647,7.678,7.629,7.662,17610.98,15
2026-06-10 12:15:00,7.661,7.674,7.635,7.659,16125.390000000001,15
2026-06-10 12:30:00,7.659,7.81,7.648,7.758,83006.02,15
2026-06-10 12:45:00,7.758,7.779,7.736,7.736,21341.49,15
2026-06-10 13:00:00,7.736,7.752,7.725,7.745,22080.65,15
2026-06-10 13:15:00,7.745,7.765,7.73,7.759,12989.35,15
2026-06-10 13:30:00,7.758,7.901,7.747,7.898,71542.63,15
2026-06-10 13:45:00,7.898,7.9,7.821,7.825,42389.21,15
2026-06-10 14:00:00,7.825,7.83,7.78,7.784,32624.7,15
2026-06-10 14:15:00,7.786,7.803,7.745,7.778,18290.8,15
2026-06-10 14:30:00,7.777,7.8,7.741,7.767,22635.55,15
2026-06-10 14:45:00,7.766,7.775,7.726,7.774,32204.56,15
2026-06-10 15:00:00,7.775,7.813,7.714,7.741,38207.88,15
2026-06-10 15:15:00,7.74,7.818,7.728,7.806,17392.61,15
2026-06-10 15:30:00,7.806,7.823,7.773,7.808,36609.659999999996,15
2026-06-10 15:45:00,7.807,7.84,7.74,7.808,75024.74,15
2026-06-10 16:00:00,7.808,7.825,7.772,7.774,26343.85,15
2026-06-10 16:15:00,7.775,7.795,7.729,7.765,28028.49,15
2026-06-10 16:30:00,7.765,7.783,7.736,7.75,17254.46,15
2026-06-10 16:45:00,7.749,7.749,7.697,7.732,15595.31,15
2026-06-10 17:00:00,7.731,7.761,7.706,7.715,11437.53,15
2026-06-10 17:15:00,7.715,7.735,7.679,7.681,13014.33,15
2026-06-10 17:30:00,7.682,7.689,7.647,7.652,34739.38,15
2026-06-10 17:45:00,7.651,7.699,7.649,7.685,21123.91,15
2026-06-10 18:00:00,7.685,7.702,7.649,7.666,27090.91,15
2026-06-10 18:15:00,7.667,7.678,7.641,7.677,16178.77,15
2026-06-10 18:30:00,7.676,7.681,7.623,7.63,25042.35,15
2026-06-10 18:45:00,7.63,7.661,7.607,7.66,28331.12,15
2026-06-10 19:00:00,7.66,7.668,7.628,7.633,20682.530000000002,15
2026-06-10 19:15:00,7.632,7.643,7.603,7.63,8807.67,15
2026-06-10 19:30:00,7.63,7.659,7.624,7.638,12943.88,15
2026-06-10 19:45:00,7.637,7.64,7.599,7.62,41586.79,15
2026-06-10 20:00:00,7.619,7.625,7.58,7.608,24773.15,15
2026-06-10 20:15:00,7.609,7.637,7.594,7.625,12442.42,15
2026-06-10 20:30:00,7.624,7.625,7.602,7.602,9312.2,15
2026-06-10 20:45:00,7.602,7.605,7.571,7.599,22912.57,15
2026-06-10 21:00:00,7.598,7.599,7.523,7.534,30083.8,15
2026-06-10 21:15:00,7.535,7.565,7.501,7.559,46550.270000000004,15
2026-06-10 21:30:00,7.559,7.569,7.544,7.563,10780.279999999999,15
2026-06-10 21:45:00,7.563,7.565,7.481,7.517,43313.19,15
2026-06-10 22:00:00,7.517,7.527,7.492,7.52,25439.28,15
2026-06-10 22:15:00,7.519,7.533,7.495,7.52,26968.170000000002,15
2026-06-10 22:30:00,7.52,7.577,7.518,7.558,37578.23,15
2026-06-10 22:45:00,7.558,7.559,7.535,7.537,17608.43,15
2026-06-10 23:00:00,7.537,7.538,7.515,7.518,28366.82,15
2026-06-10 23:15:00,7.517,7.579,7.504,7.576,35539.26,15
2026-06-10 23:30:00,7.575,7.582,7.553,7.573,21285.67,15
2026-06-10 23:45:00,7.574,7.584,7.56,7.561,20963.46,15
2026-06-11 00:00:00,7.56,7.595,7.56,7.593,17516.7,15
2026-06-11 00:15:00,7.594,7.631,7.594,7.618,43523.25,15
2026-06-11 00:30:00,7.617,7.621,7.594,7.597,21065.75,15
2026-06-11 00:45:00,7.597,7.625,7.597,7.614,9042.95,15
2026-06-11 01:00:00,7.613,7.672,7.613,7.667,22946.6,15
2026-06-11 01:15:00,7.666,7.681,7.66,7.673,18038.79,15
2026-06-11 01:30:00,7.673,7.73,7.666,7.709,43320.85,15
2026-06-11 01:45:00,7.709,7.719,7.699,7.702,41225.83,15
2026-06-11 02:00:00,7.703,7.711,7.673,7.682,14771.88,15
2026-06-11 02:15:00,7.682,7.692,7.658,7.659,12948.82,15
2026-06-11 02:30:00,7.66,7.664,7.633,7.659,12934.45,15
2026-06-11 02:45:00,7.658,7.691,7.647,7.676,16141.24,15
2026-06-11 03:00:00,7.676,7.688,7.661,7.67,8667.76,15
2026-06-11 03:15:00,7.669,7.681,7.665,7.679,17578.57,15
2026-06-11 03:30:00,7.679,7.738,7.679,7.714,25073.14,15
2026-06-11 03:45:00,7.715,7.833,7.715,7.803,90625.38,15
2026-06-11 04:00:00,7.803,7.806,7.781,7.794,34805.39,15
2026-06-11 04:15:00,7.793,7.803,7.784,7.785,13911.24,15
2026-06-11 04:30:00,7.785,7.802,7.774,7.8,10733.33,15
2026-06-11 04:45:00,7.801,7.822,7.795,7.801,15686.23,15
2026-06-11 05:00:00,7.8,7.8,7.771,7.785,8931.76,15
2026-06-11 05:15:00,7.785,7.798,7.769,7.774,15167.71,15
2026-06-11 05:30:00,7.775,7.791,7.765,7.791,5152.59,15
2026-06-11 05:45:00,7.792,7.794,7.765,7.765,9263.23,15
2026-06-11 06:00:00,7.764,7.781,7.747,7.779,27542.63,15
2026-06-11 06:15:00,7.78,7.811,7.778,7.8,33593.560000000005,15
2026-06-11 06:30:00,7.799,7.808,7.785,7.79,12329.65,15
2026-06-11 06:45:00,7.79,7.793,7.765,7.77,6524.89,15
2026-06-11 07:00:00,7.769,7.775,7.757,7.768,10312.07,15
2026-06-11 07:15:00,7.767,7.791,7.765,7.787,6130.53,15
2026-06-11 07:30:00,7.788,7.792,7.757,7.76,8072.01,15
2026-06-11 07:45:00,7.761,7.773,7.761,7.772,3509.19,15
2026-06-11 08:00:00,7.772,7.799,7.772,7.794,18196.0,15
2026-06-11 08:15:00,7.794,7.835,7.791,7.834,16276.27,15
2026-06-11 08:30:00,7.835,7.845,7.819,7.824,20638.17,15
2026-06-11 08:45:00,7.823,7.836,7.821,7.828,13209.26,15
2026-06-11 09:00:00,7.828,7.836,7.797,7.802,33558.28,15
2026-06-11 09:15:00,7.802,7.802,7.785,7.79,18628.81,15
2026-06-11 09:30:00,7.79,7.806,7.789,7.794,11196.08,15
2026-06-11 09:45:00,7.794,7.815,7.793,7.802,16521.57,15
2026-06-11 10:00:00,7.802,7.811,7.79,7.799,14681.18,15
2026-06-11 10:15:00,7.799,7.802,7.783,7.799,10573.94,15
2026-06-11 10:30:00,7.798,7.811,7.795,7.8,10988.31,15
2026-06-11 10:45:00,7.801,7.835,7.801,7.83,25894.899999999998,15
2026-06-11 11:00:00,7.829,7.837,7.806,7.836,23561.260000000002,15
2026-06-11 11:15:00,7.836,7.843,7.817,7.837,11480.59,15
2026-06-11 11:30:00,7.837,7.859,7.822,7.837,27789.829999999998,15
2026-06-11 11:45:00,7.837,7.881,7.837,7.857,16223.39,15
2026-06-11 12:00:00,7.858,7.859,7.833,7.842,21712.65,15
2026-06-11 12:15:00,7.842,7.852,7.746,7.766,46921.28,15
2026-06-11 12:30:00,7.766,7.813,7.75,7.806,55882.71,15
2026-06-11 12:45:00,7.805,7.81,7.788,7.796,23309.12,15
2026-06-11 13:00:00,7.796,7.796,7.777,7.79,12741.01,15
2026-06-11 13:15:00,7.79,7.811,7.78,7.782,14554.87,15
2026-06-11 13:30:00,7.781,7.806,7.763,7.796,16199.19,15
2026-06-11 13:45:00,7.797,7.845,7.797,7.813,34628.25,15
2026-06-11 14:00:00,7.814,7.824,7.764,7.77,21053.43,15
2026-06-11 14:15:00,7.769,7.79,7.751,7.786,28234.04,15
2026-06-11 14:30:00,7.786,7.802,7.77,7.784,13637.23,15
2026-06-11 14:45:00,7.784,7.799,7.754,7.754,18083.3,15
2026-06-11 15:00:00,7.753,7.774,7.713,7.753,39559.33,15
2026-06-11 15:15:00,7.753,7.774,7.74,7.764,14190.13,15
2026-06-11 15:30:00,7.763,7.783,7.747,7.755,9848.86,15
2026-06-11 15:45:00,7.754,7.758,7.734,7.758,11003.64,15
2026-06-11 16:00:00,7.759,7.793,7.758,7.775,26536.39,15
2026-06-11 16:15:00,7.776,7.779,7.724,7.732,22186.940000000002,15
2026-06-11 16:30:00,7.731,7.765,7.712,7.742,20853.18,15
2026-06-11 16:45:00,7.743,7.744,7.711,7.719,12324.970000000001,15
2026-06-11 17:00:00,7.718,7.733,7.694,7.704,25321.91,15
2026-06-11 17:15:00,7.703,7.798,7.688,7.797,37985.61,15
2026-06-11 17:30:00,7.797,7.886,7.797,7.883,73989.54,15
2026-06-11 17:45:00,7.884,7.942,7.867,7.922,62040.4,15
2026-06-11 18:00:00,7.922,7.948,7.885,7.929,39465.76,15
2026-06-11 18:15:00,7.929,7.95,7.892,7.902,39477.39,15
2026-06-11 18:30:00,7.902,7.941,7.902,7.941,10949.16,15
2026-06-11 18:45:00,7.941,7.946,7.924,7.928,18016.93,15
2026-06-11 19:00:00,7.927,7.949,7.906,7.919,28156.76,15
2026-06-11 19:15:00,7.918,7.944,7.915,7.929,10697.09,15
2026-06-11 19:30:00,7.928,7.988,7.927,7.951,43738.63,15
2026-06-11 19:45:00,7.951,7.953,7.931,7.943,16255.41,15
2026-06-11 20:00:00,7.944,7.956,7.931,7.939,15159.52,15
2026-06-11 20:15:00,7.939,7.942,7.885,7.894,28250.06,15
2026-06-11 20:30:00,7.893,7.897,7.872,7.874,16725.36,15
2026-06-11 20:45:00,7.874,7.899,7.874,7.898,8711.44,15
2026-06-11 21:00:00,7.899,7.958,7.899,7.947,16382.44,15
2026-06-11 21:15:00,7.946,7.946,7.931,7.933,8417.57,15
2026-06-11 21:30:00,7.934,7.942,7.925,7.938,6126.33,15
2026-06-11 21:45:00,7.937,7.944,7.913,7.924,8477.0,15
2026-06-11 22:00:00,7.923,7.949,7.922,7.933,9615.22,15
2026-06-11 22:15:00,7.933,7.944,7.926,7.937,11837.58,15
2026-06-11 22:30:00,7.937,7.957,7.918,7.918,10526.16,15
2026-06-11 22:45:00,7.917,7.928,7.902,7.915,8635.17,15
2026-06-11 23:00:00,7.914,7.914,7.893,7.906,10211.91,15
2026-06-11 23:15:00,7.906,7.909,7.883,7.883,7889.71,15
2026-06-11 23:30:00,7.884,7.927,7.882,7.907,14845.32,15
2026-06-11 23:45:00,7.907,7.911,7.88,7.887,11511.0,15
2026-06-12 00:00:00,7.888,7.912,7.868,7.902,16957.81,15
2026-06-12 00:15:00,7.901,7.907,7.885,7.902,10402.039999999999,15
2026-06-12 00:30:00,7.902,7.923,7.894,7.913,8978.01,15
2026-06-12 00:45:00,7.913,7.916,7.897,7.898,4394.08,15
2026-06-12 01:00:00,7.898,7.898,7.873,7.887,7346.36,15
2026-06-12 01:15:00,7.887,7.897,7.849,7.861,12002.19,15
2026-06-12 01:30:00,7.86,7.871,7.857,7.862,10282.75,15
2026-06-12 01:45:00,7.862,7.888,7.862,7.885,8302.97,15
2026-06-12 02:00:00,7.886,7.933,7.886,7.923,8391.92,15
2026-06-12 02:15:00,7.924,7.927,7.91,7.915,3487.06,15
2026-06-12 02:30:00,7.916,7.934,7.91,7.934,3287.48,15
2026-06-12 02:45:00,7.935,7.935,7.901,7.905,6035.66,15
2026-06-12 03:00:00,7.905,7.919,7.9,7.912,8024.46,15
2026-06-12 03:15:00,7.912,7.912,7.876,7.889,5326.5,15
2026-06-12 03:30:00,7.889,7.906,7.884,7.895,4709.58,15
2026-06-12 03:45:00,7.895,7.905,7.89,7.905,4704.740000000001,15
2026-06-12 04:00:00,7.905,7.906,7.885,7.887,6186.08,15
2026-06-12 04:15:00,7.887,7.924,7.887,7.92,9275.19,15
2026-06-12 04:30:00,7.921,7.934,7.907,7.916,7951.77,15
2026-06-12 04:45:00,7.917,7.926,7.911,7.911,4509.18,15
2026-06-12 05:00:00,7.911,7.911,7.87,7.873,13951.96,15
2026-06-12 05:15:00,7.872,7.885,7.868,7.871,8342.8,15
2026-06-12 05:30:00,7.871,7.876,7.838,7.851,14851.76,15
2026-06-12 05:45:00,7.851,7.856,7.835,7.84,8230.25,15
2026-06-12 06:00:00,7.84,7.849,7.824,7.828,11094.86,15
2026-06-12 06:15:00,7.828,7.829,7.804,7.808,9195.130000000001,15
2026-06-12 06:30:00,7.807,7.807,7.753,7.769,23951.85,15
2026-06-12 06:45:00,7.769,7.795,7.769,7.78,10683.39,15
2026-06-12 07:00:00,7.781,7.812,7.781,7.786,8576.81,15
2026-06-12 07:15:00,7.786,7.808,7.784,7.797,8819.2,15
2026-06-12 07:30:00,7.797,7.809,7.791,7.8,4643.9800000000005,15
2026-06-12 07:45:00,7.801,7.831,7.794,7.813,16048.449999999999,15
2026-06-12 08:00:00,7.813,7.848,7.813,7.836,10537.34,15
2026-06-12 08:15:00,7.836,7.889,7.835,7.881,19148.989999999998,15
2026-06-12 08:30:00,7.881,7.884,7.852,7.853,14080.710000000001,15
2026-06-12 08:45:00,7.854,7.877,7.852,7.873,8964.59,15
2026-06-12 09:00:00,7.874,7.887,7.863,7.884,11210.62,15
2026-06-12 09:15:00,7.885,7.924,7.885,7.917,13694.05,15
2026-06-12 09:30:00,7.918,7.935,7.917,7.927,15431.97,15
2026-06-12 09:45:00,7.927,7.942,7.908,7.908,11570.64,15
2026-06-12 10:00:00,7.908,7.927,7.9,7.913,10579.29,15
2026-06-12 10:15:00,7.911,7.913,7.866,7.871,8231.76,15
2026-06-12 10:30:00,7.872,7.896,7.872,7.884,4079.86,15
2026-06-12 10:45:00,7.884,7.904,7.88,7.893,7999.2,15
2026-06-12 11:00:00,7.893,7.916,7.892,7.909,5569.22,15
2026-06-12 11:15:00,7.909,7.92,7.898,7.912,7371.9,15
2026-06-12 11:30:00,7.911,7.911,7.885,7.904,5363.89,15
2026-06-12 11:45:00,7.904,7.915,7.897,7.901,6069.35,15
2026-06-12 12:00:00,7.9,7.91,7.882,7.901,5687.27,15
2026-06-12 12:15:00,7.901,7.906,7.876,7.877,5377.54,15
2026-06-12 12:30:00,7.876,7.899,7.875,7.888,98213.18,15
2026-06-12 12:45:00,7.889,7.908,7.876,7.889,13277.39,15
2026-06-12 13:00:00,7.888,7.896,7.869,7.886,8864.98,15
2026-06-12 13:15:00,7.886,7.894,7.862,7.876,6685.09,15
2026-06-12 13:30:00,7.877,7.885,7.798,7.817,56884.11,15
2026-06-12 13:45:00,7.818,7.829,7.784,7.811,22627.42,15
2026-06-12 14:00:00,7.812,7.86,7.802,7.853,24195.48,15
2026-06-12 14:15:00,7.853,7.896,7.834,7.89,11600.69,15
2026-06-12 14:30:00,7.89,7.935,7.87,7.878,33181.58,15
2026-06-12 14:45:00,7.877,7.977,7.874,7.969,44352.81,15
2026-06-12 15:00:00,7.969,8.011,7.945,8.006,50544.49,15
2026-06-12 15:15:00,8.006,8.008,7.94,7.94,27656.89,15
2026-06-12 15:30:00,7.94,7.94,7.88,7.892,36911.22,15
2026-06-12 15:45:00,7.892,7.895,7.812,7.817,32504.01,15
2026-06-12 16:00:00,7.817,7.889,7.798,7.881,39508.13,15
2026-06-12 16:15:00,7.881,7.89,7.845,7.872,13995.04,15
2026-06-12 16:30:00,7.874,7.9,7.855,7.87,15766.17,15
2026-06-12 16:45:00,7.87,7.901,7.868,7.893,14757.91,15
2026-06-12 17:00:00,7.894,7.922,7.88,7.889,30704.57,15
2026-06-12 17:15:00,7.889,7.889,7.863,7.881,10697.97,15
2026-06-12 17:30:00,7.881,7.89,7.869,7.875,8990.55,15
2026-06-12 17:45:00,7.875,7.884,7.867,7.878,8281.44,15
2026-06-12 18:00:00,7.878,7.887,7.839,7.853,13248.66,15
2026-06-12 18:15:00,7.852,7.856,7.831,7.853,16045.23,15
2026-06-12 18:30:00,7.853,7.876,7.843,7.87,8602.11,15
2026-06-12 18:45:00,7.87,7.875,7.842,7.842,10371.64,15
2026-06-12 19:00:00,7.842,7.867,7.841,7.862,31939.99,15
2026-06-12 19:15:00,7.861,7.867,7.844,7.856,4551.62,15
2026-06-12 19:30:00,7.857,7.884,7.836,7.85,14522.140000000001,15
2026-06-12 19:45:00,7.85,7.856,7.831,7.84,8690.67,15
2026-06-12 20:00:00,7.84,7.857,7.833,7.855,7757.76,15
2026-06-12 20:15:00,7.855,7.861,7.841,7.857,9061.24,15
2026-06-12 20:30:00,7.858,7.867,7.853,7.857,5319.889999999999,15
2026-06-12 20:45:00,7.858,7.858,7.833,7.843,9259.12,15
2026-06-12 21:00:00,7.844,7.876,7.836,7.865,5882.83,15
2026-06-12 21:15:00,7.865,7.872,7.861,7.861,2371.52,15
2026-06-12 21:30:00,7.862,7.875,7.861,7.861,5274.02,15
2026-06-12 21:45:00,7.861,7.861,7.824,7.832,10812.3,15
2026-06-12 22:00:00,7.832,7.846,7.826,7.846,5682.69,15
2026-06-12 22:15:00,7.847,7.873,7.847,7.859,4865.37,15
2026-06-12 22:30:00,7.859,7.864,7.841,7.847,7969.63,15
2026-06-12 22:45:00,7.847,7.852,7.844,7.849,4830.360000000001,15
2026-06-12 23:00:00,7.848,7.848,7.828,7.831,2036.38,15
2026-06-12 23:15:00,7.832,7.839,7.819,7.833,6257.06,15
2026-06-12 23:30:00,7.832,7.853,7.826,7.84,6491.16,15
2026-06-12 23:45:00,7.84,7.867,7.84,7.867,5321.32,15
2026-06-13 00:00:00,7.867,7.88,7.859,7.88,6603.74,15
2026-06-13 00:15:00,7.88,7.898,7.879,7.883,8883.56,15
2026-06-13 00:30:00,7.882,7.901,7.882,7.894,5629.42,15
2026-06-13 00:45:00,7.894,7.898,7.881,7.889,5725.54,15
2026-06-13 01:00:00,7.889,7.912,7.889,7.909,5167.83,15
2026-06-13 01:15:00,7.91,7.911,7.894,7.911,5552.48,15
2026-06-13 01:30:00,7.912,7.949,7.908,7.936,24219.23,15
2026-06-13 01:45:00,7.936,7.947,7.935,7.945,5934.5,15
2026-06-13 02:00:00,7.945,7.945,7.93,7.932,9669.3,15
2026-06-13 02:15:00,7.932,7.932,7.908,7.914,19797.21,15
2026-06-13 02:30:00,7.915,7.924,7.906,7.91,10901.17,15
2026-06-13 02:45:00,7.91,7.917,7.901,7.91,6284.59,15
2026-06-13 03:00:00,7.91,7.921,7.903,7.907,13451.84,15
2026-06-13 03:15:00,7.907,7.909,7.871,7.878,19736.809999999998,15
2026-06-13 03:30:00,7.879,7.89,7.878,7.886,5251.12,15
2026-06-13 03:45:00,7.885,7.897,7.884,7.893,4991.07,15
2026-06-13 04:00:00,7.892,7.897,7.868,7.875,6365.29,15
2026-06-13 04:15:00,7.874,7.889,7.871,7.874,10244.0,15
2026-06-13 04:30:00,7.875,7.902,7.875,7.899,5841.66,15
2026-06-13 04:45:00,7.898,7.911,7.877,7.878,14732.34,15
2026-06-13 05:00:00,7.878,7.895,7.875,7.89,3782.82,15
2026-06-13 05:15:00,7.889,7.889,7.872,7.874,6345.360000000001,15
2026-06-13 05:30:00,7.875,7.894,7.871,7.881,7226.2,15
2026-06-13 05:45:00,7.881,7.884,7.858,7.884,5622.6,15
2026-06-13 06:00:00,7.885,7.895,7.88,7.881,4326.47,15
2026-06-13 06:15:00,7.88,7.887,7.867,7.887,7623.41,15
2026-06-13 06:30:00,7.888,7.906,7.883,7.903,7074.7,15
2026-06-13 06:45:00,7.903,7.934,7.903,7.925,17831.010000000002,15
2026-06-13 07:00:00,7.926,7.929,7.897,7.924,11695.96,15
2026-06-13 07:15:00,7.924,7.97,7.919,7.963,14331.220000000001,15
2026-06-13 07:30:00,7.963,7.963,7.941,7.951,12311.67,15
2026-06-13 07:45:00,7.951,7.971,7.949,7.964,21735.25,15
2026-06-13 08:00:00,7.964,7.973,7.951,7.956,17186.33,15
2026-06-13 08:15:00,7.955,7.965,7.945,7.958,9799.35,15
2026-06-13 08:30:00,7.958,7.984,7.957,7.973,15937.65,15
2026-06-13 08:45:00,7.972,7.975,7.961,7.962,8338.75,15
2026-06-13 09:00:00,7.962,7.97,7.955,7.965,9193.15,15
2026-06-13 09:15:00,7.965,7.98,7.957,7.96,5663.76,15
2026-06-13 09:30:00,7.959,7.961,7.949,7.956,7199.6900000000005,15
2026-06-13 09:45:00,7.957,7.958,7.948,7.954,5362.04,15
2026-06-13 10:00:00,7.955,7.966,7.953,7.959,4329.83,15
2026-06-13 10:15:00,7.958,7.967,7.949,7.96,3581.85,15
2026-06-13 10:30:00,7.96,7.972,7.959,7.968,6703.95,15
2026-06-13 10:45:00,7.968,7.977,7.951,7.962,6805.67,15
2026-06-13 11:00:00,7.963,7.985,7.957,7.985,6610.58,15
2026-06-13 11:15:00,7.986,7.993,7.983,7.989,11564.57,15
2026-06-13 11:30:00,7.989,7.99,7.977,7.979,6369.259999999999,15
2026-06-13 11:45:00,7.979,7.99,7.973,7.99,5125.45,15
2026-06-13 12:00:00,7.99,7.991,7.976,7.987,4303.14,15
2026-06-13 12:15:00,7.986,8.0,7.984,7.988,25353.4,15
2026-06-13 12:30:00,7.988,7.998,7.988,7.996,5252.74,15
2026-06-13 12:45:00,7.995,8.031,7.995,8.01,14486.56,15
2026-06-13 13:00:00,8.011,8.011,7.995,8.002,12002.41,15
2026-06-13 13:15:00,8.002,8.005,7.992,7.999,14248.3,15
2026-06-13 13:30:00,7.999,8.006,7.984,7.995,9322.95,15
2026-06-13 13:45:00,7.995,7.995,7.976,7.994,13802.99,15
2026-06-13 14:00:00,7.995,8.012,7.991,8.006,8699.2,15
2026-06-13 14:15:00,8.006,8.016,7.993,7.996,12326.27,15
2026-06-13 14:30:00,7.996,8.006,7.993,7.996,6142.48,15
2026-06-13 14:45:00,7.997,8.014,7.997,8.011,5460.18,15
2026-06-13 15:00:00,8.012,8.017,8.0,8.016,17493.45,15
2026-06-13 15:15:00,8.016,8.029,8.014,8.023,26916.42,15
2026-06-13 15:30:00,8.024,8.044,8.015,8.017,24885.18,15
2026-06-13 15:45:00,8.016,8.029,8.007,8.026,5918.26,15
2026-06-13 16:00:00,8.027,8.029,7.989,7.999,39083.75,15
2026-06-13 16:15:00,7.999,7.999,7.938,7.971,55922.57,15
2026-06-13 16:30:00,7.971,7.981,7.957,7.98,22677.6,15
2026-06-13 16:45:00,7.98,8.004,7.963,7.995,28613.260000000002,15
2026-06-13 17:00:00,7.994,7.999,7.979,7.996,13710.19,15
2026-06-13 17:15:00,7.997,8.019,7.994,8.018,7263.21,15
2026-06-13 17:30:00,8.018,8.024,8.014,8.022,15992.74,15
2026-06-13 17:45:00,8.023,8.024,7.985,7.992,12876.93,15
2026-06-13 18:00:00,7.992,8.007,7.991,7.998,6760.08,15
2026-06-13 18:15:00,7.998,8.022,7.991,8.018,6225.76,15
2026-06-13 18:30:00,8.017,8.022,8.003,8.016,5926.54,15
2026-06-13 18:45:00,8.016,8.017,7.965,7.984,16137.13,15
2026-06-13 19:00:00,7.983,7.986,7.974,7.98,9014.85,15
2026-06-13 19:15:00,7.981,7.982,7.962,7.974,17630.59,15
2026-06-13 19:30:00,7.975,8.005,7.971,8.004,17472.53,15
2026-06-13 19:45:00,8.004,8.01,7.99,7.991,5976.389999999999,15
2026-06-13 20:00:00,7.992,7.992,7.969,7.979,3172.08,15
2026-06-13 20:15:00,7.98,7.99,7.972,7.973,5154.72,15
2026-06-13 20:30:00,7.973,7.982,7.968,7.979,4497.35,15
2026-06-13 20:45:00,7.979,7.995,7.978,7.984,7428.87,15
2026-06-13 21:00:00,7.984,7.988,7.957,7.96,7500.7,15
2026-06-13 21:15:00,7.96,7.968,7.96,7.968,4534.53,15
2026-06-13 21:30:00,7.967,8.05,7.967,8.03,41945.009999999995,15
2026-06-13 21:45:00,8.031,8.038,8.017,8.023,15723.68,15
2026-06-13 22:00:00,8.024,8.024,7.991,7.997,11402.14,15
2026-06-13 22:15:00,7.997,8.005,7.992,7.998,4569.09,15
2026-06-13 22:30:00,7.999,8.006,7.986,7.986,10913.3,15
2026-06-13 22:45:00,7.986,7.999,7.982,7.982,10620.41,15
2026-06-13 23:00:00,7.982,7.987,7.976,7.977,9684.03,15
2026-06-13 23:15:00,7.977,7.991,7.967,7.97,9096.15,15
2026-06-13 23:30:00,7.969,7.998,7.968,7.977,16264.13,15
2026-06-13 23:45:00,7.977,7.987,7.968,7.987,5942.139999999999,15
2026-06-14 00:00:00,7.987,7.987,7.962,7.968,12363.91,15
2026-06-14 00:15:00,7.968,7.976,7.96,7.963,8637.86,15
2026-06-14 00:30:00,7.962,7.98,7.962,7.975,2394.86,15
2026-06-14 00:45:00,7.976,7.978,7.959,7.968,5748.3,15
2026-06-14 01:00:00,7.969,7.988,7.957,7.983,6915.35,15
2026-06-14 01:15:00,7.983,8.009,7.982,7.995,11296.9,15
2026-06-14 01:30:00,7.994,7.994,7.978,7.982,7114.0,15
2026-06-14 01:45:00,7.981,7.993,7.97,7.972,14321.18,15
2026-06-14 02:00:00,7.972,8.001,7.967,7.999,12497.35,15
2026-06-14 02:15:00,7.999,8.002,7.962,7.966,8057.14,15
2026-06-14 02:30:00,7.966,7.97,7.956,7.958,6027.8,15
2026-06-14 02:45:00,7.959,7.968,7.954,7.963,24369.260000000002,15
2026-06-14 03:00:00,7.962,7.962,7.953,7.956,6144.13,15
2026-06-14 03:15:00,7.956,7.973,7.954,7.972,4082.22,15
2026-06-14 03:30:00,7.973,7.975,7.953,7.955,5323.65,15
2026-06-14 03:45:00,7.955,7.97,7.953,7.965,13009.45,15
2026-06-14 04:00:00,7.965,7.967,7.943,7.953,6191.42,15
2026-06-14 04:15:00,7.954,7.958,7.941,7.943,7472.4,15
2026-06-14 04:30:00,7.943,7.946,7.922,7.923,9597.26,15
2026-06-14 04:45:00,7.922,7.923,7.906,7.919,62271.58,15
2026-06-14 05:00:00,7.919,7.923,7.91,7.915,7271.1,15
2026-06-14 05:15:00,7.915,7.916,7.901,7.904,7425.64,15
2026-06-14 05:30:00,7.903,7.93,7.893,7.927,25892.08,15
2026-06-14 05:45:00,7.927,7.934,7.921,7.923,8153.0,15
2026-06-14 06:00:00,7.924,7.954,7.924,7.954,6117.34,15
2026-06-14 06:15:00,7.953,7.953,7.934,7.946,5242.69,15
2026-06-14 06:30:00,7.947,7.947,7.92,7.923,9351.18,15
2026-06-14 06:45:00,7.923,7.925,7.915,7.922,5077.84,15
2026-06-14 07:00:00,7.923,7.923,7.906,7.911,3547.53,15
2026-06-14 07:15:00,7.911,7.925,7.911,7.918,5696.64,15
2026-06-14 07:30:00,7.917,7.917,7.886,7.891,9732.83,15
2026-06-14 07:45:00,7.891,7.914,7.89,7.907,2729.69,15
2026-06-14 08:00:00,7.907,7.922,7.898,7.914,8914.98,15
2026-06-14 08:15:00,7.915,7.928,7.915,7.927,9187.66,15
2026-06-14 08:30:00,7.927,7.928,7.912,7.923,5138.02,15
2026-06-14 08:45:00,7.923,7.932,7.91,7.915,8336.57,15
2026-06-14 09:00:00,7.915,7.921,7.908,7.914,6309.5,15
2026-06-14 09:15:00,7.915,7.915,7.881,7.903,18384.940000000002,15
2026-06-14 09:30:00,7.903,7.944,7.899,7.943,6536.34,15
2026-06-14 09:45:00,7.943,7.948,7.939,7.947,11378.31,15
2026-06-14 10:00:00,7.947,7.947,7.931,7.936,4405.78,15
2026-06-14 10:15:00,7.935,7.951,7.934,7.939,8555.92,15
2026-06-14 10:30:00,7.939,7.949,7.938,7.941,7521.24,15
2026-06-14 10:45:00,7.94,7.942,7.915,7.916,5317.71,15
2026-06-14 11:00:00,7.916,7.926,7.91,7.921,2329.13,15
2026-06-14 11:15:00,7.921,7.931,7.912,7.929,2493.92,15
2026-06-14 11:30:00,7.929,7.945,7.928,7.938,6953.43,15
2026-06-14 11:45:00,7.939,7.944,7.926,7.927,3944.87,15
2026-06-14 12:00:00,7.927,7.932,7.918,7.923,2542.17,15
2026-06-14 12:15:00,7.922,7.93,7.92,7.92,3160.9,15
2026-06-14 12:30:00,7.92,7.925,7.888,7.905,8629.210000000001,15
2026-06-14 12:45:00,7.905,7.906,7.88,7.884,7309.86,15
2026-06-14 13:00:00,7.885,7.895,7.879,7.889,13683.029999999999,15
2026-06-14 13:15:00,7.889,7.893,7.873,7.875,9877.060000000001,15
2026-06-14 13:30:00,7.875,7.884,7.858,7.88,10524.8,15
2026-06-14 13:45:00,7.879,7.884,7.861,7.873,5697.32,15
2026-06-14 14:00:00,7.873,7.88,7.862,7.869,7916.110000000001,15
2026-06-14 14:15:00,7.87,7.877,7.851,7.851,15423.36,15
2026-06-14 14:30:00,7.85,7.85,7.794,7.804,49235.94,15
2026-06-14 14:45:00,7.804,7.832,7.803,7.832,8616.9,15
2026-06-14 15:00:00,7.831,7.846,7.831,7.84,10123.9,15
2026-06-14 15:15:00,7.839,7.845,7.828,7.837,6245.01,15
2026-06-14 15:30:00,7.836,7.851,7.831,7.839,4238.18,15
2026-06-14 15:45:00,7.838,7.844,7.834,7.841,7932.37,15
2026-06-14 16:00:00,7.841,7.864,7.838,7.86,6083.8099999999995,15
2026-06-14 16:15:00,7.859,7.876,7.857,7.865,3063.65,15
2026-06-14 16:30:00,7.865,7.871,7.86,7.865,3864.87,15
2026-06-14 16:45:00,7.865,7.866,7.837,7.843,14465.31,15
2026-06-14 17:00:00,7.843,7.863,7.84,7.853,27519.92,15
2026-06-14 17:15:00,7.852,7.859,7.843,7.844,5149.15,15
2026-06-14 17:30:00,7.844,7.851,7.825,7.834,7573.44,15
2026-06-14 17:45:00,7.834,7.839,7.811,7.816,16972.95,15
2026-06-14 18:00:00,7.817,7.831,7.813,7.831,8925.43,15
2026-06-14 18:15:00,7.831,7.836,7.783,7.797,27218.879999999997,15
2026-06-14 18:30:00,7.796,7.816,7.795,7.815,4322.07,15
2026-06-14 18:45:00,7.815,7.817,7.809,7.815,8424.73,15
2026-06-14 19:00:00,7.814,7.826,7.806,7.82,3973.55,15
2026-06-14 19:15:00,7.821,7.838,7.821,7.838,6417.53,15
2026-06-14 19:30:00,7.838,7.847,7.827,7.828,3082.25,15
2026-06-14 19:45:00,7.828,7.828,7.819,7.821,3672.59,15
2026-06-14 20:00:00,7.822,7.827,7.808,7.817,6999.0599999999995,15
2026-06-14 20:15:00,7.817,7.847,7.816,7.838,16544.52,15
2026-06-14 20:30:00,7.839,7.872,7.835,7.863,8108.58,15
2026-06-14 20:45:00,7.864,7.87,7.853,7.853,4505.21,15
2026-06-14 21:00:00,7.854,7.872,7.851,7.871,15630.52,15
2026-06-14 21:15:00,7.871,8.023,7.871,8.007,68692.94,15
2026-06-14 21:30:00,8.007,8.087,8.003,8.077,76706.59,15
2026-06-14 21:45:00,8.078,8.147,8.068,8.072,58968.49,15
2026-06-14 22:00:00,8.073,8.118,8.04,8.078,47823.49,15
2026-06-14 22:15:00,8.077,8.105,8.048,8.083,23008.399999999998,15
2026-06-14 22:30:00,8.084,8.139,8.077,8.124,19413.82,15
2026-06-14 22:45:00,8.124,8.134,8.103,8.113,22798.92,15
2026-06-14 23:00:00,8.114,8.135,8.091,8.118,40175.25,15
2026-06-14 23:15:00,8.118,8.164,8.114,8.15,53344.8,15
2026-06-14 23:30:00,8.151,8.161,8.123,8.131,23238.78,15
2026-06-14 23:45:00,8.131,8.184,8.13,8.181,28022.3,15
2026-06-15 00:00:00,8.181,8.219,8.17,8.219,51918.31,15
2026-06-15 00:15:00,8.218,8.218,8.17,8.197,35116.03,15
2026-06-15 00:30:00,8.196,8.197,8.14,8.144,27647.5,15
2026-06-15 00:45:00,8.144,8.166,8.134,8.157,20001.96,15
2026-06-15 01:00:00,8.158,8.161,8.106,8.143,33581.89,15
2026-06-15 01:15:00,8.144,8.145,8.11,8.11,11672.68,15
2026-06-15 01:30:00,8.11,8.168,8.105,8.168,20138.75,15
2026-06-15 01:45:00,8.167,8.169,8.124,8.125,12726.7,15
2026-06-15 02:00:00,8.125,8.176,8.121,8.175,14590.07,15
2026-06-15 02:15:00,8.175,8.202,8.171,8.173,19607.6,15
2026-06-15 02:30:00,8.172,8.177,8.154,8.164,11306.01,15
2026-06-15 02:45:00,8.163,8.17,8.151,8.159,13806.16,15
2026-06-15 03:00:00,8.16,8.197,8.152,8.194,12108.130000000001,15
2026-06-15 03:15:00,8.194,8.197,8.183,8.192,12467.63,15
2026-06-15 03:30:00,8.193,8.215,8.183,8.211,27130.65,15
2026-06-15 03:45:00,8.21,8.211,8.193,8.197,18349.21,15
2026-06-15 04:00:00,8.197,8.204,8.174,8.191,41010.37,15
2026-06-15 04:15:00,8.191,8.202,8.181,8.184,8703.46,15
2026-06-15 04:30:00,8.185,8.189,8.152,8.164,18099.21,15
2026-06-15 04:45:00,8.164,8.18,8.159,8.167,12334.5,15
2026-06-15 05:00:00,8.168,8.18,8.153,8.178,7018.26,15
2026-06-15 05:15:00,8.178,8.212,8.175,8.211,11966.84,15
2026-06-15 05:30:00,8.211,8.214,8.178,8.181,9391.369999999999,15
2026-06-15 05:45:00,8.181,8.212,8.18,8.209,8880.44,15
2026-06-15 06:00:00,8.209,8.217,8.198,8.203,15278.92,15
2026-06-15 06:15:00,8.204,8.231,8.197,8.219,11159.380000000001,15
2026-06-15 06:30:00,8.219,8.223,8.192,8.204,11644.14,15
2026-06-15 06:45:00,8.204,8.22,8.2,8.201,9405.08,15
2026-06-15 07:00:00,8.201,8.206,8.179,8.201,14265.27,15
2026-06-15 07:15:00,8.201,8.227,8.201,8.218,11539.85,15
2026-06-15 07:30:00,8.217,8.217,8.177,8.188,12986.85,15
2026-06-15 07:45:00,8.188,8.2,8.178,8.183,9524.67,15
2026-06-15 08:00:00,8.184,8.212,8.173,8.212,9407.07,15
2026-06-15 08:15:00,8.212,8.225,8.18,8.203,23499.63,15
2026-06-15 08:30:00,8.204,8.227,8.199,8.219,18326.2,15
2026-06-15 08:45:00,8.22,8.23,8.207,8.208,10557.56,15
2026-06-15 09:00:00,8.209,8.218,8.201,8.206,5906.59,15
2026-06-15 09:15:00,8.206,8.228,8.204,8.204,14717.1,15
2026-06-15 09:30:00,8.204,8.207,8.163,8.185,16842.760000000002,15
2026-06-15 09:45:00,8.185,8.208,8.179,8.206,12264.08,15
2026-06-15 10:00:00,8.205,8.231,8.203,8.225,11778.4,15
2026-06-15 10:15:00,8.225,8.233,8.22,8.223,13409.32,15
2026-06-15 10:30:00,8.224,8.247,8.223,8.242,12042.57,15
2026-06-15 10:45:00,8.242,8.349,8.232,8.338,88865.51,15
2026-06-15 11:00:00,8.339,8.354,8.295,8.34,66176.82,15
2026-06-15 11:15:00,8.341,8.454,8.337,8.435,96105.0,15
2026-06-15 11:30:00,8.436,8.447,8.298,8.348,112052.42,15
2026-06-15 11:45:00,8.348,8.366,8.256,8.307,135056.26,15
2026-06-15 12:00:00,8.307,8.326,8.291,8.315,61163.28,15
2026-06-15 12:15:00,8.315,8.322,8.282,8.32,29109.04,15
2026-06-15 12:30:00,8.32,8.362,8.295,8.362,40139.66,15
2026-06-15 12:45:00,8.362,8.363,8.337,8.355,50468.72,15
2026-06-15 13:00:00,8.354,8.408,8.339,8.407,45881.31,15
2026-06-15 13:15:00,8.407,8.521,8.406,8.506,99418.33,15
2026-06-15 13:30:00,8.505,8.516,8.433,8.463,57481.17,15
2026-06-15 13:45:00,8.462,8.493,8.44,8.47,42831.63,15
2026-06-15 14:00:00,8.471,8.477,8.422,8.45,51284.92,15
2026-06-15 14:15:00,8.45,8.467,8.429,8.466,23448.260000000002,15
2026-06-15 14:30:00,8.466,8.472,8.427,8.445,19184.01,15
2026-06-15 14:45:00,8.445,8.468,8.443,8.455,28267.84,15
2026-06-15 15:00:00,8.454,8.472,8.444,8.449,22279.77,15
2026-06-15 15:15:00,8.448,8.473,8.436,8.45,38335.75,15
2026-06-15 15:30:00,8.451,8.505,8.419,8.505,61092.35,15
2026-06-15 15:45:00,8.504,8.6,8.504,8.561,101110.26,15
2026-06-15 16:00:00,8.561,8.561,8.525,8.542,59125.05,15
2026-06-15 16:15:00,8.542,8.571,8.508,8.571,31504.48,15
2026-06-15 16:30:00,8.571,8.586,8.54,8.56,28016.239999999998,15
2026-06-15 16:45:00,8.56,8.577,8.532,8.555,19584.32,15
2026-06-15 17:00:00,8.555,8.556,8.458,8.497,54153.64,15
2026-06-15 17:15:00,8.496,8.513,8.472,8.489,12450.34,15
2026-06-15 17:30:00,8.488,8.503,8.453,8.493,12023.85,15
2026-06-15 17:45:00,8.492,8.507,8.479,8.493,23193.53,15
2026-06-15 18:00:00,8.493,8.497,8.466,8.483,17681.84,15
2026-06-15 18:15:00,8.482,8.489,8.467,8.468,7920.24,15
2026-06-15 18:30:00,8.467,8.494,8.457,8.473,30120.18,15
2026-06-15 18:45:00,8.473,8.501,8.458,8.462,13966.56,15
2026-06-15 19:00:00,8.461,8.502,8.452,8.496,12126.039999999999,15
2026-06-15 19:15:00,8.497,8.509,8.374,8.404,42505.92,15
2026-06-15 19:30:00,8.405,8.451,8.401,8.451,15775.34,15
2026-06-15 19:45:00,8.452,8.453,8.387,8.41,45196.36,15
2026-06-15 20:00:00,8.41,8.425,8.395,8.413,31176.79,15
2026-06-15 20:15:00,8.414,8.415,8.388,8.397,14605.77,15
2026-06-15 20:30:00,8.398,8.407,8.38,8.382,11076.38,15
2026-06-15 20:45:00,8.382,8.39,8.368,8.376,16007.01,15
2026-06-15 21:00:00,8.377,8.396,8.362,8.395,18459.64,15
2026-06-15 21:15:00,8.394,8.398,8.357,8.357,10849.94,15
2026-06-15 21:30:00,8.356,8.378,8.343,8.375,18509.73,15
2026-06-15 21:45:00,8.376,8.377,8.353,8.354,7401.55,15
2026-06-15 22:00:00,8.355,8.376,8.353,8.353,6022.61,15
2026-06-15 22:15:00,8.353,8.36,8.266,8.28,54439.92,15
2026-06-15 22:30:00,8.28,8.313,8.26,8.287,19650.97,15
2026-06-15 22:45:00,8.286,8.29,8.261,8.269,16986.84,15
2026-06-15 23:00:00,8.268,8.29,8.267,8.285,11166.51,15
2026-06-15 23:15:00,8.284,8.288,8.26,8.273,13081.300000000001,15
2026-06-15 23:30:00,8.273,8.285,8.249,8.284,15628.33,15
2026-06-15 23:45:00,8.284,8.306,8.282,8.3,14992.23,15
2026-06-16 00:00:00,8.299,8.323,8.289,8.323,23045.02,15
2026-06-16 00:15:00,8.323,8.328,8.289,8.293,13243.84,15
2026-06-16 00:30:00,8.292,8.338,8.292,8.328,24017.45,15
2026-06-16 00:45:00,8.327,8.329,8.28,8.284,10261.05,15
2026-06-16 01:00:00,8.285,8.315,8.282,8.288,11427.949999999999,15
2026-06-16 01:15:00,8.288,8.296,8.277,8.282,7126.9800000000005,15
2026-06-16 01:30:00,8.282,8.289,8.272,8.283,4358.96,15
2026-06-16 01:45:00,8.283,8.288,8.255,8.259,8990.46,15
2026-06-16 02:00:00,8.259,8.263,8.212,8.215,23439.28,15
2026-06-16 02:15:00,8.214,8.226,8.151,8.157,60391.990000000005,15
2026-06-16 02:30:00,8.156,8.186,8.152,8.184,25982.620000000003,15
2026-06-16 02:45:00,8.185,8.201,8.167,8.181,27787.72,15
2026-06-16 03:00:00,8.181,8.21,8.172,8.208,37093.79,15
2026-06-16 03:15:00,8.209,8.241,8.17,8.239,11976.18,15
2026-06-16 03:30:00,8.24,8.254,8.234,8.253,16876.23,15
2026-06-16 03:45:00,8.254,8.261,8.246,8.254,29406.38,15
2026-06-16 04:00:00,8.252,8.273,8.243,8.25,12834.29,15
2026-06-16 04:15:00,8.249,8.251,8.22,8.22,8415.43,15
2026-06-16 04:30:00,8.219,8.219,8.184,8.191,19737.14,15
2026-06-16 04:45:00,8.191,8.199,8.18,8.188,9067.39,15
2026-06-16 05:00:00,8.188,8.221,8.188,8.208,18678.45,15
2026-06-16 05:15:00,8.207,8.227,8.196,8.211,25087.4,15
2026-06-16 05:30:00,8.21,8.215,8.196,8.211,5404.8,15
2026-06-16 05:45:00,8.212,8.222,8.204,8.208,6364.45,15
2026-06-16 06:00:00,8.207,8.227,8.206,8.225,5640.13,15
2026-06-16 06:15:00,8.226,8.239,8.215,8.237,7377.85,15
2026-06-16 06:30:00,8.236,8.264,8.23,8.252,13482.72,15
2026-06-16 06:45:00,8.252,8.271,8.252,8.262,6769.29,15
2026-06-16 07:00:00,8.263,8.276,8.25,8.253,9978.84,15
2026-06-16 07:15:00,8.252,8.266,8.245,8.262,8666.119999999999,15
2026-06-16 07:30:00,8.261,8.293,8.261,8.275,17893.51,15
2026-06-16 07:45:00,8.275,8.293,8.273,8.285,8798.92,15
2026-06-16 08:00:00,8.285,8.316,8.277,8.313,9391.14,15
2026-06-16 08:15:00,8.314,8.342,8.311,8.337,21737.98,15
2026-06-16 08:30:00,8.337,8.358,8.329,8.358,25695.08,15
2026-06-16 08:45:00,8.358,8.431,8.35,8.404,39363.26,15
2026-06-16 09:00:00,8.405,8.414,8.378,8.385,25075.42,15
2026-06-16 09:15:00,8.385,8.385,8.333,8.353,16217.609999999999,15
2026-06-16 09:30:00,8.353,8.37,8.342,8.362,10286.08,15
2026-06-16 09:45:00,8.363,8.369,8.336,8.35,16367.869999999999,15
2026-06-16 10:00:00,8.349,8.355,8.331,8.333,11333.73,15
2026-06-16 10:15:00,8.334,8.377,8.334,8.377,16222.18,15
2026-06-16 10:30:00,8.376,8.377,8.359,8.363,9376.78,15
2026-06-16 10:45:00,8.363,8.369,8.339,8.345,15000.52,15
2026-06-16 11:00:00,8.345,8.369,8.326,8.334,7396.43,15
2026-06-16 11:15:00,8.334,8.356,8.309,8.322,28430.73,15
2026-06-16 11:30:00,8.321,8.322,8.298,8.315,18878.84,15
2026-06-16 11:45:00,8.314,8.334,8.308,8.333,7788.94,15
2026-06-16 12:00:00,8.334,8.364,8.312,8.36,11162.04,15
2026-06-16 12:15:00,8.361,8.417,8.361,8.408,36978.01,15
2026-06-16 12:30:00,8.409,8.484,8.391,8.406,32270.25,15
2026-06-16 12:45:00,8.405,8.405,8.377,8.391,22457.54,15
2026-06-16 13:00:00,8.392,8.397,8.274,8.312,40667.29,15
2026-06-16 13:15:00,8.312,8.34,8.29,8.293,15571.48,15
2026-06-16 13:30:00,8.293,8.322,8.27,8.301,26479.78,15
2026-06-16 13:45:00,8.301,8.31,8.247,8.255,44310.57,15
2026-06-16 14:00:00,8.256,8.297,8.23,8.239,26925.33,15
2026-06-16 14:15:00,8.239,8.25,8.132,8.134,95649.43,15
2026-06-16 14:30:00,8.135,8.184,8.094,8.167,46882.62,15
2026-06-16 14:45:00,8.167,8.191,8.154,8.162,19667.510000000002,15
2026-06-16 15:00:00,8.161,8.202,8.153,8.202,15903.76,15
2026-06-16 15:15:00,8.2,8.206,8.164,8.192,17603.99,15
2026-06-16 15:30:00,8.193,8.232,8.183,8.189,17238.68,15
2026-06-16 15:45:00,8.188,8.222,8.163,8.197,14819.86,15
2026-06-16 16:00:00,8.198,8.212,8.186,8.189,10099.67,15
2026-06-16 16:15:00,8.19,8.209,8.18,8.203,12890.25,15
2026-06-16 16:30:00,8.202,8.202,8.167,8.189,8571.06,15
2026-06-16 16:45:00,8.189,8.192,8.164,8.177,9668.23,15
2026-06-16 17:00:00,8.178,8.197,8.178,8.185,11564.58,15
2026-06-16 17:15:00,8.185,8.222,8.178,8.189,6723.0599999999995,15
2026-06-16 17:30:00,8.189,8.216,8.18,8.199,14358.07,15
2026-06-16 17:45:00,8.2,8.265,8.196,8.256,13472.28,15
2026-06-16 18:00:00,8.257,8.329,8.251,8.315,25056.97,15
2026-06-16 18:15:00,8.315,8.317,8.264,8.284,11657.16,15
2026-06-16 18:30:00,8.285,8.306,8.279,8.299,12324.31,15
2026-06-16 18:45:00,8.299,8.318,8.292,8.303,19258.510000000002,15
2026-06-16 19:00:00,8.303,8.303,8.26,8.26,9746.53,15
2026-06-16 19:15:00,8.261,8.276,8.23,8.271,12422.43,15
2026-06-16 19:30:00,8.272,8.291,8.265,8.278,11001.97,15
2026-06-16 19:45:00,8.278,8.294,8.242,8.258,27164.73,15
2026-06-16 20:00:00,8.258,8.293,8.242,8.285,9006.29,15
2026-06-16 20:15:00,8.285,8.313,8.266,8.275,10505.89,15
2026-06-16 20:30:00,8.276,8.34,8.273,8.337,27198.47,15
2026-06-16 20:45:00,8.338,8.34,8.32,8.331,10595.880000000001,15
2026-06-16 21:00:00,8.332,8.351,8.316,8.341,22677.1,15
2026-06-16 21:15:00,8.341,8.348,8.306,8.311,14551.27,15
2026-06-16 21:30:00,8.312,8.315,8.286,8.305,7052.07,15
2026-06-16 21:45:00,8.305,8.317,8.305,8.314,5829.889999999999,15
2026-06-16 22:00:00,8.314,8.335,8.299,8.323,10599.05,15
2026-06-16 22:15:00,8.324,8.331,8.292,8.305,8604.43,15
2026-06-16 22:30:00,8.306,8.314,8.295,8.295,22929.64,15
2026-06-16 22:45:00,8.295,8.309,8.287,8.306,6984.12,15
2026-06-16 23:00:00,8.305,8.318,8.287,8.295,8035.83,15
2026-06-16 23:15:00,8.295,8.295,8.268,8.287,7162.55,15
2026-06-16 23:30:00,8.287,8.3,8.285,8.29,4885.88,15
2026-06-16 23:45:00,8.29,8.29,8.267,8.277,8344.71,15
2026-06-17 00:00:00,8.277,8.302,8.276,8.282,10005.08,15
2026-06-17 00:15:00,8.281,8.289,8.267,8.28,7261.09,15
2026-06-17 00:30:00,8.279,8.3,8.268,8.298,6683.47,15
2026-06-17 00:45:00,8.298,8.312,8.279,8.294,8744.8,15
2026-06-17 01:00:00,8.296,8.328,8.29,8.322,10405.62,15
2026-06-17 01:15:00,8.321,8.321,8.255,8.28,13646.17,15
2026-06-17 01:30:00,8.281,8.332,8.264,8.31,9842.619999999999,15
2026-06-17 01:45:00,8.309,8.364,8.309,8.352,11081.46,15
2026-06-17 02:00:00,8.353,8.36,8.345,8.358,6348.9800000000005,15
2026-06-17 02:15:00,8.358,8.418,8.354,8.407,26765.38,15
2026-06-17 02:30:00,8.408,8.41,8.326,8.356,20855.95,15
2026-06-17 02:45:00,8.357,8.375,8.348,8.373,15715.77,15
2026-06-17 03:00:00,8.372,8.372,8.339,8.339,11441.59,15
2026-06-17 03:15:00,8.339,8.339,8.32,8.329,6133.46,15
2026-06-17 03:30:00,8.33,8.361,8.33,8.339,4561.76,15
2026-06-17 03:45:00,8.34,8.356,8.328,8.353,5719.53,15
2026-06-17 04:00:00,8.354,8.381,8.345,8.355,17022.93,15
2026-06-17 04:15:00,8.354,8.36,8.333,8.356,5300.2,15
2026-06-17 04:30:00,8.356,8.367,8.35,8.361,7708.2,15
2026-06-17 04:45:00,8.361,8.399,8.352,8.352,8548.58,15
2026-06-17 05:00:00,8.352,8.376,8.336,8.34,10177.98,15
2026-06-17 05:15:00,8.339,8.339,8.305,8.335,5546.6900000000005,15
2026-06-17 05:30:00,8.336,8.356,8.324,8.351,6406.8099999999995,15
2026-06-17 05:45:00,8.35,8.355,8.319,8.338,3819.68,15
2026-06-17 06:00:00,8.338,8.353,8.334,8.353,4809.4400000000005,15
2026-06-17 06:15:00,8.352,8.361,8.322,8.325,4874.23,15
2026-06-17 06:30:00,8.324,8.343,8.304,8.318,9928.24,15
2026-06-17 06:45:00,8.318,8.336,8.316,8.325,12051.97,15
2026-06-17 07:00:00,8.325,8.36,8.302,8.357,13418.82,15
2026-06-17 07:15:00,8.356,8.365,8.304,8.309,10310.04,15
2026-06-17 07:30:00,8.31,8.322,8.3,8.319,5719.95,15
2026-06-17 07:45:00,8.318,8.32,8.262,8.293,23262.53,15
2026-06-17 08:00:00,8.293,8.298,8.247,8.248,12037.029999999999,15
2026-06-17 08:15:00,8.248,8.254,8.218,8.235,19876.82,15
2026-06-17 08:30:00,8.234,8.234,8.17,8.172,49302.450000000004,15
2026-06-17 08:45:00,8.173,8.19,8.15,8.173,17057.75,15
2026-06-17 09:00:00,8.172,8.191,8.167,8.182,9174.77,15
2026-06-17 09:15:00,8.183,8.213,8.178,8.208,31416.75,15
2026-06-17 09:30:00,8.205,8.211,8.182,8.194,31266.62,15
2026-06-17 09:45:00,8.193,8.207,8.178,8.202,20272.38,15
2026-06-17 10:00:00,8.202,8.217,8.184,8.193,7718.349999999999,15
2026-06-17 10:15:00,8.193,8.203,8.177,8.189,30479.34,15
2026-06-17 10:30:00,8.19,8.21,8.186,8.196,74504.26,15
2026-06-17 10:45:00,8.195,8.2,8.169,8.175,19140.83,15
2026-06-17 11:00:00,8.175,8.184,8.112,8.144,31559.12,15
2026-06-17 11:15:00,8.145,8.158,8.122,8.149,16013.14,15
2026-06-17 11:30:00,8.15,8.174,8.142,8.169,6327.93,15
2026-06-17 11:45:00,8.17,8.18,8.157,8.157,9947.5,15
2026-06-17 12:00:00,8.157,8.184,8.143,8.184,12988.33,15
2026-06-17 12:15:00,8.183,8.183,8.1,8.11,30575.36,15
2026-06-17 12:30:00,8.11,8.15,8.084,8.148,21003.8,15
2026-06-17 12:45:00,8.147,8.18,8.147,8.177,10952.07,15
2026-06-17 13:00:00,8.177,8.193,8.168,8.188,14523.52,15
2026-06-17 13:15:00,8.187,8.187,8.142,8.159,18143.29,15
2026-06-17 13:30:00,8.159,8.213,8.142,8.213,25202.84,15
2026-06-17 13:45:00,8.213,8.224,8.174,8.177,17923.1,15
2026-06-17 14:00:00,8.176,8.201,8.16,8.196,14252.54,15
2026-06-17 14:15:00,8.196,8.215,8.167,8.182,11587.06,15
2026-06-17 14:30:00,8.183,8.193,8.165,8.18,6579.03,15
2026-06-17 14:45:00,8.18,8.193,8.104,8.157,35285.060000000005,15
2026-06-17 15:00:00,8.158,8.189,8.147,8.188,15088.88,15
2026-06-17 15:15:00,8.187,8.229,8.181,8.218,12511.32,15
2026-06-17 15:30:00,8.219,8.251,8.209,8.249,20820.06,15
2026-06-17 15:45:00,8.25,8.3,8.241,8.293,48139.39,15
2026-06-17 16:00:00,8.292,8.307,8.273,8.295,33053.64,15
2026-06-17 16:15:00,8.296,8.371,8.289,8.351,26654.84,15
2026-06-17 16:30:00,8.351,8.354,8.294,8.308,18038.329999999998,15
2026-06-17 16:45:00,8.307,8.309,8.266,8.27,18479.08,15
2026-06-17 17:00:00,8.27,8.274,8.229,8.244,23788.53,15
2026-06-17 17:15:00,8.244,8.279,8.241,8.272,8352.77,15
2026-06-17 17:30:00,8.272,8.29,8.244,8.249,12851.81,15
2026-06-17 17:45:00,8.249,8.325,8.235,8.307,33561.18,15
2026-06-17 18:00:00,8.307,8.307,8.096,8.193,129994.70999999999,15
2026-06-17 18:15:00,8.192,8.23,8.183,8.194,36014.41,15
2026-06-17 18:30:00,8.193,8.313,8.173,8.304,62809.26,15
2026-06-17 18:45:00,8.303,8.329,8.233,8.244,30484.190000000002,15
2026-06-17 19:00:00,8.245,8.267,8.185,8.238,32378.170000000002,15
2026-06-17 19:15:00,8.239,8.241,8.051,8.077,78716.32,15
2026-06-17 19:30:00,8.077,8.111,8.017,8.032,62105.54,15
2026-06-17 19:45:00,8.033,8.067,8.006,8.037,114363.79000000001,15
2026-06-17 20:00:00,8.036,8.072,8.022,8.044,22026.85,15
2026-06-17 20:15:00,8.045,8.071,8.038,8.061,23030.36,15
2026-06-17 20:30:00,8.061,8.094,8.055,8.055,14443.34,15
2026-06-17 20:45:00,8.055,8.109,8.048,8.102,25882.18,15
2026-06-17 21:00:00,8.102,8.104,8.075,8.08,11112.05,15
2026-06-17 21:15:00,8.079,8.088,8.069,8.078,10369.42,15
2026-06-17 21:30:00,8.077,8.096,8.044,8.048,11729.54,15
2026-06-17 21:45:00,8.047,8.047,8.023,8.037,13851.2,15
2026-06-17 22:00:00,8.038,8.044,7.937,8.008,75292.05,15
2026-06-17 22:15:00,8.008,8.053,8.003,8.053,7719.23,15
2026-06-17 22:30:00,8.052,8.064,8.041,8.045,4559.1,15
2026-06-17 22:45:00,8.045,8.069,8.039,8.04,3715.11,15
2026-06-17 23:00:00,8.04,8.078,8.039,8.065,10396.619999999999,15
2026-06-17 23:15:00,8.066,8.096,8.066,8.089,7910.179999999999,15
2026-06-17 23:30:00,8.088,8.093,8.069,8.071,8226.77,15
2026-06-17 23:45:00,8.071,8.094,8.065,8.092,6132.84,15
2026-06-18 00:00:00,8.093,8.118,8.09,8.11,12073.08,15
2026-06-18 00:15:00,8.111,8.119,8.09,8.106,19438.55,15
2026-06-18 00:30:00,8.106,8.128,8.098,8.11,10052.32,15
2026-06-18 00:45:00,8.11,8.117,8.081,8.086,7845.14,15
2026-06-18 01:00:00,8.086,8.137,8.085,8.123,9576.49,15
2026-06-18 01:15:00,8.124,8.124,8.104,8.106,5147.01,15
2026-06-18 01:30:00,8.107,8.124,8.091,8.095,6491.41,15
2026-06-18 01:45:00,8.094,8.094,8.068,8.083,14672.42,15
2026-06-18 02:00:00,8.084,8.101,8.084,8.086,11038.08,15
2026-06-18 02:15:00,8.085,8.12,8.071,8.12,14616.48,15
2026-06-18 02:30:00,8.121,8.121,8.102,8.119,5214.42,15
2026-06-18 02:45:00,8.12,8.123,8.112,8.113,6458.379999999999,15
2026-06-18 03:00:00,8.113,8.115,8.09,8.09,3572.5,15
2026-06-18 03:15:00,8.089,8.089,8.038,8.038,14005.75,15
2026-06-18 03:30:00,8.037,8.051,8.015,8.022,20637.75,15
2026-06-18 03:45:00,8.022,8.05,8.019,8.03,8878.96,15
2026-06-18 04:00:00,8.031,8.035,7.946,7.97,42296.51,15
2026-06-18 04:15:00,7.971,7.99,7.91,7.965,65226.5,15
2026-06-18 04:30:00,7.966,7.975,7.95,7.95,12832.15,15
2026-06-18 04:45:00,7.949,7.967,7.937,7.952,16899.62,15
2026-06-18 05:00:00,7.952,7.954,7.89,7.923,53365.69,15
2026-06-18 05:15:00,7.922,7.938,7.915,7.924,28803.85,15
2026-06-18 05:30:00,7.924,7.946,7.91,7.93,22054.76,15
2026-06-18 05:45:00,7.931,7.953,7.93,7.952,11716.55,15
2026-06-18 06:00:00,7.952,7.967,7.931,7.947,14343.77,15
2026-06-18 06:15:00,7.948,7.962,7.928,7.958,10292.89,15
2026-06-18 06:30:00,7.958,7.968,7.952,7.965,10500.630000000001,15
2026-06-18 06:45:00,7.967,7.989,7.963,7.983,19660.129999999997,15
2026-06-18 07:00:00,7.984,7.985,7.959,7.976,20523.18,15
2026-06-18 07:15:00,7.975,8.032,7.975,8.03,22588.61,15
2026-06-18 07:30:00,8.031,8.046,8.014,8.037,17348.52,15
2026-06-18 07:45:00,8.037,8.045,8.023,8.031,8754.25,15
2026-06-18 08:00:00,8.032,8.062,8.014,8.042,17986.75,15
2026-06-18 08:15:00,8.043,8.053,8.027,8.053,19436.920000000002,15
2026-06-18 08:30:00,8.054,8.067,8.048,8.049,11681.68,15
2026-06-18 08:45:00,8.05,8.056,8.029,8.032,8259.04,15
2026-06-18 09:00:00,8.033,8.043,8.023,8.039,4908.36,15
2026-06-18 09:15:00,8.04,8.055,8.021,8.021,8302.24,15
2026-06-18 09:30:00,8.021,8.05,8.017,8.05,4108.02,15
2026-06-18 09:45:00,8.05,8.064,8.039,8.04,4491.67,15
2026-06-18 10:00:00,8.04,8.041,8.002,8.005,11795.68,15
2026-06-18 10:15:00,8.004,8.01,7.992,8.0,17660.79,15
2026-06-18 10:30:00,7.999,8.004,7.986,7.99,8942.78,15
2026-06-18 10:45:00,7.99,8.042,7.988,8.024,12482.05,15
2026-06-18 11:00:00,8.025,8.042,8.01,8.024,12030.73,15
2026-06-18 11:15:00,8.024,8.026,7.981,8.012,9809.71,15
2026-06-18 11:30:00,8.011,8.018,7.972,7.991,10300.2,15
2026-06-18 11:45:00,7.992,8.003,7.974,7.989,11445.08,15
2026-06-18 12:00:00,7.99,8.03,7.984,8.025,75670.12,15
2026-06-18 12:15:00,8.025,8.087,8.021,8.081,26837.68,15
2026-06-18 12:30:00,8.082,8.092,8.063,8.074,12548.06,15
2026-06-18 12:45:00,8.074,8.099,8.071,8.093,8369.61,15
2026-06-18 13:00:00,8.094,8.117,8.085,8.105,7910.32,15
2026-06-18 13:15:00,8.105,8.128,8.098,8.112,17648.38,15
2026-06-18 13:30:00,8.111,8.116,7.984,7.985,48161.47,15
2026-06-18 13:45:00,7.986,8.055,7.966,8.025,37082.52,15
2026-06-18 14:00:00,8.026,8.049,7.997,8.01,19540.82,15
2026-06-18 14:15:00,8.011,8.107,7.989,8.029,24404.61,15
2026-06-18 14:30:00,8.028,8.065,8.008,8.014,19611.41,15
2026-06-18 14:45:00,8.014,8.04,7.98,8.028,18057.51,15
2026-06-18 15:00:00,8.028,8.029,7.978,7.985,27662.2,15
2026-06-18 15:15:00,7.984,7.991,7.902,7.913,65186.22,15
2026-06-18 15:30:00,7.913,7.943,7.826,7.84,72992.35,15
2026-06-18 15:45:00,7.841,7.857,7.772,7.788,81177.7,15
2026-06-18 16:00:00,7.787,7.853,7.78,7.844,30113.3,15
2026-06-18 16:15:00,7.844,7.858,7.804,7.828,86353.40000000001,15
2026-06-18 16:30:00,7.827,7.848,7.807,7.834,24096.27,15
2026-06-18 16:45:00,7.835,7.859,7.827,7.852,25404.02,15
2026-06-18 17:00:00,7.853,7.856,7.812,7.83,36283.4,15
2026-06-18 17:15:00,7.83,7.841,7.788,7.835,81230.70999999999,15
2026-06-18 17:30:00,7.835,7.857,7.8,7.822,40716.21,15
2026-06-18 17:45:00,7.821,7.845,7.803,7.82,10564.960000000001,15
2026-06-18 18:00:00,7.82,7.836,7.81,7.829,21279.44,15
2026-06-18 18:15:00,7.828,7.868,7.808,7.858,35781.28,15
2026-06-18 18:30:00,7.857,7.866,7.834,7.861,9390.22,15
2026-06-18 18:45:00,7.861,7.872,7.842,7.853,21011.510000000002,15
2026-06-18 19:00:00,7.852,7.861,7.842,7.857,10646.630000000001,15
2026-06-18 19:15:00,7.857,7.882,7.845,7.877,14080.13,15
2026-06-18 19:30:00,7.878,7.936,7.873,7.926,21529.620000000003,15
2026-06-18 19:45:00,7.926,7.939,7.914,7.92,15887.95,15
2026-06-18 20:00:00,7.92,7.96,7.92,7.954,15094.26,15
2026-06-18 20:15:00,7.953,7.99,7.95,7.976,12607.52,15
2026-06-18 20:30:00,7.975,7.996,7.964,7.988,16827.62,15
2026-06-18 20:45:00,7.988,7.992,7.974,7.988,7948.950000000001,15
2026-06-18 21:00:00,7.988,7.996,7.957,7.957,9848.05,15
2026-06-18 21:15:00,7.957,7.973,7.931,7.973,9739.23,15
2026-06-18 21:30:00,7.973,7.995,7.97,7.983,6714.28,15
2026-06-18 21:45:00,7.983,7.999,7.98,7.995,6956.219999999999,15
2026-06-18 22:00:00,7.995,7.996,7.976,7.988,12177.22,15
2026-06-18 22:15:00,7.989,7.99,7.96,7.965,11107.84,15
2026-06-18 22:30:00,7.965,7.976,7.951,7.974,15797.9,15
2026-06-18 22:45:00,7.975,7.999,7.967,7.988,11027.49,15
2026-06-18 23:00:00,7.987,7.988,7.955,7.955,7170.24,15
2026-06-18 23:15:00,7.955,7.99,7.954,7.99,6648.53,15
2026-06-18 23:30:00,7.99,8.009,7.99,8.0,6684.7,15
2026-06-18 23:45:00,8.0,8.019,7.988,8.016,20133.96,15
2026-06-19 00:00:00,8.015,8.019,7.989,8.002,16055.73,15
2026-06-19 00:15:00,8.003,8.02,7.997,8.011,11353.029999999999,15
2026-06-19 00:30:00,8.011,8.034,8.011,8.033,10611.81,15
2026-06-19 00:45:00,8.033,8.033,8.005,8.015,11390.16,15
2026-06-19 01:00:00,8.016,8.044,7.992,8.002,11596.0,15
2026-06-19 01:15:00,8.003,8.035,8.001,8.003,16244.22,15
2026-06-19 01:30:00,8.004,8.008,7.984,8.005,14745.73,15
2026-06-19 01:45:00,8.005,8.032,8.005,8.028,8291.66,15
2026-06-19 02:00:00,8.028,8.043,8.019,8.021,5376.9400000000005,15
2026-06-19 02:15:00,8.021,8.028,7.992,7.993,19182.420000000002,15
2026-06-19 02:30:00,7.994,8.005,7.985,7.997,11595.88,15
2026-06-19 02:45:00,7.996,8.002,7.98,7.993,4681.66,15
2026-06-19 03:00:00,7.994,8.003,7.949,7.95,18729.36,15
2026-06-19 03:15:00,7.951,7.955,7.823,7.915,101838.20999999999,15
2026-06-19 03:30:00,7.915,7.915,7.857,7.874,19358.95,15
2026-06-19 03:45:00,7.873,7.888,7.863,7.881,12077.93,15
2026-06-19 04:00:00,7.882,7.903,7.841,7.897,10986.289999999999,15
2026-06-19 04:15:00,7.897,7.916,7.86,7.86,13902.76,15
2026-06-19 04:30:00,7.86,7.861,7.819,7.84,16399.4,15
2026-06-19 04:45:00,7.841,7.851,7.811,7.827,19154.74,15
2026-06-19 05:00:00,7.828,7.881,7.823,7.876,9311.53,15
2026-06-19 05:15:00,7.876,7.876,7.845,7.861,11926.0,15
2026-06-19 05:30:00,7.86,7.876,7.85,7.876,8396.42,15
2026-06-19 05:45:00,7.876,7.893,7.87,7.891,10331.060000000001,15
2026-06-19 06:00:00,7.891,7.916,7.887,7.916,10843.32,15
2026-06-19 06:15:00,7.915,7.92,7.901,7.911,12845.61,15
2026-06-19 06:30:00,7.91,7.919,7.865,7.887,51904.909999999996,15
2026-06-19 06:45:00,7.886,7.902,7.862,7.897,10975.289999999999,15
2026-06-19 07:00:00,7.896,7.896,7.865,7.865,13040.12,15
2026-06-19 07:15:00,7.864,7.878,7.857,7.86,6669.41,15
2026-06-19 07:30:00,7.861,7.881,7.823,7.841,34993.8,15
2026-06-19 07:45:00,7.841,7.857,7.828,7.847,12745.08,15
2026-06-19 08:00:00,7.848,7.865,7.842,7.863,18804.670000000002,15
2026-06-19 08:15:00,7.862,7.869,7.847,7.851,7728.4,15
2026-06-19 08:30:00,7.852,7.881,7.851,7.864,9676.83,15
2026-06-19 08:45:00,7.865,7.867,7.843,7.856,7579.599999999999,15
2026-06-19 09:00:00,7.857,7.866,7.817,7.827,15852.960000000001,15
2026-06-19 09:15:00,7.826,7.84,7.823,7.831,9541.73,15
2026-06-19 09:30:00,7.832,7.854,7.832,7.849,22904.36,15
2026-06-19 09:45:00,7.848,7.854,7.83,7.836,21706.16,15
2026-06-19 10:00:00,7.836,7.853,7.827,7.843,17827.82,15
2026-06-19 10:15:00,7.842,7.842,7.82,7.834,12892.300000000001,15
2026-06-19 10:30:00,7.834,7.834,7.802,7.809,16444.21,15
2026-06-19 10:45:00,7.808,7.844,7.806,7.832,14693.289999999999,15
2026-06-19 11:00:00,7.832,7.837,7.81,7.82,18130.22,15
2026-06-19 11:15:00,7.82,7.841,7.811,7.827,28267.86,15
2026-06-19 11:30:00,7.827,7.832,7.822,7.825,15483.14,15
2026-06-19 11:45:00,7.824,7.831,7.811,7.813,13894.91,15
2026-06-19 12:00:00,7.814,7.828,7.811,7.815,19111.63,15
2026-06-19 12:15:00,7.814,7.821,7.795,7.812,14038.92,15
2026-06-19 12:30:00,7.812,7.824,7.789,7.808,30905.38,15
2026-06-19 12:45:00,7.808,7.863,7.764,7.857,35738.21,15
2026-06-19 13:00:00,7.858,7.872,7.84,7.847,25175.71,15
2026-06-19 13:15:00,7.847,7.857,7.823,7.857,11229.0,15
2026-06-19 13:30:00,7.856,7.908,7.853,7.904,13383.880000000001,15
2026-06-19 13:45:00,7.904,7.953,7.902,7.932,41084.25,15
2026-06-19 14:00:00,7.931,7.944,7.906,7.912,18370.89,15
2026-06-19 14:15:00,7.913,7.941,7.901,7.932,8250.45,15
2026-06-19 14:30:00,7.932,7.949,7.919,7.93,16557.54,15
2026-06-19 14:45:00,7.93,7.936,7.901,7.903,9516.51,15
2026-06-19 15:00:00,7.903,7.915,7.891,7.915,12966.86,15
2026-06-19 15:15:00,7.916,7.917,7.873,7.877,18680.59,15
2026-06-19 15:30:00,7.876,7.93,7.876,7.918,16038.24,15
2026-06-19 15:45:00,7.918,7.924,7.896,7.906,18407.35,15
2026-06-19 16:00:00,7.907,7.936,7.899,7.936,8961.99,15
2026-06-19 16:15:00,7.935,7.938,7.913,7.93,17837.14,15
2026-06-19 16:30:00,7.929,7.931,7.914,7.918,8950.35,15
2026-06-19 16:45:00,7.917,7.917,7.861,7.869,21635.36,15
2026-06-19 17:00:00,7.868,7.876,7.851,7.875,15153.15,15
2026-06-19 17:15:00,7.875,7.902,7.87,7.876,10593.06,15
2026-06-19 17:30:00,7.876,7.911,7.876,7.909,6006.46,15
2026-06-19 17:45:00,7.909,7.927,7.902,7.909,16288.56,15
2026-06-19 18:00:00,7.909,7.914,7.9,7.912,4381.56,15
2026-06-19 18:15:00,7.912,7.912,7.893,7.894,3476.49,15
2026-06-19 18:30:00,7.895,7.896,7.856,7.868,9367.37,15
2026-06-19 18:45:00,7.868,7.894,7.868,7.89,9625.56,15
2026-06-19 19:00:00,7.891,7.9,7.865,7.876,7216.92,15
2026-06-19 19:15:00,7.877,7.881,7.85,7.861,4827.87,15
2026-06-19 19:30:00,7.861,7.87,7.853,7.867,3554.88,15
2026-06-19 19:45:00,7.867,7.895,7.863,7.881,15725.85,15
2026-06-19 20:00:00,7.881,7.896,7.881,7.888,4068.48,15
2026-06-19 20:15:00,7.888,7.888,7.852,7.882,4307.08,15
2026-06-19 20:30:00,7.882,7.89,7.867,7.881,6548.88,15
2026-06-19 20:45:00,7.88,7.929,7.879,7.928,13238.19,15
2026-06-19 21:00:00,7.927,7.932,7.907,7.93,5708.36,15
2026-06-19 21:15:00,7.93,7.931,7.897,7.897,7192.59,15
2026-06-19 21:30:00,7.897,7.904,7.886,7.889,6411.65,15
2026-06-19 21:45:00,7.889,7.902,7.879,7.888,7427.2300000000005,15
2026-06-19 22:00:00,7.888,7.899,7.879,7.896,6935.3,15
2026-06-19 22:15:00,7.895,7.924,7.895,7.917,7543.46,15
2026-06-19 22:30:00,7.918,7.931,7.913,7.93,9352.19,15
2026-06-19 22:45:00,7.929,7.933,7.918,7.926,6435.05,15
2026-06-19 23:00:00,7.926,7.928,7.904,7.91,15132.56,15
2026-06-19 23:15:00,7.91,7.932,7.909,7.929,4760.32,15
2026-06-19 23:30:00,7.929,7.941,7.926,7.931,6069.26,15
2026-06-19 23:45:00,7.932,7.966,7.921,7.95,12493.259999999998,15
2026-06-20 00:00:00,7.949,7.961,7.883,7.899,47733.11,15
2026-06-20 00:15:00,7.898,7.922,7.895,7.919,4744.46,15
2026-06-20 00:30:00,7.918,7.945,7.901,7.907,13122.25,15
2026-06-20 00:45:00,7.906,7.906,7.869,7.886,54875.22,15
2026-06-20 01:00:00,7.886,7.897,7.877,7.884,14700.9,15
2026-06-20 01:15:00,7.883,7.901,7.88,7.891,5034.71,15
2026-06-20 01:30:00,7.892,7.922,7.892,7.902,9235.28,15
2026-06-20 01:45:00,7.902,7.915,7.899,7.912,2682.5,15
2026-06-20 02:00:00,7.912,7.914,7.877,7.884,13238.400000000001,15
2026-06-20 02:15:00,7.883,7.883,7.866,7.868,4580.72,15
2026-06-20 02:30:00,7.869,7.887,7.864,7.869,8570.02,15
2026-06-20 02:45:00,7.87,7.883,7.87,7.874,4468.57,15
2026-06-20 03:00:00,7.874,7.881,7.867,7.876,2017.4,15
2026-06-20 03:15:00,7.875,7.889,7.875,7.888,8241.33,15
2026-06-20 03:30:00,7.889,7.899,7.884,7.895,1581.97,15
2026-06-20 03:45:00,7.895,7.895,7.885,7.894,1997.19,15
2026-06-20 04:00:00,7.895,7.9,7.883,7.894,11199.19,15
2026-06-20 04:15:00,7.894,7.913,7.885,7.912,7798.39,15
2026-06-20 04:30:00,7.913,7.933,7.903,7.93,6108.84,15
2026-06-20 04:45:00,7.931,7.938,7.918,7.932,16070.94,15
2026-06-20 05:00:00,7.933,8.017,7.926,7.998,28639.34,15
2026-06-20 05:15:00,7.997,8.001,7.963,7.965,12644.09,15
2026-06-20 05:30:00,7.966,7.978,7.961,7.968,16795.73,15
2026-06-20 05:45:00,7.968,7.992,7.961,7.99,9321.81,15
2026-06-20 06:00:00,7.99,7.999,7.976,7.984,13852.76,15
2026-06-20 06:15:00,7.985,8.012,7.977,7.999,11590.93,15
2026-06-20 06:30:00,7.999,7.999,7.986,7.995,5769.21,15
2026-06-20 06:45:00,7.995,8.002,7.982,7.99,12756.939999999999,15
2026-06-20 07:00:00,7.991,7.996,7.955,7.97,10095.369999999999,15
2026-06-20 07:15:00,7.969,8.003,7.966,8.003,10196.88,15
2026-06-20 07:30:00,8.004,8.009,7.972,7.972,9296.73,15
2026-06-20 07:45:00,7.973,7.975,7.954,7.963,15503.2,15
2026-06-20 08:00:00,7.964,7.964,7.938,7.947,7247.4800000000005,15
2026-06-20 08:15:00,7.948,7.957,7.944,7.945,2927.65,15
2026-06-20 08:30:00,7.944,7.947,7.927,7.939,9963.369999999999,15
2026-06-20 08:45:00,7.94,7.944,7.929,7.942,6422.25,15
2026-06-20 09:00:00,7.942,7.957,7.942,7.95,5531.209999999999,15
2026-06-20 09:15:00,7.95,7.956,7.946,7.951,4550.67,15
2026-06-20 09:30:00,7.951,7.975,7.951,7.966,6503.5,15
2026-06-20 09:45:00,7.967,7.985,7.962,7.969,5589.41,15
2026-06-20 10:00:00,7.969,7.979,7.96,7.975,3318.1800000000003,15
2026-06-20 10:15:00,7.975,7.976,7.958,7.965,7141.32,15
2026-06-20 10:30:00,7.965,7.968,7.943,7.946,6193.58,15
2026-06-20 10:45:00,7.947,7.966,7.947,7.959,5730.96,15
2026-06-20 11:00:00,7.959,7.961,7.94,7.95,4398.7,15
2026-06-20 11:15:00,7.95,7.953,7.941,7.945,6515.43,15
2026-06-20 11:30:00,7.945,7.955,7.942,7.951,2691.4500000000003,15
2026-06-20 11:45:00,7.952,7.957,7.938,7.939,5146.88,15
2026-06-20 12:00:00,7.939,7.952,7.937,7.947,11298.5,15
2026-06-20 12:15:00,7.948,7.949,7.937,7.945,7033.3,15
2026-06-20 12:30:00,7.945,7.945,7.92,7.93,6736.55,15
2026-06-20 12:45:00,7.929,7.931,7.914,7.928,6678.33,15
2026-06-20 13:00:00,7.928,7.934,7.923,7.925,12897.57,15
2026-06-20 13:15:00,7.924,7.929,7.859,7.87,20445.17,15
2026-06-20 13:30:00,7.87,7.889,7.867,7.887,13414.25,15
2026-06-20 13:45:00,7.887,7.896,7.877,7.877,6721.26,15
2026-06-20 14:00:00,7.876,7.876,7.824,7.83,111062.54,15
2026-06-20 14:15:00,7.829,7.855,7.827,7.852,6298.93,15
2026-06-20 14:30:00,7.853,7.873,7.847,7.872,9960.38,15
2026-06-20 14:45:00,7.871,7.988,7.868,7.937,51593.11,15
2026-06-20 15:00:00,7.937,7.95,7.919,7.946,14202.35,15
2026-06-20 15:15:00,7.947,8.01,7.94,7.984,60240.45,15
2026-06-20 15:30:00,7.985,7.989,7.959,7.96,10938.29,15
2026-06-20 15:45:00,7.961,7.978,7.961,7.968,7952.34,15
2026-06-20 16:00:00,7.969,7.971,7.945,7.951,8183.9,15
2026-06-20 16:15:00,7.952,7.961,7.935,7.937,7591.34,15
2026-06-20 16:30:00,7.938,7.95,7.922,7.95,4244.41,15
2026-06-20 16:45:00,7.949,7.964,7.944,7.964,2882.5099999999998,15
2026-06-20 17:00:00,7.963,7.963,7.93,7.942,8077.68,15
2026-06-20 17:15:00,7.942,7.942,7.908,7.922,12470.77,15
2026-06-20 17:30:00,7.922,7.926,7.866,7.895,27094.87,15
2026-06-20 17:45:00,7.895,7.913,7.89,7.904,5624.71,15
2026-06-20 18:00:00,7.904,7.927,7.904,7.914,5331.62,15
2026-06-20 18:15:00,7.914,7.924,7.914,7.924,6985.030000000001,15
2026-06-20 18:30:00,7.925,7.931,7.897,7.901,9164.25,15
2026-06-20 18:45:00,7.901,7.905,7.888,7.893,15640.36,15
2026-06-20 19:00:00,7.893,7.904,7.888,7.898,12426.39,15
2026-06-20 19:15:00,7.898,7.898,7.885,7.891,8620.62,15
2026-06-20 19:30:00,7.892,7.91,7.89,7.906,3235.62,15
2026-06-20 19:45:00,7.906,7.908,7.895,7.901,13144.18,15
2026-06-20 20:00:00,7.902,7.91,7.9,7.905,2418.69,15
2026-06-20 20:15:00,7.904,7.91,7.899,7.901,1792.59,15
2026-06-20 20:30:00,7.901,7.904,7.89,7.903,1776.01,15
2026-06-20 20:45:00,7.903,7.912,7.901,7.906,1769.48,15
2026-06-20 21:00:00,7.907,7.942,7.905,7.932,6445.74,15
2026-06-20 21:15:00,7.932,7.932,7.912,7.913,2826.9,15
2026-06-20 21:30:00,7.913,7.934,7.911,7.933,7527.03,15
2026-06-20 21:45:00,7.933,7.939,7.924,7.934,16054.51,15
2026-06-20 22:00:00,7.933,7.979,7.919,7.967,11831.83,15
2026-06-20 22:15:00,7.967,8.0,7.951,7.994,15806.07,15
2026-06-20 22:30:00,7.994,8.015,7.983,7.999,13228.54,15
2026-06-20 22:45:00,8.0,8.006,7.985,7.99,7469.08,15
2026-06-20 23:00:00,7.99,7.997,7.983,7.997,5246.3,15
2026-06-20 23:15:00,7.996,8.012,7.985,7.986,5742.07,15
2026-06-20 23:30:00,7.987,7.998,7.982,7.995,4399.32,15
2026-06-20 23:45:00,7.995,7.995,7.982,7.987,4091.22,15
2026-06-21 00:00:00,7.989,7.994,7.975,7.984,4354.5,15
2026-06-21 00:15:00,7.983,7.991,7.963,7.971,3536.04,15
2026-06-21 00:30:00,7.971,7.975,7.964,7.964,2514.41,15
2026-06-21 00:45:00,7.963,7.974,7.957,7.974,3792.2000000000003,15
2026-06-21 01:00:00,7.975,7.977,7.957,7.959,4513.53,15
2026-06-21 01:15:00,7.959,7.966,7.954,7.955,2675.24,15
2026-06-21 01:30:00,7.955,7.977,7.952,7.967,2972.3199999999997,15
2026-06-21 01:45:00,7.967,7.975,7.96,7.963,2803.4,15
2026-06-21 02:00:00,7.962,7.966,7.948,7.954,2225.98,15
2026-06-21 02:15:00,7.954,7.954,7.945,7.952,1817.65,15
2026-06-21 02:30:00,7.951,7.954,7.94,7.949,1739.0,15
2026-06-21 02:45:00,7.949,7.958,7.945,7.951,1515.31,15
2026-06-21 03:00:00,7.95,7.96,7.938,7.96,1913.22,15
2026-06-21 03:15:00,7.961,7.988,7.945,7.961,7376.929999999999,15
2026-06-21 03:30:00,7.962,7.978,7.954,7.972,2489.12,15
2026-06-21 03:45:00,7.972,7.973,7.964,7.971,1521.58,15
2026-06-21 04:00:00,7.972,7.974,7.962,7.969,6474.16,15
2026-06-21 04:15:00,7.97,7.983,7.969,7.975,3622.38,15
2026-06-21 04:30:00,7.974,7.987,7.966,7.968,3847.3799999999997,15
2026-06-21 04:45:00,7.967,7.967,7.937,7.942,9039.5,15
2026-06-21 05:00:00,7.942,7.943,7.927,7.93,3063.06,15
2026-06-21 05:15:00,7.93,7.938,7.92,7.937,9938.51,15
2026-06-21 05:30:00,7.938,7.943,7.931,7.933,2515.6,15
2026-06-21 05:45:00,7.934,7.934,7.918,7.925,5256.2300000000005,15
2026-06-21 06:00:00,7.926,7.93,7.924,7.926,1457.84,15
2026-06-21 06:15:00,7.925,7.935,7.923,7.935,2421.76,15
2026-06-21 06:30:00,7.934,7.955,7.93,7.949,3387.88,15
2026-06-21 06:45:00,7.949,7.949,7.938,7.941,4923.74,15
2026-06-21 07:00:00,7.942,7.944,7.935,7.944,2088.75,15
2026-06-21 07:15:00,7.943,7.946,7.928,7.939,2721.23,15
2026-06-21 07:30:00,7.938,7.969,7.938,7.969,3030.39,15
2026-06-21 07:45:00,7.969,7.972,7.942,7.95,6726.49,15
2026-06-21 08:00:00,7.95,7.959,7.948,7.948,1469.06,15
2026-06-21 08:15:00,7.948,7.953,7.928,7.93,25089.06,15
2026-06-21 08:30:00,7.931,7.935,7.898,7.933,8875.03,15
2026-06-21 08:45:00,7.933,7.943,7.919,7.943,5459.360000000001,15
2026-06-21 09:00:00,7.943,7.952,7.934,7.944,16301.62,15
2026-06-21 09:15:00,7.943,7.966,7.938,7.96,3369.95,15
2026-06-21 09:30:00,7.96,7.992,7.96,7.976,6848.14,15
2026-06-21 09:45:00,7.977,7.988,7.974,7.985,20118.27,15
2026-06-21 10:00:00,7.985,8.0,7.977,7.989,11208.37,15
2026-06-21 10:15:00,7.989,8.011,7.984,7.995,21540.41,15
2026-06-21 10:30:00,7.996,7.996,7.986,7.987,4122.96,15
2026-06-21 10:45:00,7.987,7.994,7.972,7.973,7724.5599999999995,15
2026-06-21 11:00:00,7.973,7.981,7.957,7.975,2932.0699999999997,15
2026-06-21 11:15:00,7.975,7.975,7.92,7.958,7506.96,15
2026-06-21 11:30:00,7.958,7.958,7.936,7.945,4216.3,15
2026-06-21 11:45:00,7.943,7.95,7.932,7.935,8206.78,15
2026-06-21 12:00:00,7.936,7.943,7.918,7.918,3805.87,15
2026-06-21 12:15:00,7.919,7.919,7.903,7.908,9970.32,15
2026-06-21 12:30:00,7.907,7.923,7.903,7.921,8079.2699999999995,15
2026-06-21 12:45:00,7.92,7.946,7.912,7.939,13011.18,15
2026-06-21 13:00:00,7.939,7.957,7.93,7.946,8709.18,15
2026-06-21 13:15:00,7.945,7.961,7.94,7.95,10157.210000000001,15
2026-06-21 13:30:00,7.951,7.952,7.931,7.941,4319.92,15
2026-06-21 13:45:00,7.94,7.957,7.939,7.957,2750.18,15
2026-06-21 14:00:00,7.957,7.962,7.942,7.948,3286.72,15
2026-06-21 14:15:00,7.948,7.963,7.937,7.944,6393.01,15
2026-06-21 14:30:00,7.944,7.964,7.942,7.959,9287.73,15
2026-06-21 14:45:00,7.958,7.966,7.942,7.966,8105.85,15
2026-06-21 15:00:00,7.966,7.99,7.962,7.966,10457.52,15
2026-06-21 15:15:00,7.965,7.977,7.965,7.974,15654.31,15
2026-06-21 15:30:00,7.974,7.989,7.965,7.985,28313.13,15
2026-06-21 15:45:00,7.985,7.991,7.983,7.988,17135.65,15
2026-06-21 16:00:00,7.987,7.994,7.955,7.959,21507.0,15
2026-06-21 16:15:00,7.96,7.963,7.943,7.945,8787.8,15
2026-06-21 16:30:00,7.944,7.95,7.917,7.935,10075.92,15
2026-06-21 16:45:00,7.936,7.966,7.936,7.953,9192.15,15
2026-06-21 17:00:00,7.952,7.973,7.944,7.968,12496.83,15
2026-06-21 17:15:00,7.968,7.97,7.947,7.948,9031.0,15
2026-06-21 17:30:00,7.948,7.949,7.931,7.945,10426.81,15
2026-06-21 17:45:00,7.945,7.958,7.942,7.942,7226.7,15
2026-06-21 18:00:00,7.941,7.942,7.907,7.919,15612.55,15
2026-06-21 18:15:00,7.919,7.934,7.919,7.931,8974.28,15
2026-06-21 18:30:00,7.93,7.971,7.929,7.954,22131.84,15
2026-06-21 18:45:00,7.954,7.963,7.946,7.958,6464.89,15
2026-06-21 19:00:00,7.958,7.972,7.952,7.964,10733.72,15
2026-06-21 19:15:00,7.964,7.965,7.955,7.958,3512.51,15
2026-06-21 19:30:00,7.959,7.963,7.952,7.952,7180.14,15
2026-06-21 19:45:00,7.952,7.957,7.947,7.955,2870.15,15
2026-06-21 20:00:00,7.955,7.959,7.94,7.942,3287.13,15
2026-06-21 20:15:00,7.943,7.947,7.931,7.938,2497.41,15
2026-06-21 20:30:00,7.938,7.944,7.915,7.922,15069.19,15
2026-06-21 20:45:00,7.922,7.923,7.874,7.888,19331.32,15
2026-06-21 21:00:00,7.888,7.893,7.781,7.827,34506.82,15
2026-06-21 21:15:00,7.828,7.852,7.794,7.831,22881.95,15
2026-06-21 21:30:00,7.832,7.871,7.831,7.86,10068.66,15
2026-06-21 21:45:00,7.859,7.87,7.845,7.852,3073.22,15
2026-06-21 22:00:00,7.851,7.877,7.826,7.842,11722.46,15
2026-06-21 22:15:00,7.843,7.859,7.835,7.835,9168.960000000001,15
2026-06-21 22:30:00,7.835,7.835,7.807,7.829,7569.16,15
2026-06-21 22:45:00,7.829,7.847,7.828,7.838,6300.89,15
2026-06-21 23:00:00,7.837,7.837,7.801,7.806,8617.75,15
2026-06-21 23:15:00,7.807,7.832,7.8,7.812,7563.41,15
2026-06-21 23:30:00,7.812,7.816,7.769,7.779,43889.63,15
2026-06-21 23:45:00,7.78,7.792,7.774,7.783,6227.18,15
2026-06-22 00:00:00,7.784,7.824,7.782,7.816,10184.73,15
2026-06-22 00:15:00,7.815,7.854,7.814,7.85,16938.07,15
2026-06-22 00:30:00,7.851,7.91,7.847,7.889,19556.16,15
2026-06-22 00:45:00,7.889,7.9,7.866,7.889,11599.93,15
2026-06-22 01:00:00,7.889,7.921,7.87,7.873,11451.33,15
2026-06-22 01:15:00,7.874,8.023,7.874,7.99,64259.89,15
2026-06-22 01:30:00,7.989,8.002,7.939,7.962,31159.82,15
2026-06-22 01:45:00,7.962,7.974,7.951,7.963,22823.78,15
2026-06-22 02:00:00,7.963,7.97,7.93,7.933,9969.16,15
2026-06-22 02:15:00,7.932,7.958,7.924,7.942,10179.44,15
2026-06-22 02:30:00,7.942,7.953,7.929,7.935,3760.38,15
2026-06-22 02:45:00,7.936,7.939,7.906,7.906,7590.4,15
2026-06-22 03:00:00,7.905,7.905,7.861,7.881,12128.02,15
2026-06-22 03:15:00,7.88,7.925,7.88,7.907,7171.13,15
2026-06-22 03:30:00,7.908,7.929,7.891,7.893,6010.139999999999,15
2026-06-22 03:45:00,7.894,7.897,7.86,7.87,21250.89,15
2026-06-22 04:00:00,7.87,7.887,7.857,7.878,10059.49,15
2026-06-22 04:15:00,7.877,7.89,7.87,7.888,4601.91,15
2026-06-22 04:30:00,7.888,7.893,7.874,7.875,5517.0,15
2026-06-22 04:45:00,7.875,7.903,7.875,7.901,2465.35,15
2026-06-22 05:00:00,7.9,7.941,7.897,7.933,49908.56,15
2026-06-22 05:15:00,7.932,7.95,7.926,7.943,12235.47,15
2026-06-22 05:30:00,7.943,7.952,7.937,7.943,7896.4,15
2026-06-22 05:45:00,7.942,7.945,7.935,7.945,2479.03,15
2026-06-22 06:00:00,7.946,7.967,7.93,7.947,10095.18,15
2026-06-22 06:15:00,7.947,7.958,7.939,7.945,8252.87,15
2026-06-22 06:30:00,7.944,7.95,7.917,7.923,20325.36,15
2026-06-22 06:45:00,7.922,7.924,7.9,7.91,5778.74,15
2026-06-22 07:00:00,7.91,7.97,7.906,7.958,12034.66,15
2026-06-22 07:15:00,7.958,7.986,7.957,7.978,10262.66,15
2026-06-22 07:30:00,7.979,7.995,7.966,7.967,27215.82,15
2026-06-22 07:45:00,7.967,7.982,7.958,7.965,9255.36,15
2026-06-22 08:00:00,7.966,7.983,7.948,7.983,11696.58,15
2026-06-22 08:15:00,7.982,7.985,7.967,7.972,25568.17,15
2026-06-22 08:30:00,7.972,8.01,7.966,8.006,34496.33,15
2026-06-22 08:45:00,8.006,8.012,7.982,7.989,8867.060000000001,15
2026-06-22 09:00:00,7.99,8.009,7.979,8.004,19256.579999999998,15
2026-06-22 09:15:00,8.005,8.012,7.985,7.989,16409.96,15
2026-06-22 09:30:00,7.988,8.005,7.98,7.995,6605.82,15
2026-06-22 09:45:00,7.994,7.994,7.983,7.986,4296.35,15
2026-06-22 10:00:00,7.986,8.021,7.983,8.006,17338.61,15
2026-06-22 10:15:00,8.007,8.013,7.997,8.001,4045.95,15
2026-06-22 10:30:00,8.001,8.015,7.98,7.98,14461.86,15
2026-06-22 10:45:00,7.981,8.004,7.981,7.997,15010.42,15
2026-06-22 11:00:00,7.998,8.074,7.988,8.032,46524.43,15
2026-06-22 11:15:00,8.033,8.052,8.019,8.038,22889.46,15
2026-06-22 11:30:00,8.038,8.081,8.038,8.062,88591.01,15
2026-06-22 11:45:00,8.063,8.099,8.055,8.087,23219.73,15
2026-06-22 12:00:00,8.088,8.124,8.082,8.093,42762.909999999996,15
2026-06-22 12:15:00,8.092,8.125,8.076,8.117,32940.88,15
2026-06-22 12:30:00,8.118,8.121,8.092,8.103,17698.54,15
2026-06-22 12:45:00,8.104,8.129,8.096,8.113,14045.71,15
2026-06-22 13:00:00,8.114,8.122,8.096,8.111,21459.06,15
2026-06-22 13:15:00,8.112,8.115,8.086,8.092,13320.09,15
2026-06-22 13:30:00,8.093,8.147,8.085,8.132,46437.3,15
2026-06-22 13:45:00,8.132,8.155,8.131,8.148,19745.29,15
2026-06-22 14:00:00,8.148,8.149,8.091,8.094,19647.68,15
2026-06-22 14:15:00,8.095,8.096,8.035,8.039,37708.3,15
2026-06-22 14:30:00,8.039,8.046,8.002,8.01,36689.85,15
2026-06-22 14:45:00,8.009,8.036,7.99,8.019,32764.4,15
2026-06-22 15:00:00,8.02,8.04,7.997,8.034,11315.18,15
2026-06-22 15:15:00,8.033,8.042,8.012,8.036,58152.13,15
2026-06-22 15:30:00,8.037,8.057,8.033,8.035,24418.95,15
2026-06-22 15:45:00,8.034,8.037,7.975,7.987,19784.76,15
2026-06-22 16:00:00,7.988,7.994,7.955,7.977,16013.68,15
2026-06-22 16:15:00,7.978,8.0,7.962,7.983,23176.16,15
2026-06-22 16:30:00,7.982,7.984,7.957,7.971,7790.28,15
2026-06-22 16:45:00,7.971,7.998,7.954,7.987,28946.89,15
2026-06-22 17:00:00,7.988,7.994,7.968,7.97,6171.76,15
2026-06-22 17:15:00,7.971,7.979,7.937,7.941,11901.93,15
2026-06-22 17:30:00,7.94,7.94,7.909,7.923,123184.63,15
2026-06-22 17:45:00,7.923,7.962,7.923,7.956,12496.9,15
2026-06-22 18:00:00,7.957,7.975,7.957,7.97,7490.77,15
2026-06-22 18:15:00,7.97,7.978,7.943,7.946,21677.84,15
2026-06-22 18:30:00,7.947,7.953,7.941,7.946,7313.24,15
2026-06-22 18:45:00,7.946,7.948,7.895,7.904,42175.98,15
2026-06-22 19:00:00,7.904,7.914,7.888,7.908,22984.12,15
2026-06-22 19:15:00,7.909,7.919,7.886,7.898,16040.73,15
2026-06-22 19:30:00,7.898,7.92,7.896,7.908,16179.33,15
2026-06-22 19:45:00,7.908,7.92,7.886,7.913,12032.04,15
2026-06-22 20:00:00,7.915,7.94,7.915,7.931,14305.59,15
2026-06-22 20:15:00,7.93,7.932,7.898,7.913,3882.91,15
2026-06-22 20:30:00,7.914,7.931,7.914,7.925,3237.18,15
2026-06-22 20:45:00,7.926,7.928,7.9,7.919,2483.97,15
2026-06-22 21:00:00,7.92,7.926,7.906,7.919,4060.79,15
2026-06-22 21:15:00,7.919,7.919,7.894,7.9,4923.05,15
2026-06-22 21:30:00,7.9,7.903,7.87,7.882,10308.18,15
2026-06-22 21:45:00,7.882,7.907,7.881,7.9,4879.95,15
2026-06-22 22:00:00,7.901,7.917,7.897,7.908,7776.24,15
2026-06-22 22:15:00,7.907,7.908,7.828,7.848,38148.31,15
2026-06-22 22:30:00,7.846,7.865,7.821,7.837,22567.36,15
2026-06-22 22:45:00,7.838,7.864,7.836,7.859,9177.119999999999,15
2026-06-22 23:00:00,7.858,7.863,7.849,7.851,22922.21,15
2026-06-22 23:15:00,7.851,7.883,7.847,7.878,6009.01,15
2026-06-22 23:30:00,7.877,7.889,7.866,7.873,5160.15,15
2026-06-22 23:45:00,7.872,7.879,7.86,7.874,3962.48,15
2026-06-23 00:00:00,7.873,7.873,7.856,7.863,11444.63,15
2026-06-23 00:15:00,7.864,7.873,7.828,7.833,5353.900000000001,15
2026-06-23 00:30:00,7.833,7.877,7.833,7.877,4675.22,15
2026-06-23 00:45:00,7.876,7.878,7.856,7.869,19723.78,15
2026-06-23 01:00:00,7.869,7.905,7.865,7.894,42166.11,15
2026-06-23 01:15:00,7.894,7.915,7.893,7.908,10206.29,15
2026-06-23 01:30:00,7.907,7.916,7.872,7.874,8622.14,15
2026-06-23 01:45:00,7.875,7.886,7.833,7.883,14653.48,15
2026-06-23 02:00:00,7.882,7.889,7.858,7.88,14032.93,15
2026-06-23 02:15:00,7.88,7.903,7.879,7.887,14523.47,15
2026-06-23 02:30:00,7.886,7.904,7.879,7.899,4181.57,15
2026-06-23 02:45:00,7.898,7.915,7.888,7.905,2700.95,15
2026-06-23 03:00:00,7.904,7.904,7.862,7.876,4264.39,15
2026-06-23 03:15:00,7.876,7.892,7.87,7.887,5077.7,15
2026-06-23 03:30:00,7.887,7.887,7.872,7.878,4319.86,15
2026-06-23 03:45:00,7.878,7.903,7.878,7.902,2263.4900000000002,15
2026-06-23 04:00:00,7.903,7.907,7.882,7.898,5513.42,15
2026-06-23 04:15:00,7.898,7.898,7.869,7.894,5260.83,15
2026-06-23 04:30:00,7.894,7.895,7.857,7.86,4710.4800000000005,15
2026-06-23 04:45:00,7.861,7.869,7.839,7.842,4919.17,15
2026-06-23 05:00:00,7.842,7.855,7.834,7.842,52712.48999999999,15
2026-06-23 05:15:00,7.842,7.851,7.813,7.829,21463.49,15
2026-06-23 05:30:00,7.83,7.836,7.816,7.834,10991.28,15
2026-06-23 05:45:00,7.835,7.844,7.821,7.834,14488.58,15
2026-06-23 06:00:00,7.835,7.836,7.783,7.803,41619.89,15
2026-06-23 06:15:00,7.803,7.808,7.633,7.682,146418.58000000002,15
2026-06-23 06:30:00,7.682,7.708,7.659,7.69,27418.96,15
2026-06-23 06:45:00,7.69,7.717,7.686,7.701,9365.75,15
2026-06-23 07:00:00,7.701,7.72,7.695,7.717,10266.61,15
2026-06-23 07:15:00,7.716,7.726,7.71,7.718,11171.86,15
2026-06-23 07:30:00,7.716,7.716,7.68,7.689,16211.58,15
2026-06-23 07:45:00,7.689,7.696,7.659,7.661,19799.84,15
2026-06-23 08:00:00,7.662,7.671,7.612,7.625,36699.58,15
2026-06-23 08:15:00,7.626,7.627,7.479,7.501,156810.61000000002,15
2026-06-23 08:30:00,7.5,7.56,7.497,7.551,44210.02,15
2026-06-23 08:45:00,7.55,7.55,7.518,7.528,28181.47,15
2026-06-23 09:00:00,7.528,7.546,7.52,7.535,20710.75,15
2026-06-23 09:15:00,7.536,7.555,7.536,7.551,9605.35,15
2026-06-23 09:30:00,7.551,7.552,7.523,7.533,10163.4,15
2026-06-23 09:45:00,7.532,7.555,7.53,7.542,11135.54,15
2026-06-23 10:00:00,7.543,7.572,7.543,7.55,18773.600000000002,15
2026-06-23 10:15:00,7.549,7.558,7.541,7.542,7838.88,15
2026-06-23 10:30:00,7.542,7.545,7.526,7.533,18438.14,15
2026-06-23 10:45:00,7.532,7.547,7.526,7.547,15861.1,15
2026-06-23 11:00:00,7.547,7.573,7.54,7.571,8357.85,15
2026-06-23 11:15:00,7.571,7.609,7.571,7.601,20076.870000000003,15
2026-06-23 11:30:00,7.601,7.621,7.599,7.618,19693.329999999998,15
2026-06-23 11:45:00,7.618,7.629,7.603,7.617,19230.49,15
2026-06-23 12:00:00,7.616,7.616,7.595,7.602,19094.18,15
2026-06-23 12:15:00,7.602,7.613,7.595,7.609,29887.53,15
2026-06-23 12:30:00,7.61,7.621,7.587,7.595,21644.64,15
2026-06-23 12:45:00,7.594,7.594,7.565,7.584,26255.23,15
2026-06-23 13:00:00,7.584,7.586,7.565,7.58,23797.75,15
2026-06-23 13:15:00,7.579,7.579,7.554,7.562,27241.69,15
2026-06-23 13:30:00,7.562,7.622,7.545,7.605,62584.43,15
2026-06-23 13:45:00,7.604,7.638,7.585,7.627,23372.72,15
2026-06-23 14:00:00,7.626,7.651,7.59,7.65,110283.81999999999,15
2026-06-23 14:15:00,7.649,7.669,7.62,7.637,40978.76,15
2026-06-23 14:30:00,7.638,7.677,7.628,7.642,16495.4,15
2026-06-23 14:45:00,7.643,7.652,7.594,7.611,20376.64,15
2026-06-23 15:00:00,7.612,7.613,7.57,7.579,27054.17,15
2026-06-23 15:15:00,7.579,7.583,7.559,7.567,9149.72,15
2026-06-23 15:30:00,7.568,7.694,7.568,7.625,244871.03999999998,15
2026-06-23 15:45:00,7.625,7.631,7.578,7.623,43551.119999999995,15
2026-06-23 16:00:00,7.623,7.668,7.604,7.655,71590.35,15
2026-06-23 16:15:00,7.655,7.659,7.606,7.609,31341.86,15
2026-06-23 16:30:00,7.608,7.635,7.604,7.628,14291.27,15
2026-06-23 16:45:00,7.628,7.631,7.6,7.604,15042.53,15
2026-06-23 17:00:00,7.603,7.604,7.567,7.579,17837.5,15
2026-06-23 17:15:00,7.579,7.628,7.579,7.621,4465.26,15
2026-06-23 17:30:00,7.621,7.63,7.592,7.595,6344.2,15
2026-06-23 17:45:00,7.596,7.6,7.568,7.579,9945.029999999999,15
2026-06-23 18:00:00,7.578,7.59,7.565,7.584,8157.43,15
2026-06-23 18:15:00,7.584,7.605,7.58,7.591,6728.35,15
2026-06-23 18:30:00,7.59,7.59,7.547,7.55,8046.7699999999995,15
2026-06-23 18:45:00,7.551,7.574,7.547,7.567,3607.19,15
2026-06-23 19:00:00,7.567,7.6,7.565,7.588,11825.58,15
2026-06-23 19:15:00,7.587,7.587,7.566,7.583,12970.36,15
2026-06-23 19:30:00,7.583,7.59,7.564,7.565,5456.42,15
2026-06-23 19:45:00,7.564,7.592,7.562,7.58,12947.69,15
2026-06-23 20:00:00,7.58,7.605,7.579,7.59,12801.08,15
2026-06-23 20:15:00,7.59,7.598,7.583,7.591,6500.35,15
2026-06-23 20:30:00,7.59,7.591,7.58,7.583,4772.42,15
2026-06-23 20:45:00,7.582,7.586,7.574,7.582,7253.71,15
2026-06-23 21:00:00,7.583,7.607,7.583,7.593,5416.77,15
2026-06-23 21:15:00,7.594,7.605,7.591,7.603,3789.7200000000003,15
2026-06-23 21:30:00,7.603,7.613,7.594,7.612,6134.8,15
2026-06-23 21:45:00,7.611,7.617,7.605,7.607,6426.610000000001,15
2026-06-23 22:00:00,7.608,7.644,7.605,7.642,16288.17,15
2026-06-23 22:15:00,7.641,7.649,7.605,7.614,12863.58,15
2026-06-23 22:30:00,7.614,7.621,7.6,7.607,6201.47,15
2026-06-23 22:45:00,7.607,7.622,7.603,7.618,3430.72,15
2026-06-23 23:00:00,7.618,7.618,7.588,7.593,12418.02,15
2026-06-23 23:15:00,7.593,7.623,7.593,7.617,5906.33,15
2026-06-23 23:30:00,7.616,7.622,7.606,7.611,4194.01,15
2026-06-23 23:45:00,7.612,7.648,7.612,7.635,19811.19,15
2026-06-24 00:00:00,7.636,7.66,7.632,7.652,20019.15,15
2026-06-24 00:15:00,7.653,7.66,7.639,7.644,18827.82,15
2026-06-24 00:30:00,7.645,7.665,7.635,7.636,60660.21,15
2026-06-24 00:45:00,7.635,7.635,7.607,7.621,103709.69,15
2026-06-24 01:00:00,7.621,7.63,7.587,7.628,62855.310000000005,15
2026-06-24 01:15:00,7.628,7.628,7.596,7.621,10399.289999999999,15
2026-06-24 01:30:00,7.622,7.666,7.622,7.649,43883.229999999996,15
2026-06-24 01:45:00,7.649,7.658,7.63,7.632,20641.9,15
2026-06-24 02:00:00,7.633,7.64,7.62,7.636,17662.62,15
2026-06-24 02:15:00,7.636,7.636,7.603,7.617,16465.15,15
2026-06-24 02:30:00,7.618,7.625,7.592,7.613,18700.45,15
2026-06-24 02:45:00,7.612,7.614,7.585,7.586,28086.219999999998,15
2026-06-24 03:00:00,7.586,7.592,7.578,7.581,15820.36,15
2026-06-24 03:15:00,7.58,7.581,7.552,7.579,11374.63,15
2026-06-24 03:30:00,7.579,7.605,7.578,7.598,5536.37,15
2026-06-24 03:45:00,7.598,7.6,7.586,7.586,4942.3,15
2026-06-24 04:00:00,7.587,7.591,7.577,7.583,8007.75,15
2026-06-24 04:15:00,7.584,7.589,7.533,7.549,14481.609999999999,15
2026-06-24 04:30:00,7.55,7.58,7.545,7.575,15453.380000000001,15
2026-06-24 04:45:00,7.575,7.607,7.575,7.596,16265.91,15
2026-06-24 05:00:00,7.596,7.62,7.596,7.614,9602.4,15
2026-06-24 05:15:00,7.614,7.646,7.614,7.645,9172.39,15
2026-06-24 05:30:00,7.645,7.672,7.64,7.654,30418.75,15
2026-06-24 05:45:00,7.654,7.66,7.64,7.649,9940.59,15
2026-06-24 06:00:00,7.65,7.657,7.629,7.65,10009.18,15
2026-06-24 06:15:00,7.65,7.655,7.636,7.644,4379.97,15
2026-06-24 06:30:00,7.644,7.657,7.64,7.647,8550.06,15
2026-06-24 06:45:00,7.646,7.652,7.635,7.642,16796.26,15
2026-06-24 07:00:00,7.642,7.65,7.629,7.644,17445.55,15
2026-06-24 07:15:00,7.644,7.644,7.618,7.619,7414.97,15
2026-06-24 07:30:00,7.619,7.632,7.607,7.62,7614.52,15
2026-06-24 07:45:00,7.62,7.62,7.601,7.607,10778.11,15
2026-06-24 08:00:00,7.608,7.614,7.596,7.605,6610.12,15
2026-06-24 08:15:00,7.606,7.613,7.599,7.611,8984.24,15
2026-06-24 08:30:00,7.612,7.631,7.61,7.623,3382.2200000000003,15
2026-06-24 08:45:00,7.622,7.628,7.612,7.628,9168.43,15
2026-06-24 09:00:00,7.628,7.629,7.611,7.623,7753.95,15
2026-06-24 09:15:00,7.622,7.623,7.608,7.608,4266.02,15
2026-06-24 09:30:00,7.608,7.613,7.6,7.607,4226.57,15
2026-06-24 09:45:00,7.606,7.626,7.6,7.625,7084.530000000001,15
2026-06-24 10:00:00,7.625,7.628,7.595,7.605,5154.29,15
2026-06-24 10:15:00,7.604,7.604,7.576,7.589,13939.61,15
2026-06-24 10:30:00,7.589,7.596,7.581,7.595,5378.92,15
2026-06-24 10:45:00,7.594,7.595,7.577,7.583,5448.87,15
2026-06-24 11:00:00,7.582,7.59,7.561,7.561,6510.26,15
2026-06-24 11:15:00,7.563,7.565,7.538,7.538,76135.47,15
2026-06-24 11:30:00,7.538,7.589,7.538,7.572,185579.09,15
2026-06-24 11:45:00,7.571,7.7,7.571,7.633,53099.19,15
2026-06-24 12:00:00,7.633,7.641,7.611,7.619,36797.97,15
2026-06-24 12:15:00,7.619,7.628,7.606,7.612,36743.93,15
2026-06-24 12:30:00,7.611,7.623,7.6,7.61,15791.99,15
2026-06-24 12:45:00,7.61,7.612,7.581,7.587,7356.34,15
2026-06-24 13:00:00,7.588,7.593,7.518,7.526,35618.29,15
2026-06-24 13:15:00,7.525,7.545,7.47,7.529,55647.57,15
2026-06-24 13:30:00,7.529,7.583,7.481,7.492,81551.67,15
2026-06-24 13:45:00,7.492,7.528,7.459,7.474,82676.32,15
2026-06-24 14:00:00,7.474,7.499,7.448,7.482,88200.67,15
2026-06-24 14:15:00,7.482,7.5,7.451,7.493,47555.79,15
2026-06-24 14:30:00,7.494,7.532,7.487,7.509,23034.17,15
2026-06-24 14:45:00,7.511,7.521,7.485,7.501,19825.76,15
2026-06-24 15:00:00,7.501,7.503,7.454,7.463,28619.88,15
2026-06-24 15:15:00,7.464,7.497,7.461,7.474,15634.99,15
2026-06-24 15:30:00,7.474,7.475,7.395,7.403,61814.26,15
2026-06-24 15:45:00,7.404,7.406,7.365,7.368,44819.82,15
2026-06-24 16:00:00,7.367,7.429,7.365,7.422,96281.58,15
2026-06-24 16:15:00,7.422,7.454,7.416,7.426,22415.52,15
2026-06-24 16:30:00,7.427,7.427,7.372,7.384,48261.2,15
2026-06-24 16:45:00,7.383,7.383,7.231,7.268,194266.33,15
2026-06-24 17:00:00,7.269,7.295,7.242,7.266,62653.39,15
2026-06-24 17:15:00,7.266,7.274,7.14,7.186,149422.67,15
2026-06-24 17:30:00,7.185,7.201,7.15,7.158,43399.88,15
2026-06-24 17:45:00,7.156,7.175,7.123,7.139,80817.12000000001,15
2026-06-24 18:00:00,7.139,7.181,7.124,7.181,43034.7,15
2026-06-24 18:15:00,7.182,7.263,7.182,7.238,71427.67,15
2026-06-24 18:30:00,7.238,7.242,7.199,7.207,15346.91,15
2026-06-24 18:45:00,7.207,7.209,7.174,7.189,15312.75,15
2026-06-24 19:00:00,7.19,7.221,7.173,7.19,27209.46,15
2026-06-24 19:15:00,7.189,7.224,7.174,7.219,26653.97,15
2026-06-24 19:30:00,7.219,7.237,7.2,7.212,31487.170000000002,15
2026-06-24 19:45:00,7.213,7.25,7.209,7.244,25978.95,15
2026-06-24 20:00:00,7.243,7.368,7.234,7.36,84661.19,15
2026-06-24 20:15:00,7.36,7.392,7.351,7.38,29336.5,15
2026-06-24 20:30:00,7.381,7.4,7.37,7.395,28436.010000000002,15
2026-06-24 20:45:00,7.395,7.429,7.393,7.396,34782.51,15
2026-06-24 21:00:00,7.397,7.402,7.364,7.388,26262.33,15
2026-06-24 21:15:00,7.387,7.4,7.38,7.399,16100.94,15
2026-06-24 21:30:00,7.399,7.446,7.394,7.432,24027.34,15
2026-06-24 21:45:00,7.431,7.452,7.422,7.449,25205.19,15
2026-06-24 22:00:00,7.449,7.483,7.447,7.454,32955.87,15
2026-06-24 22:15:00,7.453,7.453,7.427,7.429,12857.52,15
2026-06-24 22:30:00,7.429,7.437,7.41,7.424,25814.16,15
2026-06-24 22:45:00,7.424,7.424,7.401,7.408,3918.42,15
2026-06-24 23:00:00,7.409,7.42,7.398,7.413,9973.7,15
2026-06-24 23:15:00,7.414,7.434,7.403,7.421,7171.83,15
2026-06-24 23:30:00,7.421,7.432,7.413,7.422,5906.54,15
2026-06-24 23:45:00,7.422,7.434,7.41,7.426,6360.47,15
2026-06-25 00:00:00,7.427,7.445,7.421,7.437,9494.62,15
2026-06-25 00:15:00,7.437,7.438,7.41,7.414,7988.4,15
2026-06-25 00:30:00,7.414,7.416,7.401,7.401,19340.69,15
2026-06-25 00:45:00,7.402,7.415,7.389,7.401,7277.9400000000005,15
2026-06-25 01:00:00,7.401,7.411,7.391,7.398,5119.64,15
2026-06-25 01:15:00,7.397,7.413,7.385,7.401,8108.62,15
2026-06-25 01:30:00,7.4,7.418,7.398,7.404,9128.59,15
2026-06-25 01:45:00,7.405,7.418,7.399,7.41,4040.92,15
2026-06-25 02:00:00,7.409,7.416,7.405,7.409,5990.93,15
2026-06-25 02:15:00,7.408,7.424,7.399,7.424,6981.89,15
2026-06-25 02:30:00,7.424,7.424,7.392,7.394,15285.67,15
2026-06-25 02:45:00,7.394,7.411,7.394,7.411,29186.85,15
2026-06-25 03:00:00,7.412,7.423,7.404,7.405,6848.03,15
2026-06-25 03:15:00,7.405,7.41,7.39,7.405,15791.56,15
2026-06-25 03:30:00,7.404,7.412,7.393,7.4,4880.719999999999,15
2026-06-25 03:45:00,7.399,7.409,7.399,7.404,7503.53,15
2026-06-25 04:00:00,7.405,7.408,7.392,7.392,12074.29,15
2026-06-25 04:15:00,7.393,7.401,7.389,7.393,3787.7400000000002,15
2026-06-25 04:30:00,7.393,7.415,7.382,7.414,4362.2,15
2026-06-25 04:45:00,7.414,7.478,7.413,7.467,17314.61,15
2026-06-25 05:00:00,7.467,7.522,7.456,7.513,34178.22,15
2026-06-25 05:15:00,7.513,7.54,7.5,7.519,28312.17,15
2026-06-25 05:30:00,7.52,7.53,7.51,7.51,11110.93,15
2026-06-25 05:45:00,7.509,7.522,7.508,7.514,40455.85,15
2026-06-25 06:00:00,7.514,7.538,7.514,7.533,11988.18,15
2026-06-25 06:15:00,7.533,7.553,7.509,7.514,66053.77,15
2026-06-25 06:30:00,7.513,7.54,7.509,7.538,12097.310000000001,15
2026-06-25 06:45:00,7.538,7.543,7.52,7.524,11170.91,15
2026-06-25 07:00:00,7.525,7.534,7.505,7.514,12147.56,15
2026-06-25 07:15:00,7.513,7.537,7.513,7.526,11726.49,15
2026-06-25 07:30:00,7.527,7.538,7.526,7.533,6544.43,15
2026-06-25 07:45:00,7.532,7.537,7.518,7.537,9233.65,15
2026-06-25 08:00:00,7.537,7.537,7.523,7.523,5266.04,15
2026-06-25 08:15:00,7.523,7.523,7.513,7.521,7193.24,15
2026-06-25 08:30:00,7.521,7.521,7.512,7.519,3968.12,15
2026-06-25 08:45:00,7.519,7.52,7.5,7.507,14939.77,15
2026-06-25 09:00:00,7.508,7.517,7.506,7.51,3216.14,15
2026-06-25 09:15:00,7.509,7.511,7.484,7.489,10364.69,15
2026-06-25 09:30:00,7.49,7.499,7.484,7.494,3629.99,15
2026-06-25 09:45:00,7.495,7.499,7.491,7.492,2791.29,15
2026-06-25 10:00:00,7.492,7.495,7.482,7.494,7252.4800000000005,15
2026-06-25 10:15:00,7.494,7.497,7.467,7.471,8965.69,15
2026-06-25 10:30:00,7.472,7.481,7.457,7.457,24984.82,15
2026-06-25 10:45:00,7.458,7.467,7.447,7.45,29264.15,15
2026-06-25 11:00:00,7.449,7.462,7.425,7.46,31538.07,15
2026-06-25 11:15:00,7.46,7.465,7.436,7.438,12538.93,15
2026-06-25 11:30:00,7.439,7.45,7.437,7.44,7006.47,15
2026-06-25 11:45:00,7.439,7.442,7.425,7.44,7395.89,15
2026-06-25 12:00:00,7.441,7.451,7.43,7.437,59466.200000000004,15
2026-06-25 12:15:00,7.437,7.437,7.391,7.396,14252.55,15
2026-06-25 12:30:00,7.396,7.51,7.396,7.461,45868.73,15
2026-06-25 12:45:00,7.461,7.471,7.44,7.45,9945.97,15
2026-06-25 13:00:00,7.45,7.466,7.439,7.463,15607.710000000001,15
2026-06-25 13:15:00,7.462,7.47,7.457,7.462,10655.06,15
2026-06-25 13:30:00,7.462,7.49,7.287,7.293,105096.13,15
2026-06-25 13:45:00,7.293,7.315,7.01,7.031,256175.71,15
2026-06-25 14:00:00,7.032,7.235,7.032,7.199,197236.39,15
2026-06-25 14:15:00,7.198,7.225,7.121,7.177,91662.18,15
2026-06-25 14:30:00,7.176,7.305,7.162,7.192,95259.27,15
2026-06-25 14:45:00,7.191,7.238,7.175,7.189,95985.39,15
2026-06-25 15:00:00,7.191,7.195,7.131,7.14,56828.11,15
2026-06-25 15:15:00,7.139,7.176,7.103,7.161,95795.13,15
2026-06-25 15:30:00,7.162,7.202,7.15,7.17,29937.04,15
2026-06-25 15:45:00,7.17,7.235,7.165,7.216,49674.6,15
2026-06-25 16:00:00,7.217,7.283,7.205,7.246,29810.88,15
2026-06-25 16:15:00,7.247,7.256,7.236,7.248,11970.64,15
2026-06-25 16:30:00,7.248,7.248,7.183,7.186,28687.39,15
2026-06-25 16:45:00,7.186,7.199,7.161,7.199,21727.72,15
2026-06-25 17:00:00,7.198,7.243,7.187,7.233,28175.92,15
2026-06-25 17:15:00,7.233,7.279,7.232,7.264,62555.15,15
2026-06-25 17:30:00,7.264,7.282,7.251,7.258,9316.97,15
2026-06-25 17:45:00,7.257,7.277,7.24,7.277,35055.55,15
2026-06-25 18:00:00,7.278,7.283,7.227,7.228,36891.4,15
2026-06-25 18:15:00,7.228,7.286,7.227,7.234,28340.74,15
2026-06-25 18:30:00,7.234,7.234,7.177,7.188,35309.87,15
2026-06-25 18:45:00,7.19,7.212,7.176,7.201,12416.83,15
2026-06-25 19:00:00,7.202,7.202,7.162,7.166,12109.98,15
2026-06-25 19:15:00,7.165,7.171,7.137,7.166,26360.760000000002,15
2026-06-25 19:30:00,7.166,7.184,7.157,7.171,6260.41,15
2026-06-25 19:45:00,7.171,7.18,7.153,7.18,10791.92,15
2026-06-25 20:00:00,7.179,7.23,7.179,7.201,13082.07,15
2026-06-25 20:15:00,7.2,7.228,7.2,7.221,12219.08,15
2026-06-25 20:30:00,7.221,7.223,7.192,7.2,10350.24,15
2026-06-25 20:45:00,7.199,7.201,7.181,7.192,11679.15,15
2026-06-25 21:00:00,7.192,7.215,7.188,7.214,10594.74,15
2026-06-25 21:15:00,7.215,7.234,7.211,7.234,10562.8,15
2026-06-25 21:30:00,7.234,7.271,7.234,7.257,11806.39,15
2026-06-25 21:45:00,7.258,7.284,7.254,7.284,10409.130000000001,15
2026-06-25 22:00:00,7.283,7.288,7.245,7.245,19997.239999999998,15
2026-06-25 22:15:00,7.246,7.265,7.241,7.243,11216.5,15
2026-06-25 22:30:00,7.242,7.26,7.241,7.25,5593.62,15
2026-06-25 22:45:00,7.25,7.26,7.239,7.242,7820.280000000001,15
2026-06-25 23:00:00,7.244,7.254,7.232,7.25,5227.85,15
2026-06-25 23:15:00,7.25,7.294,7.25,7.287,20360.329999999998,15
2026-06-25 23:30:00,7.287,7.301,7.261,7.266,15983.310000000001,15
2026-06-25 23:45:00,7.266,7.266,7.236,7.248,9302.73,15
2026-06-26 00:00:00,7.248,7.264,7.237,7.26,9662.81,15
2026-06-26 00:15:00,7.259,7.266,7.239,7.254,8573.49,15
2026-06-26 00:30:00,7.254,7.262,7.241,7.253,6589.9400000000005,15
2026-06-26 00:45:00,7.253,7.253,7.219,7.233,56027.490000000005,15
2026-06-26 01:00:00,7.232,7.25,7.208,7.222,10987.75,15
2026-06-26 01:15:00,7.222,7.23,7.178,7.178,8213.43,15
2026-06-26 01:30:00,7.177,7.181,7.165,7.171,6099.35,15
2026-06-26 01:45:00,7.17,7.189,7.163,7.175,5547.96,15
2026-06-26 02:00:00,7.176,7.181,7.045,7.048,47078.240000000005,15
2026-06-26 02:15:00,7.049,7.099,7.03,7.098,41758.88,15
2026-06-26 02:30:00,7.098,7.118,7.074,7.094,28387.2,15
2026-06-26 02:45:00,7.095,7.101,7.046,7.06,95318.77,15
2026-06-26 03:00:00,7.061,7.108,7.016,7.098,54084.02,15
2026-06-26 03:15:00,7.097,7.114,7.071,7.1,37683.38,15
2026-06-26 03:30:00,7.099,7.148,7.082,7.144,33336.57,15
2026-06-26 03:45:00,7.143,7.224,7.143,7.206,59975.78,15
2026-06-26 04:00:00,7.205,7.215,7.188,7.195,34005.56,15
2026-06-26 04:15:00,7.194,7.228,7.186,7.203,14030.32,15
2026-06-26 04:30:00,7.202,7.208,7.188,7.201,8685.140000000001,15
2026-06-26 04:45:00,7.202,7.203,7.174,7.177,9371.64,15
2026-06-26 05:00:00,7.178,7.198,7.17,7.198,6634.55,15
2026-06-26 05:15:00,7.199,7.211,7.177,7.208,7751.639999999999,15
2026-06-26 05:30:00,7.209,7.222,7.196,7.197,17320.38,15
2026-06-26 05:45:00,7.197,7.205,7.184,7.198,4851.0,15
2026-06-26 06:00:00,7.197,7.197,7.157,7.158,24370.58,15
2026-06-26 06:15:00,7.159,7.227,7.159,7.222,12845.11,15
2026-06-26 06:30:00,7.222,7.276,7.21,7.275,17077.59,15
2026-06-26 06:45:00,7.274,7.282,7.257,7.278,14266.44,15
2026-06-26 07:00:00,7.278,7.316,7.272,7.312,19253.7,15
2026-06-26 07:15:00,7.312,7.331,7.306,7.315,16405.81,15
2026-06-26 07:30:00,7.315,7.342,7.307,7.317,25739.66,15
2026-06-26 07:45:00,7.316,7.333,7.311,7.328,24659.83,15
2026-06-26 08:00:00,7.328,7.336,7.282,7.284,44140.29,15
2026-06-26 08:15:00,7.285,7.291,7.271,7.275,11729.03,15
2026-06-26 08:30:00,7.275,7.275,7.25,7.255,11665.26,15
2026-06-26 08:45:00,7.256,7.264,7.248,7.259,14542.51,15
2026-06-26 09:00:00,7.259,7.26,7.238,7.253,6413.2699999999995,15
2026-06-26 09:15:00,7.252,7.252,7.234,7.249,11318.06,15
2026-06-26 09:30:00,7.25,7.271,7.238,7.252,15769.1,15
2026-06-26 09:45:00,7.251,7.251,7.188,7.188,31147.19,15
2026-06-26 10:00:00,7.189,7.195,7.17,7.186,18983.6,15
2026-06-26 10:15:00,7.187,7.2,7.183,7.192,4120.97,15
2026-06-26 10:30:00,7.193,7.203,7.157,7.178,12317.130000000001,15
2026-06-26 10:45:00,7.177,7.183,7.151,7.161,12954.15,15
2026-06-26 11:00:00,7.161,7.192,7.157,7.174,11699.98,15
2026-06-26 11:15:00,7.173,7.173,7.149,7.154,7421.51,15
2026-06-26 11:30:00,7.154,7.171,7.153,7.161,6039.41,15
2026-06-26 11:45:00,7.16,7.16,7.125,7.147,15719.01,15
2026-06-26 12:00:00,7.149,7.172,7.148,7.163,16787.87,15
2026-06-26 12:15:00,7.164,7.199,7.164,7.199,25117.77,15
2026-06-26 12:30:00,7.198,7.232,7.089,7.112,43975.87,15
2026-06-26 12:45:00,7.112,7.169,7.104,7.127,29487.41,15
2026-06-26 13:00:00,7.127,7.167,7.114,7.135,11118.44,15
2026-06-26 13:15:00,7.135,7.142,7.056,7.112,51135.159999999996,15
2026-06-26 13:30:00,7.111,7.196,7.1,7.188,42398.57,15
2026-06-26 13:45:00,7.187,7.275,7.167,7.27,58530.21,15
2026-06-26 14:00:00,7.269,7.291,7.217,7.23,44082.24,15
2026-06-26 14:15:00,7.23,7.281,7.214,7.26,54776.69,15
2026-06-26 14:30:00,7.26,7.277,7.206,7.224,65542.36,15
2026-06-26 14:45:00,7.224,7.279,7.213,7.231,43190.97,15
2026-06-26 15:00:00,7.232,7.289,7.22,7.257,29595.19,15
2026-06-26 15:15:00,7.257,7.332,7.25,7.305,57454.58,15
2026-06-26 15:30:00,7.305,7.36,7.305,7.354,43190.9,15
2026-06-26 15:45:00,7.355,7.358,7.291,7.337,57167.71,15
2026-06-26 16:00:00,7.338,7.402,7.338,7.346,65814.87,15
2026-06-26 16:15:00,7.347,7.364,7.301,7.337,31827.370000000003,15
2026-06-26 16:30:00,7.338,7.396,7.338,7.351,30681.489999999998,15
2026-06-26 16:45:00,7.351,7.372,7.34,7.349,29785.57,15
2026-06-26 17:00:00,7.348,7.394,7.344,7.381,22460.05,15
2026-06-26 17:15:00,7.382,7.393,7.356,7.384,19444.89,15
2026-06-26 17:30:00,7.384,7.394,7.352,7.376,21774.91,15
2026-06-26 17:45:00,7.376,7.389,7.359,7.367,12032.78,15
2026-06-26 18:00:00,7.367,7.386,7.365,7.372,8562.49,15
2026-06-26 18:15:00,7.373,7.376,7.336,7.339,14036.74,15
2026-06-26 18:30:00,7.338,7.344,7.318,7.323,8231.96,15
2026-06-26 18:45:00,7.323,7.323,7.288,7.3,14815.230000000001,15
2026-06-26 19:00:00,7.301,7.359,7.288,7.349,25161.489999999998,15
2026-06-26 19:15:00,7.348,7.348,7.331,7.342,7099.43,15
2026-06-26 19:30:00,7.343,7.376,7.343,7.364,10351.8,15
2026-06-26 19:45:00,7.364,7.367,7.324,7.328,34145.57,15
2026-06-26 20:00:00,7.328,7.389,7.328,7.348,50273.030000000006,15
2026-06-26 20:15:00,7.348,7.365,7.342,7.365,5277.82,15
2026-06-26 20:30:00,7.364,7.364,7.309,7.317,22614.879999999997,15
2026-06-26 20:45:00,7.317,7.332,7.309,7.314,8599.27,15
2026-06-26 21:00:00,7.313,7.314,7.296,7.309,5735.3099999999995,15
2026-06-26 21:15:00,7.307,7.321,7.303,7.321,4986.5,15
2026-06-26 21:30:00,7.32,7.342,7.319,7.338,6368.28,15
2026-06-26 21:45:00,7.339,7.342,7.312,7.312,5343.09,15
2026-06-26 22:00:00,7.312,7.325,7.29,7.314,13686.24,15
2026-06-26 22:15:00,7.314,7.316,7.303,7.308,9439.39,15
2026-06-26 22:30:00,7.308,7.333,7.3,7.33,17268.09,15
2026-06-26 22:45:00,7.329,7.358,7.322,7.355,11206.49,15
2026-06-26 23:00:00,7.355,7.376,7.351,7.369,14774.02,15
2026-06-26 23:15:00,7.369,7.369,7.349,7.349,10704.74,15
2026-06-26 23:30:00,7.349,7.363,7.348,7.356,13189.9,15
2026-06-26 23:45:00,7.356,7.358,7.349,7.354,6050.2699999999995,15
2026-06-27 00:00:00,7.355,7.385,7.354,7.37,10605.29,15
2026-06-27 00:15:00,7.369,7.371,7.351,7.353,6749.549999999999,15
2026-06-27 00:30:00,7.352,7.352,7.324,7.332,12361.710000000001,15
2026-06-27 00:45:00,7.332,7.356,7.33,7.353,1570.05,15
2026-06-27 01:00:00,7.354,7.356,7.341,7.349,7627.01,15
2026-06-27 01:15:00,7.349,7.361,7.345,7.36,3096.3599999999997,15
2026-06-27 01:30:00,7.359,7.36,7.346,7.354,3298.42,15
2026-06-27 01:45:00,7.354,7.359,7.35,7.355,3688.52,15
2026-06-27 02:00:00,7.355,7.383,7.349,7.382,8050.44,15
2026-06-27 02:15:00,7.382,7.415,7.376,7.405,27385.12,15
2026-06-27 02:30:00,7.404,7.41,7.389,7.402,12289.369999999999,15
2026-06-27 02:45:00,7.402,7.417,7.401,7.402,11749.710000000001,15
2026-06-27 03:00:00,7.401,7.404,7.369,7.372,9654.55,15
2026-06-27 03:15:00,7.372,7.396,7.372,7.379,8062.62,15
2026-06-27 03:30:00,7.379,7.389,7.37,7.374,11689.2,15
2026-06-27 03:45:00,7.374,7.375,7.361,7.366,12365.779999999999,15
2026-06-27 04:00:00,7.366,7.399,7.366,7.389,11352.92,15
2026-06-27 04:15:00,7.389,7.401,7.383,7.383,9727.76,15
2026-06-27 04:30:00,7.383,7.391,7.377,7.381,6676.75,15
2026-06-27 04:45:00,7.381,7.383,7.363,7.364,4892.67,15
2026-06-27 05:00:00,7.364,7.374,7.353,7.373,7130.63,15
2026-06-27 05:15:00,7.373,7.373,7.353,7.355,3161.82,15
2026-06-27 05:30:00,7.355,7.363,7.346,7.363,6939.99,15
2026-06-27 05:45:00,7.362,7.376,7.362,7.374,4795.66,15
2026-06-27 06:00:00,7.373,7.376,7.353,7.357,5817.81,15
2026-06-27 06:15:00,7.358,7.372,7.355,7.367,6426.42,15
2026-06-27 06:30:00,7.367,7.399,7.367,7.394,20330.68,15
2026-06-27 06:45:00,7.395,7.405,7.378,7.382,11131.54,15
2026-06-27 07:00:00,7.383,7.385,7.364,7.37,21340.45,15
2026-06-27 07:15:00,7.371,7.389,7.367,7.386,9390.029999999999,15
2026-06-27 07:30:00,7.386,7.386,7.377,7.381,10522.26,15
2026-06-27 07:45:00,7.381,7.392,7.38,7.386,9473.009999999998,15
2026-06-27 08:00:00,7.385,7.385,7.374,7.379,7667.88,15
2026-06-27 08:15:00,7.379,7.388,7.373,7.375,13870.539999999999,15
2026-06-27 08:30:00,7.375,7.378,7.361,7.364,5915.4,15
2026-06-27 08:45:00,7.364,7.381,7.364,7.375,6762.46,15
2026-06-27 09:00:00,7.374,7.38,7.356,7.356,12745.710000000001,15
2026-06-27 09:15:00,7.356,7.358,7.343,7.352,17330.05,15
2026-06-27 09:30:00,7.352,7.364,7.352,7.363,6086.18,15
2026-06-27 09:45:00,7.364,7.383,7.364,7.38,9552.47,15
2026-06-27 10:00:00,7.379,7.384,7.365,7.365,17564.17,15
2026-06-27 10:15:00,7.365,7.368,7.359,7.366,6150.5599999999995,15
2026-06-27 10:30:00,7.364,7.368,7.357,7.361,12379.04,15
2026-06-27 10:45:00,7.362,7.37,7.36,7.368,2245.75,15
2026-06-27 11:00:00,7.369,7.369,7.348,7.357,7554.5199999999995,15
2026-06-27 11:15:00,7.358,7.358,7.332,7.335,8564.82,15
2026-06-27 11:30:00,7.336,7.343,7.332,7.342,5771.93,15
2026-06-27 11:45:00,7.342,7.36,7.342,7.357,3408.75,15
2026-06-27 12:00:00,7.357,7.36,7.342,7.347,8540.54,15
2026-06-27 12:15:00,7.348,7.361,7.348,7.354,1423.95,15
2026-06-27 12:30:00,7.355,7.362,7.348,7.362,6869.400000000001,15
2026-06-27 12:45:00,7.363,7.379,7.357,7.377,6109.96,15
2026-06-27 13:00:00,7.378,7.386,7.372,7.382,8772.24,15
2026-06-27 13:15:00,7.381,7.387,7.377,7.377,5450.66,15
2026-06-27 13:30:00,7.377,7.397,7.374,7.393,12795.42,15
2026-06-27 13:45:00,7.392,7.396,7.386,7.392,6041.39,15
2026-06-27 14:00:00,7.392,7.427,7.383,7.419,13010.55,15
2026-06-27 14:15:00,7.418,7.418,7.407,7.413,8122.24,15
2026-06-27 14:30:00,7.413,7.419,7.403,7.414,8881.69,15
2026-06-27 14:45:00,7.413,7.419,7.409,7.412,6523.54,15
2026-06-27 15:00:00,7.413,7.465,7.411,7.458,20218.87,15
2026-06-27 15:15:00,7.457,7.458,7.432,7.451,27688.91,15
2026-06-27 15:30:00,7.451,7.478,7.445,7.456,12822.17,15
2026-06-27 15:45:00,7.456,7.457,7.445,7.454,6020.39,15
2026-06-27 16:00:00,7.456,7.469,7.446,7.446,11087.05,15
2026-06-27 16:15:00,7.447,7.447,7.435,7.443,5818.02,15
2026-06-27 16:30:00,7.444,7.455,7.442,7.448,2485.0499999999997,15
2026-06-27 16:45:00,7.448,7.458,7.439,7.454,4152.91,15
2026-06-27 17:00:00,7.453,7.453,7.365,7.398,84476.37999999999,15
2026-06-27 17:15:00,7.398,7.401,7.383,7.393,9306.6,15
2026-06-27 17:30:00,7.393,7.398,7.379,7.391,10504.62,15
2026-06-27 17:45:00,7.39,7.396,7.376,7.377,10339.77,15
2026-06-27 18:00:00,7.377,7.383,7.363,7.376,4264.88,15
2026-06-27 18:15:00,7.376,7.385,7.365,7.378,4554.26,15
2026-06-27 18:30:00,7.378,7.385,7.377,7.379,2178.16,15
2026-06-27 18:45:00,7.379,7.389,7.376,7.387,2685.61,15
2026-06-27 19:00:00,7.387,7.4,7.386,7.394,2976.73,15
2026-06-27 19:15:00,7.393,7.393,7.325,7.345,17135.019999999997,15
2026-06-27 19:30:00,7.346,7.346,7.306,7.326,14431.4,15
2026-06-27 19:45:00,7.326,7.335,7.321,7.325,3899.61,15
2026-06-27 20:00:00,7.325,7.343,7.325,7.34,4657.679999999999,15
2026-06-27 20:15:00,7.341,7.347,7.335,7.337,2329.06,15
2026-06-27 20:30:00,7.336,7.341,7.325,7.327,6075.73,15
2026-06-27 20:45:00,7.327,7.337,7.327,7.337,758.83,15
2026-06-27 21:00:00,7.338,7.346,7.333,7.34,4358.37,15
2026-06-27 21:15:00,7.34,7.345,7.331,7.341,4147.4400000000005,15
2026-06-27 21:30:00,7.341,7.342,7.304,7.304,5622.88,15
2026-06-27 21:45:00,7.305,7.314,7.296,7.307,6851.17,15
2026-06-27 22:00:00,7.306,7.306,7.29,7.3,6867.27,15
2026-06-27 22:15:00,7.299,7.303,7.248,7.297,27556.32,15
2026-06-27 22:30:00,7.297,7.321,7.297,7.308,13676.01,15
2026-06-27 22:45:00,7.309,7.328,7.306,7.326,2347.03,15
2026-06-27 23:00:00,7.327,7.334,7.299,7.3,4343.03,15
2026-06-27 23:15:00,7.3,7.309,7.29,7.294,5062.42,15
2026-06-27 23:30:00,7.294,7.307,7.289,7.303,3753.8,15
2026-06-27 23:45:00,7.304,7.305,7.297,7.297,2858.14,15
2026-06-28 00:00:00,7.296,7.31,7.29,7.306,2585.87,15
2026-06-28 00:15:00,7.307,7.318,7.304,7.316,5075.17,15
2026-06-28 00:30:00,7.316,7.316,7.305,7.313,4834.87,15
2026-06-28 00:45:00,7.314,7.316,7.296,7.297,3428.57,15
2026-06-28 01:00:00,7.297,7.298,7.283,7.289,7667.530000000001,15
2026-06-28 01:15:00,7.289,7.306,7.288,7.296,9584.91,15
2026-06-28 01:30:00,7.296,7.305,7.294,7.304,5105.49,15
2026-06-28 01:45:00,7.304,7.304,7.294,7.296,1853.44,15
2026-06-28 02:00:00,7.296,7.313,7.296,7.31,4545.01,15
2026-06-28 02:15:00,7.31,7.316,7.271,7.28,7290.83,15
2026-06-28 02:30:00,7.28,7.284,7.275,7.278,1302.17,15
2026-06-28 02:45:00,7.278,7.283,7.273,7.277,8009.089999999999,15
2026-06-28 03:00:00,7.277,7.306,7.277,7.302,3138.67,15
2026-06-28 03:15:00,7.301,7.301,7.29,7.299,2291.94,15
2026-06-28 03:30:00,7.3,7.303,7.291,7.295,8865.77,15
2026-06-28 03:45:00,7.295,7.31,7.293,7.307,2774.93,15
2026-06-28 04:00:00,7.307,7.308,7.295,7.298,4252.85,15
2026-06-28 04:15:00,7.298,7.302,7.291,7.294,2936.73,15
2026-06-28 04:30:00,7.293,7.305,7.28,7.305,35417.62,15
2026-06-28 04:45:00,7.305,7.31,7.293,7.295,5935.16,15
2026-06-28 05:00:00,7.296,7.296,7.266,7.277,7494.67,15
2026-06-28 05:15:00,7.277,7.281,7.241,7.25,11855.58,15
2026-06-28 05:30:00,7.249,7.266,7.242,7.262,4926.21,15
2026-06-28 05:45:00,7.261,7.273,7.257,7.267,2661.4900000000002,15
2026-06-28 06:00:00,7.267,7.27,7.228,7.228,5092.03,15
2026-06-28 06:15:00,7.229,7.244,7.22,7.238,13402.15,15
2026-06-28 06:30:00,7.238,7.26,7.238,7.253,54247.8,15
2026-06-28 06:45:00,7.252,7.267,7.248,7.257,3776.65,15
2026-06-28 07:00:00,7.258,7.293,7.258,7.284,5365.43,15
2026-06-28 07:15:00,7.285,7.285,7.279,7.279,3001.18,15
2026-06-28 07:30:00,7.28,7.305,7.278,7.299,6531.82,15
2026-06-28 07:45:00,7.299,7.306,7.293,7.305,3942.2799999999997,15
2026-06-28 08:00:00,7.305,7.318,7.295,7.3,6491.04,15
2026-06-28 08:15:00,7.301,7.308,7.294,7.297,2248.99,15
2026-06-28 08:30:00,7.297,7.358,7.297,7.336,11969.609999999999,15
2026-06-28 08:45:00,7.336,7.345,7.327,7.328,4864.93,15
2026-06-28 09:00:00,7.327,7.351,7.317,7.337,3711.0499999999997,15
2026-06-28 09:15:00,7.337,7.338,7.325,7.326,3519.2999999999997,15
2026-06-28 09:30:00,7.326,7.339,7.322,7.334,4650.49,15
2026-06-28 09:45:00,7.334,7.336,7.292,7.292,10575.48,15
2026-06-28 10:00:00,7.293,7.313,7.287,7.306,10442.35,15
2026-06-28 10:15:00,7.305,7.305,7.248,7.253,136389.62,15
2026-06-28 10:30:00,7.253,7.259,7.232,7.236,31179.629999999997,15
2026-06-28 10:45:00,7.236,7.25,7.236,7.249,3961.3700000000003,15
2026-06-28 11:00:00,7.25,7.266,7.24,7.246,11255.36,15
2026-06-28 11:15:00,7.246,7.287,7.24,7.277,69064.45,15
2026-06-28 11:30:00,7.277,7.285,7.265,7.285,3998.58,15
2026-06-28 11:45:00,7.286,7.294,7.274,7.289,4851.16,15
2026-06-28 12:00:00,7.289,7.302,7.279,7.282,6785.54,15
2026-06-28 12:15:00,7.283,7.3,7.262,7.3,3583.63,15
2026-06-28 12:30:00,7.299,7.316,7.274,7.277,12744.53,15
2026-06-28 12:45:00,7.278,7.293,7.277,7.288,4938.46,15
2026-06-28 13:00:00,7.288,7.288,7.241,7.268,9835.289999999999,15
2026-06-28 13:15:00,7.268,7.272,7.26,7.265,4189.51,15
2026-06-28 13:30:00,7.265,7.274,7.256,7.274,8706.63,15
2026-06-28 13:45:00,7.274,7.275,7.257,7.258,3731.92,15
2026-06-28 14:00:00,7.259,7.282,7.259,7.282,12975.01,15
2026-06-28 14:15:00,7.283,7.316,7.279,7.303,49564.88,15
2026-06-28 14:30:00,7.303,7.312,7.296,7.301,14791.029999999999,15
2026-06-28 14:45:00,7.301,7.314,7.292,7.292,16349.04,15
2026-06-28 15:00:00,7.293,7.325,7.285,7.314,35921.35,15
2026-06-28 15:15:00,7.313,7.325,7.3,7.315,17930.95,15
2026-06-28 15:30:00,7.314,7.332,7.295,7.303,28268.66,15
2026-06-28 15:45:00,7.303,7.318,7.285,7.317,13420.13,15
2026-06-28 16:00:00,7.318,7.322,7.294,7.299,6036.22,15
2026-06-28 16:15:00,7.299,7.305,7.27,7.276,8293.85,15
2026-06-28 16:30:00,7.277,7.278,7.229,7.231,80780.9,15
2026-06-28 16:45:00,7.231,7.25,7.227,7.246,10464.57,15
2026-06-28 17:00:00,7.246,7.275,7.231,7.245,18812.42,15
2026-06-28 17:15:00,7.245,7.248,7.225,7.227,10196.18,15
2026-06-28 17:30:00,7.227,7.243,7.207,7.24,11294.75,15
2026-06-28 17:45:00,7.239,7.256,7.234,7.253,3918.98,15
2026-06-28 18:00:00,7.253,7.267,7.253,7.254,5099.4800000000005,15
2026-06-28 18:15:00,7.253,7.253,7.234,7.234,4040.1099999999997,15
2026-06-28 18:30:00,7.234,7.241,7.226,7.234,2638.63,15
2026-06-28 18:45:00,7.233,7.252,7.225,7.249,1610.36,15
2026-06-28 19:00:00,7.249,7.249,7.226,7.232,1955.94,15
2026-06-28 19:15:00,7.233,7.243,7.229,7.242,2952.19,15
2026-06-28 19:30:00,7.242,7.266,7.228,7.231,4000.54,15
2026-06-28 19:45:00,7.23,7.232,7.197,7.23,14020.369999999999,15
2026-06-28 20:00:00,7.229,7.254,7.227,7.251,7916.16,15
2026-06-28 20:15:00,7.251,7.281,7.247,7.263,6000.87,15
2026-06-28 20:30:00,7.263,7.266,7.25,7.25,2506.3199999999997,15
2026-06-28 20:45:00,7.251,7.258,7.245,7.252,2521.0,15
2026-06-28 21:00:00,7.252,7.258,7.243,7.25,6781.299999999999,15
2026-06-28 21:15:00,7.249,7.249,7.219,7.22,8847.78,15
2026-06-28 21:30:00,7.22,7.228,7.218,7.219,5338.16,15
2026-06-28 21:45:00,7.219,7.22,7.172,7.194,14708.89,15
2026-06-28 22:00:00,7.195,7.278,7.195,7.243,20730.44,15
2026-06-28 22:15:00,7.242,7.248,7.188,7.223,13991.82,15
2026-06-28 22:30:00,7.224,7.235,7.2,7.203,12593.85,15
2026-06-28 22:45:00,7.202,7.222,7.16,7.196,59971.24,15
2026-06-28 23:00:00,7.195,7.233,7.186,7.21,13936.41,15
2026-06-28 23:15:00,7.211,7.25,7.203,7.245,4828.68,15
2026-06-28 23:30:00,7.244,7.295,7.242,7.279,16708.69,15
2026-06-28 23:45:00,7.279,7.289,7.268,7.268,7256.45,15
2026-06-29 00:00:00,7.269,7.283,7.228,7.264,13755.52,15
2026-06-29 00:15:00,7.263,7.267,7.222,7.222,12625.77,15
2026-06-29 00:30:00,7.221,7.249,7.195,7.247,16114.61,15
2026-06-29 00:45:00,7.247,7.282,7.214,7.279,9520.880000000001,15
2026-06-29 01:00:00,7.28,7.282,7.253,7.256,5966.49,15
2026-06-29 01:15:00,7.255,7.261,7.229,7.232,8489.78,15
2026-06-29 01:30:00,7.232,7.273,7.22,7.269,9437.68,15
2026-06-29 01:45:00,7.27,7.279,7.259,7.26,7351.839999999999,15
2026-06-29 02:00:00,7.259,7.271,7.179,7.193,13708.92,15
2026-06-29 02:15:00,7.194,7.285,7.189,7.276,12886.27,15
2026-06-29 02:30:00,7.276,7.301,7.269,7.296,21112.48,15
2026-06-29 02:45:00,7.297,7.306,7.291,7.302,14096.02,15
2026-06-29 03:00:00,7.303,7.36,7.303,7.342,43434.02,15
2026-06-29 03:15:00,7.341,7.367,7.339,7.363,14648.61,15
2026-06-29 03:30:00,7.364,7.367,7.312,7.314,57407.24,15
2026-06-29 03:45:00,7.313,7.339,7.308,7.332,10080.26,15
2026-06-29 04:00:00,7.331,7.332,7.302,7.306,11571.84,15
2026-06-29 04:15:00,7.305,7.323,7.3,7.316,6000.56,15
2026-06-29 04:30:00,7.317,7.317,7.279,7.289,5660.54,15
2026-06-29 04:45:00,7.289,7.304,7.277,7.285,108817.54,15
2026-06-29 05:00:00,7.285,7.289,7.221,7.245,17018.84,15
2026-06-29 05:15:00,7.246,7.265,7.244,7.255,5310.23,15
2026-06-29 05:30:00,7.256,7.294,7.25,7.291,19663.75,15
2026-06-29 05:45:00,7.29,7.31,7.285,7.31,14739.210000000001,15
2026-06-29 06:00:00,7.31,7.339,7.31,7.336,18126.17,15
2026-06-29 06:15:00,7.336,7.353,7.332,7.334,22288.45,15
2026-06-29 06:30:00,7.335,7.338,7.308,7.311,12078.800000000001,15
2026-06-29 06:45:00,7.311,7.317,7.306,7.312,3944.9199999999996,15
2026-06-29 07:00:00,7.312,7.312,7.288,7.312,14478.93,15
2026-06-29 07:15:00,7.313,7.334,7.309,7.321,27436.23,15
2026-06-29 07:30:00,7.322,7.333,7.315,7.323,15497.91,15
2026-06-29 07:45:00,7.322,7.336,7.315,7.325,28137.6,15
2026-06-29 08:00:00,7.325,7.343,7.317,7.323,30516.9,15
2026-06-29 08:15:00,7.323,7.333,7.289,7.294,30798.78,15
2026-06-29 08:30:00,7.293,7.311,7.279,7.3,24271.87,15
2026-06-29 08:45:00,7.3,7.312,7.289,7.289,19427.15,15
2026-06-29 09:00:00,7.289,7.311,7.287,7.31,14318.07,15
2026-06-29 09:15:00,7.31,7.333,7.286,7.312,37151.130000000005,15
2026-06-29 09:30:00,7.313,7.322,7.303,7.313,27874.170000000002,15
2026-06-29 09:45:00,7.314,7.325,7.299,7.324,36017.049999999996,15
2026-06-29 10:00:00,7.325,7.364,7.325,7.352,36968.8,15
2026-06-29 10:15:00,7.353,7.359,7.343,7.347,26251.78,15
2026-06-29 10:30:00,7.348,7.348,7.327,7.338,21916.19,15
2026-06-29 10:45:00,7.338,7.341,7.328,7.337,20313.8,15
2026-06-29 11:00:00,7.337,7.34,7.305,7.305,27822.37,15
2026-06-29 11:15:00,7.304,7.315,7.291,7.311,12299.15,15
2026-06-29 11:30:00,7.311,7.356,7.297,7.303,21101.05,15
2026-06-29 11:45:00,7.303,7.31,7.293,7.307,10589.57,15
2026-06-29 12:00:00,7.306,7.413,7.264,7.4,74607.39,15
2026-06-29 12:15:00,7.4,7.409,7.365,7.382,23687.75,15
2026-06-29 12:30:00,7.382,7.385,7.305,7.315,24294.53,15
2026-06-29 12:45:00,7.315,7.332,7.292,7.318,7665.68,15
2026-06-29 13:00:00,7.318,7.362,7.318,7.351,16373.49,15
2026-06-29 13:15:00,7.351,7.358,7.301,7.301,19317.77,15
2026-06-29 13:30:00,7.3,7.349,7.261,7.27,46285.700000000004,15
2026-06-29 13:45:00,7.269,7.291,7.248,7.285,58660.26,15
2026-06-29 14:00:00,7.285,7.289,7.223,7.223,43495.12,15
2026-06-29 14:15:00,7.222,7.266,7.202,7.257,59501.5,15
2026-06-29 14:30:00,7.256,7.295,7.237,7.244,15398.56,15
2026-06-29 14:45:00,7.243,7.298,7.23,7.286,67222.41,15
2026-06-29 15:00:00,7.287,7.287,7.222,7.245,12405.79,15
2026-06-29 15:15:00,7.245,7.292,7.242,7.292,19181.86,15
2026-06-29 15:30:00,7.293,7.332,7.293,7.327,35910.22,15
2026-06-29 15:45:00,7.327,7.345,7.314,7.327,40629.14,15
2026-06-29 16:00:00,7.329,7.343,7.315,7.318,12965.56,15
2026-06-29 16:15:00,7.318,7.326,7.281,7.285,56043.4,15
2026-06-29 16:30:00,7.286,7.332,7.286,7.331,66991.64,15
2026-06-29 16:45:00,7.331,7.355,7.322,7.336,25195.27,15
2026-06-29 17:00:00,7.336,7.466,7.335,7.452,63735.44,15
2026-06-29 17:15:00,7.453,7.5,7.453,7.48,61889.57,15
2026-06-29 17:30:00,7.479,7.501,7.451,7.478,30048.4,15
2026-06-29 17:45:00,7.477,7.497,7.468,7.473,21574.96,15
2026-06-29 18:00:00,7.473,7.481,7.458,7.475,16506.91,15
2026-06-29 18:15:00,7.475,7.477,7.441,7.441,13640.66,15
2026-06-29 18:30:00,7.442,7.47,7.44,7.467,14142.82,15
2026-06-29 18:45:00,7.467,7.469,7.446,7.451,10376.109999999999,15
2026-06-29 19:00:00,7.452,7.453,7.434,7.441,14120.83,15
2026-06-29 19:15:00,7.44,7.481,7.437,7.477,8852.9,15
2026-06-29 19:30:00,7.476,7.478,7.459,7.475,10550.7,15
2026-06-29 19:45:00,7.475,7.483,7.46,7.473,12972.86,15
2026-06-29 20:00:00,7.473,7.476,7.459,7.464,7265.75,15
2026-06-29 20:15:00,7.464,7.475,7.457,7.464,6659.74,15
2026-06-29 20:30:00,7.464,7.472,7.456,7.457,14477.26,15
2026-06-29 20:45:00,7.457,7.457,7.439,7.439,15124.67,15
2026-06-29 21:00:00,7.44,7.463,7.423,7.457,27763.809999999998,15
2026-06-29 21:15:00,7.456,7.456,7.44,7.45,8425.15,15
2026-06-29 21:30:00,7.451,7.473,7.451,7.472,10069.75,15
2026-06-29 21:45:00,7.472,7.476,7.454,7.454,6224.29,15
2026-06-29 22:00:00,7.455,7.463,7.443,7.451,9388.67,15
2026-06-29 22:15:00,7.452,7.455,7.437,7.437,9915.400000000001,15
2026-06-29 22:30:00,7.438,7.439,7.422,7.431,8432.31,15
2026-06-29 22:45:00,7.431,7.435,7.41,7.41,10733.4,15
2026-06-29 23:00:00,7.411,7.411,7.395,7.401,11055.119999999999,15
2026-06-29 23:15:00,7.401,7.403,7.373,7.375,32086.9,15
2026-06-29 23:30:00,7.374,7.385,7.37,7.379,78185.53,15
2026-06-29 23:45:00,7.379,7.39,7.373,7.38,68445.24,15
2026-06-30 00:00:00,7.379,7.386,7.369,7.377,133303.67,15
2026-06-30 00:15:00,7.377,7.397,7.331,7.332,91577.56,15
2026-06-30 00:30:00,7.332,7.334,7.294,7.334,152680.78,15
2026-06-30 00:45:00,7.334,7.337,7.307,7.307,75683.0,15
2026-06-30 01:00:00,7.308,7.311,7.271,7.297,102919.54,15
2026-06-30 01:15:00,7.296,7.332,7.292,7.331,14026.52,15
2026-06-30 01:30:00,7.331,7.333,7.295,7.308,27116.21,15
2026-06-30 01:45:00,7.308,7.315,7.301,7.303,11825.94,15
2026-06-30 02:00:00,7.304,7.305,7.278,7.282,19432.77,15
2026-06-30 02:15:00,7.281,7.308,7.277,7.303,15859.929999999998,15
2026-06-30 02:30:00,7.303,7.312,7.295,7.309,11548.11,15
2026-06-30 02:45:00,7.309,7.32,7.307,7.308,5891.7699999999995,15
2026-06-30 03:00:00,7.308,7.318,7.306,7.313,8149.37,15
2026-06-30 03:15:00,7.313,7.33,7.305,7.313,10621.25,15
2026-06-30 03:30:00,7.313,7.318,7.3,7.307,20682.93,15
2026-06-30 03:45:00,7.307,7.309,7.278,7.292,19245.18,15
2026-06-30 04:00:00,7.291,7.302,7.268,7.302,19916.79,15
2026-06-30 04:15:00,7.302,7.302,7.278,7.296,9960.5,15
2026-06-30 04:30:00,7.296,7.314,7.296,7.313,11931.44,15
2026-06-30 04:45:00,7.313,7.313,7.303,7.305,10198.52,15
2026-06-30 05:00:00,7.306,7.313,7.302,7.309,11636.01,15
2026-06-30 05:15:00,7.309,7.309,7.284,7.288,6917.71,15
2026-06-30 05:30:00,7.289,7.305,7.28,7.3,9592.06,15
2026-06-30 05:45:00,7.3,7.311,7.298,7.311,7922.22,15
2026-06-30 06:00:00,7.312,7.313,7.297,7.305,15550.33,15
2026-06-30 06:15:00,7.305,7.325,7.293,7.324,10075.54,15
2026-06-30 06:30:00,7.323,7.325,7.308,7.312,16745.38,15
2026-06-30 06:45:00,7.312,7.318,7.308,7.31,5773.36,15
2026-06-30 07:00:00,7.31,7.316,7.295,7.306,8061.49,15
2026-06-30 07:15:00,7.307,7.313,7.302,7.302,10121.66,15
2026-06-30 07:30:00,7.303,7.31,7.293,7.293,14488.67,15
2026-06-30 07:45:00,7.294,7.304,7.291,7.301,24786.64,15
2026-06-30 08:00:00,7.3,7.305,7.285,7.287,20571.399999999998,15
2026-06-30 08:15:00,7.286,7.287,7.277,7.287,15097.39,15
2026-06-30 08:30:00,7.287,7.288,7.253,7.267,65480.899999999994,15
2026-06-30 08:45:00,7.267,7.277,7.248,7.268,42243.7,15
2026-06-30 09:00:00,7.268,7.286,7.267,7.274,9223.4,15
2026-06-30 09:15:00,7.274,7.277,7.261,7.265,13942.53,15
2026-06-30 09:30:00,7.265,7.28,7.258,7.278,8363.25,15
2026-06-30 09:45:00,7.278,7.29,7.278,7.284,5390.38,15
2026-06-30 10:00:00,7.285,7.29,7.27,7.28,20579.39,15
2026-06-30 10:15:00,7.281,7.288,7.276,7.279,5457.48,15
2026-06-30 10:30:00,7.278,7.283,7.271,7.282,5480.099999999999,15
2026-06-30 10:45:00,7.282,7.293,7.279,7.282,4181.08,15
2026-06-30 11:00:00,7.281,7.286,7.277,7.283,14693.14,15
2026-06-30 11:15:00,7.283,7.285,7.253,7.257,11921.86,15
2026-06-30 11:30:00,7.258,7.276,7.245,7.275,11354.44,15
2026-06-30 11:45:00,7.275,7.287,7.248,7.259,10700.68,15
2026-06-30 12:00:00,7.258,7.258,7.223,7.224,15402.43,15
2026-06-30 12:15:00,7.225,7.23,7.186,7.191,42966.45,15
2026-06-30 12:30:00,7.191,7.196,7.171,7.18,34487.7,15
2026-06-30 12:45:00,7.18,7.181,7.122,7.125,36841.2,15
2026-06-30 13:00:00,7.126,7.171,7.121,7.151,45993.94,15
2026-06-30 13:15:00,7.151,7.174,7.151,7.162,26260.05,15
2026-06-30 13:30:00,7.163,7.203,7.129,7.176,62822.93,15
2026-06-30 13:45:00,7.175,7.217,7.16,7.213,34772.09,15
2026-06-30 14:00:00,7.213,7.271,7.203,7.244,30460.06,15
2026-06-30 14:15:00,7.244,7.261,7.238,7.247,25810.84,15
2026-06-30 14:30:00,7.248,7.255,7.202,7.227,18879.53,15
2026-06-30 14:45:00,7.227,7.227,7.156,7.17,16357.03,15
2026-06-30 15:00:00,7.17,7.186,7.145,7.178,71518.76,15
2026-06-30 15:15:00,7.179,7.189,7.16,7.175,29854.61,15
2026-06-30 15:30:00,7.175,7.187,7.17,7.181,8204.1,15
2026-06-30 15:45:00,7.181,7.215,7.156,7.157,29222.510000000002,15
2026-06-30 16:00:00,7.158,7.176,7.146,7.149,26785.39,15
2026-06-30 16:15:00,7.148,7.154,7.125,7.136,12203.67,15
2026-06-30 16:30:00,7.137,7.168,7.124,7.158,17453.83,15
2026-06-30 16:45:00,7.158,7.198,7.158,7.188,27149.28,15
2026-06-30 17:00:00,7.189,7.218,7.183,7.191,10143.45,15
2026-06-30 17:15:00,7.191,7.201,7.18,7.181,12165.01,15
2026-06-30 17:30:00,7.182,7.198,7.173,7.186,8703.32,15
2026-06-30 17:45:00,7.185,7.191,7.177,7.18,6254.88,15
2026-06-30 18:00:00,7.179,7.195,7.17,7.195,11150.57,15
2026-06-30 18:15:00,7.195,7.236,7.192,7.204,9959.78,15
2026-06-30 18:30:00,7.205,7.207,7.188,7.2,4911.71,15
2026-06-30 18:45:00,7.201,7.23,7.2,7.222,10190.76,15
2026-06-30 19:00:00,7.221,7.231,7.208,7.213,8712.880000000001,15
2026-06-30 19:15:00,7.212,7.217,7.196,7.215,22046.72,15
2026-06-30 19:30:00,7.215,7.232,7.208,7.217,7609.76,15
2026-06-30 19:45:00,7.218,7.219,7.199,7.213,17034.49,15
2026-06-30 20:00:00,7.212,7.217,7.201,7.211,12067.14,15
2026-06-30 20:15:00,7.211,7.211,7.182,7.186,7531.86,15
2026-06-30 20:30:00,7.186,7.19,7.173,7.176,6391.950000000001,15
2026-06-30 20:45:00,7.175,7.193,7.172,7.183,15733.33,15
2026-06-30 21:00:00,7.182,7.192,7.152,7.164,7898.49,15
2026-06-30 21:15:00,7.163,7.174,7.161,7.171,5942.2,15
2026-06-30 21:30:00,7.17,7.186,7.17,7.174,14098.03,15
2026-06-30 21:45:00,7.174,7.18,7.173,7.179,6638.5199999999995,15
2026-06-30 22:00:00,7.18,7.204,7.179,7.197,8755.84,15
2026-06-30 22:15:00,7.197,7.208,7.189,7.189,2667.21,15
2026-06-30 22:30:00,7.189,7.189,7.168,7.182,8894.48,15
2026-06-30 22:45:00,7.183,7.188,7.173,7.178,6958.35,15
2026-06-30 23:00:00,7.179,7.185,7.173,7.182,5484.360000000001,15
2026-06-30 23:15:00,7.183,7.196,7.183,7.19,9339.98,15
2026-06-30 23:30:00,7.19,7.194,7.183,7.192,3485.82,15
2026-06-30 23:45:00,7.191,7.204,7.19,7.201,7443.52,15
2026-07-01 00:00:00,7.202,7.211,7.196,7.205,6900.16,15
2026-07-01 00:15:00,7.205,7.207,7.172,7.185,15539.61,15
2026-07-01 00:30:00,7.185,7.208,7.184,7.193,12005.55,15
2026-07-01 00:45:00,7.193,7.21,7.192,7.201,6314.51,15
2026-07-01 01:00:00,7.201,7.204,7.076,7.133,65441.22,15
2026-07-01 01:15:00,7.134,7.173,7.123,7.169,25278.39,15
2026-07-01 01:30:00,7.168,7.24,7.165,7.223,31024.84,15
2026-07-01 01:45:00,7.222,7.234,7.2,7.212,33055.58,15
2026-07-01 02:00:00,7.213,7.218,7.189,7.211,16631.98,15
2026-07-01 02:15:00,7.212,7.241,7.208,7.237,10775.39,15
2026-07-01 02:30:00,7.237,7.261,7.234,7.26,12883.41,15
2026-07-01 02:45:00,7.26,7.262,7.242,7.258,15987.890000000001,15
2026-07-01 03:00:00,7.258,7.271,7.251,7.252,13682.16,15
2026-07-01 03:15:00,7.251,7.251,7.23,7.237,14050.220000000001,15
2026-07-01 03:30:00,7.238,7.293,7.229,7.265,21083.17,15
2026-07-01 03:45:00,7.265,7.308,7.265,7.293,25173.95,15
2026-07-01 04:00:00,7.294,7.295,7.282,7.283,10699.710000000001,15
2026-07-01 04:15:00,7.284,7.304,7.284,7.304,10845.35,15
2026-07-01 04:30:00,7.304,7.31,7.286,7.308,13062.79,15
2026-07-01 04:45:00,7.308,7.338,7.307,7.315,17384.64,15
2026-07-01 05:00:00,7.314,7.319,7.295,7.299,13011.119999999999,15
2026-07-01 05:15:00,7.3,7.306,7.274,7.276,67597.76,15
2026-07-01 05:30:00,7.276,7.278,7.267,7.276,18851.31,15
2026-07-01 05:45:00,7.277,7.283,7.272,7.28,6555.38,15
2026-07-01 06:00:00,7.28,7.281,7.257,7.269,33231.79,15
2026-07-01 06:15:00,7.268,7.271,7.234,7.25,29698.69,15
2026-07-01 06:30:00,7.251,7.256,7.193,7.211,44493.15,15
2026-07-01 06:45:00,7.21,7.21,7.184,7.203,18961.98,15
2026-07-01 07:00:00,7.203,7.208,7.181,7.197,10530.8,15
2026-07-01 07:15:00,7.198,7.207,7.181,7.193,7735.87,15
2026-07-01 07:30:00,7.193,7.207,7.183,7.198,7424.94,15
2026-07-01 07:45:00,7.198,7.214,7.193,7.206,6207.7699999999995,15
2026-07-01 08:00:00,7.206,7.206,7.183,7.196,24364.86,15
2026-07-01 08:15:00,7.196,7.203,7.178,7.189,13256.74,15
2026-07-01 08:30:00,7.19,7.217,7.176,7.214,20031.63,15
2026-07-01 08:45:00,7.214,7.249,7.202,7.248,13097.83,15
2026-07-01 09:00:00,7.249,7.266,7.235,7.253,76284.87999999999,15
2026-07-01 09:15:00,7.254,7.266,7.251,7.257,23728.29,15
2026-07-01 09:30:00,7.258,7.266,7.253,7.258,14267.61,15
2026-07-01 09:45:00,7.259,7.268,7.241,7.26,34960.48,15
2026-07-01 10:00:00,7.259,7.267,7.235,7.236,28783.559999999998,15
2026-07-01 10:15:00,7.237,7.24,7.222,7.234,9478.76,15
2026-07-01 10:30:00,7.233,7.239,7.221,7.226,7437.62,15
2026-07-01 10:45:00,7.226,7.238,7.222,7.223,9257.95,15
2026-07-01 11:00:00,7.223,7.234,7.201,7.231,9439.58,15
2026-07-01 11:15:00,7.232,7.239,7.22,7.226,9514.38,15
2026-07-01 11:30:00,7.225,7.233,7.214,7.231,16409.73,15
2026-07-01 11:45:00,7.231,7.235,7.204,7.221,10008.18,15
2026-07-01 12:00:00,7.221,7.231,7.193,7.201,23077.53,15
2026-07-01 12:15:00,7.201,7.221,7.201,7.215,33071.72,15
2026-07-01 12:30:00,7.215,7.229,7.196,7.203,44493.88,15
2026-07-01 12:45:00,7.204,7.21,7.193,7.204,39144.43,15
2026-07-01 13:00:00,7.205,7.237,7.205,7.228,18545.760000000002,15
2026-07-01 13:15:00,7.229,7.262,7.222,7.257,10982.86,15
2026-07-01 13:30:00,7.256,7.27,7.19,7.261,42624.77,15
2026-07-01 13:45:00,7.26,7.314,7.25,7.31,43270.590000000004,15
2026-07-01 14:00:00,7.31,7.374,7.293,7.372,41331.09,15
2026-07-01 14:15:00,7.373,7.397,7.358,7.36,48522.88,15
2026-07-01 14:30:00,7.361,7.368,7.32,7.329,75355.88,15
2026-07-01 14:45:00,7.329,7.356,7.304,7.347,43296.94,15
2026-07-01 15:00:00,7.347,7.411,7.347,7.391,30872.760000000002,15
2026-07-01 15:15:00,7.391,7.462,7.377,7.434,57276.93,15
2026-07-01 15:30:00,7.435,7.443,7.405,7.414,53929.270000000004,15
2026-07-01 15:45:00,7.415,7.418,7.398,7.415,16133.11,15
2026-07-01 16:00:00,7.416,7.427,7.4,7.419,19726.43,15
2026-07-01 16:15:00,7.42,7.448,7.402,7.433,28992.690000000002,15
2026-07-01 16:30:00,7.432,7.432,7.403,7.409,9593.84,15
2026-07-01 16:45:00,7.41,7.41,7.368,7.375,13898.289999999999,15
2026-07-01 17:00:00,7.376,7.379,7.351,7.369,13153.08,15
2026-07-01 17:15:00,7.369,7.406,7.365,7.394,21057.4,15
2026-07-01 17:30:00,7.393,7.402,7.386,7.393,13265.3,15
2026-07-01 17:45:00,7.393,7.411,7.393,7.402,5111.47,15
2026-07-01 18:00:00,7.403,7.41,7.374,7.383,14237.55,15
2026-07-01 18:15:00,7.383,7.399,7.375,7.379,11391.95,15
2026-07-01 18:30:00,7.379,7.382,7.364,7.378,10027.07,15
2026-07-01 18:45:00,7.379,7.38,7.353,7.37,10416.53,15
2026-07-01 19:00:00,7.37,7.394,7.369,7.39,5506.33,15
2026-07-01 19:15:00,7.39,7.394,7.367,7.37,6326.320000000001,15
2026-07-01 19:30:00,7.37,7.415,7.369,7.38,37718.759999999995,15
2026-07-01 19:45:00,7.379,7.386,7.365,7.38,25550.88,15
2026-07-01 20:00:00,7.381,7.391,7.364,7.389,9330.52,15
2026-07-01 20:15:00,7.389,7.393,7.365,7.381,10672.63,15
2026-07-01 20:30:00,7.382,7.392,7.375,7.39,13722.64,15
2026-07-01 20:45:00,7.39,7.41,7.39,7.409,7993.5599999999995,15
2026-07-01 21:00:00,7.41,7.439,7.409,7.436,19135.68,15
2026-07-01 21:15:00,7.437,7.448,7.427,7.442,15581.12,15
2026-07-01 21:30:00,7.442,7.484,7.442,7.477,24351.99,15
2026-07-01 21:45:00,7.477,7.503,7.472,7.48,25433.53,15
2026-07-01 22:00:00,7.479,7.487,7.466,7.473,27356.59,15
2026-07-01 22:15:00,7.473,7.539,7.471,7.471,63382.27,15
2026-07-01 22:30:00,7.471,7.485,7.457,7.457,11666.93,15
2026-07-01 22:45:00,7.457,7.46,7.441,7.447,11053.02,15
2026-07-01 23:00:00,7.446,7.46,7.416,7.419,45138.72,15
2026-07-01 23:15:00,7.42,7.429,7.409,7.413,9048.59,15
2026-07-01 23:30:00,7.413,7.418,7.383,7.395,20941.62,15
2026-07-01 23:45:00,7.396,7.396,7.348,7.358,37751.93,15
2026-07-02 00:00:00,7.359,7.362,7.338,7.357,20827.78,15
2026-07-02 00:15:00,7.357,7.359,7.332,7.334,15508.92,15
2026-07-02 00:30:00,7.334,7.334,7.306,7.316,14831.91,15
2026-07-02 00:45:00,7.317,7.347,7.317,7.343,9130.7,15
2026-07-02 01:00:00,7.344,7.373,7.341,7.373,14172.17,15
2026-07-02 01:15:00,7.374,7.399,7.367,7.396,13401.970000000001,15
2026-07-02 01:30:00,7.398,7.433,7.393,7.426,47638.88,15
2026-07-02 01:45:00,7.426,7.43,7.407,7.429,16201.759999999998,15
2026-07-02 02:00:00,7.428,7.435,7.406,7.411,30760.46,15
2026-07-02 02:15:00,7.411,7.418,7.394,7.404,92940.62,15
2026-07-02 02:30:00,7.405,7.427,7.401,7.417,88376.12,15
2026-07-02 02:45:00,7.417,7.425,7.406,7.411,92191.07,15
2026-07-02 03:00:00,7.411,7.43,7.411,7.43,19132.33,15
2026-07-02 03:15:00,7.43,7.483,7.41,7.472,45145.21,15
2026-07-02 03:30:00,7.471,7.51,7.461,7.509,46089.48,15
2026-07-02 03:45:00,7.509,7.549,7.496,7.538,52392.34,15
2026-07-02 04:00:00,7.539,7.542,7.513,7.519,14411.369999999999,15
2026-07-02 04:15:00,7.52,7.524,7.499,7.509,14545.83,15
2026-07-02 04:30:00,7.509,7.512,7.492,7.512,14641.68,15
2026-07-02 04:45:00,7.513,7.519,7.506,7.512,8497.39,15
2026-07-02 05:00:00,7.513,7.519,7.494,7.515,11688.26,15
2026-07-02 05:15:00,7.515,7.519,7.503,7.504,3452.84,15
2026-07-02 05:30:00,7.505,7.505,7.474,7.476,6497.37,15
2026-07-02 05:45:00,7.475,7.487,7.471,7.482,29692.35,15
2026-07-02 06:00:00,7.482,7.487,7.465,7.467,12283.59,15
2026-07-02 06:15:00,7.466,7.49,7.463,7.467,7944.86,15
2026-07-02 06:30:00,7.467,7.492,7.467,7.48,5936.7,15
2026-07-02 06:45:00,7.48,7.48,7.445,7.448,8585.57,15
2026-07-02 07:00:00,7.448,7.45,7.432,7.436,24592.84,15
2026-07-02 07:15:00,7.437,7.444,7.428,7.439,7980.81,15
2026-07-02 07:30:00,7.438,7.46,7.435,7.455,31038.61,15
2026-07-02 07:45:00,7.455,7.459,7.448,7.453,15400.76,15
2026-07-02 08:00:00,7.454,7.481,7.449,7.464,24012.76,15
2026-07-02 08:15:00,7.465,7.484,7.465,7.477,10208.01,15
2026-07-02 08:30:00,7.476,7.496,7.471,7.496,17220.74,15
2026-07-02 08:45:00,7.495,7.506,7.492,7.504,8036.860000000001,15
2026-07-02 09:00:00,7.505,7.505,7.485,7.492,26667.85,15
2026-07-02 09:15:00,7.492,7.514,7.487,7.513,8900.99,15
2026-07-02 09:30:00,7.513,7.62,7.513,7.589,125429.63,15
2026-07-02 09:45:00,7.588,7.609,7.567,7.591,142007.16,15
2026-07-02 10:00:00,7.591,7.628,7.582,7.626,23840.239999999998,15
2026-07-02 10:15:00,7.627,7.655,7.615,7.641,62329.61,15
2026-07-02 10:30:00,7.641,7.663,7.633,7.635,41935.03,15
2026-07-02 10:45:00,7.635,7.65,7.628,7.635,24911.48,15
2026-07-02 11:00:00,7.635,7.665,7.624,7.651,29862.36,15
2026-07-02 11:15:00,7.651,7.667,7.64,7.653,15679.01,15
2026-07-02 11:30:00,7.653,7.661,7.639,7.657,20853.9,15
2026-07-02 11:45:00,7.657,7.665,7.629,7.659,20402.53,15
2026-07-02 12:00:00,7.658,7.686,7.646,7.681,16115.39,15
2026-07-02 12:15:00,7.682,7.689,7.643,7.687,35008.17,15
2026-07-02 12:30:00,7.688,7.728,7.675,7.707,64431.729999999996,15
2026-07-02 12:45:00,7.708,7.754,7.708,7.741,37927.3,15
2026-07-02 13:00:00,7.741,7.758,7.727,7.74,22267.42,15
2026-07-02 13:15:00,7.741,7.804,7.74,7.779,80657.12,15
2026-07-02 13:30:00,7.778,7.91,7.751,7.898,121795.29,15
2026-07-02 13:45:00,7.897,7.909,7.872,7.879,46470.590000000004,15
2026-07-02 14:00:00,7.88,7.944,7.855,7.914,68710.45,15
2026-07-02 14:15:00,7.914,7.944,7.844,7.857,53046.91,15
2026-07-02 14:30:00,7.856,7.877,7.781,7.789,36183.29,15
2026-07-02 14:45:00,7.789,7.817,7.775,7.801,30658.69,15
2026-07-02 15:00:00,7.8,7.806,7.753,7.776,16447.46,15
2026-07-02 15:15:00,7.776,7.805,7.754,7.784,29073.54,15
2026-07-02 15:30:00,7.784,7.812,7.77,7.807,23000.25,15
2026-07-02 15:45:00,7.806,7.814,7.775,7.787,12363.28,15
2026-07-02 16:00:00,7.787,7.821,7.772,7.807,17158.61,15
2026-07-02 16:15:00,7.806,7.806,7.721,7.731,35527.11,15
2026-07-02 16:30:00,7.732,7.778,7.732,7.773,25205.62,15
2026-07-02 16:45:00,7.772,7.806,7.768,7.774,18111.7,15
2026-07-02 17:00:00,7.774,7.784,7.762,7.776,12854.14,15
2026-07-02 17:15:00,7.776,7.797,7.771,7.793,20675.06,15
2026-07-02 17:30:00,7.792,7.797,7.748,7.77,20734.89,15
2026-07-02 17:45:00,7.77,7.774,7.752,7.758,16755.61,15
2026-07-02 18:00:00,7.758,7.78,7.755,7.774,23037.75,15
2026-07-02 18:15:00,7.774,7.78,7.755,7.78,17868.53,15
2026-07-02 18:30:00,7.779,7.782,7.768,7.78,16723.95,15
2026-07-02 18:45:00,7.779,7.789,7.758,7.763,25829.11,15
2026-07-02 19:00:00,7.763,7.77,7.746,7.76,40601.74,15
2026-07-02 19:15:00,7.76,7.76,7.726,7.736,36356.44,15
2026-07-02 19:30:00,7.737,7.748,7.73,7.745,28329.78,15
2026-07-02 19:45:00,7.745,7.772,7.74,7.747,29037.68,15
2026-07-02 20:00:00,7.747,7.75,7.735,7.742,13928.06,15
2026-07-02 20:15:00,7.743,7.747,7.72,7.721,17314.46,15
2026-07-02 20:30:00,7.721,7.734,7.72,7.727,16958.510000000002,15
2026-07-02 20:45:00,7.727,7.761,7.727,7.752,30601.3,15
2026-07-02 21:00:00,7.752,7.756,7.738,7.75,22257.49,15
2026-07-02 21:15:00,7.749,7.751,7.737,7.74,9079.16,15
2026-07-02 21:30:00,7.74,7.743,7.728,7.732,13682.69,15
2026-07-02 21:45:00,7.733,7.74,7.722,7.74,8639.32,15
2026-07-02 22:00:00,7.74,7.743,7.71,7.711,24322.38,15
2026-07-02 22:15:00,7.712,7.715,7.701,7.706,23708.600000000002,15
2026-07-02 22:30:00,7.705,7.709,7.698,7.7,21830.23,15
2026-07-02 22:45:00,7.7,7.738,7.694,7.711,22290.47,15
2026-07-02 23:00:00,7.711,7.712,7.699,7.702,24943.1,15
2026-07-02 23:15:00,7.703,7.748,7.7,7.744,20658.54,15
2026-07-02 23:30:00,7.744,7.756,7.741,7.748,17907.239999999998,15
2026-07-02 23:45:00,7.749,7.756,7.744,7.747,15506.61,15
2026-07-03 00:00:00,7.747,7.757,7.733,7.75,24694.25,15
2026-07-03 00:15:00,7.75,7.755,7.729,7.732,16316.58,15
2026-07-03 00:30:00,7.732,7.747,7.723,7.732,20247.7,15
2026-07-03 00:45:00,7.731,7.736,7.722,7.728,15299.34,15
2026-07-03 01:00:00,7.727,7.796,7.721,7.791,67134.16,15
2026-07-03 01:15:00,7.79,7.794,7.763,7.786,25093.52,15
2026-07-03 01:30:00,7.787,7.835,7.781,7.816,29553.03,15
2026-07-03 01:45:00,7.817,7.828,7.808,7.813,17593.1,15
2026-07-03 02:00:00,7.814,7.822,7.768,7.768,30262.170000000002,15
2026-07-03 02:15:00,7.769,7.789,7.755,7.758,91003.0,15
2026-07-03 02:30:00,7.758,7.78,7.736,7.763,34663.21,15
2026-07-03 02:45:00,7.762,7.784,7.752,7.782,18878.6,15
2026-07-03 03:00:00,7.781,7.782,7.746,7.748,30199.69,15
2026-07-03 03:15:00,7.748,7.794,7.748,7.789,25471.87,15
2026-07-03 03:30:00,7.79,7.802,7.762,7.765,25942.41,15
2026-07-03 03:45:00,7.765,7.782,7.765,7.767,19992.34,15
2026-07-03 04:00:00,7.767,7.77,7.729,7.745,33908.24,15
2026-07-03 04:15:00,7.745,7.746,7.73,7.745,12743.69,15
2026-07-03 04:30:00,7.744,7.753,7.733,7.752,14796.13,15
2026-07-03 04:45:00,7.753,7.754,7.731,7.731,17277.62,15
2026-07-03 05:00:00,7.731,7.749,7.729,7.739,19217.3,15
2026-07-03 05:15:00,7.739,7.761,7.733,7.754,19822.33,15
2026-07-03 05:30:00,7.753,7.796,7.749,7.768,27306.18,15
2026-07-03 05:45:00,7.767,7.784,7.759,7.773,17333.0,15
2026-07-03 06:00:00,7.773,7.81,7.773,7.795,33161.22,15
2026-07-03 06:15:00,7.795,7.803,7.779,7.787,11333.36,15
2026-07-03 06:30:00,7.787,7.792,7.76,7.77,23894.72,15
2026-07-03 06:45:00,7.771,7.785,7.771,7.773,13406.17,15
2026-07-03 07:00:00,7.773,7.778,7.765,7.773,18335.29,15
2026-07-03 07:15:00,7.773,7.782,7.773,7.782,13172.44,15
2026-07-03 07:30:00,7.781,7.789,7.767,7.785,20065.77,15
2026-07-03 07:45:00,7.784,7.786,7.749,7.767,74079.67,15
2026-07-03 08:00:00,7.768,7.801,7.766,7.772,58497.340000000004,15
2026-07-03 08:15:00,7.772,7.79,7.767,7.782,29832.29,15
2026-07-03 08:30:00,7.782,7.826,7.772,7.82,39528.74,15
2026-07-03 08:45:00,7.819,7.819,7.774,7.779,25704.75,15
2026-07-03 09:00:00,7.779,7.813,7.771,7.812,28057.9,15
2026-07-03 09:15:00,7.813,7.816,7.784,7.792,16651.69,15
2026-07-03 09:30:00,7.792,7.792,7.764,7.778,15267.4,15
2026-07-03 09:45:00,7.778,7.805,7.778,7.791,14750.09,15
2026-07-03 10:00:00,7.79,7.827,7.789,7.812,27559.53,15
